"FILENAME","LIBRARY","SUPPLIER","URL","DOWNLOAD","TAGS"
"Moscow metro, platform, trains arrive and depart, Rechnoi Vokzal station, ORTF stereo.wav","Alexander Kopeikin","Moscow Ambience","https://sonniss.com/sound-effects/moscow-alexander-kopeikin/","/Alexander Kopeikin - Moscow Ambience/Moscow metro, platform, trains arrive and depart, Rechnoi Vokzal station, ORTF stereo.wav","moscow|metro|platform|trains|arrive|and|depart|rechnoi|vokzal|station|ortf|stereo|neumann|u87ai|matched|pair|sd722|stereowav|alexander kopeikin|moscow ambience"
"ambience detail, renewal works in old tenant building, changing floor tiles, ORTF stereo.wav","Alexander Kopeikin","Moscow Ambience","https://sonniss.com/sound-effects/moscow-alexander-kopeikin/","/Alexander Kopeikin - Moscow Ambience/ambience detail, renewal works in old tenant building, changing floor tiles, ORTF stereo.wav","ambience|detail|renewal|works|in|old|tenant|building|changing|floor|tiles|ortf|stereo|neumann|u87ai|matched|pair|sd722|stereowav|alexander kopeikin|moscow ambience"
"crowd, concert hall lobby, stand-up party, people talking and toasting, XY stereo.wav","Alexander Kopeikin","Moscow Ambience","https://sonniss.com/sound-effects/moscow-alexander-kopeikin/","/Alexander Kopeikin - Moscow Ambience/crowd, concert hall lobby, stand-up party, people talking and toasting, XY stereo.wav","crowd|concert|hall|lobby|standup|party|people|talking|and|toasting|xy|stereo|neumann|u87ai|matched|pair|sd722|stereowav|alexander kopeikin|moscow ambience"
"room tone, large cafe in university, loud conversations, A-B stereo.wav","Alexander Kopeikin","Moscow Ambience","https://sonniss.com/sound-effects/moscow-alexander-kopeikin/","/Alexander Kopeikin - Moscow Ambience/room tone, large cafe in university, loud conversations, A-B stereo.wav","room|tone|large|cafe|in|university|loud|conversations|ab|stereo|akg|c414bxlsst|sd722|stereowav|alexander kopeikin|moscow ambience"
"traffic, discrete car passes on narrow street, daytime, summer, ORTF stereo.wav","Alexander Kopeikin","Moscow Ambience","https://sonniss.com/sound-effects/moscow-alexander-kopeikin/","/Alexander Kopeikin - Moscow Ambience/traffic, discrete car passes on narrow street, daytime, summer, ORTF stereo.wav","traffic|discrete|car|passes|on|narrow|street|daytime|summer|ortf|stereo|neumann|u87ai|matched|pair|sd722|stereowav|alexander kopeikin|moscow ambience"
"transition elastic 013.wav","Alexander Kopeikin","Transitions HD","https://sonniss.com/sound-effects/transitions-hd-volume-1-sound-effects/","/Alexander Kopeikin - Transitions HD/transition elastic 013.wav","transition|elastic|shutter|digital|undulating|medium|length|inward|motion|013wav|alexander kopeikin|transitions hd"
"transition elastic 032.wav","Alexander Kopeikin","Transitions HD","https://sonniss.com/sound-effects/transitions-hd-volume-1-sound-effects/","/Alexander Kopeikin - Transitions HD/transition elastic 032.wav","transition|elastic|shutter|digital|long|modulated|low|outward|motion|032wav|alexander kopeikin|transitions hd"
"transition elastic 076.wav","Alexander Kopeikin","Transitions HD","https://sonniss.com/sound-effects/transitions-hd-volume-1-sound-effects/","/Alexander Kopeikin - Transitions HD/transition elastic 076.wav","transition|elastic|sweep|electronic|wind|up|and|down|long|076wav|alexander kopeikin|transitions hd"
"transition elastic 102.wav","Alexander Kopeikin","Transitions HD","https://sonniss.com/sound-effects/transitions-hd-volume-1-sound-effects/","/Alexander Kopeikin - Transitions HD/transition elastic 102.wav","transition|elastic|shutter|digital|fluttery|spitty|long|102wav|alexander kopeikin|transitions hd"
"transition shutter 002.wav","Alexander Kopeikin","Transitions HD","https://sonniss.com/sound-effects/transitions-hd-volume-1-sound-effects/","/Alexander Kopeikin - Transitions HD/transition shutter 002.wav","transition|shutterlike|hi|tech|door|sliding|inward|motion|shutter|002wav|alexander kopeikin|transitions hd"
"transition shutter 009.wav","Alexander Kopeikin","Transitions HD","https://sonniss.com/sound-effects/transitions-hd-volume-1-sound-effects/","/Alexander Kopeikin - Transitions HD/transition shutter 009.wav","transition|shutterlike|hi|tech|door|latch|outward|motion|with|click|shutter|009wav|alexander kopeikin|transitions hd"
"transition shutter 017.wav","Alexander Kopeikin","Transitions HD","https://sonniss.com/sound-effects/transitions-hd-volume-1-sound-effects/","/Alexander Kopeikin - Transitions HD/transition shutter 017.wav","transition|shutterlike|powerful|sliding|shutter|metallic|tone|wide|with|ringout|017wav|alexander kopeikin|transitions hd"
"transition t04 soft 016.wav","Alexander Kopeikin","Transitions HD","https://sonniss.com/sound-effects/transitions-hd-volume-1-sound-effects/","/Alexander Kopeikin - Transitions HD/transition t04 soft 016.wav","transition|soft|shutter|hi|tech|door|opening|outward|motion|t04|016wav|alexander kopeikin|transitions hd"
"transition t05 hard 002.wav","Alexander Kopeikin","Transitions HD","https://sonniss.com/sound-effects/transitions-hd-volume-1-sound-effects/","/Alexander Kopeikin - Transitions HD/transition t05 hard 002.wav","transition|hard|shutter|zipper|fast|closing|t05|002wav|alexander kopeikin|transitions hd"
"transition t07 two-step 007.wav","Alexander Kopeikin","Transitions HD","https://sonniss.com/sound-effects/transitions-hd-volume-1-sound-effects/","/Alexander Kopeikin - Transitions HD/transition t07 two-step 007.wav","transition|twostep|flame|roar|whoosh|after|sizzle|t07|007wav|alexander kopeikin|transitions hd"
"BN_Intensity by Design_016 High Pitch Tone Osc Crunchy.wav","BeautifulNoise","Intensity by Design","https://sonniss.com/sound-effects/intensity-design-sound-effect-layers/","/BeautifulNoise - Intensity by Design/BN_Intensity by Design_016 High Pitch Tone Osc Crunchy.wav","cinematic|high|pitch|tone|osc|crunchy|drone|bn_intensity|by|design_016|crunchywav|beautifulnoise|intensity by design"
"BN_Intensity by Design_017 Tension by Brass 1.wav","BeautifulNoise","Intensity by Design","https://sonniss.com/sound-effects/intensity-design-sound-effect-layers/","/BeautifulNoise - Intensity by Design/BN_Intensity by Design_017 Tension by Brass 1.wav","cinematic|drone|tension|evolving|tonal|design|manipulated|sound|bn_intensity|by|design_017|brass|1wav|beautifulnoise|intensity by design"
"BN_Intensity by Design_036 Tension by Metal 4.wav","BeautifulNoise","Intensity by Design","https://sonniss.com/sound-effects/intensity-design-sound-effect-layers/","/BeautifulNoise - Intensity by Design/BN_Intensity by Design_036 Tension by Metal 4.wav","cinematic|drone|tension|evolving|tonal|design|manipulated|sound|bn_intensity|by|design_036|metal|4wav|beautifulnoise|intensity by design"
"BN_Intensity by Design_039 Tension by Stone 2.wav","BeautifulNoise","Intensity by Design","https://sonniss.com/sound-effects/intensity-design-sound-effect-layers/","/BeautifulNoise - Intensity by Design/BN_Intensity by Design_039 Tension by Stone 2.wav","cinematic|drone|tension|evolving|tonal|design|manipulated|sound|bn_intensity|by|design_039|stone|2wav|beautifulnoise|intensity by design"
"BN_Intensity by Design_052 Tonal Brass Metal 2.wav","BeautifulNoise","Intensity by Design","https://sonniss.com/sound-effects/intensity-design-sound-effect-layers/","/BeautifulNoise - Intensity by Design/BN_Intensity by Design_052 Tonal Brass Metal 2.wav","cinematic|drone|tension|evolving|tonal|design|manipulated|sound|bn_intensity|by|design_052|brass|metal|2wav|beautifulnoise|intensity by design"
"By,Stands,Stereo_04.wav","Carlo Ascrizzi","Race Cars Essential Library","https://sonniss.com/sound-effects/race-cars-essential-library/","/Carlo Ascrizzi - Race Cars Essential Library/By,Stands,Stereo_04.wav","by|stands|stereo_04wav|carlo ascrizzi|race cars essential library"
"Car Door_OpenClose_Exterior_01.M.wav","Carlo Ascrizzi","Race Cars Essential Library","https://sonniss.com/sound-effects/race-cars-essential-library/","/Carlo Ascrizzi - Race Cars Essential Library/Car Door_OpenClose_Exterior_01.M.wav","car|door_openclose_exterior_01mwav|carlo ascrizzi|race cars essential library"
"Engine,Start,Accelerate,Stop,Hood_03.M.wav","Carlo Ascrizzi","Race Cars Essential Library","https://sonniss.com/sound-effects/race-cars-essential-library/","/Carlo Ascrizzi - Race Cars Essential Library/Engine,Start,Accelerate,Stop,Hood_03.M.wav","engine|start|accelerate|stop|hood_03mwav|carlo ascrizzi|race cars essential library"
"EFX EXT GROUP Agony Scream 02 A.wav","Coll Anderson","Battle Crowd","https://sonniss.com/sound-effects/battle-crowds-library/","/Coll Anderson - Battle Crowd/EFX EXT GROUP Agony Scream 02 A.wav","efx|ext|group|agony|scream|02|awav|coll anderson|battle crowd"
"EFX EXT GROUP Battle Approach 01 A.wav","Coll Anderson","Battle Crowd","https://sonniss.com/sound-effects/battle-crowds-library/","/Coll Anderson - Battle Crowd/EFX EXT GROUP Battle Approach 01 A.wav","efx|ext|group|battle|approach|01|awav|coll anderson|battle crowd"
"EFX EXT GROUP Battle Celebration 02 A.wav","Coll Anderson","Battle Crowd","https://sonniss.com/sound-effects/battle-crowds-library/","/Coll Anderson - Battle Crowd/EFX EXT GROUP Battle Celebration 02 A.wav","efx|ext|group|battle|celebration|02|awav|coll anderson|battle crowd"
"EFX EXT GROUP Battle Cry 03 A.wav","Coll Anderson","Battle Crowd","https://sonniss.com/sound-effects/battle-crowds-library/","/Coll Anderson - Battle Crowd/EFX EXT GROUP Battle Cry 03 A.wav","efx|ext|group|battle|cry|03|awav|coll anderson|battle crowd"
"EFX EXT GROUP Battle End Agony Moans 02 A.wav","Coll Anderson","Battle Crowd","https://sonniss.com/sound-effects/battle-crowds-library/","/Coll Anderson - Battle Crowd/EFX EXT GROUP Battle End Agony Moans 02 A.wav","efx|ext|group|battle|end|agony|moans|02|awav|coll anderson|battle crowd"
"EFX EXT GROUP Battle Movement Forrest 01 A.wav","Coll Anderson","Battle Crowd","https://sonniss.com/sound-effects/battle-crowds-library/","/Coll Anderson - Battle Crowd/EFX EXT GROUP Battle Movement Forrest 01 A.wav","efx|ext|group|battle|movement|forrest|01|awav|coll anderson|battle crowd"
"EFX EXT GROUP Battle Steady Fighting 03 A.wav","Coll Anderson","Battle Crowd","https://sonniss.com/sound-effects/battle-crowds-library/","/Coll Anderson - Battle Crowd/EFX EXT GROUP Battle Steady Fighting 03 A.wav","efx|ext|group|battle|steady|fighting|03|awav|coll anderson|battle crowd"
"EFX EXT GROUP Begging 02.wav","Coll Anderson","Battle Crowd","https://sonniss.com/sound-effects/battle-crowds-library/","/Coll Anderson - Battle Crowd/EFX EXT GROUP Begging 02.wav","efx|ext|group|begging|02wav|coll anderson|battle crowd"
"EFX EXT GROUP Call Out Help Make Weapons 01.wav","Coll Anderson","Battle Crowd","https://sonniss.com/sound-effects/battle-crowds-library/","/Coll Anderson - Battle Crowd/EFX EXT GROUP Call Out Help Make Weapons 01.wav","efx|ext|group|call|out|help|make|weapons|01wav|coll anderson|battle crowd"
"EFX EXT GROUP Female Celebration Scream 01 A .wav","Coll Anderson","Battle Crowd","https://sonniss.com/sound-effects/battle-crowds-library/","/Coll Anderson - Battle Crowd/EFX EXT GROUP Female Celebration Scream 01 A .wav","efx|ext|group|female|celebration|scream|01|a|wav|coll anderson|battle crowd"
"EFX EXT GROUP Marching Puddle Mud 01.wav","Coll Anderson","Battle Crowd","https://sonniss.com/sound-effects/battle-crowds-library/","/Coll Anderson - Battle Crowd/EFX EXT GROUP Marching Puddle Mud 01.wav","efx|ext|group|marching|puddle|mud|01wav|coll anderson|battle crowd"
"EFX EXT GROUP Unrest Murmur 01 A .wav","Coll Anderson","Battle Crowd","https://sonniss.com/sound-effects/battle-crowds-library/","/Coll Anderson - Battle Crowd/EFX EXT GROUP Unrest Murmur 01 A .wav","efx|ext|group|unrest|murmur|01|a|wav|coll anderson|battle crowd"
"EFX EXT Car Impacts and Scrapes 19 A.wav","Coll Anderson","Car Destruction","https://sonniss.com/sound-effects/car-destruction-sound-effects-library/","/Coll Anderson - Car Destruction/EFX EXT Car Impacts and Scrapes 19 A.wav","series|paint|gouges|light|metal|on|squeal|efx|ext|car|impacts|and|scrapes|19|awav|coll anderson|car destruction"
"EFX EXT Car Windshield Ripping 04 A.wav","Coll Anderson","Car Destruction","https://sonniss.com/sound-effects/car-destruction-sound-effects-library/","/Coll Anderson - Car Destruction/EFX EXT Car Windshield Ripping 04 A.wav","series|quick|tears|of|shattered|windshield|efx|ext|car|windshield|ripping|04|awav|coll anderson|car destruction"
"EFX EXT Metal Impact Drop 01 A.wav","Coll Anderson","Car Destruction","https://sonniss.com/sound-effects/car-destruction-sound-effects-library/","/Coll Anderson - Car Destruction/EFX EXT Metal Impact Drop 01 A.wav","series|metal|debris|dropped|on|ground|efx|ext|impact|drop|01|awav|coll anderson|car destruction"
"EFX EXT Metal Impact Smash Move 07 B.M.wav","Coll Anderson","Car Destruction","https://sonniss.com/sound-effects/car-destruction-sound-effects-library/","/Coll Anderson - Car Destruction/EFX EXT Metal Impact Smash Move 07 B.M.wav","series|large|metallic|slam|efx|ext|metal|impact|smash|move|07|bmwav|coll anderson|car destruction"
"EFX EXT Shattered Glass Impact 10 A.wav","Coll Anderson","Car Destruction","https://sonniss.com/sound-effects/car-destruction-sound-effects-library/","/Coll Anderson - Car Destruction/EFX EXT Shattered Glass Impact 10 A.wav","large|amount|of|glass|thrown|at|open|hood|sliding|down|efx|ext|shattered|glass|impact|10|awav|coll anderson|car destruction"
"EFX INT Blood spurt on carcass 01 B.wav","Coll Anderson","Deer","https://sonniss.com/sound-effects/deer-sfx-library/","/Coll Anderson - Deer/EFX INT Blood spurt on carcass 01 B.wav","gore|int|blood|spray|onto|meat|carcass|spurting|splashes|b|efx|spurt|on|01|bwav|coll anderson|deer"
"EFX INT Cavity Cutting 06 B.wav","Coll Anderson","Deer","https://sonniss.com/sound-effects/deer-sfx-library/","/Coll Anderson - Deer/EFX INT Cavity Cutting 06 B.wav","gore|int|wet|meat|rip|and|peel|in|deer|cavity|squishy|tear|b|efx|cavity|cutting|06|bwav|coll anderson|deer"
"EFX INT Cavity Cutting 06 D.wav","Coll Anderson","Deer","https://sonniss.com/sound-effects/deer-sfx-library/","/Coll Anderson - Deer/EFX INT Cavity Cutting 06 D.wav","gore|int|wet|meat|rip|and|peel|in|deer|cavity|squishy|tear|d|hollow|efx|cavity|cutting|06|dwav|coll anderson|deer"
"EFX INT Full Skin pull 01 C.wav","Coll Anderson","Deer","https://sonniss.com/sound-effects/deer-sfx-library/","/Coll Anderson - Deer/EFX INT Full Skin pull 01 C.wav","gore|int|deer|skin|peel|pull|back|hide|off|slow|crackling|flesh|tear|and|pops|sticky|wetness|c|efx|full|skin|01|cwav|coll anderson"
"EFX INT Knife sharpen 01 D.wav","Coll Anderson","Deer","https://sonniss.com/sound-effects/deer-sfx-library/","/Coll Anderson - Deer/EFX INT Knife sharpen 01 D.wav","kitchen|int|knife|sharpen|by|hand|d|efx|01|dwav|coll anderson|deer"
"EFX INT Leg skinning 01 B.wav","Coll Anderson","Deer","https://sonniss.com/sound-effects/deer-sfx-library/","/Coll Anderson - Deer/EFX INT Leg skinning 01 B.wav","gore|int|skinning|deer|leg|peeling|skin|from|bone|crackling|wet|tear|b|efx|leg|skinning|01|bwav|coll anderson|deer"
"EFX INT Meat drops 03 B.wav","Coll Anderson","Deer","https://sonniss.com/sound-effects/deer-sfx-library/","/Coll Anderson - Deer/EFX INT Meat drops 03 B.wav","impact|int|gore|wet|meat|chunk|hits|wood|floor|hard|wet|splat|smack|series|b|efx|meat|drops|03|bwav|coll anderson|deer"
"EFX INT Sawing leg bone 01 C.wav","Coll Anderson","Deer","https://sonniss.com/sound-effects/deer-sfx-library/","/Coll Anderson - Deer/EFX INT Sawing leg bone 01 C.wav","gore|int|sawing|bone|with|hacksaw|scrapey|grind|c|efx|leg|01|cwav|coll anderson|deer"
"EFX INT Skil saw on carcass 01 B.wav","Coll Anderson","Deer","https://sonniss.com/sound-effects/deer-sfx-library/","/Coll Anderson - Deer/EFX INT Skil saw on carcass 01 B.wav","gore|int|skil|saw|cutting|deer|carcass|motor|run|fast|bones|and|meat|being|cut|mostly|b|efx|on|01|bwav|coll anderson|deer"
"EFX INT Wet leg cut off 01 B.wav","Coll Anderson","Deer","https://sonniss.com/sound-effects/deer-sfx-library/","/Coll Anderson - Deer/EFX INT Wet leg cut off 01 B.wav","gore|int|deer|shoulder|cut|off|wet|meat|cutting|goopy|twist|and|pop|rip|b|efx|wet|leg|01|bwav|coll anderson"
"EFX INT Dog Drinking 02 B.wav","Coll Anderson","Dog","https://sonniss.com/sound-effects/dog-sfx-library/","/Coll Anderson - Dog/EFX INT Dog Drinking 02 B.wav","dog|int|wolfordshire|terrier|male|drinking|from|metal|bowl|efx|dog|drinking|02|bwav|coll anderson"
"EFX INT Dog Fight 01 A.M.wav","Coll Anderson","Dog","https://sonniss.com/sound-effects/dog-sfx-library/","/Coll Anderson - Dog/EFX INT Dog Fight 01 A.M.wav","dog|int|pit|bull|2|male|dogs|fighting|smaller|dog|is|barking|high|yelp|efx|dog|fight|01|amwav|coll anderson"
"EFX INT Dog Growl 33 A.M.wav","Coll Anderson","Dog","https://sonniss.com/sound-effects/dog-sfx-library/","/Coll Anderson - Dog/EFX INT Dog Growl 33 A.M.wav","dog|int|wolfordshire|terrier|male|violent|snarl|efx|dog|growl|33|amwav|coll anderson"
"EFX INT Dog Snarling 24 C.wav","Coll Anderson","Dog","https://sonniss.com/sound-effects/dog-sfx-library/","/Coll Anderson - Dog/EFX INT Dog Snarling 24 C.wav","dog|int|staffordshire|terrier|female|very|distinct|vicious|snarl|efx|dog|snarling|24|cwav|coll anderson"
"EFX INT Dog Wimper 06 A.M.wav","Coll Anderson","Dog","https://sonniss.com/sound-effects/dog-sfx-library/","/Coll Anderson - Dog/EFX INT Dog Wimper 06 A.M.wav","dog|int|staffordshire|terrier|female|panting|wimper|and|vocal|reactions|efx|dog|wimper|06|amwav|coll anderson"
"EFX INT Dog Wimper 26 A.M.wav","Coll Anderson","Dog","https://sonniss.com/sound-effects/dog-sfx-library/","/Coll Anderson - Dog/EFX INT Dog Wimper 26 A.M.wav","dog|int|pit|bull|mutt|(texas|big|face)|male|painfull|wimper|"ouch"|efx|dog|wimper|26|amwav|coll anderson"
"EFX INT Mutt Growl 42 B.wav","Coll Anderson","Dog","https://sonniss.com/sound-effects/dog-sfx-library/","/Coll Anderson - Dog/EFX INT Mutt Growl 42 B.wav","dog|int|pit|bull|mutt|(texas|big|face)|male|fighting|violent|snarl|efx|growl|42|bwav|coll anderson|dog"
"EFX SD Flesh Pry Gristle 05.wav","Coll Anderson","Gore","https://sonniss.com/sound-effects/gore-sound-effects-sfx/","/Coll Anderson - Gore/EFX SD Flesh Pry Gristle 05.wav","single|slow|tearing|and|popping|efx|sd|flesh|pry|gristle|05wav|coll anderson|gore"
"EFX SD GORE Chop 02 C.M.wav","Coll Anderson","Gore","https://sonniss.com/sound-effects/gore-sound-effects-sfx/","/Coll Anderson - Gore/EFX SD GORE Chop 02 C.M.wav","series|various|crunchy|cuts|efx|sd|gore|chop|02|cmwav|coll anderson|gore"
"EFX SD GORE Fast Rip 01 B.M.wav","Coll Anderson","Gore","https://sonniss.com/sound-effects/gore-sound-effects-sfx/","/Coll Anderson - Gore/EFX SD GORE Fast Rip 01 B.M.wav","series|fast|crunch|popping|efx|sd|gore|fast|rip|01|bmwav|coll anderson|gore"
"EFX SD GORE Flesh Pry 05 C.M.wav","Coll Anderson","Gore","https://sonniss.com/sound-effects/gore-sound-effects-sfx/","/Coll Anderson - Gore/EFX SD GORE Flesh Pry 05 C.M.wav","crunchy|squish|with|a|twist|efx|sd|gore|flesh|pry|05|cmwav|coll anderson|gore"
"EFX SD GORE Punch 02 B.M.wav","Coll Anderson","Gore","https://sonniss.com/sound-effects/gore-sound-effects-sfx/","/Coll Anderson - Gore/EFX SD GORE Punch 02 B.M.wav","series|impacts|slightly|moist|efx|sd|gore|punch|02|bmwav|coll anderson|gore"
"EFX SD GORE Snap 05 C.M.wav","Coll Anderson","Gore","https://sonniss.com/sound-effects/gore-sound-effects-sfx/","/Coll Anderson - Gore/EFX SD GORE Snap 05 C.M.wav","pair|of|peely|snaps|efx|sd|gore|snap|05|cmwav|coll anderson|gore"
"EFX SD Organic Gore Russle 05 B.M.wav","Coll Anderson","Gore","https://sonniss.com/sound-effects/gore-sound-effects-sfx/","/Coll Anderson - Gore/EFX SD Organic Gore Russle 05 B.M.wav","wet|popping|rustle|efx|sd|organic|gore|russle|05|bmwav|coll anderson"
"EFX EXT .22 Long Rifle Shots 01 A.wav","Coll Anderson","Guns","https://sonniss.com/sound-effects/guns-library-sfx/","/Coll Anderson - Guns/EFX EXT .22 Long Rifle Shots 01 A.wav","single|shots|from|22|caliber|rifle|long|efx|ext|long|rifle|shots|01|awav|coll anderson|guns"
"EFX EXT .38 Plus Power Shots 04 B.wav","Coll Anderson","Guns","https://sonniss.com/sound-effects/guns-library-sfx/","/Coll Anderson - Guns/EFX EXT .38 Plus Power Shots 04 B.wav","nice|pistol|shots|little|more|oomf|behind|them|various|efx|ext|38|plus|power|shots|04|bwav|coll anderson|guns"
"EFX EXT .50 Cal Pistol Shots 02 A.wav","Coll Anderson","Guns","https://sonniss.com/sound-effects/guns-library-sfx/","/Coll Anderson - Guns/EFX EXT .50 Cal Pistol Shots 02 A.wav","huge|gunshots|from|50|pistol|some|bullets|hit|before|report|efx|ext|cal|pistol|shots|02|awav|coll anderson|guns"
"EFX EXT M4 Shots 02 B.wav","Coll Anderson","Guns","https://sonniss.com/sound-effects/guns-library-sfx/","/Coll Anderson - Guns/EFX EXT M4 Shots 02 B.wav","singles|for|22|caliber|m4|rifle|shots|efx|ext|shots|02|bwav|coll anderson|guns"
"EFX EXT Mortar Explosion 08.wav","Coll Anderson","Guns","https://sonniss.com/sound-effects/guns-library-sfx/","/Coll Anderson - Guns/EFX EXT Mortar Explosion 08.wav","crackling|of|fuse|loud|burst|explosion|and|crackle|mortar|efx|ext|mortar|explosion|08wav|coll anderson|guns"
"EFX INT AR-15 M4 Charging Handle With Mag 01_A.wav","Coll Anderson","Guns","https://sonniss.com/sound-effects/guns-library-sfx/","/Coll Anderson - Guns/EFX INT AR-15 M4 Charging Handle With Mag 01_A.wav","series|m4|charging|handle|and|bolt|noise|with|mag|spring|rings|out|efx|int|ar15|handle|with|mag|01_awav|coll anderson|guns"
"EFX INT Unloading Magazine Singles 01.wav","Coll Anderson","Guns","https://sonniss.com/sound-effects/guns-library-sfx/","/Coll Anderson - Guns/EFX INT Unloading Magazine Singles 01.wav","unloading|bullets|one|by|metal|clicking|spring|action|efx|int|magazine|singles|01wav|coll anderson|guns"
"EFX EXT Bulkhead Door O_C Close Med 04.wav","Coll Anderson","House","https://sonniss.com/sound-effects/house-sfx-library/","/Coll Anderson - House/EFX EXT Bulkhead Door O_C Close Med 04.wav","large|metal|door|metallic|squeak|and|rattle|medium|efx|ext|bulkhead|door|o_c|close|med|04wav|coll anderson|house"
"EFX EXT Sliding Glass Door O_C Far Soft 02.wav","Coll Anderson","House","https://sonniss.com/sound-effects/house-sfx-library/","/Coll Anderson - House/EFX EXT Sliding Glass Door O_C Far Soft 02.wav","large|sliding|door|sliding|motions|soft|efx|ext|glass|door|o_c|far|soft|02wav|coll anderson|house"
"EFX INT HOUSE Bathroom Sink On Off Close 01.wav","Coll Anderson","House","https://sonniss.com/sound-effects/house-sfx-library/","/Coll Anderson - House/EFX INT HOUSE Bathroom Sink On Off Close 01.wav","int|house|bathroom|sink|on|off|close|perspective|efx|01wav|coll anderson|house"
"EFX INT HOUSE Clean Wood Creek 01.wav","Coll Anderson","House","https://sonniss.com/sound-effects/house-sfx-library/","/Coll Anderson - House/EFX INT HOUSE Clean Wood Creek 01.wav","int|house|door|wood|creek|clean|live|space|series|efx|01wav|coll anderson|house"
"EFX INT HOUSE DOOR Bedroom Wood O_C Close Medium 01.wav","Coll Anderson","House","https://sonniss.com/sound-effects/house-sfx-library/","/Coll Anderson - House/EFX INT HOUSE DOOR Bedroom Wood O_C Close Medium 01.wav","door|wood|open|shut|close|proximity|medium|in|force|series|efx|int|house|bedroom|o_c|01wav|coll anderson|house"
"EFX INT HOUSE DOOR Front O_C Far Soft 01.wav","Coll Anderson","House","https://sonniss.com/sound-effects/house-sfx-library/","/Coll Anderson - House/EFX INT HOUSE DOOR Front O_C Far Soft 01.wav","door|wood|heavy|"frontdoor"|open|shut|reflective|space|distant|proximity|soft|in|force|series|efx|int|house|front|o_c|far|01wav|coll anderson|house"
"EFX INT HOUSE Kitchen Cupbord O_C Close Medium 01.wav","Coll Anderson","House","https://sonniss.com/sound-effects/house-sfx-library/","/Coll Anderson - House/EFX INT HOUSE Kitchen Cupbord O_C Close Medium 01.wav","int|house|cupbord|open|shut|kitchen|reflective|space|close|perspective|medium|of|force|series|efx|o_c|01wav|coll anderson|house"
"EFX INT HOUSE Modern Window Close Crank 01.wav","Coll Anderson","House","https://sonniss.com/sound-effects/house-sfx-library/","/Coll Anderson - House/EFX INT HOUSE Modern Window Close Crank 01.wav","int|house|andersen|window|crank|open|shut|living|room|close|perspective|outside|late|summer|crickets|efx|modern|01wav|coll anderson|house"
"EFX INT HOUSE Wall Light Switch Close 07.wav","Coll Anderson","House","https://sonniss.com/sound-effects/house-sfx-library/","/Coll Anderson - House/EFX INT HOUSE Wall Light Switch Close 07.wav","int|house|wall|light|switch|bedroom|soft|space|close|perspective|series|efx|07wav|coll anderson|house"
"EFX INT Knife Cutting 05.wav","Coll Anderson","House","https://sonniss.com/sound-effects/house-sfx-library/","/Coll Anderson - House/EFX INT Knife Cutting 05.wav","kitchen|knife|cutting|steadily|through|object|various|intensities|efx|int|knife|cutting|05wav|coll anderson|house"
"EFX SD Metal plate Tubular sweep 02 A.wav","Coll Anderson","Metal Plate","https://sonniss.com/sound-effects/metal-plate-sfx-library/","/Coll Anderson - Metal Plate/EFX SD Metal plate Tubular sweep 02 A.wav","metal|sd|tubular|metal|sweeping|scrapes|on|plate|ringing|resonance|a|efx|metal|sweep|02|awav|coll anderson|metal plate"
"EFX SD Metal plate bang 01 B.M.wav","Coll Anderson","Metal Plate","https://sonniss.com/sound-effects/metal-plate-sfx-library/","/Coll Anderson - Metal Plate/EFX SD Metal plate bang 01 B.M.wav","metal|sd|ctm|metal|plate|bang|and|ring|b|efx|01|bmwav|coll anderson|metal plate"
"EFX SD Metal plate duct tape pull 03 C.M.wav","Coll Anderson","Metal Plate","https://sonniss.com/sound-effects/metal-plate-sfx-library/","/Coll Anderson - Metal Plate/EFX SD Metal plate duct tape pull 03 C.M.wav","metal|sd|duct|tape|rip|off|metal|plate|quick|zipping|whoosh|and|resonant|ring|c|efx|metal|duct|pull|03|cmwav|coll anderson|metal plate"
"EFX SD Metal plate iron grind 02 A.wav","Coll Anderson","Metal Plate","https://sonniss.com/sound-effects/metal-plate-sfx-library/","/Coll Anderson - Metal Plate/EFX SD Metal plate iron grind 02 A.wav","metal|sd|grinding|metal|on|sweeps|plate|low|thunder|rumble|and|scrapes|a|efx|metal|iron|grind|02|awav|coll anderson|metal plate"
"EFX SD Metal plate jet bys 02 A.wav","Coll Anderson","Metal Plate","https://sonniss.com/sound-effects/metal-plate-sfx-library/","/Coll Anderson - Metal Plate/EFX SD Metal plate jet bys 02 A.wav","metal|sd|sweeping|jet|bys|scrape|on|metal|plate|a|efx|metal|02|awav|coll anderson|metal plate"
"EFX SD Metal plate thunder 01 C.M.wav","Coll Anderson","Metal Plate","https://sonniss.com/sound-effects/metal-plate-sfx-library/","/Coll Anderson - Metal Plate/EFX SD Metal plate thunder 01 C.M.wav","metal|sd|deep|thunder|rumble|bangs|on|metal|plate|c|efx|metal|01|cmwav|coll anderson|metal plate"
"EFX SD Aggressive Zombie 02 C.wav","Coll Anderson","Monster Zombie Vocal","https://sonniss.com/sound-effects/monster-zombie-vocal-sound-effects-library/","/Coll Anderson - Monster Zombie Vocal/EFX SD Aggressive Zombie 02 C.wav","male|zombie|very|scratchy|raspy|loud|some|saliva|action|and|growling|various|efx|sd|aggressive|zombie|02|cwav|coll anderson|monster zombie vocal"
"EFX SD Aggressive Zombie 32 C.wav","Coll Anderson","Monster Zombie Vocal","https://sonniss.com/sound-effects/monster-zombie-vocal-sound-effects-library/","/Coll Anderson - Monster Zombie Vocal/EFX SD Aggressive Zombie 32 C.wav","male|zombie|very|scratchy|raspy|loud|some|saliva|action|and|growling|various|efx|sd|aggressive|zombie|32|cwav|coll anderson|monster zombie vocal"
"EFX SD Aggressive Zombie 34 C.wav","Coll Anderson","Monster Zombie Vocal","https://sonniss.com/sound-effects/monster-zombie-vocal-sound-effects-library/","/Coll Anderson - Monster Zombie Vocal/EFX SD Aggressive Zombie 34 C.wav","male|zombie|very|scratchy|raspy|loud|some|saliva|action|and|growling|various|efx|sd|aggressive|zombie|34|cwav|coll anderson|monster zombie vocal"
"EFX SD Female Ragging Creature 03 A.wav","Coll Anderson","Monster Zombie Vocal","https://sonniss.com/sound-effects/monster-zombie-vocal-sound-effects-library/","/Coll Anderson - Monster Zombie Vocal/EFX SD Female Ragging Creature 03 A.wav","female|creature|some|dirt|good|screams|nice|pitch|and|definition|in|voice|various|efx|sd|ragging|creature|03|awav|coll anderson|monster zombie vocal"
"EFX SD Monster Voices 11 A.wav","Coll Anderson","Monster Zombie Vocal","https://sonniss.com/sound-effects/monster-zombie-vocal-sound-effects-library/","/Coll Anderson - Monster Zombie Vocal/EFX SD Monster Voices 11 A.wav","male|monster|throatier|some|dirt|good|roars|gutteral|sputtering|various|efx|sd|voices|11|awav|coll anderson|monster zombie vocal"
"EFX SD Rage Monster 13 B.wav","Coll Anderson","Monster Zombie Vocal","https://sonniss.com/sound-effects/monster-zombie-vocal-sound-effects-library/","/Coll Anderson - Monster Zombie Vocal/EFX SD Rage Monster 13 B.wav","more|gutteral|and|throaty|for|very|large|creature|best|roars|nice|pitch|sounds|various|efx|sd|rage|monster|13|bwav|coll anderson|monster zombie vocal"
"EFX SD Pig 01 Snort 01.wav","Coll Anderson","Pig","https://sonniss.com/sound-effects/pig-sound-effects-sfx/","/Coll Anderson - Pig/EFX SD Pig 01 Snort 01.wav","pig|sd|snort|low|short|gurgling|snorts|efx|pig|01|snort|01wav|coll anderson"
"EFX SD Pig 02 Snort 12.wav","Coll Anderson","Pig","https://sonniss.com/sound-effects/pig-sound-effects-sfx/","/Coll Anderson - Pig/EFX SD Pig 02 Snort 12.wav","pig|sd|snort|low|long|gurgling|snorts|deep|efx|pig|02|snort|12wav|coll anderson"
"EFX SD Pig 02 Snort 18.wav","Coll Anderson","Pig","https://sonniss.com/sound-effects/pig-sound-effects-sfx/","/Coll Anderson - Pig/EFX SD Pig 02 Snort 18.wav","pig|sd|snort|low|long|snort|deep|efx|pig|02|snort|18wav|coll anderson"
"EFX SD Pig 07 Squeal 08.wav","Coll Anderson","Pig","https://sonniss.com/sound-effects/pig-sound-effects-sfx/","/Coll Anderson - Pig/EFX SD Pig 07 Squeal 08.wav","pig|sd|squeal|long|groaning|and|popping|squeal|efx|pig|07|squeal|08wav|coll anderson"
"EFX SD Pig 07 Squeal 20.wav","Coll Anderson","Pig","https://sonniss.com/sound-effects/pig-sound-effects-sfx/","/Coll Anderson - Pig/EFX SD Pig 07 Squeal 20.wav","pig|sd|squeal|long|deep|groaning|squeal|gets|louder|pissed|off|efx|pig|07|squeal|20wav|coll anderson"
"EFX SD Pig 08 Squeal 03.wav","Coll Anderson","Pig","https://sonniss.com/sound-effects/pig-sound-effects-sfx/","/Coll Anderson - Pig/EFX SD Pig 08 Squeal 03.wav","pig|sd|squeal|short|high|squeals|very|pissed|off|efx|pig|08|squeal|03wav|coll anderson"
"EFX INT Airborne Rising and Falling 02.wav","Coll Anderson","Slapstick Comedy","https://sonniss.com/sound-effects/slapstick-comedy-sound-effects/","/Coll Anderson - Slapstick Comedy/EFX INT Airborne Rising and Falling 02.wav","slide|whistle|going|between|high|and|low|pitches|for|comedic|falling|efx|int|airborne|rising|falling|02wav|coll anderson|slapstick comedy"
"EFX INT Clown Horn 01 .wav","Coll Anderson","Slapstick Comedy","https://sonniss.com/sound-effects/slapstick-comedy-sound-effects/","/Coll Anderson - Slapstick Comedy/EFX INT Clown Horn 01 .wav","honk|of|clown|horn|efx|int|clown|horn|01|wav|coll anderson|slapstick comedy"
"EFX INT Crash Layer Drumset 04.wav","Coll Anderson","Slapstick Comedy","https://sonniss.com/sound-effects/slapstick-comedy-sound-effects/","/Coll Anderson - Slapstick Comedy/EFX INT Crash Layer Drumset 04.wav","drumset|layer|for|cartoon|crash|or|debris|efx|int|crash|04wav|coll anderson|slapstick comedy"
"EFX INT Goofy Spring Bounces 04.wav","Coll Anderson","Slapstick Comedy","https://sonniss.com/sound-effects/slapstick-comedy-sound-effects/","/Coll Anderson - Slapstick Comedy/EFX INT Goofy Spring Bounces 04.wav","metallic|boings|for|cartoon|bounce|or|spring|jawharp|efx|int|goofy|spring|bounces|04wav|coll anderson|slapstick comedy"
"EFX INT Siren Whistle 02.wav","Coll Anderson","Slapstick Comedy","https://sonniss.com/sound-effects/slapstick-comedy-sound-effects/","/Coll Anderson - Slapstick Comedy/EFX INT Siren Whistle 02.wav","zip|whistle|for|cartoon|siren|or|speed|off|efx|int|siren|02wav|coll anderson|slapstick comedy"
"EFX INT Xylophone Tip toe 05.wav","Coll Anderson","Slapstick Comedy","https://sonniss.com/sound-effects/slapstick-comedy-sound-effects/","/Coll Anderson - Slapstick Comedy/EFX INT Xylophone Tip toe 05.wav","chromatic|playing|of|xylophone|for|cartoonish|tip|toe|efx|int|xylophone|tip|05wav|coll anderson|slapstick comedy"
"EFX SD Heads Hit Together 02.wav","Coll Anderson","Slapstick Comedy","https://sonniss.com/sound-effects/slapstick-comedy-sound-effects/","/Coll Anderson - Slapstick Comedy/EFX SD Heads Hit Together 02.wav","quick|bonks|for|two|heads|knocking|wood|block|hits|efx|sd|heads|hit|together|02wav|coll anderson|slapstick comedy"
"EFX SD Sliding Whoosh By 06.wav","Coll Anderson","Sliding Whoosh By","https://sonniss.com/sound-effects/sliding-whoosh-sfx-library/","/Coll Anderson - Sliding Whoosh By/EFX SD Sliding Whoosh By 06.wav","series|whooshes|with|good|lows|and|crisp|doppler|efx|sd|sliding|whoosh|by|06wav|coll anderson|sliding whoosh by"
"EFX SD Sliding Whoosh By 15.wav","Coll Anderson","Sliding Whoosh By","https://sonniss.com/sound-effects/sliding-whoosh-sfx-library/","/Coll Anderson - Sliding Whoosh By/EFX SD Sliding Whoosh By 15.wav","series|whooshes|with|good|lows|and|crisp|doppler|efx|sd|sliding|whoosh|by|15wav|coll anderson|sliding whoosh by"
"EFX SD Sliding Whoosh By 21.wav","Coll Anderson","Sliding Whoosh By","https://sonniss.com/sound-effects/sliding-whoosh-sfx-library/","/Coll Anderson - Sliding Whoosh By/EFX SD Sliding Whoosh By 21.wav","series|whooshes|with|good|lows|and|crisp|doppler|efx|sd|sliding|whoosh|by|21wav|coll anderson|sliding whoosh by"
"EFX SD Sliding Whoosh By 34.wav","Coll Anderson","Sliding Whoosh By","https://sonniss.com/sound-effects/sliding-whoosh-sfx-library/","/Coll Anderson - Sliding Whoosh By/EFX SD Sliding Whoosh By 34.wav","series|whooshes|with|good|lows|and|crisp|doppler|efx|sd|sliding|whoosh|by|34wav|coll anderson|sliding whoosh by"
"EFX EXT Emergency Siren 02 A.wav","Coll Anderson","Traditional Sirens","https://sonniss.com/sound-effects/traditional-siren-sound-effects-library/","/Coll Anderson - Traditional Sirens/EFX EXT Emergency Siren 02 A.wav","quick|bursts|from|emergency|siren|various|efx|ext|emergency|siren|02|awav|coll anderson|traditional sirens"
"EFX EXT Emergency Siren 10 B.wav","Coll Anderson","Traditional Sirens","https://sonniss.com/sound-effects/traditional-siren-sound-effects-library/","/Coll Anderson - Traditional Sirens/EFX EXT Emergency Siren 10 B.wav","longer|varied|wails|from|emergency|siren|far|perspective|efx|ext|emergency|siren|10|bwav|coll anderson|traditional sirens"
"EFX EXT Emergency Siren Distant 18 B.wav","Coll Anderson","Traditional Sirens","https://sonniss.com/sound-effects/traditional-siren-sound-effects-library/","/Coll Anderson - Traditional Sirens/EFX EXT Emergency Siren Distant 18 B.wav","various|blasts|from|siren|mic|facing|toward|source|placed|further|away|efx|ext|emergency|siren|distant|18|bwav|coll anderson|traditional sirens"
"EFX EXT Police Siren 01 Doppler By Slow 01.wav","Coll Anderson","Traditional Sirens","https://sonniss.com/sound-effects/traditional-siren-sound-effects-library/","/Coll Anderson - Traditional Sirens/EFX EXT Police Siren 01 Doppler By Slow 01.wav","police|sirens|bys|for|moving|emergency|vehicles|efx|ext|siren|01|doppler|by|slow|01wav|coll anderson|traditional sirens"
"EFX INT Emergency Radio Broadcast 07.wav","Coll Anderson","Traditional Sirens","https://sonniss.com/sound-effects/traditional-siren-sound-effects-library/","/Coll Anderson - Traditional Sirens/EFX INT Emergency Radio Broadcast 07.wav","different|emergency|calls|for|ambulance|voices|efx|int|emergency|radio|broadcast|07wav|coll anderson|traditional sirens"
"BeamBarrier_ExpGap01.wav","Detunized","AroundBridges","https://sonniss.com/sound-effects/bridges-sound-library/","/Detunized - AroundBridges/BeamBarrier_ExpGap01.wav","beambarrier_expgap01wav|detunized|aroundbridges"
"Bridges-Steps01.wav","Detunized","AroundBridges","https://sonniss.com/sound-effects/bridges-sound-library/","/Detunized - AroundBridges/Bridges-Steps01.wav","bridgessteps01wav|detunized|aroundbridges"
"Bridges-Wind08.wav","Detunized","AroundBridges","https://sonniss.com/sound-effects/bridges-sound-library/","/Detunized - AroundBridges/Bridges-Wind08.wav","bridgeswind08wav|detunized|aroundbridges"
"Local_Train_Close_01.wav","Detunized","CityTraffic","https://sonniss.com/sound-effects/city-traffic/","/Detunized - CityTraffic/Local_Train_Close_01.wav","metro|stops|close|to|microphone|local_train_close_01wav|detunized|citytraffic"
"Reflective_01.wav","Detunized","CityTraffic","https://sonniss.com/sound-effects/city-traffic/","/Detunized - CityTraffic/Reflective_01.wav","narrow|main|road|tall|buildings|trucks|passing|with|strong|rattle|reflective_01wav|detunized|citytraffic"
"Spot_C_03.wav","Detunized","CityTraffic","https://sonniss.com/sound-effects/city-traffic/","/Detunized - CityTraffic/Spot_C_03.wav","intersection|trams|lorries|and|cars|starting|crossing|rattling|across|rails|spot_c_03wav|detunized|citytraffic"
"Atari PC2 - Floppy Failure 3.wav","Detunized","Computer Noises","https://sonniss.com/sound-effects/computer-noises/","/Detunized - Computer Noises/Atari PC2 - Floppy Failure 3.wav","525|floppy|failures|atari|pc2|floppy|failure|3wav|detunized|computer noises"
"external HD 1_mono.wav","Detunized","Computer Noises","https://sonniss.com/sound-effects/computer-noises/","/Detunized - Computer Noises/external HD 1_mono.wav","hd|boot|and|spin|down|external|1_monowav|detunized|computer noises"
"external HD 4_dual channel.wav","Detunized","Computer Noises","https://sonniss.com/sound-effects/computer-noises/","/Detunized - Computer Noises/external HD 4_dual channel.wav","laptop|hd|boot|idle|and|spin|down|external|4_dual|channelwav|detunized|computer noises"
"Batterie1_inside bunker 05.wav","Detunized","DanishBunkers","https://sonniss.com/sound-effects/abandoned-shelters-danish-bunker-coast/","/Detunized - DanishBunkers/Batterie1_inside bunker 05.wav","airflow|inside|bunker|wide|strong|batterie1_inside|05wav|detunized|danishbunkers"
"Steijnberg_bunker field 03.wav","Detunized","DanishBunkers","https://sonniss.com/sound-effects/abandoned-shelters-danish-bunker-coast/","/Detunized - DanishBunkers/Steijnberg_bunker field 03.wav","wind|surf|far|in|background|some|drops|gusts|rattling|from|unknown|object|steijnberg_bunker|field|03wav|detunized|danishbunkers"
"Tyboroen North_inside bunker 01.wav","Detunized","DanishBunkers","https://sonniss.com/sound-effects/abandoned-shelters-danish-bunker-coast/","/Detunized - DanishBunkers/Tyboroen North_inside bunker 01.wav","inside|single|waves|washing|stones|against|bunker|wall|tyboroen|north_inside|01wav|detunized|danishbunkers"
"HumBuzz-Buzz-03.wav","Detunized","HumBuzz","https://sonniss.com/sound-effects/humbuzz/","/Detunized - HumBuzz/HumBuzz-Buzz-03.wav","buzz|noise|humbuzzbuzz03wav|detunized|humbuzz"
"HumBuzz-Hum-17.wav","Detunized","HumBuzz","https://sonniss.com/sound-effects/humbuzz/","/Detunized - HumBuzz/HumBuzz-Hum-17.wav","hum|noises|humbuzzhum17wav|detunized|humbuzz"
"HumBuzz-Tonal-02.wav","Detunized","HumBuzz","https://sonniss.com/sound-effects/humbuzz/","/Detunized - HumBuzz/HumBuzz-Tonal-02.wav","tonal|components|included|pitches|instruments|may|be|created|humbuzztonal02wav|detunized|humbuzz"
"Helfenberger_Grund_02.wav","Detunized","JustWater","https://sonniss.com/sound-effects/water-sfx-library/","/Detunized - JustWater/Helfenberger_Grund_02.wav","lively|creek|in|the|hills|helfenberger_grund_02wav|detunized|justwater"
"Reddevitzer_Hoeft_03.wav","Detunized","JustWater","https://sonniss.com/sound-effects/water-sfx-library/","/Detunized - JustWater/Reddevitzer_Hoeft_03.wav","melting|ice|in|a|quiet|bay|of|baltic|sea|reddevitzer_hoeft_03wav|detunized|justwater"
"Roeder_Pearls_01.wav","Detunized","JustWater","https://sonniss.com/sound-effects/water-sfx-library/","/Detunized - JustWater/Roeder_Pearls_01.wav","closeup|swirls|roeder_pearls_01wav|detunized|justwater"
"Cadenced_buzz-hum.wav","Detunized","Newsreel Noises","https://sonniss.com/sound-effects/newsreel-noises/","/Detunized - Newsreel Noises/Cadenced_buzz-hum.wav","cadenced_buzzhumwav|detunized|newsreel noises"
"Crackle_steady.wav","Detunized","Newsreel Noises","https://sonniss.com/sound-effects/newsreel-noises/","/Detunized - Newsreel Noises/Crackle_steady.wav","crackle_steadywav|detunized|newsreel noises"
"Impulse_buzz tone.wav","Detunized","Newsreel Noises","https://sonniss.com/sound-effects/newsreel-noises/","/Detunized - Newsreel Noises/Impulse_buzz tone.wav","impulse_buzz|tonewav|detunized|newsreel noises"
"contact_mics_on_rails_01.wav","Detunized","PassingTrains","https://sonniss.com/sound-effects/passing-trains/","/Detunized - PassingTrains/contact_mics_on_rails_01.wav","contact_mics_on_rails_01wav|detunized|passingtrains"
"express_train_02_medium_squeaking_long_tails.wav","Detunized","PassingTrains","https://sonniss.com/sound-effects/passing-trains/","/Detunized - PassingTrains/express_train_02_medium_squeaking_long_tails.wav","express_train_02_medium_squeaking_long_tailswav|detunized|passingtrains"
"freight_train_close_01_mics_on_rails.wav","Detunized","PassingTrains","https://sonniss.com/sound-effects/passing-trains/","/Detunized - PassingTrains/freight_train_close_01_mics_on_rails.wav","freight_train_close_01_mics_on_railswav|detunized|passingtrains"
"Detunized_WindTurbines_Blade_11.wav","Detunized","WindTurbines","https://sonniss.com/sound-effects/wind-turbines/","/Detunized - WindTurbines/Detunized_WindTurbines_Blade_11.wav","bright|like|steam|machine|chatter|detunized_windturbines_blade_11wav|detunized|windturbines"
"Detunized_WindTurbines_LatticeTower_03.wav","Detunized","WindTurbines","https://sonniss.com/sound-effects/wind-turbines/","/Detunized - WindTurbines/Detunized_WindTurbines_LatticeTower_03.wav","hitting|lattice|mechanical|movement|detunized_windturbines_latticetower_03wav|detunized|windturbines"
"Detunized_WindTurbines_Ventilation_07.wav","Detunized","WindTurbines","https://sonniss.com/sound-effects/wind-turbines/","/Detunized - WindTurbines/Detunized_WindTurbines_Ventilation_07.wav","whining|ventilation|rising|revolution|phasey|low|freq|melody|detunized_windturbines_ventilation_07wav|detunized|windturbines"
"Crepitus,fingers,flex,pop,snap,crack,singles,variety.M.wav","Eiravaein Works","Crepitus","https://sonniss.com/sound-effects/crepitus/","/Eiravaein Works - Crepitus/Crepitus,fingers,flex,pop,snap,crack,singles,variety.M.wav","crepitus|fingers|flex|pop|snap|crack|singles|variety|varietymwav|eiravaein works"
"Crepitus,flex,pop,snap,crack,multiple,hands,lighttodeep,gritty,MS.wav","Eiravaein Works","Crepitus","https://sonniss.com/sound-effects/crepitus/","/Eiravaein Works - Crepitus/Crepitus,flex,pop,snap,crack,multiple,hands,lighttodeep,gritty,MS.wav","crepitus|flex|pop|snap|crack|multiple|hands|lighttodeep|gritty|ms|mswav|eiravaein works"
"Crepitus,knuckles,hand,multiple,dense,deep.M.wav","Eiravaein Works","Crepitus","https://sonniss.com/sound-effects/crepitus/","/Eiravaein Works - Crepitus/Crepitus,knuckles,hand,multiple,dense,deep.M.wav","crepitus|knuckles|hand|multiple|dense|deep|deepmwav|eiravaein works"
"Epona,bark,light,vocalization,light,wavering.M.wav","Eiravaein Works","Epona","https://sonniss.com/sound-effects/epona/","/Eiravaein Works - Epona/Epona,bark,light,vocalization,light,wavering.M.wav","epona|bark|light|vocalization|wavering|waveringmwav|eiravaein works"
"Epona,bark,vocalization,light,close,complaining,choppy,elongated,teeth clicks.M.wav","Eiravaein Works","Epona","https://sonniss.com/sound-effects/epona/","/Eiravaein Works - Epona/Epona,bark,vocalization,light,close,complaining,choppy,elongated,teeth clicks.M.wav","epona|bark|vocalization|light|close|complaining|choppy|elongated|teeth|clicks|clicksmwav|eiravaein works"
"Epona,barks,taper,vocalization,inhale,agitated.M.wav","Eiravaein Works","Epona","https://sonniss.com/sound-effects/epona/","/Eiravaein Works - Epona/Epona,barks,taper,vocalization,inhale,agitated.M.wav","epona|barks|taper|vocalization|inhale|agitated|agitatedmwav|eiravaein works"
"Epona,growling,gutteral,turning toward,exhale.M.wav","Eiravaein Works","Epona","https://sonniss.com/sound-effects/epona/","/Eiravaein Works - Epona/Epona,growling,gutteral,turning toward,exhale.M.wav","epona|growling|gutteral|turning|toward|exhale|exhalemwav|eiravaein works"
"Epona,vocalizations,medium,nasal,whiny,playful,wavering,elongated.M.wav","Eiravaein Works","Epona","https://sonniss.com/sound-effects/epona/","/Eiravaein Works - Epona/Epona,vocalizations,medium,nasal,whiny,playful,wavering,elongated.M.wav","epona|vocalizations|medium|nasal|whiny|playful|wavering|elongated|elongatedmwav|eiravaein works"
"Ilmarinen,blacksmith,forge,hammer,anvil,strike,loose,ringing,splash,iron,thin.M.wav","Eiravaein Works","Ilmarinen","https://sonniss.com/sound-effects/ilmarinen/","/Eiravaein Works - Ilmarinen/Ilmarinen,blacksmith,forge,hammer,anvil,strike,loose,ringing,splash,iron,thin.M.wav","ilmarinen|hammer|anvil|strike|loose|ringing|splash|iron|thin|blacksmith|forge|thinmwav|eiravaein works"
"Ilmarinen,blacksmith,forge,handgrinder,blade,gritty,scrape,slow,shudder,buzz,wide.wav","Eiravaein Works","Ilmarinen","https://sonniss.com/sound-effects/ilmarinen/","/Eiravaein Works - Ilmarinen/Ilmarinen,blacksmith,forge,handgrinder,blade,gritty,scrape,slow,shudder,buzz,wide.wav","ilmarinen|blacksmith|forge|handgrinder|blade|gritty|scrape|slow|shudder|buzz|wide|widewav|eiravaein works"
"Ilmarinen,blacksmith,forge,hotiron,water,squelch,sizzle,rough,popping.M.wav","Eiravaein Works","Ilmarinen","https://sonniss.com/sound-effects/ilmarinen/","/Eiravaein Works - Ilmarinen/Ilmarinen,blacksmith,forge,hotiron,water,squelch,sizzle,rough,popping.M.wav","ilmarinen|hotiron|water|squelch|sizzle|rough|popping|blacksmith|forge|poppingmwav|eiravaein works"
"Ilmarinen,blacksmith,forge,lighthammer,anvil,hotiron,rattle,taphammer,belts,gears,ambiance.wav","Eiravaein Works","Ilmarinen","https://sonniss.com/sound-effects/ilmarinen/","/Eiravaein Works - Ilmarinen/Ilmarinen,blacksmith,forge,lighthammer,anvil,hotiron,rattle,taphammer,belts,gears,ambiance.wav","ilmarinen|lighthammer|anvil|hotiron|rattle|taphammer|belts|gears|ambiance|blacksmith|forge|ambiancewav|eiravaein works"
"StartSelect,UI,set1,strings,ethnic,tonal,plucked,aura,hold_release.wav","Eiravaein Works","Start Select","https://sonniss.com/sound-effects/start-select/","/Eiravaein Works - Start Select/StartSelect,UI,set1,strings,ethnic,tonal,plucked,aura,hold_release.wav","startselect|ui|set1|strings|ethnic|tonal|plucked|aura|hold_release|hold_releasewav|eiravaein works|start select"
"StartSelect,UI,set100,lady,vocalizations,crunchy,multipitched,multitimbral,back.wav","Eiravaein Works","Start Select","https://sonniss.com/sound-effects/start-select/","/Eiravaein Works - Start Select/StartSelect,UI,set100,lady,vocalizations,crunchy,multipitched,multitimbral,back.wav","startselect|ui|set100|lady|vocalizations|crunchy|multipitched|multitimbral|back|backwav|eiravaein works|start select"
"StartSelect,UI,set16,frequency shaping,zippy,robotic,evolving,dense,deaction.wav","Eiravaein Works","Start Select","https://sonniss.com/sound-effects/start-select/","/Eiravaein Works - Start Select/StartSelect,UI,set16,frequency shaping,zippy,robotic,evolving,dense,deaction.wav","startselect|ui|set16|frequency|shaping|zippy|robotic|evolving|dense|deaction|deactionwav|eiravaein works|start select"
"StartSelect,UI,set17,schick,mechanical,percussive,ding,shudder,holdrelease.wav","Eiravaein Works","Start Select","https://sonniss.com/sound-effects/start-select/","/Eiravaein Works - Start Select/StartSelect,UI,set17,schick,mechanical,percussive,ding,shudder,holdrelease.wav","startselect|ui|set17|schick|mechanical|percussive|ding|shudder|holdrelease|holdreleasewav|eiravaein works|start select"
"StartSelect,UI,set3,pure,warm,simple,quick,tonal,deaction.wav","Eiravaein Works","Start Select","https://sonniss.com/sound-effects/start-select/","/Eiravaein Works - Start Select/StartSelect,UI,set3,pure,warm,simple,quick,tonal,deaction.wav","startselect|ui|set3|pure|warm|simple|quick|tonal|deaction|deactionwav|eiravaein works|start select"
"StartSelect,UI,set34,mechanical,subtle,percussive,thick,bright,holdrelease.wav","Eiravaein Works","Start Select","https://sonniss.com/sound-effects/start-select/","/Eiravaein Works - Start Select/StartSelect,UI,set34,mechanical,subtle,percussive,thick,bright,holdrelease.wav","startselect|ui|set34|mechanical|subtle|percussive|thick|bright|holdrelease|holdreleasewav|eiravaein works|start select"
"StartSelect,UI,set57,camera mechanics,servo,clicks clacks,meaty,operative,forward.wav","Eiravaein Works","Start Select","https://sonniss.com/sound-effects/start-select/","/Eiravaein Works - Start Select/StartSelect,UI,set57,camera mechanics,servo,clicks clacks,meaty,operative,forward.wav","startselect|ui|set57|camera|mechanics|servo|clicks|clacks|meaty|operative|forward|forwardwav|eiravaein works|start select"
"StartSelect,UI,set93,talking tones,bright percussion,playful,toonish,light ambience,select.wav","Eiravaein Works","Start Select","https://sonniss.com/sound-effects/start-select/","/Eiravaein Works - Start Select/StartSelect,UI,set93,talking tones,bright percussion,playful,toonish,light ambience,select.wav","startselect|ui|set93|talking|tones|bright|percussion|playful|toonish|light|ambience|select|selectwav|eiravaein works|start select"
"AeroratedIcedTea,fast rise,gritty,release.M.wav","Eiravaein Works","Vaeyan I","https://sonniss.com/sound-effects/vaeyan-i/","/Eiravaein Works - Vaeyan I/AeroratedIcedTea,fast rise,gritty,release.M.wav","aeroratedicedtea|fast|rise|gritty|release|releasemwav|eiravaein works|vaeyan i"
"Cup Wobbling,glass,abrupt attack,wide wobble,long release,extra hit.M.wav","Eiravaein Works","Vaeyan I","https://sonniss.com/sound-effects/vaeyan-i/","/Eiravaein Works - Vaeyan I/Cup Wobbling,glass,abrupt attack,wide wobble,long release,extra hit.M.wav","cup|wobbling|glass|abrupt|attack|wide|wobble|long|release|extra|hit|hitmwav|eiravaein works|vaeyan i"
"HandRippingApple,softattack,twist,clean,alternate.M.wav","Eiravaein Works","Vaeyan I","https://sonniss.com/sound-effects/vaeyan-i/","/Eiravaein Works - Vaeyan I/HandRippingApple,softattack,twist,clean,alternate.M.wav","handrippingapple|softattack|twist|clean|alternate|alternatemwav|eiravaein works|vaeyan i"
"IceBlocks,impact,cracked,tinypieces,scatter,slide,concrete,chunky,ambiance.M.wav","Eiravaein Works","Vaeyan I","https://sonniss.com/sound-effects/vaeyan-i/","/Eiravaein Works - Vaeyan I/IceBlocks,impact,cracked,tinypieces,scatter,slide,concrete,chunky,ambiance.M.wav","iceblocks|impact|cracked|tinypieces|scatter|slide|concrete|chunky|ambiance|ambiancemwav|eiravaein works|vaeyan i"
"RamuneBottle,open,marble,punch,decompress,ping,glass.wav","Eiravaein Works","Vaeyan I","https://sonniss.com/sound-effects/vaeyan-i/","/Eiravaein Works - Vaeyan I/RamuneBottle,open,marble,punch,decompress,ping,glass.wav","ramunebottle|open|marble|punch|decompress|ping|glass|glasswav|eiravaein works|vaeyan i"
"UltrathinCellophane,crumble,long,fullspectrum,crunchy,delicate,crispy,crushing,fluctuating,layer2.M.wav","Eiravaein Works","Vaeyan I","https://sonniss.com/sound-effects/vaeyan-i/","/Eiravaein Works - Vaeyan I/UltrathinCellophane,crumble,long,fullspectrum,crunchy,delicate,crispy,crushing,fluctuating,layer2.M.wav","ultrathincellophane|crumble|long|fullspectrum|crunchy|delicate|crispy|crushing|fluctuating|layer2|layer2mwav|eiravaein works|vaeyan i"
"UltrathinCellophane,crumble,quick,fullspectrum,crunchy,delicate,crispy,collapse,light.M.wav","Eiravaein Works","Vaeyan I","https://sonniss.com/sound-effects/vaeyan-i/","/Eiravaein Works - Vaeyan I/UltrathinCellophane,crumble,quick,fullspectrum,crunchy,delicate,crispy,collapse,light.M.wav","ultrathincellophane|crumble|quick|fullspectrum|crunchy|delicate|crispy|collapse|light|lightmwav|eiravaein works|vaeyan i"
"AeroratedIce,crackle,three,pulses,gurgling,dynamic,harsh,medium.M.wav","Eiravaein Works","Vaeyan II","https://sonniss.com/sound-effects/vaeyan-ii/","/Eiravaein Works - Vaeyan II/AeroratedIce,crackle,three,pulses,gurgling,dynamic,harsh,medium.M.wav","aeroratedice|crackle|three|pulses|gurgling|dynamic|harsh|medium|mediummwav|eiravaein works|vaeyan ii"
"Apparel,bracelet,silver,ceramic,glass,leather,adjusting,clamorous,alternate.M.wav","Eiravaein Works","Vaeyan II","https://sonniss.com/sound-effects/vaeyan-ii/","/Eiravaein Works - Vaeyan II/Apparel,bracelet,silver,ceramic,glass,leather,adjusting,clamorous,alternate.M.wav","apparel|bracelet|silver|ceramic|glass|leather|adjusting|clamorous|alternate|alternatemwav|eiravaein works|vaeyan ii"
"Apparel,bracelet,silver,ceramic,glass,leather,shake,single,bright,alternate.M.wav","Eiravaein Works","Vaeyan II","https://sonniss.com/sound-effects/vaeyan-ii/","/Eiravaein Works - Vaeyan II/Apparel,bracelet,silver,ceramic,glass,leather,shake,single,bright,alternate.M.wav","apparel|bracelet|silver|ceramic|glass|leather|shake|single|bright|alternate|alternatemwav|eiravaein works|vaeyan ii"
"BuckwheatHulls,grains,course,sack,pounded,meaty.M.wav","Eiravaein Works","Vaeyan II","https://sonniss.com/sound-effects/vaeyan-ii/","/Eiravaein Works - Vaeyan II/BuckwheatHulls,grains,course,sack,pounded,meaty.M.wav","buckwheathulls|grains|course|sack|pounded|meaty|meatymwav|eiravaein works|vaeyan ii"
"Crowd,ambience,bar perspective,Danish,English,accents,drinking,joyful,casual,party started,groups,laughter,small room,stone,plaster,glass.wav","Eiravaein Works","Vaeyan II","https://sonniss.com/sound-effects/vaeyan-ii/","/Eiravaein Works - Vaeyan II/Crowd,ambience,bar perspective,Danish,English,accents,drinking,joyful,casual,party started,groups,laughter,small room,stone,plaster,glass.wav","crowd|ambience|bar|perspective|danish|english|accents|drinking|joyful|casual|party|started|groups|laughter|small|room|stone|plaster|glass|glasswav|eiravaein works|vaeyan ii"
"FencingFoil,swoosh,roomambience,lively,quick,aggressive.M.wav","Eiravaein Works","Vaeyan II","https://sonniss.com/sound-effects/vaeyan-ii/","/Eiravaein Works - Vaeyan II/FencingFoil,swoosh,roomambience,lively,quick,aggressive.M.wav","fencingfoil|swoosh|roomambience|lively|quick|aggressive|aggressivemwav|eiravaein works|vaeyan ii"
"Liquids,gingerbeer,pour,plop,gurgling,fizzy,effervescent,close.M.wav","Eiravaein Works","Vaeyan II","https://sonniss.com/sound-effects/vaeyan-ii/","/Eiravaein Works - Vaeyan II/Liquids,gingerbeer,pour,plop,gurgling,fizzy,effervescent,close.M.wav","liquids|gingerbeer|pour|plop|gurgling|fizzy|effervescent|close|closemwav|eiravaein works|vaeyan ii"
"Switchblades,OTF,quality,close,unsheath,mechanical,tight,spring,ringing.M.wav","Eiravaein Works","Vaeyan II","https://sonniss.com/sound-effects/vaeyan-ii/","/Eiravaein Works - Vaeyan II/Switchblades,OTF,quality,close,unsheath,mechanical,tight,spring,ringing.M.wav","switchblades|otf|quality|close|unsheath|mechanical|tight|spring|ringing|ringingmwav|eiravaein works|vaeyan ii"
"SFXW001_indoor_basement neutral sound.wav","Giorgio Riolo","SILENTSCAPES","https://sonniss.com/sound-effects/silentscapes_roomtones-ambiences-backgrounds-sound-effects/","/Giorgio Riolo - SILENTSCAPES/SFXW001_indoor_basement neutral sound.wav","sfxw001_indoor_basement|neutral|soundwav|giorgio riolo|silentscapes"
"SFXW001_indoor_roomtone_entrance hall.wav","Giorgio Riolo","SILENTSCAPES","https://sonniss.com/sound-effects/silentscapes_roomtones-ambiences-backgrounds-sound-effects/","/Giorgio Riolo - SILENTSCAPES/SFXW001_indoor_roomtone_entrance hall.wav","sfxw001_indoor_roomtone_entrance|hallwav|giorgio riolo|silentscapes"
"SFXW001_indoor_server room.wav","Giorgio Riolo","SILENTSCAPES","https://sonniss.com/sound-effects/silentscapes_roomtones-ambiences-backgrounds-sound-effects/","/Giorgio Riolo - SILENTSCAPES/SFXW001_indoor_server room.wav","sfxw001_indoor_server|roomwav|giorgio riolo|silentscapes"
"SFXW001_indoor_train_trip_passenger coach.wav","Giorgio Riolo","SILENTSCAPES","https://sonniss.com/sound-effects/silentscapes_roomtones-ambiences-backgrounds-sound-effects/","/Giorgio Riolo - SILENTSCAPES/SFXW001_indoor_train_trip_passenger coach.wav","sfxw001_indoor_train_trip_passenger|coachwav|giorgio riolo|silentscapes"
"SFXW001_outdoor_city park at night with distan traffic.wav","Giorgio Riolo","SILENTSCAPES","https://sonniss.com/sound-effects/silentscapes_roomtones-ambiences-backgrounds-sound-effects/","/Giorgio Riolo - SILENTSCAPES/SFXW001_outdoor_city park at night with distan traffic.wav","sfxw001_outdoor_city|park|at|night|with|distan|trafficwav|giorgio riolo|silentscapes"
"SFXW001_outdoor_early morning cityscape with air conditioning system.wav","Giorgio Riolo","SILENTSCAPES","https://sonniss.com/sound-effects/silentscapes_roomtones-ambiences-backgrounds-sound-effects/","/Giorgio Riolo - SILENTSCAPES/SFXW001_outdoor_early morning cityscape with air conditioning system.wav","sfxw001_outdoor_early|morning|cityscape|with|air|conditioning|systemwav|giorgio riolo|silentscapes"
"SFXW001_outdoor_gas station_car park.wav","Giorgio Riolo","SILENTSCAPES","https://sonniss.com/sound-effects/silentscapes_roomtones-ambiences-backgrounds-sound-effects/","/Giorgio Riolo - SILENTSCAPES/SFXW001_outdoor_gas station_car park.wav","sfxw001_outdoor_gas|station_car|parkwav|giorgio riolo|silentscapes"
"SFXW001_outdoor_urban courtyard neutral ambience.wav","Giorgio Riolo","SILENTSCAPES","https://sonniss.com/sound-effects/silentscapes_roomtones-ambiences-backgrounds-sound-effects/","/Giorgio Riolo - SILENTSCAPES/SFXW001_outdoor_urban courtyard neutral ambience.wav","sfxw001_outdoor_urban|courtyard|neutral|ambiencewav|giorgio riolo|silentscapes"
"BM Ambient Machinery 08.wav","Julian Ray","Background Machinery","https://sonniss.com/","/Julian Ray - Background Machinery/BM Ambient Machinery 08.wav","bm|ambient|machinery|08wav|julian ray|background machinery"
"BM Ambient Machinery 21.wav","Julian Ray","Background Machinery","https://sonniss.com/","/Julian Ray - Background Machinery/BM Ambient Machinery 21.wav","bm|ambient|machinery|21wav|julian ray|background machinery"
"BM Futuristic Machinery 09.wav","Julian Ray","Background Machinery","https://sonniss.com/","/Julian Ray - Background Machinery/BM Futuristic Machinery 09.wav","bm|futuristic|machinery|09wav|julian ray|background machinery"
"BM Futuristic Machinery 14.wav","Julian Ray","Background Machinery","https://sonniss.com/","/Julian Ray - Background Machinery/BM Futuristic Machinery 14.wav","bm|futuristic|machinery|14wav|julian ray|background machinery"
"BM Heavy Machinery 18.wav","Julian Ray","Background Machinery","https://sonniss.com/","/Julian Ray - Background Machinery/BM Heavy Machinery 18.wav","bm|heavy|machinery|18wav|julian ray|background machinery"
"BM Heavy Machinery 25.wav","Julian Ray","Background Machinery","https://sonniss.com/","/Julian Ray - Background Machinery/BM Heavy Machinery 25.wav","bm|heavy|machinery|25wav|julian ray|background machinery"
"BM Light Machinery 09.wav","Julian Ray","Background Machinery","https://sonniss.com/","/Julian Ray - Background Machinery/BM Light Machinery 09.wav","bm|light|machinery|09wav|julian ray|background machinery"
"BM Light Machinery 14.wav","Julian Ray","Background Machinery","https://sonniss.com/","/Julian Ray - Background Machinery/BM Light Machinery 14.wav","bm|light|machinery|14wav|julian ray|background machinery"
"SOS 002.wav","Julian Ray","Space","https://sonniss.com/","/Julian Ray - Space - The Finest FX_Sounds of Space/SOS 002.wav","'sounds|of|space'|sound|library(c)|2015|julian|ray|/|yury|shumakovwwwjulianraymusiccom|sos|002wav|julian ray|space"
"SOS 020.wav","Julian Ray","Space","https://sonniss.com/","/Julian Ray - Space - The Finest FX_Sounds of Space/SOS 020.wav","'sounds|of|space'|sound|library(c)|2015|julian|ray|/|yury|shumakovwwwjulianraymusiccom|sos|020wav|julian ray|space"
"SOS 033.wav","Julian Ray","Space","https://sonniss.com/","/Julian Ray - Space - The Finest FX_Sounds of Space/SOS 033.wav","'sounds|of|space'|sound|library(c)|2015|julian|ray|/|yury|shumakovwwwjulianraymusiccom|sos|033wav|julian ray|space"
"SOS 053.wav","Julian Ray","Space","https://sonniss.com/","/Julian Ray - Space - The Finest FX_Sounds of Space/SOS 053.wav","'sounds|of|space'|sound|library(c)|2015|julian|ray|/|yury|shumakovwwwjulianraymusiccom|sos|053wav|julian ray|space"
"SOS 073.wav","Julian Ray","Space","https://sonniss.com/","/Julian Ray - Space - The Finest FX_Sounds of Space/SOS 073.wav","'sounds|of|space'|sound|library(c)|2015|julian|ray|/|yury|shumakovwwwjulianraymusiccom|sos|073wav|julian ray|space"
"SOS 079.wav","Julian Ray","Space","https://sonniss.com/","/Julian Ray - Space - The Finest FX_Sounds of Space/SOS 079.wav","'sounds|of|space'|sound|library(c)|2015|julian|ray|/|yury|shumakovwwwjulianraymusiccom|sos|079wav|julian ray|space"
"SOS 085.wav","Julian Ray","Space","https://sonniss.com/","/Julian Ray - Space - The Finest FX_Sounds of Space/SOS 085.wav","'sounds|of|space'|sound|library(c)|2015|julian|ray|/|yury|shumakovwwwjulianraymusiccom|sos|085wav|julian ray|space"
"SOS 090.wav","Julian Ray","Space","https://sonniss.com/","/Julian Ray - Space - The Finest FX_Sounds of Space/SOS 090.wav","'sounds|of|space'|sound|library(c)|2015|julian|ray|/|yury|shumakovwwwjulianraymusiccom|sos|090wav|julian ray|space"
"01 INDUSTRIAL DAY Loud hum Birds Forklift Horn and Drive bys.wav","Kpow Sounds","Industrial Disquiet Soundpack","https://sonniss.com/sound-effects/industrial-disquiet-sfx-library/","/Kpow Sounds - Industrial Disquiet Soundpack/01 INDUSTRIAL DAY Loud hum Birds Forklift Horn and Drive bys.wav","snote=industry|day|exteriors|loud|hum|air|releases|occasional|birds|distant|horns|engine|regular|forklift|drivebys|with|hornsproject=kpow|audio|industry|exteriorsstape=industry|exteriors|day|01|industrial|hum|horn|and|drive|byswav|kpow sounds|industrial disquiet soundpack"
"10 INDUSTRY NIGHT - Light Buzz - Constant Electrical Flutter - Distant Traffic Wash - Open sound.wav","Kpow Sounds","Industrial Disquiet Soundpack","https://sonniss.com/sound-effects/industrial-disquiet-sfx-library/","/Kpow Sounds - Industrial Disquiet Soundpack/10 INDUSTRY NIGHT - Light Buzz - Constant Electrical Flutter - Distant Traffic Wash - Open sound.wav","snote=industry|night|exteriors|light|buzz|constant|electrical|flutter|far|distant|quiet|traffic|open|soundsproject=kpow|audio|industry|exteriorsstape=industry|exteriors|night|ambience|10|industry|wash|soundwav|kpow sounds|industrial disquiet soundpack"
"16 INDUSTRY NIGHT - Fans Whine Buzz - Interior Clanking.wav","Kpow Sounds","Industrial Disquiet Soundpack","https://sonniss.com/sound-effects/industrial-disquiet-sfx-library/","/Kpow Sounds - Industrial Disquiet Soundpack/16 INDUSTRY NIGHT - Fans Whine Buzz - Interior Clanking.wav","snote=industry|night|exteriors|exhaust|fans|whine|buzz|interior|clanking|overhead|acrid|steam|billows|from|chimneysproject=kpow|audio|industry|exteriorsstape=industry|exteriors|night|ambience|16|industry|clankingwav|kpow sounds|industrial disquiet soundpack"
"20 INDUSTRY DAY - From Exterior Internal Mechanical Stamping - Hell's Industrial Machine.wav","Kpow Sounds","Industrial Disquiet Soundpack","https://sonniss.com/sound-effects/industrial-disquiet-sfx-library/","/Kpow Sounds - Industrial Disquiet Soundpack/20 INDUSTRY DAY - From Exterior Internal Mechanical Stamping - Hell's Industrial Machine.wav","snote=industry|day|exteriors|distant|interior|mechanical|stamping|hell's|industrial|machine|beastsproject=kpow|audio|industry|exteriorsstape=industry|exteriors|day|20|industry|from|exterior|internal|machinewav|kpow sounds|industrial disquiet soundpack"
"UI_SoundPack11_Back_v1.wav","Kpow Sounds","UI SOUNDPACKS","https://sonniss.com/sound-effects/ui-soundpacks-sfx-library/","/Kpow Sounds - UI SOUNDPACKS/UI_SoundPack11_Back_v1.wav","snote=user|interface|sounds|soundpack|11|metallic|light|smooth|a|bit|magic|back|button|version|1|ui_soundpack11_back_v1wav|kpow sounds|ui soundpacks"
"UI_SoundPack11_Error_v3.wav","Kpow Sounds","UI SOUNDPACKS","https://sonniss.com/sound-effects/ui-soundpacks-sfx-library/","/Kpow Sounds - UI SOUNDPACKS/UI_SoundPack11_Error_v3.wav","snote=user|interface|sounds|soundpack|11|metallic|light|smooth|a|bit|magic|error|gank|incorrect|version|3|ui_soundpack11_error_v3wav|kpow sounds|ui soundpacks"
"UI_SoundPack11_Scroll_v09.wav","Kpow Sounds","UI SOUNDPACKS","https://sonniss.com/sound-effects/ui-soundpacks-sfx-library/","/Kpow Sounds - UI SOUNDPACKS/UI_SoundPack11_Scroll_v09.wav","snote=user|interface|sounds|soundpack|11|metallic|light|smooth|a|bit|magic|scroll|mouseover|flip|version|9|ui_soundpack11_scroll_v09wav|kpow sounds|ui soundpacks"
"UI_SoundPack11_Select_v14.wav","Kpow Sounds","UI SOUNDPACKS","https://sonniss.com/sound-effects/ui-soundpacks-sfx-library/","/Kpow Sounds - UI SOUNDPACKS/UI_SoundPack11_Select_v14.wav","snote=user|interface|sounds|soundpack|11|metallic|light|smooth|a|bit|magic|select|choose|click|minor|enter|version|14|ui_soundpack11_select_v14wav|kpow sounds|ui soundpacks"
"UI_SoundPack13_Back_version01.wav","Kpow Sounds","UI SOUNDPACKS","https://sonniss.com/sound-effects/ui-soundpacks-sfx-library/","/Kpow Sounds - UI SOUNDPACKS/UI_SoundPack13_Back_version01.wav","snote=user|interface|sounds|soundpack|13|light|cold|magic|a|bit|tech|back|button|version|1|ui_soundpack13_back_version01wav|kpow sounds|ui soundpacks"
"UI_SoundPack13_Error_version01.wav","Kpow Sounds","UI SOUNDPACKS","https://sonniss.com/sound-effects/ui-soundpacks-sfx-library/","/Kpow Sounds - UI SOUNDPACKS/UI_SoundPack13_Error_version01.wav","snote=user|interface|sounds|soundpack|13|light|cold|magic|a|bit|tech|error|gank|incorrect|version|1|ui_soundpack13_error_version01wav|kpow sounds|ui soundpacks"
"UI_SoundPack13_Scroll_version05.wav","Kpow Sounds","UI SOUNDPACKS","https://sonniss.com/sound-effects/ui-soundpacks-sfx-library/","/Kpow Sounds - UI SOUNDPACKS/UI_SoundPack13_Scroll_version05.wav","snote=user|interface|sounds|soundpack|13|light|cold|magic|a|bit|tech|scroll|mouseover|flip|version|5|ui_soundpack13_scroll_version05wav|kpow sounds|ui soundpacks"
"UI_SoundPack13_Select_version10.wav","Kpow Sounds","UI SOUNDPACKS","https://sonniss.com/sound-effects/ui-soundpacks-sfx-library/","/Kpow Sounds - UI SOUNDPACKS/UI_SoundPack13_Select_version10.wav","snote=user|interface|sounds|soundpack|13|light|cold|magic|a|bit|tech|select|choose|click|minor|enter|version|10|ui_soundpack13_select_version10wav|kpow sounds|ui soundpacks"
"UI_SoundPack8_Back_v3.wav","Kpow Sounds","UI SOUNDPACKS","https://sonniss.com/sound-effects/ui-soundpacks-sfx-library/","/Kpow Sounds - UI SOUNDPACKS/UI_SoundPack8_Back_v3.wav","snote=user|interface|sounds|soundpack|08|metallic|tech|a|bit|light|cold|magic|back|button|version|3|ui_soundpack8_back_v3wav|kpow sounds|ui soundpacks"
"UI_SoundPack8_Error_v1.wav","Kpow Sounds","UI SOUNDPACKS","https://sonniss.com/sound-effects/ui-soundpacks-sfx-library/","/Kpow Sounds - UI SOUNDPACKS/UI_SoundPack8_Error_v1.wav","snote=user|interface|sounds|soundpack|08|metallic|tech|a|bit|light|cold|magic|error|gank|incorrect|version|1|ui_soundpack8_error_v1wav|kpow sounds|ui soundpacks"
"UI_SoundPack8_Scroll_v2.wav","Kpow Sounds","UI SOUNDPACKS","https://sonniss.com/sound-effects/ui-soundpacks-sfx-library/","/Kpow Sounds - UI SOUNDPACKS/UI_SoundPack8_Scroll_v2.wav","snote=user|interface|sounds|soundpack|08|metallic|tech|a|bit|light|cold|magic|scroll|mouseover|flip|version|2|ui_soundpack8_scroll_v2wav|kpow sounds|ui soundpacks"
"UI_SoundPack8_Select_v2.wav","Kpow Sounds","UI SOUNDPACKS","https://sonniss.com/sound-effects/ui-soundpacks-sfx-library/","/Kpow Sounds - UI SOUNDPACKS/UI_SoundPack8_Select_v2.wav","snote=user|interface|sounds|soundpack|08|metallic|tech|a|bit|light|cold|magic|select|choose|click|minor|enter|version|2|ui_soundpack8_select_v2wav|kpow sounds|ui soundpacks"
"ui_SoundPack04 - Back Version4.wav","Kpow Sounds","UI SOUNDPACKS","https://sonniss.com/sound-effects/ui-soundpacks-sfx-library/","/Kpow Sounds - UI SOUNDPACKS/ui_SoundPack04 - Back Version4.wav","snote=user|interface|sounds|soundpack|04|tech|cold|a|bit|light|back|button|version|4|ui_soundpack04|back|version4wav|kpow sounds|ui soundpacks"
"ui_SoundPack04 - Error V14.wav","Kpow Sounds","UI SOUNDPACKS","https://sonniss.com/sound-effects/ui-soundpacks-sfx-library/","/Kpow Sounds - UI SOUNDPACKS/ui_SoundPack04 - Error V14.wav","snote=user|interface|sounds|soundpack|04|tech|cold|a|bit|light|error|gank|incorrect|version|14|ui_soundpack04|v14wav|kpow sounds|ui soundpacks"
"ui_SoundPack04 - Scroll Version04.wav","Kpow Sounds","UI SOUNDPACKS","https://sonniss.com/sound-effects/ui-soundpacks-sfx-library/","/Kpow Sounds - UI SOUNDPACKS/ui_SoundPack04 - Scroll Version04.wav","snote=user|interface|sounds|soundpack|04|tech|cold|a|bit|light|scroll|mouseover|flip|version|ui_soundpack04|scroll|version04wav|kpow sounds|ui soundpacks"
"ui_SoundPack04 - Select Version03.wav","Kpow Sounds","UI SOUNDPACKS","https://sonniss.com/sound-effects/ui-soundpacks-sfx-library/","/Kpow Sounds - UI SOUNDPACKS/ui_SoundPack04 - Select Version03.wav","snote=user|interface|sounds|soundpack|04|tech|cold|a|bit|light|select|choose|click|minor|enter|version|03|ui_soundpack04|version03wav|kpow sounds|ui soundpacks"
"Bell,Pepper,Crunch,Crack,Break02.wav","Mattia Cellotto","Crunch Mode","https://sonniss.com/","/Mattia Cellotto - Crunch Mode/Bell,Pepper,Crunch,Crack,Break02.wav","bell|pepper|crunch|crack|break02wav|mattia cellotto|crunch mode"
"Bread,Curst,Bite,Mouth,Close,Chew,Crunch,Various21.wav","Mattia Cellotto","Crunch Mode","https://sonniss.com/","/Mattia Cellotto - Crunch Mode/Bread,Curst,Bite,Mouth,Close,Chew,Crunch,Various21.wav","bread|curst|bite|mouth|close|chew|crunch|various21wav|mattia cellotto|crunch mode"
"Bread,Pizza,Curst,Crunch,Focaccia,Baked,Burnt,Various02.wav","Mattia Cellotto","Crunch Mode","https://sonniss.com/","/Mattia Cellotto - Crunch Mode/Bread,Pizza,Curst,Crunch,Focaccia,Baked,Burnt,Various02.wav","bread|pizza|curst|crunch|focaccia|baked|burnt|various02wav|mattia cellotto|crunch mode"
"Celery,Bite,Crunch,Slow,Bone,Break,Stick,Creak,Various07.wav","Mattia Cellotto","Crunch Mode","https://sonniss.com/","/Mattia Cellotto - Crunch Mode/Celery,Bite,Crunch,Slow,Bone,Break,Stick,Creak,Various07.wav","celery|bite|crunch|slow|bone|break|stick|creak|various07wav|mattia cellotto|crunch mode"
"Egg,Break,Creature,Crunch,Crack,Various02.wav","Mattia Cellotto","Crunch Mode","https://sonniss.com/","/Mattia Cellotto - Crunch Mode/Egg,Break,Creature,Crunch,Crack,Various02.wav","egg|break|creature|crunch|crack|various02wav|mattia cellotto|crunch mode"
"Frozen,Celery,Crunch,Break,Ice,Sheet,Various01.wav","Mattia Cellotto","Crunch Mode","https://sonniss.com/","/Mattia Cellotto - Crunch Mode/Frozen,Celery,Crunch,Break,Ice,Sheet,Various01.wav","frozen|celery|crunch|break|ice|sheet|various01wav|mattia cellotto|crunch mode"
"Green,Onions,Frozen,Crunch01.wav","Mattia Cellotto","Crunch Mode","https://sonniss.com/","/Mattia Cellotto - Crunch Mode/Green,Onions,Frozen,Crunch01.wav","green|onions|frozen|crunch01wav|mattia cellotto|crunch mode"
"Ice,Creak,Sheet,Crunch,Step,Snow,Various10.wav","Mattia Cellotto","Crunch Mode","https://sonniss.com/","/Mattia Cellotto - Crunch Mode/Ice,Creak,Sheet,Crunch,Step,Snow,Various10.wav","ice|creak|sheet|crunch|step|snow|various10wav|mattia cellotto|crunch mode"
"Ice,Impact,Throw,Snowball,Step,Snow,Stalactite,Various12.M.wav","Mattia Cellotto","Crunch Mode","https://sonniss.com/","/Mattia Cellotto - Crunch Mode/Ice,Impact,Throw,Snowball,Step,Snow,Stalactite,Various12.M.wav","ice|impact|throw|snowball|step|snow|stalactite|various12mwav|mattia cellotto|crunch mode"
"Leeks,Break,Bone,Crack,Body,Arm13.wav","Mattia Cellotto","Crunch Mode","https://sonniss.com/","/Mattia Cellotto - Crunch Mode/Leeks,Break,Bone,Crack,Body,Arm13.wav","leeks|break|bone|crack|body|arm13wav|mattia cellotto|crunch mode"
"Borax,Impact,Slime,Gore,Various05.wav","Mattia Cellotto","The Borax Experiment","https://sonniss.com/","/Mattia Cellotto - The Borax Experiment/Borax,Impact,Slime,Gore,Various05.wav","borax|impact|slime|gore|various05wav|mattia cellotto|the borax experiment"
"Borax,Impact,Slime,Gore,Various16.wav","Mattia Cellotto","The Borax Experiment","https://sonniss.com/","/Mattia Cellotto - The Borax Experiment/Borax,Impact,Slime,Gore,Various16.wav","borax|impact|slime|gore|various16wav|mattia cellotto|the borax experiment"
"Borax,Impact,Slime,Gore,Various22.wav","Mattia Cellotto","The Borax Experiment","https://sonniss.com/","/Mattia Cellotto - The Borax Experiment/Borax,Impact,Slime,Gore,Various22.wav","borax|impact|slime|gore|various22wav|mattia cellotto|the borax experiment"
"Borax,Impact,Slime,Gore,Various63.wav","Mattia Cellotto","The Borax Experiment","https://sonniss.com/","/Mattia Cellotto - The Borax Experiment/Borax,Impact,Slime,Gore,Various63.wav","borax|impact|slime|gore|various63wav|mattia cellotto|the borax experiment"
"Gore,Slime,Creature,Meat,Blood,Long,Movement,Various19.wav","Mattia Cellotto","The Borax Experiment","https://sonniss.com/","/Mattia Cellotto - The Borax Experiment/Gore,Slime,Creature,Meat,Blood,Long,Movement,Various19.wav","gore|slime|creature|meat|blood|long|movement|various19wav|mattia cellotto|the borax experiment"
"Gore,Slime,Creature,Meat,Blood,Medium,Movement,Various09.wav","Mattia Cellotto","The Borax Experiment","https://sonniss.com/","/Mattia Cellotto - The Borax Experiment/Gore,Slime,Creature,Meat,Blood,Medium,Movement,Various09.wav","gore|slime|creature|meat|blood|medium|movement|various09wav|mattia cellotto|the borax experiment"
"Gore,Slime,Creature,Meat,Blood,Short,Movement,Various13.wav","Mattia Cellotto","The Borax Experiment","https://sonniss.com/","/Mattia Cellotto - The Borax Experiment/Gore,Slime,Creature,Meat,Blood,Short,Movement,Various13.wav","gore|slime|creature|meat|blood|short|movement|various13wav|mattia cellotto|the borax experiment"
"Gore,Slime,Creature,Meat,Blood,Short,Movement,Various45.wav","Mattia Cellotto","The Borax Experiment","https://sonniss.com/","/Mattia Cellotto - The Borax Experiment/Gore,Slime,Creature,Meat,Blood,Short,Movement,Various45.wav","gore|slime|creature|meat|blood|short|movement|various45wav|mattia cellotto|the borax experiment"
"Gore,Slime,Creature,Meat,Blood,Short,Movement,Various56.wav","Mattia Cellotto","The Borax Experiment","https://sonniss.com/","/Mattia Cellotto - The Borax Experiment/Gore,Slime,Creature,Meat,Blood,Short,Movement,Various56.wav","gore|slime|creature|meat|blood|short|movement|various56wav|mattia cellotto|the borax experiment"
"Jelly,Movement,Gore,Liquid,Splat,Impact,Slime,Various09.wav","Mattia Cellotto","The Borax Experiment","https://sonniss.com/","/Mattia Cellotto - The Borax Experiment/Jelly,Movement,Gore,Liquid,Splat,Impact,Slime,Various09.wav","jelly|movement|gore|liquid|splat|impact|slime|various09wav|mattia cellotto|the borax experiment"
"City Day Far Highway Rumble_MB 02.wav","Mechanical Wave","Ambience and Weather","https://sonniss.com/sound-effects/ambience-and-weather-part-01/","/Mechanical Wave - Ambience and Weather/City Day Far Highway Rumble_MB 02.wav","ambience|city|day|little|wind|rumble|saw|industrial|park|far|highway|rumble_mb|02wav|mechanical wave|ambience and weather"
"Country Night Front_MB 01.wav","Mechanical Wave","Ambience and Weather","https://sonniss.com/sound-effects/ambience-and-weather-part-01/","/Mechanical Wave - Ambience and Weather/Country Night Front_MB 01.wav","ambience|country|night|cricket|frog|far|city|rumble|front_mb|01wav|mechanical wave|ambience and weather"
"Heavy Wind Thunder Rain_MB 01.wav","Mechanical Wave","Ambience and Weather","https://sonniss.com/sound-effects/ambience-and-weather-part-01/","/Mechanical Wave - Ambience and Weather/Heavy Wind Thunder Rain_MB 01.wav","tempest|rainy|ambience|thunder|city|night|amb|weather|storm|heavy|wind|rain_mb|01wav|mechanical wave|ambience and weather"
"Rain Thunder So Far_MB 06.wav","Mechanical Wave","Ambience and Weather","https://sonniss.com/sound-effects/ambience-and-weather-part-01/","/Mechanical Wave - Ambience and Weather/Rain Thunder So Far_MB 06.wav","tempest|rainy|ambience|thunder|city|night|amb|indoor|rain|so|far_mb|06wav|mechanical wave|ambience and weather"
"Turtledove at Train Station_MB 01.wav","Mechanical Wave","Ambience and Weather","https://sonniss.com/sound-effects/ambience-and-weather-part-01/","/Mechanical Wave - Ambience and Weather/Turtledove at Train Station_MB 01.wav","ambience|city|day|train|station|bird|turtledove|at|station_mb|01wav|mechanical wave|ambience and weather"
"Aluminum Can Drop On Floor_VS 02.wav","Mechanical Wave","Foley Session 01","https://sonniss.com/sound-effects/foley-sessions-01/","/Mechanical Wave - Foley Session 01/Aluminum Can Drop On Floor_VS 02.wav","aluminum|can|liquor|fall|drop|hit|impact|on|floor_vs|02wav|mechanical wave|foley session 01"
"Audiotape Manipulation_VS 01.wav","Mechanical Wave","Foley Session 01","https://sonniss.com/sound-effects/foley-sessions-01/","/Mechanical Wave - Foley Session 01/Audiotape Manipulation_VS 01.wav","plastic|audiotape|manipulation|move|manipulation_vs|01wav|mechanical wave|foley session 01"
"Chain Metal Drop On Floor_VS 02.wav","Mechanical Wave","Foley Session 01","https://sonniss.com/sound-effects/foley-sessions-01/","/Mechanical Wave - Foley Session 01/Chain Metal Drop On Floor_VS 02.wav","metal|chain|manipulation|drop|fall|impact|hit|on|floor_vs|02wav|mechanical wave|foley session 01"
"Metal Case Detuned Boing Spring_VS 06.wav","Mechanical Wave","Foley Session 01","https://sonniss.com/sound-effects/foley-sessions-01/","/Mechanical Wave - Foley Session 01/Metal Case Detuned Boing Spring_VS 06.wav","metal|case|boing|spring|hit|impact|stretching|detuned|spring_vs|06wav|mechanical wave|foley session 01"
"Zipper Case_VS 02.wav","Mechanical Wave","Foley Session 01","https://sonniss.com/sound-effects/foley-sessions-01/","/Mechanical Wave - Foley Session 01/Zipper Case_VS 02.wav","cloth|zipper|open|close|case_vs|02wav|mechanical wave|foley session 01"
"Action Swirl Whoosh_HW 04.wav","Mechanical Wave","Hits Whoosh","https://sonniss.com/sound-effects/whooshs-collection-pack/","/Mechanical Wave - Hits Whoosh/Action Swirl Whoosh_HW 04.wav","action|transition|whoosh|swoosh|woosh|swish|rotate|swirl|whoosh_hw|04wav|mechanical wave|hits whoosh"
"Action Swish_HW 02.wav","Mechanical Wave","Hits Whoosh","https://sonniss.com/sound-effects/whooshs-collection-pack/","/Mechanical Wave - Hits Whoosh/Action Swish_HW 02.wav","action|transition|whoosh|swoosh|woosh|swish|multiple|swish_hw|02wav|mechanical wave|hits whoosh"
"Fast Action Swish_HW 05.wav","Mechanical Wave","Hits Whoosh","https://sonniss.com/sound-effects/whooshs-collection-pack/","/Mechanical Wave - Hits Whoosh/Fast Action Swish_HW 05.wav","action|transition|whoosh|swoosh|woosh|swish|fast|swish_hw|05wav|mechanical wave|hits whoosh"
"Heavy Sci-Fi Hit_HW 09.wav","Mechanical Wave","Hits Whoosh","https://sonniss.com/sound-effects/whooshs-collection-pack/","/Mechanical Wave - Hits Whoosh/Heavy Sci-Fi Hit_HW 09.wav","scifi|hit|impact|dark|reverb|heavy|hit_hw|09wav|mechanical wave|hits whoosh"
"Swirl Whoosh_HW 42.wav","Mechanical Wave","Hits Whoosh","https://sonniss.com/sound-effects/whooshs-collection-pack/","/Mechanical Wave - Hits Whoosh/Swirl Whoosh_HW 42.wav","action|transition|whoosh|swoosh|woosh|swirl|rotate|spin|whoosh_hw|42wav|mechanical wave|hits whoosh"
"Debris Brick_RBD 02.wav","Mechanical Wave","Rock Brick and Dirt","https://sonniss.com/sound-effects/rock-brick-and-dirt/","/Mechanical Wave - Rock Brick and Dirt/Debris Brick_RBD 02.wav","rock|stone|dirt|hit|impact|brick|debris|brick_rbd|02wav|mechanical wave|rock brick and dirt"
"Drop Rock On Rock Debris_RBD 03.wav","Mechanical Wave","Rock Brick and Dirt","https://sonniss.com/sound-effects/rock-brick-and-dirt/","/Mechanical Wave - Rock Brick and Dirt/Drop Rock On Rock Debris_RBD 03.wav","rock|stone|dirt|hit|impact|drop|fall|brick|debris|on|debris_rbd|03wav|mechanical wave|rock brick and dirt"
"Hit Rock Debris_RBD 02.wav","Mechanical Wave","Rock Brick and Dirt","https://sonniss.com/sound-effects/rock-brick-and-dirt/","/Mechanical Wave - Rock Brick and Dirt/Hit Rock Debris_RBD 02.wav","rock|stone|dirt|hit|impact|drop|fall|debris|debris_rbd|02wav|mechanical wave|rock brick and dirt"
"Scree Rock_RBD 06.wav","Mechanical Wave","Rock Brick and Dirt","https://sonniss.com/sound-effects/rock-brick-and-dirt/","/Mechanical Wave - Rock Brick and Dirt/Scree Rock_RBD 06.wav","rock|stone|falling|scree|tumble|rock_rbd|06wav|mechanical wave|rock brick and dirt"
"Smash Rock On Debris_RBD 04.wav","Mechanical Wave","Rock Brick and Dirt","https://sonniss.com/sound-effects/rock-brick-and-dirt/","/Mechanical Wave - Rock Brick and Dirt/Smash Rock On Debris_RBD 04.wav","rock|stone|falling|hit|impact|drop|debris|smash|on|debris_rbd|04wav|mechanical wave|rock brick and dirt"
"Alien Talking Communication_SI 03.wav","Mechanical Wave","Sci-fi Invaders","https://sonniss.com/sound-effects/sci-fi-invaders/","/Mechanical Wave - Sci-Fi-Invaders/Alien Talking Communication_SI 03.wav","scifi|communication|alien|speech|language|talking|communication_si|03wav|mechanical wave|sci-fi invaders"
"Creature Scream_SI 07.wav","Mechanical Wave","Sci-fi Invaders","https://sonniss.com/sound-effects/sci-fi-invaders/","/Mechanical Wave - Sci-Fi-Invaders/Creature Scream_SI 07.wav","monster|creature|growl|scream|grunt|horror|scifi|scream_si|07wav|mechanical wave|sci-fi invaders"
"Dark Drone_SI 03.wav","Mechanical Wave","Sci-fi Invaders","https://sonniss.com/sound-effects/sci-fi-invaders/","/Mechanical Wave - Sci-Fi-Invaders/Dark Drone_SI 03.wav","drone|rumble|bass|strange|alien|scifi|dark|drone_si|03wav|mechanical wave|sci-fi invaders"
"Heavy Magical Explosion_SI 03.wav","Mechanical Wave","Sci-fi Invaders","https://sonniss.com/sound-effects/sci-fi-invaders/","/Mechanical Wave - Sci-Fi-Invaders/Heavy Magical Explosion_SI 03.wav","scifi|hit|impact|shot|weapon|attack|magic|strange|alien|heavy|magical|explosion_si|03wav|mechanical wave|sci-fi invaders"
"Shut Off Engine_SI 03.wav","Mechanical Wave","Sci-fi Invaders","https://sonniss.com/sound-effects/sci-fi-invaders/","/Mechanical Wave - Sci-Fi-Invaders/Shut Off Engine_SI 03.wav","ship|engine|turn|off|alien|scifi|turbine|shut|off|engine_si|03wav|mechanical wave|sci-fi invaders"
"Bouncing Metal Rattle Scrap Debris_UC 06.wav","Mechanical Wave","Undoing","https://sonniss.com/sound-effects/undoing-computer/","/Mechanical Wave - Undoing-Computer/Bouncing Metal Rattle Scrap Debris_UC 06.wav","metla|vibration|computer|destruction|hit|and|scratch|bouncing|metal|rattle|scrap|debris_uc|06wav|mechanical wave|undoing"
"Crush Rattle Metal Scrap Debris_UC 04.wav","Mechanical Wave","Undoing","https://sonniss.com/sound-effects/undoing-computer/","/Mechanical Wave - Undoing-Computer/Crush Rattle Metal Scrap Debris_UC 04.wav","metal|hit|scrap|bend|and|twist|crush|rattle|debris_uc|04wav|mechanical wave|undoing"
"Drop Fall Metal Rattle Scrap Debris_UC 10.wav","Mechanical Wave","Undoing","https://sonniss.com/sound-effects/undoing-computer/","/Mechanical Wave - Undoing-Computer/Drop Fall Metal Rattle Scrap Debris_UC 10.wav","metal|computer|fall|on|ground|drop|rattle|scrap|debris_uc|10wav|mechanical wave|undoing"
"Hit Impact Hard Metal Scrap Debris_UC 01.wav","Mechanical Wave","Undoing","https://sonniss.com/sound-effects/undoing-computer/","/Mechanical Wave - Undoing-Computer/Hit Impact Hard Metal Scrap Debris_UC 01.wav","metal|hit|hard|resonance|hammer|multiple|impact|scrap|debris_uc|01wav|mechanical wave|undoing"
"Hit Impact Metal Scrap Debris_UC 06.wav","Mechanical Wave","Undoing","https://sonniss.com/sound-effects/undoing-computer/","/Mechanical Wave - Undoing-Computer/Hit Impact Metal Scrap Debris_UC 06.wav","metal|computer|hit|rattle|impact|scrap|debris_uc|06wav|mechanical wave|undoing"
"Break and Crack_VM 03.wav","Mechanical Wave","Vegetable Massacres","https://sonniss.com/sound-effects/vegetable-massacres/","/Mechanical Wave - Vegetable Massacres/Break and Crack_VM 03.wav","vegetable|break|crack|bone|flesh|corn|peel|and|crack_vm|03wav|mechanical wave|vegetable massacres"
"Drenched Manipulation_VM 03.wav","Mechanical Wave","Vegetable Massacres","https://sonniss.com/sound-effects/vegetable-massacres/","/Mechanical Wave - Vegetable Massacres/Drenched Manipulation_VM 03.wav","vegetable|splash|juice|crack|tears|bone|blood|fall|drop|drenched|manipulation_vm|03wav|mechanical wave|vegetable massacres"
"Juicy Burst_VM 03.wav","Mechanical Wave","Vegetable Massacres","https://sonniss.com/sound-effects/vegetable-massacres/","/Mechanical Wave - Vegetable Massacres/Juicy Burst_VM 03.wav","vegetable|pressed|impact|juicy|bone|blood|splash|wet|burst_vm|03wav|mechanical wave|vegetable massacres"
"Juicy Crack and Break_VM 01.wav","Mechanical Wave","Vegetable Massacres","https://sonniss.com/sound-effects/vegetable-massacres/","/Mechanical Wave - Vegetable Massacres/Juicy Crack and Break_VM 01.wav","vegetable|break|crack|bone|flesh|juicy|and|break_vm|01wav|mechanical wave|vegetable massacres"
"Tear and Break_VM 12.wav","Mechanical Wave","Vegetable Massacres","https://sonniss.com/sound-effects/vegetable-massacres/","/Mechanical Wave - Vegetable Massacres/Tear and Break_VM 12.wav","vegetable|crack|tears|bone|blood|tear|and|break_vm|12wav|mechanical wave|vegetable massacres"
"Analog Tape Noise 12.wav","Membrans","Analog Tape Noise Sound Pack 01","https://sonniss.com/sound-effects/analog-tape-noise-sound-pack-01/","/Membrans - Analog Tape Noise Sound Pack 01/Analog Tape Noise 12.wav","analog|tape|noise|12wav|membrans|analog tape noise sound pack 01"
"Analog Tape Noise 27.wav","Membrans","Analog Tape Noise Sound Pack 01","https://sonniss.com/sound-effects/analog-tape-noise-sound-pack-01/","/Membrans - Analog Tape Noise Sound Pack 01/Analog Tape Noise 27.wav","analog|tape|noise|27wav|membrans|analog tape noise sound pack 01"
"Astro Droid 11.wav","Membrans","Astro Droid Sound Pack 01","https://sonniss.com/sound-effects/astro-droid-sound-pack-01/","/Membrans - Astro Droid Sound Pack 01/Astro Droid 11.wav","astro|droid|11wav|membrans|astro droid sound pack 01"
"Astro Droid 26.wav","Membrans","Astro Droid Sound Pack 01","https://sonniss.com/sound-effects/astro-droid-sound-pack-01/","/Membrans - Astro Droid Sound Pack 01/Astro Droid 26.wav","astro|droid|26wav|membrans|astro droid sound pack 01"
"Bone Cracking 18.wav","Membrans","Bone Crackings Sound Pack 01","https://sonniss.com/sound-effects/bone-crackings-sound-pack-01/","/Membrans - Bone Crackings Sound Pack 01/Bone Cracking 18.wav","bone|cracking|18wav|membrans|bone crackings sound pack 01"
"Bone Cracking 34.wav","Membrans","Bone Crackings Sound Pack 01","https://sonniss.com/sound-effects/bone-crackings-sound-pack-01/","/Membrans - Bone Crackings Sound Pack 01/Bone Cracking 34.wav","bone|cracking|34wav|membrans|bone crackings sound pack 01"
"Cartoon Arrow 09.wav","Membrans","Cartoon Arrow Sound Pack 01","https://sonniss.com/sound-effects/cartoon-arrow-sound-pack-01/","/Membrans - Cartoon Arrow Sound Pack 01/Cartoon Arrow 09.wav","cartoon|arrow|09wav|membrans|cartoon arrow sound pack 01"
"Cartoon Arrow 44.wav","Membrans","Cartoon Arrow Sound Pack 01","https://sonniss.com/sound-effects/cartoon-arrow-sound-pack-01/","/Membrans - Cartoon Arrow Sound Pack 01/Cartoon Arrow 44.wav","cartoon|arrow|44wav|membrans|cartoon arrow sound pack 01"
"Firecracker, Medium Distance 07.wav","Membrans","Firecrackers Sound Pack 01","https://sonniss.com/sound-effects/firecrackers-sound-pack-01/","/Membrans - Firecrackers Sound Pack 01/Firecracker, Medium Distance 07.wav","firecracker|medium|distance|07wav|membrans|firecrackers sound pack 01"
"Whistling Firecracker 08.wav","Membrans","Firecrackers Sound Pack 01","https://sonniss.com/sound-effects/firecrackers-sound-pack-01/","/Membrans - Firecrackers Sound Pack 01/Whistling Firecracker 08.wav","whistling|firecracker|08wav|membrans|firecrackers sound pack 01"
"Ice Cube In The Glass 09.wav","Membrans","Ice Cold Sound Pack 01","https://sonniss.com/sound-effects/ice-cold-sound-pack-01/","/Membrans - Ice Cold Sound Pack 01/Ice Cube In The Glass 09.wav","ice|cube|in|the|glass|09wav|membrans|ice cold sound pack 01"
"Ice Cube Moving 04.wav","Membrans","Ice Cold Sound Pack 01","https://sonniss.com/sound-effects/ice-cold-sound-pack-01/","/Membrans - Ice Cold Sound Pack 01/Ice Cube Moving 04.wav","ice|cube|moving|04wav|membrans|ice cold sound pack 01"
"Monster 20.wav","Membrans","Monster Pack 01","https://sonniss.com/sound-effects/monster-pack-01/","/Membrans - Monster Pack 01/Monster 20.wav","monster|20wav|membrans|monster pack 01"
"Monster 31.wav","Membrans","Monster Pack 01","https://sonniss.com/sound-effects/monster-pack-01/","/Membrans - Monster Pack 01/Monster 31.wav","monster|31wav|membrans|monster pack 01"
"Pop 31.wav","Membrans","Pops Sound Pack 01","https://sonniss.com/sound-effects/pops-sound-pack-01/","/Membrans - Pops Sound Pack 01/Pop 31.wav","pop|31wav|membrans|pops sound pack 01"
"Pop 41.wav","Membrans","Pops Sound Pack 01","https://sonniss.com/sound-effects/pops-sound-pack-01/","/Membrans - Pops Sound Pack 01/Pop 41.wav","pop|41wav|membrans|pops sound pack 01"
"Rally Car Pass By 16.wav","Membrans","Rally Cars Sound Pack 01","https://sonniss.com/sound-effects/rally-cars-sound-pack-01/","/Membrans - Rally Cars Sound Pack 01/Rally Car Pass By 16.wav","rally|car|pass|by|16wav|membrans|rally cars sound pack 01"
"Sport Car Revving 01.wav","Membrans","Rally Cars Sound Pack 02","https://sonniss.com/sound-effects/rally-cars-sound-pack-02/","/Membrans - Rally Cars Sound Pack 02/Sport Car Revving 01.wav","sport|car|revving|01wav|membrans|rally cars sound pack 02"
"Scan 10.wav","Membrans","Scanners Sound Pack 01","https://sonniss.com/sound-effects/scanners-sound-pack-01/","/Membrans - Scanners Sound Pack 01/Scan 10.wav","scan|10wav|membrans|scanners sound pack 01"
"Spaceship Interface 10.wav","Membrans","Spaceship Interface Sound Pack 01","https://sonniss.com/sound-effects/spaceship-interface-sound-pack-01/","/Membrans - Spaceship Interface Sound Pack 01/Spaceship Interface 10.wav","spaceship|interface|10wav|membrans|spaceship interface sound pack 01"
"Spaceship Interface 33.wav","Membrans","Spaceship Interface Sound Pack 01","https://sonniss.com/sound-effects/spaceship-interface-sound-pack-01/","/Membrans - Spaceship Interface Sound Pack 01/Spaceship Interface 33.wav","spaceship|interface|33wav|membrans|spaceship interface sound pack 01"
"Spaceship Interface 74.wav","Membrans","Spaceship Interface Sound Pack 01","https://sonniss.com/sound-effects/spaceship-interface-sound-pack-01/","/Membrans - Spaceship Interface Sound Pack 01/Spaceship Interface 74.wav","spaceship|interface|74wav|membrans|spaceship interface sound pack 01"
"Seq 2.1 Hit #1 96 HK1.wav","NoizBoy","Hong Kong Action Kit","https://sonniss.com/sound-effects/hong-kong-action-kit-hit-kit-1/","/NoizBoy - Hong Kong Action Kit - Hit Kit #1/Seq 2.1 Hit #1 96 HK1.wav","seq|21|hit|#1|96|hk1wav|noizboy|hong kong action kit"
"Seq 2.1 Hit #2 96 HK1.wav","NoizBoy","Hong Kong Action Kit","https://sonniss.com/sound-effects/hong-kong-action-kit-hit-kit-1/","/NoizBoy - Hong Kong Action Kit - Hit Kit #1/Seq 2.1 Hit #2 96 HK1.wav","seq|21|hit|#2|96|hk1wav|noizboy|hong kong action kit"
"Seq 2.1 Hit #3 96 HK1.wav","NoizBoy","Hong Kong Action Kit","https://sonniss.com/sound-effects/hong-kong-action-kit-hit-kit-1/","/NoizBoy - Hong Kong Action Kit - Hit Kit #1/Seq 2.1 Hit #3 96 HK1.wav","seq|21|hit|#3|96|hk1wav|noizboy|hong kong action kit"
"Seq 2.1 whoosh #1 96 HK1.wav","NoizBoy","Hong Kong Action Kit","https://sonniss.com/sound-effects/hong-kong-action-kit-hit-kit-1/","/NoizBoy - Hong Kong Action Kit - Hit Kit #1/Seq 2.1 whoosh #1 96 HK1.wav","seq|21|whoosh|#1|96|hk1wav|noizboy|hong kong action kit"
"Seq 2.27 Hit #1 96 HK1.wav","NoizBoy","Hong Kong Action Kit","https://sonniss.com/sound-effects/hong-kong-action-kit-hit-kit-1/","/NoizBoy - Hong Kong Action Kit - Hit Kit #1/Seq 2.27 Hit #1 96 HK1.wav","seq|227|hit|#1|96|hk1wav|noizboy|hong kong action kit"
"Seq 2.27 Hit #2 96 HK1.wav","NoizBoy","Hong Kong Action Kit","https://sonniss.com/sound-effects/hong-kong-action-kit-hit-kit-1/","/NoizBoy - Hong Kong Action Kit - Hit Kit #1/Seq 2.27 Hit #2 96 HK1.wav","seq|227|hit|#2|96|hk1wav|noizboy|hong kong action kit"
"Seq 2.27 Hit #3 96 HK1.wav","NoizBoy","Hong Kong Action Kit","https://sonniss.com/sound-effects/hong-kong-action-kit-hit-kit-1/","/NoizBoy - Hong Kong Action Kit - Hit Kit #1/Seq 2.27 Hit #3 96 HK1.wav","seq|227|hit|#3|96|hk1wav|noizboy|hong kong action kit"
"Seq 2.27 whoosh #1 96 HK1.wav","NoizBoy","Hong Kong Action Kit","https://sonniss.com/sound-effects/hong-kong-action-kit-hit-kit-1/","/NoizBoy - Hong Kong Action Kit - Hit Kit #1/Seq 2.27 whoosh #1 96 HK1.wav","seq|227|whoosh|#1|96|hk1wav|noizboy|hong kong action kit"
"Seq1.15 Hit #1 96 HK1.wav","NoizBoy","Hong Kong Action Kit","https://sonniss.com/sound-effects/hong-kong-action-kit-hit-kit-1/","/NoizBoy - Hong Kong Action Kit - Hit Kit #1/Seq1.15 Hit #1 96 HK1.wav","seq115|hit|#1|96|hk1wav|noizboy|hong kong action kit"
"Seq1.15 Hit #2 96 HK1.wav","NoizBoy","Hong Kong Action Kit","https://sonniss.com/sound-effects/hong-kong-action-kit-hit-kit-1/","/NoizBoy - Hong Kong Action Kit - Hit Kit #1/Seq1.15 Hit #2 96 HK1.wav","seq115|hit|#2|96|hk1wav|noizboy|hong kong action kit"
"Seq1.15 Hit #3 96 HK1.wav","NoizBoy","Hong Kong Action Kit","https://sonniss.com/sound-effects/hong-kong-action-kit-hit-kit-1/","/NoizBoy - Hong Kong Action Kit - Hit Kit #1/Seq1.15 Hit #3 96 HK1.wav","seq115|hit|#3|96|hk1wav|noizboy|hong kong action kit"
"Seq1.15 whoosh #1 96 HK1.wav","NoizBoy","Hong Kong Action Kit","https://sonniss.com/sound-effects/hong-kong-action-kit-hit-kit-1/","/NoizBoy - Hong Kong Action Kit - Hit Kit #1/Seq1.15 whoosh #1 96 HK1.wav","seq115|whoosh|#1|96|hk1wav|noizboy|hong kong action kit"
"HKAP2 Seq1.1 Hits 4.wav","NoizBoy","Hong Kong Action Kit","https://sonniss.com/sound-effects/hong-kong-action-kit-hit-kit-1/","/NoizBoy - Hong Kong Action Kit - Hit Kit #2/HKAP2 Seq1.1 Hits 4.wav","hkap2|seq11|hits|4wav|noizboy|hong kong action kit"
"HKAP2 Seq1.2 Hits 1.wav","NoizBoy","Hong Kong Action Kit","https://sonniss.com/sound-effects/hong-kong-action-kit-hit-kit-1/","/NoizBoy - Hong Kong Action Kit - Hit Kit #2/HKAP2 Seq1.2 Hits 1.wav","hkap2|seq12|hits|1wav|noizboy|hong kong action kit"
"HKAP2 Seq1.2 SWT 10.wav","NoizBoy","Hong Kong Action Kit","https://sonniss.com/sound-effects/hong-kong-action-kit-hit-kit-1/","/NoizBoy - Hong Kong Action Kit - Hit Kit #2/HKAP2 Seq1.2 SWT 10.wav","hkap2|seq12|swt|10wav|noizboy|hong kong action kit"
"HKAP2 Seq1.2 SWT 11.wav","NoizBoy","Hong Kong Action Kit","https://sonniss.com/sound-effects/hong-kong-action-kit-hit-kit-1/","/NoizBoy - Hong Kong Action Kit - Hit Kit #2/HKAP2 Seq1.2 SWT 11.wav","hkap2|seq12|swt|11wav|noizboy|hong kong action kit"
"HKAP2 Seq1.2 Whoosh 5.wav","NoizBoy","Hong Kong Action Kit","https://sonniss.com/sound-effects/hong-kong-action-kit-hit-kit-1/","/NoizBoy - Hong Kong Action Kit - Hit Kit #2/HKAP2 Seq1.2 Whoosh 5.wav","hkap2|seq12|whoosh|5wav|noizboy|hong kong action kit"
"HKAP2 Seq2.13 Hit 1.wav","NoizBoy","Hong Kong Action Kit","https://sonniss.com/sound-effects/hong-kong-action-kit-hit-kit-1/","/NoizBoy - Hong Kong Action Kit - Hit Kit #2/HKAP2 Seq2.13 Hit 1.wav","hkap2|seq213|hit|1wav|noizboy|hong kong action kit"
"HKAP2 Seq2.13 Hit 2.wav","NoizBoy","Hong Kong Action Kit","https://sonniss.com/sound-effects/hong-kong-action-kit-hit-kit-1/","/NoizBoy - Hong Kong Action Kit - Hit Kit #2/HKAP2 Seq2.13 Hit 2.wav","hkap2|seq213|hit|2wav|noizboy|hong kong action kit"
"HKAP2 Seq2.13 Hit 3.wav","NoizBoy","Hong Kong Action Kit","https://sonniss.com/sound-effects/hong-kong-action-kit-hit-kit-1/","/NoizBoy - Hong Kong Action Kit - Hit Kit #2/HKAP2 Seq2.13 Hit 3.wav","hkap2|seq213|hit|3wav|noizboy|hong kong action kit"
"HKAP2 Seq2.13 Whoosh 5.wav","NoizBoy","Hong Kong Action Kit","https://sonniss.com/sound-effects/hong-kong-action-kit-hit-kit-1/","/NoizBoy - Hong Kong Action Kit - Hit Kit #2/HKAP2 Seq2.13 Whoosh 5.wav","hkap2|seq213|whoosh|5wav|noizboy|hong kong action kit"
"HKAP2 Seq2.13 Whoosh 6.wav","NoizBoy","Hong Kong Action Kit","https://sonniss.com/sound-effects/hong-kong-action-kit-hit-kit-1/","/NoizBoy - Hong Kong Action Kit - Hit Kit #2/HKAP2 Seq2.13 Whoosh 6.wav","hkap2|seq213|whoosh|6wav|noizboy|hong kong action kit"
"HKAP2 Seq2.13 Whoosh 7.wav","NoizBoy","Hong Kong Action Kit","https://sonniss.com/sound-effects/hong-kong-action-kit-hit-kit-1/","/NoizBoy - Hong Kong Action Kit - Hit Kit #2/HKAP2 Seq2.13 Whoosh 7.wav","hkap2|seq213|whoosh|7wav|noizboy|hong kong action kit"
"HKAP2 Spin Hit 1a.wav","NoizBoy","Hong Kong Action Kit","https://sonniss.com/sound-effects/hong-kong-action-kit-hit-kit-1/","/NoizBoy - Hong Kong Action Kit - Hit Kit #2/HKAP2 Spin Hit 1a.wav","hkap2|spin|hit|1awav|noizboy|hong kong action kit"
"HKAP2 Spin Whoosh 2a.wav","NoizBoy","Hong Kong Action Kit","https://sonniss.com/sound-effects/hong-kong-action-kit-hit-kit-1/","/NoizBoy - Hong Kong Action Kit - Hit Kit #2/HKAP2 Spin Whoosh 2a.wav","hkap2|spin|whoosh|2awav|noizboy|hong kong action kit"
"HKAP2 Whoosh land 1a.wav","NoizBoy","Hong Kong Action Kit","https://sonniss.com/sound-effects/hong-kong-action-kit-hit-kit-1/","/NoizBoy - Hong Kong Action Kit - Hit Kit #2/HKAP2 Whoosh land 1a.wav","hkap2|whoosh|land|1awav|noizboy|hong kong action kit"
"Container Ship Being Loaded In The Hold Impacts With Nice Reverb.wav","Original Sounds","Docks","https://sonniss.com/sound-effects/docks/","/Original Sounds - Docks/Container Ship Being Loaded In The Hold Impacts With Nice Reverb.wav","08|container|ship|being|loaded|in|the|hold|impacts|with|nice|reverbwav|original sounds|docks"
"Trucks On Docks Passing In Cu And Charging Containers.wav","Original Sounds","Docks","https://sonniss.com/sound-effects/docks/","/Original Sounds - Docks/Trucks On Docks Passing In Cu And Charging Containers.wav","09|trucks|on|docks|passing|in|cu|and|charging|containerswav|original sounds"
"Drone Airy Cavern.wav","RDGSFX001","Drones","https://sonniss.com/sound-effects/drones-sound-effects-library/","/RDGSFX001 - Drones/Drone Airy Cavern.wav","drone|airy|cavernwav|rdgsfx001|drones"
"Drone Fluttering Madness.wav","RDGSFX001","Drones","https://sonniss.com/sound-effects/drones-sound-effects-library/","/RDGSFX001 - Drones/Drone Fluttering Madness.wav","drone|fluttering|madnesswav|rdgsfx001|drones"
"Drone Rising Bells.wav","RDGSFX001","Drones","https://sonniss.com/sound-effects/drones-sound-effects-library/","/RDGSFX001 - Drones/Drone Rising Bells.wav","drone|rising|bellswav|rdgsfx001|drones"
"Drone Rising Skys.wav","RDGSFX001","Drones","https://sonniss.com/sound-effects/drones-sound-effects-library/","/RDGSFX001 - Drones/Drone Rising Skys.wav","drone|rising|skyswav|rdgsfx001|drones"
"Drone Space Rain.wav","RDGSFX001","Drones","https://sonniss.com/sound-effects/drones-sound-effects-library/","/RDGSFX001 - Drones/Drone Space Rain.wav","drone|space|rainwav|rdgsfx001|drones"
"Alien Creature 3.M.wav","RDGSFX002","Creatures","https://sonniss.com/","/RDGSFX002 - Creatures/Alien Creature 3.M.wav","alien|creature|3mwav|rdgsfx002|creatures"
"Creature Combo 13.M.wav","RDGSFX002","Creatures","https://sonniss.com/","/RDGSFX002 - Creatures/Creature Combo 13.M.wav","creature|combo|13mwav|rdgsfx002|creatures"
"Creature Hiss 4.M.wav","RDGSFX002","Creatures","https://sonniss.com/","/RDGSFX002 - Creatures/Creature Hiss 4.M.wav","creature|hiss|4mwav|rdgsfx002|creatures"
"Creature Roar 13.M.wav","RDGSFX002","Creatures","https://sonniss.com/","/RDGSFX002 - Creatures/Creature Roar 13.M.wav","creature|roar|13mwav|rdgsfx002|creatures"
"Creature Screeches 12.M.wav","RDGSFX002","Creatures","https://sonniss.com/","/RDGSFX002 - Creatures/Creature Screeches 12.M.wav","creature|screeches|12mwav|rdgsfx002|creatures"
"Growl Dry 14.M.wav","RDGSFX002","Creatures","https://sonniss.com/","/RDGSFX002 - Creatures/Growl Dry 14.M.wav","growl|dry|14mwav|rdgsfx002|creatures"
"Hisses Dry 11.M.wav","RDGSFX002","Creatures","https://sonniss.com/","/RDGSFX002 - Creatures/Hisses Dry 11.M.wav","hisses|dry|11mwav|rdgsfx002|creatures"
"Hisses Dry 16.M.wav","RDGSFX002","Creatures","https://sonniss.com/","/RDGSFX002 - Creatures/Hisses Dry 16.M.wav","hisses|dry|16mwav|rdgsfx002|creatures"
"Roar Dry 5.M.wav","RDGSFX002","Creatures","https://sonniss.com/","/RDGSFX002 - Creatures/Roar Dry 5.M.wav","roar|dry|5mwav|rdgsfx002|creatures"
"Industrial Warehouse_Mid Perspective 1.wav","RDGSFX003","Industrial_Warehouse","https://sonniss.com/sound-effects/industrial-warehouse-sound-library/","/RDGSFX003 - Industrial_Warehouse/Industrial Warehouse_Mid Perspective 1.wav","industrial|warehouse_mid|perspective|1wav|rdgsfx003|industrial_warehouse"
"Industrial Warehouse_Southern Perspective 2.wav","RDGSFX003","Industrial_Warehouse","https://sonniss.com/sound-effects/industrial-warehouse-sound-library/","/RDGSFX003 - Industrial_Warehouse/Industrial Warehouse_Southern Perspective 2.wav","industrial|warehouse_southern|perspective|2wav|rdgsfx003|industrial_warehouse"
"Beverly Center Parking Garage_North Side.wav","RDGSFX004","LA Parking Garages","https://sonniss.com/sound-effects/la-parking-garages-sound-effects-library/","/RDGSFX004 - LA Parking Garages/Beverly Center Parking Garage_North Side.wav","ambience|of|north|side|beverly|center|parking|garageslight|low|rumble|few|people|walking|car|by's|honks|garage_north|sidewav|rdgsfx004|la parking garages"
"Glendale Galleria Parking Garage_South Side.wav","RDGSFX004","LA Parking Garages","https://sonniss.com/sound-effects/la-parking-garages-sound-effects-library/","/RDGSFX004 - LA Parking Garages/Glendale Galleria Parking Garage_South Side.wav","ambience|of|south|side|glendale|galleria|parking|garageslight|low|rumble|more|people|walking|and|chatter|car|by's|close|distant|honks|car|alarms|garage_south|sidewav|rdgsfx004|la parking garages"
"Sherman Oaks Galleria Parking Garage_1st Floor.wav","RDGSFX004","LA Parking Garages","https://sonniss.com/sound-effects/la-parking-garages-sound-effects-library/","/RDGSFX004 - LA Parking Garages/Sherman Oaks Galleria Parking Garage_1st Floor.wav","ambience|of|the|1st|floor|sherman|oaks|galleria|parking|garage|slight|rumble|light|wind|people|walking|and|chatter|car|by's|close|distant|honks|alarms|freeway|nearby|garage_1st|floorwav|rdgsfx004|la parking garages"
"SQUEAKS AND CREAKS Balloon Squeaks Medium 05.M.wav","RDGSFX005","Squeaks and Creaks_v2","https://sonniss.com/sound-effects/squeaks-creaks-sound-library/","/RDGSFX005 - Squeaks and Creaks_v2/SQUEAKS AND CREAKS Balloon Squeaks Medium 05.M.wav","balloon|squeaks|medium|length|rubbing|rubber|plastic|and|creaks|balloon|squeaks|medium|05mwav|rdgsfx005|squeaks and creaks_v2"
"SQUEAKS AND CREAKS Hardwood Floor Creaks Long 01.M.wav","RDGSFX005","Squeaks and Creaks_v2","https://sonniss.com/sound-effects/squeaks-creaks-sound-library/","/RDGSFX005 - Squeaks and Creaks_v2/SQUEAKS AND CREAKS Hardwood Floor Creaks Long 01.M.wav","creaking|hardwood|floor|with|foot|wood|creepy|spooky|squeaks|and|creaks|hardwood|floor|creaks|long|01mwav|rdgsfx005|squeaks and creaks_v2"
"SQUEAKS AND CREAKS Headphone Squeaks Short 01.M.wav","RDGSFX005","Squeaks and Creaks_v2","https://sonniss.com/sound-effects/squeaks-creaks-sound-library/","/RDGSFX005 - Squeaks and Creaks_v2/SQUEAKS AND CREAKS Headphone Squeaks Short 01.M.wav","bending|headphone|rubber|together|squeaks|plastic|and|creaks|headphone|squeaks|short|01mwav|rdgsfx005|squeaks and creaks_v2"
"SQUEAKS AND CREAKS Ice Cube Tray Squeaks 03.M.wav","RDGSFX005","Squeaks and Creaks_v2","https://sonniss.com/sound-effects/squeaks-creaks-sound-library/","/RDGSFX005 - Squeaks and Creaks_v2/SQUEAKS AND CREAKS Ice Cube Tray Squeaks 03.M.wav","crunching|ice|cubes|together|bending|cube|tray|plastic|icey|movements|squeaks|and|creaks|ice|cube|tray|squeaks|03mwav|rdgsfx005|squeaks and creaks_v2"
"SQUEAKS AND CREAKS Leather Jacket Creaks 05.M.wav","RDGSFX005","Squeaks and Creaks_v2","https://sonniss.com/sound-effects/squeaks-creaks-sound-library/","/RDGSFX005 - Squeaks and Creaks_v2/SQUEAKS AND CREAKS Leather Jacket Creaks 05.M.wav","pulling|and|bending|of|leather|jacket|light|zipper|jingle|squeaky|squeaks|creaks|leather|jacket|creaks|05mwav|rdgsfx005|squeaks and creaks_v2"
"SQUEAKS AND CREAKS Mic Stand Short 01.M.wav","RDGSFX005","Squeaks and Creaks_v2","https://sonniss.com/sound-effects/squeaks-creaks-sound-library/","/RDGSFX005 - Squeaks and Creaks_v2/SQUEAKS AND CREAKS Mic Stand Short 01.M.wav","moving|microphone|stand|around|bending|plastic|joint|metal|squeaks|and|creaks|mic|stand|short|01mwav|rdgsfx005|squeaks and creaks_v2"
"SQUEAKS AND CREAKS Pint Glass 05.M.wav","RDGSFX005","Squeaks and Creaks_v2","https://sonniss.com/sound-effects/squeaks-creaks-sound-library/","/RDGSFX005 - Squeaks and Creaks_v2/SQUEAKS AND CREAKS Pint Glass 05.M.wav","rubbing|wet|pint|glass|interior|croaks|squeaks|and|creaks|pint|glass|05mwav|rdgsfx005|squeaks and creaks_v2"
"SQUEAKS AND CREAKS Plastic Wrapper Long 03.M.wav","RDGSFX005","Squeaks and Creaks_v2","https://sonniss.com/sound-effects/squeaks-creaks-sound-library/","/RDGSFX005 - Squeaks and Creaks_v2/SQUEAKS AND CREAKS Plastic Wrapper Long 03.M.wav","pulling|and|bending|plastic|cellophane|wrapper|squeaky|squeaks|creaks|plastic|wrapper|long|03mwav|rdgsfx005|squeaks and creaks_v2"
"SQUEAKS AND CREAKS Water Bottle Squeaks Long 02.M.wav","RDGSFX005","Squeaks and Creaks_v2","https://sonniss.com/sound-effects/squeaks-creaks-sound-library/","/RDGSFX005 - Squeaks and Creaks_v2/SQUEAKS AND CREAKS Water Bottle Squeaks Long 02.M.wav","bending|and|crushing|plastic|water|bottle|plasticy|creaky|squeaks|creaks|water|bottle|squeaks|long|02mwav|rdgsfx005|squeaks and creaks_v2"
"SQUEAKS AND CREAKS Window Rubs 02.M.wav","RDGSFX005","Squeaks and Creaks_v2","https://sonniss.com/sound-effects/squeaks-creaks-sound-library/","/RDGSFX005 - Squeaks and Creaks_v2/SQUEAKS AND CREAKS Window Rubs 02.M.wav","rubbing|fingers|against|glass|window|rubs|squeaks|and|creaks|window|rubs|02mwav|rdgsfx005|squeaks and creaks_v2"
"California Beaches, Malibu_Underneath Boardwalk, High Tide, 3ft from water 1.wav","RDGSFX006","California Beaches","https://sonniss.com/sound-effects/california-beaches-sound-library/","/RDGSFX006 - California Beaches/California Beaches, Malibu_Underneath Boardwalk, High Tide, 3ft from water 1.wav","seagulls|bigger|waves|crashing|planebys|distant|traffic|people|chatter|california|beaches|malibu_underneath|boardwalk|high|tide|3ft|from|water|1wav|rdgsfx006|california beaches"
"California Beaches, San Simeon_Elephant Seals.wav","RDGSFX006","California Beaches","https://sonniss.com/sound-effects/california-beaches-sound-library/","/RDGSFX006 - California Beaches/California Beaches, San Simeon_Elephant Seals.wav","central|california|many|elephant|seals|relaxing|and|making|noise|guttural|sounds|waves|crashing|beaches|san|simeon_elephant|sealswav|rdgsfx006|california beaches"
"California Beaches, San Simeon_Top of Rocks, Many waves crashing 2.wav","RDGSFX006","California Beaches","https://sonniss.com/sound-effects/california-beaches-sound-library/","/RDGSFX006 - California Beaches/California Beaches, San Simeon_Top of Rocks, Many waves crashing 2.wav","central|california|10ft|above|water|busy|ocean|movement|heavy|waves|crashing|light|rumble|beaches|san|simeon_top|of|rocks|many|2wav|rdgsfx006|california beaches"
"RIPS AND TEARS Bread Tear 05.wav","RDGSFX007","Rips and Tears v.2","https://sonniss.com/sound-effects/rips-tears-sound-library/","/RDGSFX007 - Rips and Tears v.2/RIPS AND TEARS Bread Tear 05.wav","tearing|bread|pieces|apart|recorded|by|russell|gorsky|rips|and|tears|bread|tear|05wav|rdgsfx007|rips and tears v.2"
"RIPS AND TEARS Cardboard Rip 04.wav","RDGSFX007","Rips and Tears v.2","https://sonniss.com/sound-effects/rips-tears-sound-library/","/RDGSFX007 - Rips and Tears v.2/RIPS AND TEARS Cardboard Rip 04.wav","ripping|carboard|pieces|recorded|by|russell|gorsky|rips|and|tears|cardboard|rip|04wav|rdgsfx007|rips and tears v.2"
"RIPS AND TEARS Carpet Tear 02.wav","RDGSFX007","Rips and Tears v.2","https://sonniss.com/sound-effects/rips-tears-sound-library/","/RDGSFX007 - Rips and Tears v.2/RIPS AND TEARS Carpet Tear 02.wav","tearing|apart|carpet|pieces|recorded|by|russell|gorsky|rips|and|tears|carpet|tear|02wav|rdgsfx007|rips and tears v.2"
"RIPS AND TEARS Craft Paper Rip 02.wav","RDGSFX007","Rips and Tears v.2","https://sonniss.com/sound-effects/rips-tears-sound-library/","/RDGSFX007 - Rips and Tears v.2/RIPS AND TEARS Craft Paper Rip 02.wav","ripping|apart|craft|paper|recorded|by|russell|gorsky|rips|and|tears|craft|paper|rip|02wav|rdgsfx007|rips and tears v.2"
"RIPS AND TEARS DESIGNED Humanoid Guts 04.wav","RDGSFX007","Rips and Tears v.2","https://sonniss.com/sound-effects/rips-tears-sound-library/","/RDGSFX007 - Rips and Tears v.2/RIPS AND TEARS DESIGNED Humanoid Guts 04.wav","processed|rips|and|tears|designed|humanoid|guts|04wav|rdgsfx007|rips and tears v.2"
"RIPS AND TEARS DESIGNED Robot Arm Rotation.wav","RDGSFX007","Rips and Tears v.2","https://sonniss.com/sound-effects/rips-tears-sound-library/","/RDGSFX007 - Rips and Tears v.2/RIPS AND TEARS DESIGNED Robot Arm Rotation.wav","processed|rips|and|tears|designed|robot|arm|rotationwav|rdgsfx007|rips and tears v.2"
"RIPS AND TEARS Foam Board Rip 05.wav","RDGSFX007","Rips and Tears v.2","https://sonniss.com/sound-effects/rips-tears-sound-library/","/RDGSFX007 - Rips and Tears v.2/RIPS AND TEARS Foam Board Rip 05.wav","ripping|apart|foam|board|recorded|by|russell|gorsky|rips|and|tears|foam|board|rip|05wav|rdgsfx007|rips and tears v.2"
"RIPS AND TEARS Large Envelope Rips CNTCT 06.wav","RDGSFX007","Rips and Tears v.2","https://sonniss.com/sound-effects/rips-tears-sound-library/","/RDGSFX007 - Rips and Tears v.2/RIPS AND TEARS Large Envelope Rips CNTCT 06.wav","ripping|apart|pieces|of|large|paper|envelope|recorded|by|russell|gorsky|rips|and|tears|large|envelope|rips|cntct|06wav|rdgsfx007|rips and tears v.2"
"RIPS AND TEARS Paper Bag Rips 05.wav","RDGSFX007","Rips and Tears v.2","https://sonniss.com/sound-effects/rips-tears-sound-library/","/RDGSFX007 - Rips and Tears v.2/RIPS AND TEARS Paper Bag Rips 05.wav","ripping|apart|pieces|of|paper|bags|recorded|by|russell|gorsky|rips|and|tears|paper|bag|rips|05wav|rdgsfx007|rips and tears v.2"
"RIPS AND TEARS T-Shirt Rip 02.wav","RDGSFX007","Rips and Tears v.2","https://sonniss.com/sound-effects/rips-tears-sound-library/","/RDGSFX007 - Rips and Tears v.2/RIPS AND TEARS T-Shirt Rip 02.wav","ripping|apart|pieces|of|shirt|recorded|by|russell|gorsky|rips|and|tears|tshirt|rip|02wav|rdgsfx007|rips and tears v.2"
"Falling Rocks on Metal 04.wav","RDGSFX008","The Metal Shelf","https://sonniss.com/sound-effects/metal-shelf-sound-effect-library/","/RDGSFX008 - The Metal Shelf/Falling Rocks on Metal 04.wav","rocks|falling|through|metal|shelf|resonant|hits|many|rocks|bouncing|off|falling|on|metal|04wav|rdgsfx008|the metal shelf"
"Metal Moans 04.wav","RDGSFX008","The Metal Shelf","https://sonniss.com/sound-effects/metal-shelf-sound-effect-library/","/RDGSFX008 - The Metal Shelf/Metal Moans 04.wav","dragging|rusty|metal|beam|across|shelf|metal|moans|04wav|rdgsfx008|the metal shelf"
"Metal Shelf Creaking 01.wav","RDGSFX008","The Metal Shelf","https://sonniss.com/sound-effects/metal-shelf-sound-effect-library/","/RDGSFX008 - The Metal Shelf/Metal Shelf Creaking 01.wav","dragging|metal|against|shelf|metal|shaking|shelf|creaking|01wav|rdgsfx008|the metal shelf"
"Metal Shelf Hit 02.wav","RDGSFX008","The Metal Shelf","https://sonniss.com/sound-effects/metal-shelf-sound-effect-library/","/RDGSFX008 - The Metal Shelf/Metal Shelf Hit 02.wav","designed|metal|slam|metal|impact|high|resonant|hit|shelf|02wav|rdgsfx008|the metal shelf"
"Metal Shelf Hit 10.wav","RDGSFX008","The Metal Shelf","https://sonniss.com/sound-effects/metal-shelf-sound-effect-library/","/RDGSFX008 - The Metal Shelf/Metal Shelf Hit 10.wav","designed|metal|slam|metal|impact|low|resonant|hit|shelf|hit|10wav|rdgsfx008|the metal shelf"
"Metal Shelf Hit 16.wav","RDGSFX008","The Metal Shelf","https://sonniss.com/sound-effects/metal-shelf-sound-effect-library/","/RDGSFX008 - The Metal Shelf/Metal Shelf Hit 16.wav","designed|metal|slam|metal|impact|low|end|resonance|whoosh|to|hit|long|tail|shelf|hit|16wav|rdgsfx008|the metal shelf"
"Metal Shelf Low Movement 02.wav","RDGSFX008","The Metal Shelf","https://sonniss.com/sound-effects/metal-shelf-sound-effect-library/","/RDGSFX008 - The Metal Shelf/Metal Shelf Low Movement 02.wav","clangorous|metal|taps|and|movement|low|pitched|resonance|metal|shelf|movement|02wav|rdgsfx008|the metal shelf"
"Metal Shelf Rubber Band Hits 03.wav","RDGSFX008","The Metal Shelf","https://sonniss.com/sound-effects/metal-shelf-sound-effect-library/","/RDGSFX008 - The Metal Shelf/Metal Shelf Rubber Band Hits 03.wav","flicking|rubber|band|tied|to|metal|shelf|metal|shelf|rubber|band|hits|03wav|rdgsfx008|the metal shelf"
"Metal Shelf Scrape 14.wav","RDGSFX008","The Metal Shelf","https://sonniss.com/sound-effects/metal-shelf-sound-effect-library/","/RDGSFX008 - The Metal Shelf/Metal Shelf Scrape 14.wav","scraping|metal|on|rusty|shelf|stuttery|scrapes|metal|shelf|scrape|14wav|rdgsfx008|the metal shelf"
"Metal Shelf Tonal Texture 07.wav","RDGSFX008","The Metal Shelf","https://sonniss.com/sound-effects/metal-shelf-sound-effect-library/","/RDGSFX008 - The Metal Shelf/Metal Shelf Tonal Texture 07.wav","creapy|metal|resonance|designed|tail|of|metallic|impact|metal|shelf|tonal|texture|07wav|rdgsfx008|the metal shelf"
"ZITHER African Shaker Movements 01 U87.wav","RDGSFX009","Twisted Zither","https://sonniss.com/sound-effects/twisted-zither/","/RDGSFX009 - Twisted Zither/ZITHER African Shaker Movements 01 U87.wav","dragging|african|shakers|on|strings|and|wood|recorded|with|u87|mics|zither|african|shaker|movements|01|u87wav|rdgsfx009|twisted zither"
"ZITHER Coin Scrapes 03 CNTCT.wav","RDGSFX009","Twisted Zither","https://sonniss.com/sound-effects/twisted-zither/","/RDGSFX009 - Twisted Zither/ZITHER Coin Scrapes 03 CNTCT.wav","scrapping|coin|across|strings|and|wood|recorded|with|barcus|berry|contact|mics|zither|coin|scrapes|03|cntctwav|rdgsfx009|twisted zither"
"ZITHER Coin Scrapes 04 U87.wav","RDGSFX009","Twisted Zither","https://sonniss.com/sound-effects/twisted-zither/","/RDGSFX009 - Twisted Zither/ZITHER Coin Scrapes 04 U87.wav","scrapping|coin|across|strings|and|wood|recorded|with|u87|mics|zither|coin|scrapes|04|u87wav|rdgsfx009|twisted zither"
"ZITHER General Movement 01 U87.wav","RDGSFX009","Twisted Zither","https://sonniss.com/sound-effects/twisted-zither/","/RDGSFX009 - Twisted Zither/ZITHER General Movement 01 U87.wav","general|movement|of|random|props|across|strings|and|wood|zither|recorded|with|u87|mics|general|movement|01|u87wav|rdgsfx009|twisted zither"
"ZITHER General Movement 02 U87.wav","RDGSFX009","Twisted Zither","https://sonniss.com/sound-effects/twisted-zither/","/RDGSFX009 - Twisted Zither/ZITHER General Movement 02 U87.wav","general|movement|of|random|props|across|strings|and|wood|zither|recorded|with|u87|mics|general|movement|02|u87wav|rdgsfx009|twisted zither"
"ZITHER Mallet Hits 14 CNTCT.wav","RDGSFX009","Twisted Zither","https://sonniss.com/sound-effects/twisted-zither/","/RDGSFX009 - Twisted Zither/ZITHER Mallet Hits 14 CNTCT.wav","hitting|percussion|mallet|on|strings|and|wood|recorded|with|barcus|berry|contact|mics|zither|mallet|hits|14|cntctwav|rdgsfx009|twisted zither"
"ZITHER Metal Brush Scrapes 04 CNTCT.wav","RDGSFX009","Twisted Zither","https://sonniss.com/sound-effects/twisted-zither/","/RDGSFX009 - Twisted Zither/ZITHER Metal Brush Scrapes 04 CNTCT.wav","scraping|metal|percussion|brush|on|strings|and|wood|recorded|with|barcus|berry|contact|mics|zither|metal|brush|scrapes|04|cntctwav|rdgsfx009|twisted zither"
"ZITHER String Plucks 01 CNTCT.wav","RDGSFX009","Twisted Zither","https://sonniss.com/sound-effects/twisted-zither/","/RDGSFX009 - Twisted Zither/ZITHER String Plucks 01 CNTCT.wav","plucking|random|detuned|zither|strings|recorded|with|barcus|berry|contact|mics|string|plucks|01|cntctwav|rdgsfx009|twisted zither"
"ZITHER String Plucks 10 CNTCT.wav","RDGSFX009","Twisted Zither","https://sonniss.com/sound-effects/twisted-zither/","/RDGSFX009 - Twisted Zither/ZITHER String Plucks 10 CNTCT.wav","plucking|random|detuned|zither|strings|recorded|with|barcus|berry|contact|mics|string|plucks|10|cntctwav|rdgsfx009|twisted zither"
"ZITHER Tone 15.wav","RDGSFX009","Twisted Zither","https://sonniss.com/sound-effects/twisted-zither/","/RDGSFX009 - Twisted Zither/ZITHER Tone 15.wav","processed|tone|from|zither|resonance|tone|15wav|rdgsfx009|twisted zither"
"reso HK amb Pedestrian Crossing.wav","Resonant","Sounds of Hong Kong","https://sonniss.com/sound-effects/sounds-hong-kong/","/Resonant - Sounds of Hong Kong/reso HK amb Pedestrian Crossing.wav","reso|hk|amb|pedestrian|crossingwav|resonant|sounds of hong kong"
"reso HK amb Tram Past with Bell.wav","Resonant","Sounds of Hong Kong","https://sonniss.com/sound-effects/sounds-hong-kong/","/Resonant - Sounds of Hong Kong/reso HK amb Tram Past with Bell.wav","reso|hk|amb|tram|past|with|bellwav|resonant|sounds of hong kong"
"Abacus 02.wav","Robert Cordova","Base","https://sonniss.com/sound-effects/base-pack/","/Robert Cordova - Base/Abacus 02.wav","abacus|02wav|robert cordova|base"
"Chain Link Fence 04.wav","Robert Cordova","Base","https://sonniss.com/sound-effects/base-pack/","/Robert Cordova - Base/Chain Link Fence 04.wav","chain|link|fence|04wav|robert cordova|base"
"Paper Rip 02.wav","Robert Cordova","Base","https://sonniss.com/sound-effects/base-pack/","/Robert Cordova - Base/Paper Rip 02.wav","paper|rip|02wav|robert cordova|base"
"Printer 02.wav","Robert Cordova","Base","https://sonniss.com/sound-effects/base-pack/","/Robert Cordova - Base/Printer 02.wav","printer|02wav|robert cordova|base"
"Two week old Baby 01.wav","Robert Cordova","Base","https://sonniss.com/sound-effects/base-pack/","/Robert Cordova - Base/Two week old Baby 01.wav","two|week|old|baby|01wav|robert cordova|base"
"Waves 03.wav","Robert Cordova","Base","https://sonniss.com/sound-effects/base-pack/","/Robert Cordova - Base/Waves 03.wav","waves|03wav|robert cordova|base"
"Wind-up Toy 02.wav","Robert Cordova","Base","https://sonniss.com/sound-effects/base-pack/","/Robert Cordova - Base/Wind-up Toy 02.wav","windup|toy|02wav|robert cordova|base"
"Wood Rattle 10.wav","Robert Cordova","Base","https://sonniss.com/sound-effects/base-pack/","/Robert Cordova - Base/Wood Rattle 10.wav","wood|rattle|10wav|robert cordova|base"
"Wood Rattle 27.wav","Robert Cordova","Base","https://sonniss.com/sound-effects/base-pack/","/Robert Cordova - Base/Wood Rattle 27.wav","wood|rattle|27wav|robert cordova|base"
"BOAT_011-PU003_Med_Pull_Drop_Hang_w_3_Pound_Weight_ST.wav","Secret Source","001 Boat Pulley","https://sonniss.com/sound-effects/boat-pulley-sound-effects-library/","/Secret Source - 001 Boat Pulley/BOAT_011-PU003_Med_Pull_Drop_Hang_w_3_Pound_Weight_ST.wav","boat|pulley||||medium|speed|pull|and|drop|hanging|with|3|pound|weight|holophone|h2|pro|boat_011pu003_med_pull_drop_hang_w_3_pound_weight_stwav|secret source|001 boat pulley"
"BOAT_042-PU011_Fast_Pulley_Tension_Release_w_Wood_Creaks_Series.wav","Secret Source","001 Boat Pulley","https://sonniss.com/sound-effects/boat-pulley-sound-effects-library/","/Secret Source - 001 Boat Pulley/BOAT_042-PU011_Fast_Pulley_Tension_Release_w_Wood_Creaks_Series.wav","boat|pulley||||fast|pulley|tension|and|release|with|wood|creaks|series|holophone|h2|pro|boat_042pu011_fast_pulley_tension_release_w_wood_creaks_serieswav|secret source|001 boat pulley"
"BOAT_078-PU020_Swing_2_Pulleys_Medium.wav","Secret Source","001 Boat Pulley","https://sonniss.com/sound-effects/boat-pulley-sound-effects-library/","/Secret Source - 001 Boat Pulley/BOAT_078-PU020_Swing_2_Pulleys_Medium.wav","boat|pulley||||swinging|2|pulleys|medium|holophone|h2|pro|boat_078pu020_swing_2_pulleys_mediumwav|secret source|001 boat pulley"
"BOAT_082-PU021_Swing_2_Pulleys_Fast.wav","Secret Source","001 Boat Pulley","https://sonniss.com/sound-effects/boat-pulley-sound-effects-library/","/Secret Source - 001 Boat Pulley/BOAT_082-PU021_Swing_2_Pulleys_Fast.wav","boat|pulley||||swinging|2|pulleys|fast|holophone|h2|pro|boat_082pu021_swing_2_pulleys_fastwav|secret source|001 boat pulley"
"AUTO_64MM025-MM005_Ext_Drive_03_Med_Strt_Idle_Away_Distant_Stop.wav","Secret Source","002 1964 Mercury Montclair","https://sonniss.com/sound-effects/1964-mercury-montclair-sound-effects-library/","/Secret Source - 002 1964 Mercury Montclair /AUTO_64MM025-MM005_Ext_Drive_03_Med_Strt_Idle_Away_Distant_Stop.wav","1964|mercury|montclair||||exterior|driving|sequence|03|medium|engine|start|idle|drive|off|distant|driving|pull|in|park|stop|rode|n|auto_64mm025mm005_ext_drive_03_med_strt_idle_away_distant_stopwav|secret source|002 1964 mercury montclair"
"AUTO_64MM163-MM021_Int_Onbrd_Drive_Fast_Idle_Away_Turn_Stop_Rvrs_Turn.wav","Secret Source","002 1964 Mercury Montclair","https://sonniss.com/sound-effects/1964-mercury-montclair-sound-effects-library/","/Secret Source - 002 1964 Mercury Montclair /AUTO_64MM163-MM021_Int_Onbrd_Drive_Fast_Idle_Away_Turn_Stop_Rvrs_Turn.wav","1964|mercury|montclair||||interior|onboard|driving|sequence|fast|idle|drive|off|turn|pull|in|driveway|reverse|05|dpa|4062|auto_64mm163mm021_int_onbrd_drive_fast_idle_away_turn_stop_rvrs_turnwav|secret source|002 1964 mercury montclair"
"AUTO_64MM344-MM050_Int_Onbrd_Downhill_Swerve_Drive_Rvrs_Uphill_02.wav","Secret Source","002 1964 Mercury Montclair","https://sonniss.com/sound-effects/1964-mercury-montclair-sound-effects-library/","/Secret Source - 002 1964 Mercury Montclair /AUTO_64MM344-MM050_Int_Onbrd_Downhill_Swerve_Drive_Rvrs_Uphill_02.wav","1964|mercury|montclair||||interior|onboard|downhill|swerve|drive|reverse|uphill|02|shure|sm57|auto_64mm344mm050_int_onbrd_downhill_swerve_drive_rvrs_uphill_02wav|secret source|002 1964 mercury montclair"
"AUTO_64MM445-MM065_Ext_Doppler_Horns_W_Eng.wav","Secret Source","002 1964 Mercury Montclair","https://sonniss.com/sound-effects/1964-mercury-montclair-sound-effects-library/","/Secret Source - 002 1964 Mercury Montclair /AUTO_64MM445-MM065_Ext_Doppler_Horns_W_Eng.wav","1964|mercury|montclair||||exterior|doppler|horns|with|engine|neumann|rsm191|auto_64mm445mm065_ext_doppler_horns_w_engwav|secret source|002 1964 mercury montclair"
"JOL_0187_MetalDestruction_14_Holophone_5ch.wav","Secret Source","003 Jaws Of Life","https://sonniss.com/sound-effects/jaws-of-life-sound-effects-library/","/Secret Source - 003 Jaws Of Life/JOL_0187_MetalDestruction_14_Holophone_5ch.wav","jaws|of|life||||metal|car|frame|loud|electric|motor|cutting|buckling|bending|destruction|take|14|interior|holophone|h2|pro|jol_0187_metaldestruction_14_holophone_5chwav|secret source|003 jaws of life"
"JOL_0194_MetalDestruction_15_DPA4061.wav","Secret Source","003 Jaws Of Life","https://sonniss.com/sound-effects/jaws-of-life-sound-effects-library/","/Secret Source - 003 Jaws Of Life/JOL_0194_MetalDestruction_15_DPA4061.wav","jaws|of|life||||metal|car|frame|loud|electric|motor|cutting|buckling|bending|destruction|take|15|ext|close|dpa|4061|jol_0194_metaldestruction_15_dpa4061wav|secret source|003 jaws of life"
"JOL_0707_GlassImpact_02_COMP.wav","Secret Source","003 Jaws Of Life","https://sonniss.com/sound-effects/jaws-of-life-sound-effects-library/","/Secret Source - 003 Jaws Of Life/JOL_0707_GlassImpact_02_COMP.wav","glass|impact||||windshield|smash|w/sledge|hammer|heavy|glass|hit|with|sharp|attack|and|glassy|debris|take|02|comp|jol_0707_glassimpact_02_compwav|secret source|003 jaws of life"
"JOL_0753_GlassImpact_07_Senn8020.wav","Secret Source","003 Jaws Of Life","https://sonniss.com/sound-effects/jaws-of-life-sound-effects-library/","/Secret Source - 003 Jaws Of Life/JOL_0753_GlassImpact_07_Senn8020.wav","glass|impact||||windshield|smash|w/sledge|hammer|heavy|glass|hit|with|sharp|attack|and|glassy|debris|take|07|close|low|end|sennheiser|8020|jol_0753_glassimpact_07_senn8020wav|secret source|003 jaws of life"
"Crowd Applause 4 - Light Applause, Cheer.wav","Sound Ex Machina","Basketball Game Pro","https://sonniss.com/","/Sound Ex Machina - Basketball Game Pro/Crowd Applause 4 - Light Applause, Cheer.wav","crowd|applause|4|light|cheerwav|sound ex machina|basketball game pro"
"Lost Opportunities 3 - Lost Opportunity, Dribbles, Clap, Tense.wav","Sound Ex Machina","Basketball Game Pro","https://sonniss.com/","/Sound Ex Machina - Basketball Game Pro/Lost Opportunities 3 - Lost Opportunity, Dribbles, Clap, Tense.wav","lost|opportunities|3|opportunity|dribbles|clap|tensewav|sound ex machina|basketball game pro"
"Referee Whistles - Game Ambience, Dribbles, Referee Whistle, Crowd, Applause (total).wav","Sound Ex Machina","Basketball Game Pro","https://sonniss.com/","/Sound Ex Machina - Basketball Game Pro/Referee Whistles - Game Ambience, Dribbles, Referee Whistle, Crowd, Applause (total).wav","referee|whistles|game|ambience|dribbles|whistle|crowd|applause|(total)wav|sound ex machina|basketball game pro"
"Referee Whistles 11 - Referee Whistle, Crowd Ambience  2.wav","Sound Ex Machina","Basketball Game Pro","https://sonniss.com/","/Sound Ex Machina - Basketball Game Pro/Referee Whistles 11 - Referee Whistle, Crowd Ambience  2.wav","referee|whistles|11|whistle|crowd|ambience|2wav|sound ex machina|basketball game pro"
"Score 4 - Score, Applause, Cheers, Yells, Whistlings.wav","Sound Ex Machina","Basketball Game Pro","https://sonniss.com/","/Sound Ex Machina - Basketball Game Pro/Score 4 - Score, Applause, Cheers, Yells, Whistlings.wav","score|4|applause|cheers|yells|whistlingswav|sound ex machina|basketball game pro"
"Arranging Bottles 01.wav","Sound Ex Machina","Kitchen Sounds 1.2","https://sonniss.com/sound-effects/kitchen-sound-effects/","/Sound Ex Machina - Kitchen Sounds 1.2/Arranging Bottles 01.wav","arranging|bottles|01wav|sound ex machina|kitchen sounds 1.2"
"Arranging Glasses 06.wav","Sound Ex Machina","Kitchen Sounds 1.2","https://sonniss.com/sound-effects/kitchen-sound-effects/","/Sound Ex Machina - Kitchen Sounds 1.2/Arranging Glasses 06.wav","arranging|glasses|06wav|sound ex machina|kitchen sounds 1.2"
"Boiling Water in a Coffee Pot.wav","Sound Ex Machina","Kitchen Sounds 1.2","https://sonniss.com/sound-effects/kitchen-sound-effects/","/Sound Ex Machina - Kitchen Sounds 1.2/Boiling Water in a Coffee Pot.wav","boiling|water|in|a|coffee|potwav|sound ex machina|kitchen sounds 1.2"
"Draging Kitchen Cabinets 04.wav","Sound Ex Machina","Kitchen Sounds 1.2","https://sonniss.com/sound-effects/kitchen-sound-effects/","/Sound Ex Machina - Kitchen Sounds 1.2/Draging Kitchen Cabinets 04.wav","draging|kitchen|cabinets|04wav|sound ex machina|kitchen sounds 1.2"
"Espresso Machine 02.wav","Sound Ex Machina","Kitchen Sounds 1.2","https://sonniss.com/sound-effects/kitchen-sound-effects/","/Sound Ex Machina - Kitchen Sounds 1.2/Espresso Machine 02.wav","espresso|machine|02wav|sound ex machina|kitchen sounds 1.2"
"Faucet Running Water 01.wav","Sound Ex Machina","Kitchen Sounds 1.2","https://sonniss.com/sound-effects/kitchen-sound-effects/","/Sound Ex Machina - Kitchen Sounds 1.2/Faucet Running Water 01.wav","faucet|running|water|01wav|sound ex machina|kitchen sounds 1.2"
"Filling a Glass with Water 02.wav","Sound Ex Machina","Kitchen Sounds 1.2","https://sonniss.com/sound-effects/kitchen-sound-effects/","/Sound Ex Machina - Kitchen Sounds 1.2/Filling a Glass with Water 02.wav","filling|a|glass|with|water|02wav|sound ex machina|kitchen sounds 1.2"
"Microwave Oven in Operaton 01.wav","Sound Ex Machina","Kitchen Sounds 1.2","https://sonniss.com/sound-effects/kitchen-sound-effects/","/Sound Ex Machina - Kitchen Sounds 1.2/Microwave Oven in Operaton 01.wav","microwave|oven|in|operaton|01wav|sound ex machina|kitchen sounds 1.2"
"Refrigerator - Closing the Door 03.wav","Sound Ex Machina","Kitchen Sounds 1.2","https://sonniss.com/sound-effects/kitchen-sound-effects/","/Sound Ex Machina - Kitchen Sounds 1.2/Refrigerator - Closing the Door 03.wav","refrigerator|closing|the|door|03wav|sound ex machina|kitchen sounds 1.2"
"Rubbing Carrots 01.wav","Sound Ex Machina","Kitchen Sounds 1.2","https://sonniss.com/sound-effects/kitchen-sound-effects/","/Sound Ex Machina - Kitchen Sounds 1.2/Rubbing Carrots 01.wav","rubbing|carrots|01wav|sound ex machina|kitchen sounds 1.2"
"Audience applauding 09.wav","Sound Ex Machina","Laughs","https://sonniss.com/","/Sound Ex Machina - Laughs/Audience applauding 09.wav","audience|applauding|09wav|sound ex machina|laughs"
"Audience applauding 28.wav","Sound Ex Machina","Laughs","https://sonniss.com/","/Sound Ex Machina - Laughs/Audience applauding 28.wav","audience|applauding|28wav|sound ex machina|laughs"
"Audience applauding 40.wav","Sound Ex Machina","Laughs","https://sonniss.com/","/Sound Ex Machina - Laughs/Audience applauding 40.wav","audience|applauding|40wav|sound ex machina|laughs"
"Female hearty cackling laughter.M.wav","Sound Ex Machina","Laughs","https://sonniss.com/","/Sound Ex Machina - Laughs/Female hearty cackling laughter.M.wav","female|hearty|cackling|laughtermwav|sound ex machina|laughs"
"Female suppressed giggly laughter 03.M.wav","Sound Ex Machina","Laughs","https://sonniss.com/","/Sound Ex Machina - Laughs/Female suppressed giggly laughter 03.M.wav","female|suppressed|giggly|laughter|03mwav|sound ex machina|laughs"
"Joyful male laughter 01.M.wav","Sound Ex Machina","Laughs","https://sonniss.com/","/Sound Ex Machina - Laughs/Joyful male laughter 01.M.wav","joyful|male|laughter|01mwav|sound ex machina|laughs"
"Male cackling and giggling 03.M.wav","Sound Ex Machina","Laughs","https://sonniss.com/","/Sound Ex Machina - Laughs/Male cackling and giggling 03.M.wav","male|cackling|and|giggling|03mwav|sound ex machina|laughs"
"Male joyful giggly laughter 01.M.wav","Sound Ex Machina","Laughs","https://sonniss.com/","/Sound Ex Machina - Laughs/Male joyful giggly laughter 01.M.wav","male|joyful|giggly|laughter|01mwav|sound ex machina|laughs"
"Middle-aged half hearted male laughter 06.M.wav","Sound Ex Machina","Laughs","https://sonniss.com/","/Sound Ex Machina - Laughs/Middle-aged half hearted male laughter 06.M.wav","middleaged|half|hearted|male|laughter|06mwav|sound ex machina|laughs"
"Two women laughing 02.wav","Sound Ex Machina","Laughs","https://sonniss.com/","/Sound Ex Machina - Laughs/Two women laughing 02.wav","two|women|laughing|02wav|sound ex machina|laughs"
"Calm small river flow (close perspective) 01.wav","Sound Ex Machina","Water Flow","https://sonniss.com/","/Sound Ex Machina - Water Flow/Calm small river flow (close perspective) 01.wav","calm|small|river|flow|(close|perspective)|01wav|sound ex machina|water flow"
"Rapid large river flow (distant perspective) 02.wav","Sound Ex Machina","Water Flow","https://sonniss.com/","/Sound Ex Machina - Water Flow/Rapid large river flow (distant perspective) 02.wav","rapid|large|river|flow|(distant|perspective)|02wav|sound ex machina|water flow"
"Rapid small river flow (close perspective) 02.wav","Sound Ex Machina","Water Flow","https://sonniss.com/","/Sound Ex Machina - Water Flow/Rapid small river flow (close perspective) 02.wav","rapid|small|river|flow|(close|perspective)|02wav|sound ex machina|water flow"
"Small waterfall (close perspective) 02.wav","Sound Ex Machina","Water Flow","https://sonniss.com/","/Sound Ex Machina - Water Flow/Small waterfall (close perspective) 02.wav","small|waterfall|(close|perspective)|02wav|sound ex machina|water flow"
"Turbulent water flow (close perspective) 06.wav","Sound Ex Machina","Water Flow","https://sonniss.com/","/Sound Ex Machina - Water Flow/Turbulent water flow (close perspective) 06.wav","turbulent|water|flow|(close|perspective)|06wav|sound ex machina|water flow"
"Bloody Nightmare - Choppers_03.wav","SoundMorph","Bloody Nightmare","https://sonniss.com/","/SoundMorph - Bloody Nightmare/Bloody Nightmare - Choppers_03.wav","cinematic|stutters|hi|tech|futuristic|glitch|trailer|horror|visceral|bloody|nightmare|stutter|impact|bloody|nightmare|choppers_03wav|soundmorph|bloody nightmare"
"Bloody Nightmare - Death Pacts_32.wav","SoundMorph","Bloody Nightmare","https://sonniss.com/","/SoundMorph - Bloody Nightmare/Bloody Nightmare - Death Pacts_32.wav","cinematic|futuristic|trailer|horror|visceral|bloody|nightmare|impact|hit|hard|heavy|bloody|nightmare|death|pacts_32wav|soundmorph|bloody nightmare"
"Bloody Nightmare - Horror Impacts - LFO Thunder.wav","SoundMorph","Bloody Nightmare","https://sonniss.com/","/SoundMorph - Bloody Nightmare/Bloody Nightmare - Horror Impacts - LFO Thunder.wav","cinematic|futuristic|trailer|horror|visceral|bloody|nightmare|impact|hit|hard|heavy|bloody|nightmare|horror|impacts|lfo|thunderwav|soundmorph|bloody nightmare"
"Bloody Nightmare - Horror Impacts - Robotic Scream.wav","SoundMorph","Bloody Nightmare","https://sonniss.com/","/SoundMorph - Bloody Nightmare/Bloody Nightmare - Horror Impacts - Robotic Scream.wav","cinematic|futuristic|trailer|horror|visceral|bloody|nightmare|impact|hit|hard|heavy|bloody|nightmare|horror|impacts|robotic|screamwav|soundmorph|bloody nightmare"
"Bloody Nightmare - Zenith Stingers_22.wav","SoundMorph","Bloody Nightmare","https://sonniss.com/","/SoundMorph - Bloody Nightmare/Bloody Nightmare - Zenith Stingers_22.wav","cinematic|trailer|horror|visceral|bloody|nightmare|impact|hit|hard|heavy|stinger|bloody|nightmare|zenith|stingers_22wav|soundmorph|bloody nightmare"
"amb_doomdrones_athena.wav","SoundMorph","Doom Drones","https://sonniss.com/","/SoundMorph - Doom Drones/amb_doomdrones_athena.wav","doom|dark|darkness|ominous|gloom|eerie|mysterious|ambiance|ambience|space|lynch|bg|background|drone|scifi|amb_doomdrones_athenawav|soundmorph|doom drones"
"amb_doomdrones_digital_spaces.wav","SoundMorph","Doom Drones","https://sonniss.com/","/SoundMorph - Doom Drones/amb_doomdrones_digital_spaces.wav","doom|dark|darkness|ominous|gloom|eerie|mysterious|ambiance|ambience|space|lynch|bg|background|drone|scifi|amb_doomdrones_digital_spaceswav|soundmorph|doom drones"
"amb_doomdrones_mood_repeater_04.wav","SoundMorph","Doom Drones","https://sonniss.com/","/SoundMorph - Doom Drones/amb_doomdrones_mood_repeater_04.wav","doom|dark|darkness|ominous|gloom|eerie|mysterious|ambiance|ambience|space|lynch|bg|background|drone|scifi|amb_doomdrones_mood_repeater_04wav|soundmorph|doom drones"
"amb_doomdrones_statiq_01.wav","SoundMorph","Doom Drones","https://sonniss.com/","/SoundMorph - Doom Drones/amb_doomdrones_statiq_01.wav","doom|dark|darkness|ominous|gloom|eerie|mysterious|ambiance|ambience|space|lynch|bg|background|drone|scifi|arovane|amb_doomdrones_statiq_01wav|soundmorph|doom drones"
"amb_doomdrones_stream_09.wav","SoundMorph","Doom Drones","https://sonniss.com/","/SoundMorph - Doom Drones/amb_doomdrones_stream_09.wav","doom|dark|darkness|ominous|gloom|eerie|mysterious|ambiance|ambience|space|lynch|bg|background|drone|scifi|arovane|amb_doomdrones_stream_09wav|soundmorph|doom drones"
"Alliance-AssaultRifle_05-Single_Shot-04.wav","SoundMorph","Future Weapons","https://sonniss.com/","/SoundMorph - Future Weapons/Alliance-AssaultRifle_05-Single_Shot-04.wav","futuristic|weapons|rifle|scifi|gun|assualt|alliance|shot|future|weap|allianceassaultrifle_05single_shot04wav|soundmorph|future weapons"
"Blaster Machine_Gun-01-Burst-03.wav","SoundMorph","Future Weapons","https://sonniss.com/","/SoundMorph - Future Weapons/Blaster Machine_Gun-01-Burst-03.wav","futuristic|weapons|rifle|scifi|gun|assualt|alliance|shot|future|weap|loop|layer|machine|blaster|machine_gun01burst03wav|soundmorph|future weapons"
"Resistance-AssaultRifle_03-Single_Shot-04.wav","SoundMorph","Future Weapons","https://sonniss.com/","/SoundMorph - Future Weapons/Resistance-AssaultRifle_03-Single_Shot-04.wav","futuristic|weapons|rifle|scifi|gun|assualt|resistance|shot|future|weap|machine|handgun|evil|resistanceassaultrifle_03single_shot04wav|soundmorph|future weapons"
"Utilities-Mine or System activation-13.wav","SoundMorph","Future Weapons","https://sonniss.com/","/SoundMorph - Future Weapons/Utilities-Mine or System activation-13.wav","futuristic|weapons|rifle|scifi|future|weap|interface|ui|mine|utilitiesmine|or|system|activation13wav|soundmorph|future weapons"
"Utilities-Sensor-02.wav","SoundMorph","Future Weapons","https://sonniss.com/","/SoundMorph - Future Weapons/Utilities-Sensor-02.wav","futuristic|weapons|rifle|scifi|future|weap|interface|ui|sensor|scan|utilitiessensor02wav|soundmorph|future weapons"
"Modular UI - Calculations and Text-011.wav","SoundMorph","Modular UI","https://sonniss.com/","/SoundMorph - Modular UI - By Richard Devine/Modular UI - Calculations and Text-011.wav","interface|ui|menu|space|scifi|science|fiction|console|ambience|bg|background|futuristic|hitech|modular|richard|devine|soundmorph|calculate|text|modular|ui|calculations|and|text011wav|soundmorph|modular ui"
"Modular UI - Data Transmissions-001.wav","SoundMorph","Modular UI","https://sonniss.com/","/SoundMorph - Modular UI - By Richard Devine/Modular UI - Data Transmissions-001.wav","interface|ui|menu|space|scifi|science|fiction|console|ambience|bg|background|futuristic|hitech|modular|richard|devine|soundmorph|data|calculate|micro|subtle|modular|ui|data|transmissions001wav|soundmorph|modular ui"
"Modular UI - Micro Gestures-021.wav","SoundMorph","Modular UI","https://sonniss.com/","/SoundMorph - Modular UI - By Richard Devine/Modular UI - Micro Gestures-021.wav","interface|ui|menu|space|scifi|science|fiction|console|ambience|bg|background|futuristic|hitech|modular|richard|devine|soundmorph|gesture|micro|modular|ui|micro|gestures021wav|soundmorph|modular ui"
"Modular UI - Source Recordings - Beeps - Clean - 002.wav","SoundMorph","Modular UI","https://sonniss.com/","/SoundMorph - Modular UI - By Richard Devine/Modular UI - Source Recordings - Beeps - Clean - 002.wav","interface|ui|menu|space|scifi|science|fiction|console|ambience|bg|background|futuristic|hitech|modular|richard|devine|soundmorph|source|modular|ui|source|recordings|beeps|clean|002wav|soundmorph|modular ui"
"Modular UI - Text Type-Hi Tech-003.wav","SoundMorph","Modular UI","https://sonniss.com/","/SoundMorph - Modular UI - By Richard Devine/Modular UI - Text Type-Hi Tech-003.wav","interface|ui|menu|space|scifi|science|fiction|console|ambience|bg|background|futuristic|hitech|modular|richard|devine|soundmorph|tech|type|typing|modular|ui|text|typehi|tech003wav|soundmorph|modular ui"
"LIGHTBIKE ACCELERATE 02.wav","SoundMorph","Road Riders","https://sonniss.com/","/SoundMorph - Road Riders/LIGHTBIKE ACCELERATE 02.wav","motorcycle|bike|vehicle|motorbike|engine|race|accelerate|scifi|blast|rocket|science|fiction|jet|lightbike|accelerate|02wav|soundmorph|road riders"
"designed_passbys_alien_space_6.wav","SoundMorph","Road Riders","https://sonniss.com/","/SoundMorph - Road Riders/designed_passbys_alien_space_6.wav","motorcycle|bike|vehicle|motorbike|engine|whoosh|doppler|cinematic|ship|space|race|scifi|science|fiction|designed_passbys_alien_space_6wav|soundmorph|road riders"
"designed_passbys_the_freq_shifter_2.wav","SoundMorph","Road Riders","https://sonniss.com/","/SoundMorph - Road Riders/designed_passbys_the_freq_shifter_2.wav","motorcycle|bike|vehicle|motorbike|engine|whoosh|doppler|cinematic|ship|space|race|scifi|science|fiction|designed_passbys_the_freq_shifter_2wav|soundmorph|road riders"
"ducati_panigale_2012_follow_by_5.wav","SoundMorph","Road Riders","https://sonniss.com/","/SoundMorph - Road Riders/ducati_panigale_2012_follow_by_5.wav","motorcycle|bike|vehicle|motorbike|engine|passby|whoosh|doppler|ducati_panigale_2012_follow_by_5wav|soundmorph|road riders"
"lightbike_takeoff_03.wav","SoundMorph","Road Riders","https://sonniss.com/","/SoundMorph - Road Riders/lightbike_takeoff_03.wav","motorcycle|bike|vehicle|motorbike|engine|race|accelerate|scifi|blast|rocket|science|fiction|jet|lightbike_takeoff_03wav|soundmorph|road riders"
"footstep_a_mech_mega_01.wav","SoundMorph","Robotic Lifeforms","https://sonniss.com/","/SoundMorph - Robotic Lifeforms/footstep_a_mech_mega_01.wav","robot|big|mech|mecha|footstep|walk|move|movement|metal|mechanism|footstep_a_mech_mega_01wav|soundmorph|robotic lifeforms"
"footstep_a_mech_mega_02.wav","SoundMorph","Robotic Lifeforms","https://sonniss.com/","/SoundMorph - Robotic Lifeforms/footstep_a_mech_mega_02.wav","robot|big|mech|mecha|footstep|walk|move|movement|metal|mechanism|footstep_a_mech_mega_02wav|soundmorph|robotic lifeforms"
"industrial_balloon_spins.wav","SoundMorph","Robotic Lifeforms","https://sonniss.com/","/SoundMorph - Robotic Lifeforms/industrial_balloon_spins.wav","bass|chip|spacechip|industrial_balloon_spinswav|soundmorph|robotic lifeforms"
"mechanism_tiny_bot_layer_05.wav","SoundMorph","Robotic Lifeforms","https://sonniss.com/","/SoundMorph - Robotic Lifeforms/mechanism_tiny_bot_layer_05.wav","robot|small|machinery|innards|gadget|insect|spider|mechanism_tiny_bot_layer_05wav|soundmorph|robotic lifeforms"
"power_move_mech_18.wav","SoundMorph","Robotic Lifeforms","https://sonniss.com/","/SoundMorph - Robotic Lifeforms/power_move_mech_18.wav","robot|mech|mecha|big|moving|movement|power_move_mech_18wav|soundmorph|robotic lifeforms"
"servo_ice_lense_04.wav","SoundMorph","Robotic Lifeforms","https://sonniss.com/","/SoundMorph - Robotic Lifeforms/servo_ice_lense_04.wav","robot|small|motor|lens|servo_ice_lense_04wav|soundmorph|robotic lifeforms"
"Sinematic - Complex Tech Hits - 04.wav","SoundMorph","Sinematic","https://sonniss.com/","/SoundMorph - Sinematic/Sinematic - Complex Tech Hits - 04.wav","cinematic|dark|impact|designed|scifi|hit|slam|futuristic|complex|static|trailer|sinematic|complex|tech|hits|04wav|soundmorph"
"Sinematic - Risers_02.wav","SoundMorph","Sinematic","https://sonniss.com/","/SoundMorph - Sinematic/Sinematic - Risers_02.wav","cinematic|dark|designed|scifi|futuristic|riser|trailer|intense|sinematic|risers_02wav|soundmorph"
"Sinematic - Source Recordings - Synth - Rectified Electric_03.wav","SoundMorph","Sinematic","https://sonniss.com/","/SoundMorph - Sinematic/Sinematic - Source Recordings - Synth - Rectified Electric_03.wav","source|scifi|futuristic|trailer|synth|cinematic|dark|sinematic|source|recordings|synth|rectified|electric_03wav|soundmorph"
"Sinematic - Source Recordings - Tape Duct Rips.wav","SoundMorph","Sinematic","https://sonniss.com/","/SoundMorph - Sinematic/Sinematic - Source Recordings - Tape Duct Rips.wav","source|scifi|futuristic|trailer|cinematic|dark|various|sinematic|source|recordings|tape|duct|ripswav|soundmorph"
"Sinematic - Stingers_11.wav","SoundMorph","Sinematic","https://sonniss.com/","/SoundMorph - Sinematic/Sinematic - Stingers_11.wav","cinematic|dark|designed|scifi|futuristic|stinger|trailer|intense|sinematic|stingers_11wav|soundmorph"
"amb_SpaceShip_rumble_low_pulse.wav","SoundMorph","Solar Sky","https://sonniss.com/","/SoundMorph - Solar Sky/amb_SpaceShip_rumble_low_pulse.wav","spacecraft|ufo|scifi|science|fiction|futuristic|room|tone|ambience|amb_spaceship_rumble_low_pulsewav|soundmorph|solar sky"
"door_SpaceShip_hatchway_04.wav","SoundMorph","Solar Sky","https://sonniss.com/","/SoundMorph - Solar Sky/door_SpaceShip_hatchway_04.wav","spacecraft|ufo|scifi|science|fiction|futuristic|mechanism|gate|open|close|opening|entry|exit|hatchway|hatch|door|door_spaceship_hatchway_04wav|soundmorph|solar sky"
"passby_SpaceShip-01_speed_variations_Slow.wav","SoundMorph","Solar Sky","https://sonniss.com/","/SoundMorph - Solar Sky/passby_SpaceShip-01_speed_variations_Slow.wav","spacecraft|ufo|scifi|science|fiction|futuristic|pass|by|woosh|whoosh|swish|passby_spaceship01_speed_variations_slowwav|soundmorph|solar sky"
"passby_SpaceShip_Big_Cargo_04.wav","SoundMorph","Solar Sky","https://sonniss.com/","/SoundMorph - Solar Sky/passby_SpaceShip_Big_Cargo_04.wav","spacecraft|ufo|scifi|science|fiction|futuristic|pass|by|woosh|whoosh|swish|passby_spaceship_big_cargo_04wav|soundmorph|solar sky"
"shut_down_SpaceShip_22.wav","SoundMorph","Solar Sky","https://sonniss.com/","/SoundMorph - Solar Sky/shut_down_SpaceShip_22.wav","spacecraft|ufo|scifi|science|fiction|futuristic|engine|innards|operating|power|up|powerup|down|powerdown|shut_down_spaceship_22wav|soundmorph|solar sky"
"alarm_loops_08.wav","SoundMorph","Users of Tommorow","https://sonniss.com/","/SoundMorph - Users of Tommorow/alarm_loops_08.wav","interface|ui|menu|space|scifi|science|fiction|background|bg|warning|negative|ambience|ambiance|futuristic|hitech|alarm_loops_08wav|soundmorph|users of tommorow"
"calculations_n_text_spaced_02.wav","SoundMorph","Users of Tommorow","https://sonniss.com/","/SoundMorph - Users of Tommorow/calculations_n_text_spaced_02.wav","interface|ui|menu|space|scifi|science|fiction|computer|telemetry|futuristic|hitech|calculations_n_text_spaced_02wav|soundmorph|users of tommorow"
"confirm_beepy_02.wav","SoundMorph","Users of Tommorow","https://sonniss.com/","/SoundMorph - Users of Tommorow/confirm_beepy_02.wav","interface|ui|menu|space|scifi|science|fiction|beep|longer|calculations|futuristic|hitech|confirm_beepy_02wav|soundmorph|users of tommorow"
"glitch_interface_crunchanator_12.wav","SoundMorph","Users of Tommorow","https://sonniss.com/","/SoundMorph - Users of Tommorow/glitch_interface_crunchanator_12.wav","interface|ui|menu|space|scifi|science|fiction|noise|cinematic|distort|aggressive|futuristic|hitech|glitch_interface_crunchanator_12wav|soundmorph|users of tommorow"
"hologram_screens_01.wav","SoundMorph","Users of Tommorow","https://sonniss.com/","/SoundMorph - Users of Tommorow/hologram_screens_01.wav","interface|ui|menu|space|scifi|science|fiction|display|hud|futuristic|hitech|hologram_screens_01wav|soundmorph|users of tommorow"
"Knife_Sword_Drop_Wood_Fienup_001.wav","Soundopolis","Blades","https://sonniss.com/sound-effects/blades-sound-effects-library/","/Soundopolis - Blades/Knife_Sword_Drop_Wood_Fienup_001.wav","knife|sword|blade|dagger|bayonet|hit|strike|impact|metal|fight|battle|war|wood|drop|machete|knife_sword_drop_wood_fienup_001wav|soundopolis|blades"
"Knife_Sword_Hit_Multiple_Fienup_003.wav","Soundopolis","Blades","https://sonniss.com/sound-effects/blades-sound-effects-library/","/Soundopolis - Blades/Knife_Sword_Hit_Multiple_Fienup_003.wav","knife|sword|blade|dagger|bayonet|hit|strike|impact|metal|fight|battle|war|machete|knife_sword_hit_multiple_fienup_003wav|soundopolis|blades"
"Knife_Sword_Shing_Fienup_001.wav","Soundopolis","Blades","https://sonniss.com/sound-effects/blades-sound-effects-library/","/Soundopolis - Blades/Knife_Sword_Shing_Fienup_001.wav","knife|sword|blade|dagger|bayonet|metal|fight|battle|war|scrape|slide|unsheath|sheath|machete|knife_sword_shing_fienup_001wav|soundopolis|blades"
"Machete_Hit_Ring_Fienup_001.wav","Soundopolis","Blades","https://sonniss.com/sound-effects/blades-sound-effects-library/","/Soundopolis - Blades/Machete_Hit_Ring_Fienup_001.wav","machete|knife|sword|blade|dagger|bayonet|hit|strike|impact|metal|fight|battle|war|ring|ringing|machete_hit_ring_fienup_001wav|soundopolis|blades"
"Burp_Long_Fienup_022.wav","Soundopolis","Burps and Farts","https://sonniss.com/sound-effects/burps-and-farts/","/Soundopolis - Burps and Farts/Burp_Long_Fienup_022.wav","human|burp|belch|bodily|function|humor|comedy|soundopolis|burp_long_fienup_022wav|burps and farts"
"Burp_Short_Fienup_009.wav","Soundopolis","Burps and Farts","https://sonniss.com/sound-effects/burps-and-farts/","/Soundopolis - Burps and Farts/Burp_Short_Fienup_009.wav","human|burp|belch|bodily|function|humor|comedy|soundopolis|burp_short_fienup_009wav|burps and farts"
"Fart_Long_Fienup_002.wav","Soundopolis","Burps and Farts","https://sonniss.com/sound-effects/burps-and-farts/","/Soundopolis - Burps and Farts/Fart_Long_Fienup_002.wav","fart|human|gas|pass|flatulate|flatulence|bodily|function|humor|comedy|soundopolis|fart_long_fienup_002wav|burps and farts"
"Fart_Long_Fienup_007.wav","Soundopolis","Burps and Farts","https://sonniss.com/sound-effects/burps-and-farts/","/Soundopolis - Burps and Farts/Fart_Long_Fienup_007.wav","fart|human|gas|pass|flatulate|flatulence|bodily|function|humor|comedy|soundopolis|fart_long_fienup_007wav|burps and farts"
"Fart_Short_Fienup_009.wav","Soundopolis","Burps and Farts","https://sonniss.com/sound-effects/burps-and-farts/","/Soundopolis - Burps and Farts/Fart_Short_Fienup_009.wav","fart|human|gas|pass|flatulate|flatulence|bodily|function|humor|comedy|soundopolis|fart_short_fienup_009wav|burps and farts"
"CB Radio_Freq 06_Static_Fienup_001.wav","Soundopolis","CB Radio","https://sonniss.com/sound-effects/cb-radio-hd/","/Soundopolis - CB Radio/CB Radio_Freq 06_Static_Fienup_001.wav","radio|cb|walkietalkie|static|white|noise|frequency|soundopolis|radio_freq|06_static_fienup_001wav|cb radio"
"CB Radio_Freq 08_Static_Fienup_001.wav","Soundopolis","CB Radio","https://sonniss.com/sound-effects/cb-radio-hd/","/Soundopolis - CB Radio/CB Radio_Freq 08_Static_Fienup_001.wav","radio|cb|walkietalkie|static|white|noise|frequency|soundopolis|radio_freq|08_static_fienup_001wav|cb radio"
"CB Radio_Starting Up_Fienup_001.wav","Soundopolis","CB Radio","https://sonniss.com/sound-effects/cb-radio-hd/","/Soundopolis - CB Radio/CB Radio_Starting Up_Fienup_001.wav","radio|cb|walkietalkie|static|white|noise|frequency|channel|start|stop|soundopolis|radio_starting|up_fienup_001wav|cb radio"
"Cans_Aluminum_Rummage_Fienup_002.wav","Soundopolis","Foley Plus_Full","https://sonniss.com/sound-effects/foley-plus/","/Soundopolis - Foley Plus_Full/Cans_Aluminum_Rummage_Fienup_002.wav","rummaging|through|a|pile|of|aluminum|cans|x2|cans_aluminum_rummage_fienup_002wav|soundopolis|foley plus_full"
"Champagne_Cork_Pop_Fienup_001.wav","Soundopolis","Foley Plus_Full","https://sonniss.com/sound-effects/foley-plus/","/Soundopolis - Foley Plus_Full/Champagne_Cork_Pop_Fienup_001.wav","the|pop|of|a|champagne|cork|champagne_cork_pop_fienup_001wav|soundopolis|foley plus_full"
"Computer_Keyboard_Type_Fienup_002.wav","Soundopolis","Foley Plus_Full","https://sonniss.com/sound-effects/foley-plus/","/Soundopolis - Foley Plus_Full/Computer_Keyboard_Type_Fienup_002.wav","typing|on|a|computer|keyboard|computer_keyboard_type_fienup_002wav|soundopolis|foley plus_full"
"Lighter_Blue Flame_E_Light_Fienup_001.wav","Soundopolis","Foley Plus_Full","https://sonniss.com/sound-effects/foley-plus/","/Soundopolis - Foley Plus_Full/Lighter_Blue Flame_E_Light_Fienup_001.wav","lighting|a|novelty|blue|flame|lighter|with|gas|and|x2|lighter_blue|flame_e_light_fienup_001wav|soundopolis|foley plus_full"
"Sizzle_Frying Pan_Fienup_001.wav","Soundopolis","Foley Plus_Full","https://sonniss.com/sound-effects/foley-plus/","/Soundopolis - Foley Plus_Full/Sizzle_Frying Pan_Fienup_001.wav","salad|dressing|sizzling|in|a|frying|pan|sizzle_frying|pan_fienup_001wav|soundopolis|foley plus_full"
"Glass_Break_BeerBottle_702T_Fienup_002.wav","Soundopolis","Glass Smash Full","https://sonniss.com/sound-effects/glass-smash-hd-sound-effects-library/","/Soundopolis - Glass Smash Full/Glass_Break_BeerBottle_702T_Fienup_002.wav","glass|break|shatter|crash|smash|crack|drop|throw|impact|hit|beer|bottle|soundopolis|glass_break_beerbottle_702t_fienup_002wav|glass smash full"
"Glass_Break_ChampagneBottle_D50_Fienup_003.wav","Soundopolis","Glass Smash Full","https://sonniss.com/sound-effects/glass-smash-hd-sound-effects-library/","/Soundopolis - Glass Smash Full/Glass_Break_ChampagneBottle_D50_Fienup_003.wav","glass|break|shatter|crash|smash|crack|drop|throw|impact|hit|champagne|bottle|soundopolis|glass_break_champagnebottle_d50_fienup_003wav|glass smash full"
"Glass_Break_Pane_702T_Fienup_005.wav","Soundopolis","Glass Smash Full","https://sonniss.com/sound-effects/glass-smash-hd-sound-effects-library/","/Soundopolis - Glass Smash Full/Glass_Break_Pane_702T_Fienup_005.wav","glass|break|shatter|crash|smash|crack|drop|throw|impact|hit|window|pane|sheet|table|soundopolis|glass_break_pane_702t_fienup_005wav|glass smash full"
"Glass_Break_Vase_D50_Fienup_003.wav","Soundopolis","Glass Smash Full","https://sonniss.com/sound-effects/glass-smash-hd-sound-effects-library/","/Soundopolis - Glass Smash Full/Glass_Break_Vase_D50_Fienup_003.wav","glass|break|shatter|crash|smash|crack|drop|throw|impact|hit|vase|jar|bottle|soundopolis|glass_break_vase_d50_fienup_003wav|glass smash full"
"Glass_Break_WineBottle_702T_Fienup_004.wav","Soundopolis","Glass Smash Full","https://sonniss.com/sound-effects/glass-smash-hd-sound-effects-library/","/Soundopolis - Glass Smash Full/Glass_Break_WineBottle_702T_Fienup_004.wav","glass|break|shatter|crash|smash|crack|drop|throw|impact|hit|vase|jar|bottle|soundopolis|glass_break_winebottle_702t_fienup_004wav|glass smash full"
"Bloody_Squish_Fienup_CLASSIC_006.wav","Soundopolis","Gore Toolkit HD","https://sonniss.com/sound-effects/gore-toolkit-hd-sound-effects-library/","/Soundopolis - Gore Toolkit HD/Bloody_Squish_Fienup_CLASSIC_006.wav","squirt|blood|bloody|flesh|fleshy|skin|gore|liquid|squish|ooze|splat|body|damage|intestines|soundopolis|bloody_squish_fienup_classic_006wav|gore toolkit hd"
"Flesh_Cut_Watermelon_Fienup_CLASSIC_001.wav","Soundopolis","Gore Toolkit HD","https://sonniss.com/sound-effects/gore-toolkit-hd-sound-effects-library/","/Soundopolis - Gore Toolkit HD/Flesh_Cut_Watermelon_Fienup_CLASSIC_001.wav","cut|slice|stab|scoop|flesh|skin|watermelon|fruit|machete|knife|sword|dagger|bayonet|blade|hatchet|ax|axe|gore|battle|fight|blood|bleed|body|damage|soundopolis|flesh_cut_watermelon_fienup_classic_001wav|gore toolkit hd"
"Punch_Spurt Blood_Fienup_001.wav","Soundopolis","Gore Toolkit HD","https://sonniss.com/sound-effects/gore-toolkit-hd-sound-effects-library/","/Soundopolis - Gore Toolkit HD/Punch_Spurt Blood_Fienup_001.wav","punch|hit|kick|spurt|wet|bloody|blood|goop|flesh|meat|tenderizer|tomato|body|damage|combat|impact|gore|soundopolis|punch_spurt|blood_fienup_001wav|gore toolkit hd"
"Slice_Crunchy_Fienup_002.wav","Soundopolis","Gore Toolkit HD","https://sonniss.com/sound-effects/gore-toolkit-hd-sound-effects-library/","/Soundopolis - Gore Toolkit HD/Slice_Crunchy_Fienup_002.wav","slice|cut|chop|lettuce|crunch|crunchy|gore|tear|rip|soundopolis|slice_crunchy_fienup_002wav|gore toolkit hd"
"Whoosh_Swing_Fishing Pole_Full_Fienup_CLASSIC_001.wav","Soundopolis","Gore Toolkit HD","https://sonniss.com/sound-effects/gore-toolkit-hd-sound-effects-library/","/Soundopolis - Gore Toolkit HD/Whoosh_Swing_Fishing Pole_Full_Fienup_CLASSIC_001.wav","whoosh|swoosh|swish|swing|fish|fishing|pole|punch|combat|soundopolis|whoosh_swing_fishing|pole_full_fienup_classic_001wav|gore toolkit hd"
"Rain_Heavy_Fienup_005.wav","Soundopolis","Natures Fury_Rain_01","https://sonniss.com/sound-effects/natures-fury-rain-wind-thunder-sound-effects/","/Soundopolis - Natures Fury_Rain_01/Rain_Heavy_Fienup_005.wav","rain|ambience|ambiance|storm|weather|precipitation|pour|heavy|water|soundopolis|rain_heavy_fienup_005wav|natures fury_rain_01"
"Rain_Light_Fienup_003.wav","Soundopolis","Natures Fury_Rain_01","https://sonniss.com/sound-effects/natures-fury-rain-wind-thunder-sound-effects/","/Soundopolis - Natures Fury_Rain_01/Rain_Light_Fienup_003.wav","rain|ambience|ambiance|storm|weather|precipitation|pour|light|water|soundopolis|rain_light_fienup_003wav|natures fury_rain_01"
"Rain_Medium_Fienup_008.wav","Soundopolis","Natures Fury_Rain_01","https://sonniss.com/sound-effects/natures-fury-rain-wind-thunder-sound-effects/","/Soundopolis - Natures Fury_Rain_01/Rain_Medium_Fienup_008.wav","rain|ambience|ambiance|storm|weather|precipitation|pour|medium|water|soundopolis|rain_medium_fienup_008wav|natures fury_rain_01"
"Rain_Splatty_Heavy_Fienup_002.wav","Soundopolis","Natures Fury_Rain_01","https://sonniss.com/sound-effects/natures-fury-rain-wind-thunder-sound-effects/","/Soundopolis - Natures Fury_Rain_01/Rain_Splatty_Heavy_Fienup_002.wav","rain|ambience|ambiance|storm|weather|precipitation|pour|splatty|splat|drip|water|soundopolis|rain_splatty_heavy_fienup_002wav|natures fury_rain_01"
"Rain_Splatty_Puddle_Drips_Fienup_003.wav","Soundopolis","Natures Fury_Rain_01","https://sonniss.com/sound-effects/natures-fury-rain-wind-thunder-sound-effects/","/Soundopolis - Natures Fury_Rain_01/Rain_Splatty_Puddle_Drips_Fienup_003.wav","rain|ambience|ambiance|storm|weather|precipitation|pour|splatty|puddle|splat|drip|water|soundopolis|rain_splatty_puddle_drips_fienup_003wav|natures fury_rain_01"
"Thunder_Boom_Fienup_005.wav","Soundopolis","Natures Fury_Thunder","https://sonniss.com/sound-effects/natures-fury-rain-wind-thunder-sound-effects/","/Soundopolis - Natures Fury_Thunder/Thunder_Boom_Fienup_005.wav","thunder|storm|rain|weather|lightning|ambience|ambiance|explosion|soundopolis|thunder_boom_fienup_005wav|natures fury_thunder"
"Thunder_Crack_Fienup_016.wav","Soundopolis","Natures Fury_Thunder","https://sonniss.com/sound-effects/natures-fury-rain-wind-thunder-sound-effects/","/Soundopolis - Natures Fury_Thunder/Thunder_Crack_Fienup_016.wav","thunder|storm|rain|weather|lightning|ambience|ambiance|bolt|soundopolis|thunder_crack_fienup_016wav|natures fury_thunder"
"Thunder_Rumble_Deep_Fienup_003.wav","Soundopolis","Natures Fury_Thunder","https://sonniss.com/sound-effects/natures-fury-rain-wind-thunder-sound-effects/","/Soundopolis - Natures Fury_Thunder/Thunder_Rumble_Deep_Fienup_003.wav","thunder|storm|weather|lightning|ambience|ambiance|rumble|soundopolis|thunder_rumble_deep_fienup_003wav|natures fury_thunder"
"Thunder_Rumble_Mid_Fienup_024.wav","Soundopolis","Natures Fury_Thunder","https://sonniss.com/sound-effects/natures-fury-rain-wind-thunder-sound-effects/","/Soundopolis - Natures Fury_Thunder/Thunder_Rumble_Mid_Fienup_024.wav","thunder|storm|weather|lightning|ambience|ambiance|rumble|soundopolis|thunder_rumble_mid_fienup_024wav|natures fury_thunder"
"Thunderstorm_Distant_Fienup_001.wav","Soundopolis","Natures Fury_Thunder","https://sonniss.com/sound-effects/natures-fury-rain-wind-thunder-sound-effects/","/Soundopolis - Natures Fury_Thunder/Thunderstorm_Distant_Fienup_001.wav","rain|ambience|ambiance|storm|weather|precipitation|pour|water|thunder|lightning|soundopolis|thunderstorm_distant_fienup_001wav|natures fury_thunder"
"Wind_Forest_Fienup_001.wav","Soundopolis","Natures Fury_Wind_01","https://sonniss.com/sound-effects/natures-fury-rain-wind-thunder-sound-effects/","/Soundopolis - Natures Fury_Wind_01/Wind_Forest_Fienup_001.wav","wind|ambience|ambiance|gusts|leaves|trees|weather|storm|soundopolis|wind_forest_fienup_001wav|natures fury_wind_01"
"Wind_Heavy_Fienup_001.wav","Soundopolis","Natures Fury_Wind_01","https://sonniss.com/sound-effects/natures-fury-rain-wind-thunder-sound-effects/","/Soundopolis - Natures Fury_Wind_01/Wind_Heavy_Fienup_001.wav","wind|ambience|ambiance|gusts|leaves|trees|weather|storm|soundopolis|wind_heavy_fienup_001wav|natures fury_wind_01"
"Wind_INT_Window Whistle_Fienup_003.wav","Soundopolis","Natures Fury_Wind_01","https://sonniss.com/sound-effects/natures-fury-rain-wind-thunder-sound-effects/","/Soundopolis - Natures Fury_Wind_01/Wind_INT_Window Whistle_Fienup_003.wav","wind|ambience|ambiance|gusts|weather|storm|whistle|soundopolis|wind_int_window|whistle_fienup_003wav|natures fury_wind_01"
"Wind_Trees_Cattails_Fienup_001.wav","Soundopolis","Natures Fury_Wind_01","https://sonniss.com/sound-effects/natures-fury-rain-wind-thunder-sound-effects/","/Soundopolis - Natures Fury_Wind_01/Wind_Trees_Cattails_Fienup_001.wav","wind|ambience|ambiance|gusts|weather|storm|whistle|leaves|trees|cattails|soundopolis|wind_trees_cattails_fienup_001wav|natures fury_wind_01"
"Wind_Trees_Cattails_Fienup_004.wav","Soundopolis","Natures Fury_Wind_01","https://sonniss.com/sound-effects/natures-fury-rain-wind-thunder-sound-effects/","/Soundopolis - Natures Fury_Wind_01/Wind_Trees_Cattails_Fienup_004.wav","wind|ambience|ambiance|gusts|weather|storm|whistle|leaves|trees|cattails|soundopolis|wind_trees_cattails_fienup_004wav|natures fury_wind_01"
"Banjo_Drum_Hit_Fienup_016.wav","Soundopolis","Percussion 01","https://sonniss.com/sound-effects/percussion-sound-effects-library/","/Soundopolis - Percussion 01/Banjo_Drum_Hit_Fienup_016.wav","banjo|drum|percussion|hit|strike|impact|ring|banjo_drum_hit_fienup_016wav|soundopolis|percussion 01"
"Bell_Waiter_Fienup_001.wav","Soundopolis","Percussion 01","https://sonniss.com/sound-effects/percussion-sound-effects-library/","/Soundopolis - Percussion 01/Bell_Waiter_Fienup_001.wav","bell|waiter|ring|percussion|bell_waiter_fienup_001wav|soundopolis|percussion 01"
"Gyro_Fienup_002.wav","Soundopolis","Percussion 01","https://sonniss.com/sound-effects/percussion-sound-effects-library/","/Soundopolis - Percussion 01/Gyro_Fienup_002.wav","gyro|percussion|hit|scrape|gyro_fienup_002wav|soundopolis|percussion 01"
"HandDrum_Reverse_SlowDown_Fienup_003.wav","Soundopolis","Percussion 01","https://sonniss.com/sound-effects/percussion-sound-effects-library/","/Soundopolis - Percussion 01/HandDrum_Reverse_SlowDown_Fienup_003.wav","percussion|hand|drum|djembe|reverse|slow|down|sci|fi|scifi|engine|space|craft|descend|handdrum_reverse_slowdown_fienup_003wav|soundopolis|percussion 01"
"Timpani_Hit_Fienup_001.wav","Soundopolis","Percussion 01","https://sonniss.com/sound-effects/percussion-sound-effects-library/","/Soundopolis - Percussion 01/Timpani_Hit_Fienup_001.wav","timpani|percussion|orchestra|hit|orchestral|accent|stinger|timpani_hit_fienup_001wav|soundopolis|percussion 01"
"Electrical_Current_MouthNoises_Fienup_001.wav","Soundopolis","Sci-Fi Electric","https://sonniss.com/sound-effects/sci-fi-electric-sound-library/","/Soundopolis - Sci-Fi Electric/Electrical_Current_MouthNoises_Fienup_001.wav","drone|scifi|sci|fi|texture|electrical|alien|spaceship|electricity|current|static|electrical_current_mouthnoises_fienup_001wav|soundopolis|sci-fi electric"
"Electrical_Current_Texture_Fienup_004.wav","Soundopolis","Sci-Fi Electric","https://sonniss.com/sound-effects/sci-fi-electric-sound-library/","/Soundopolis - Sci-Fi Electric/Electrical_Current_Texture_Fienup_004.wav","electrical|current|electricity|static|electrical_current_texture_fienup_004wav|soundopolis|sci-fi electric"
"StreetLight_Buzz_Fienup_002.wav","Soundopolis","Sci-Fi Electric","https://sonniss.com/sound-effects/sci-fi-electric-sound-library/","/Soundopolis - Sci-Fi Electric/StreetLight_Buzz_Fienup_002.wav","street|light|buzz|hum|electrical|electricity|streetlight_buzz_fienup_002wav|soundopolis|sci-fi electric"
"Texture_Alien_Bugs_Fienup_003.wav","Soundopolis","Sci-Fi Electric","https://sonniss.com/sound-effects/sci-fi-electric-sound-library/","/Soundopolis - Sci-Fi Electric/Texture_Alien_Bugs_Fienup_003.wav","texture|scifi|sci|fi|alien|bugs|spaceship|texture_alien_bugs_fienup_003wav|soundopolis|sci-fi electric"
"Texture_Interference_Grainy_LapsteelPickUps_Fienup_003.wav","Soundopolis","Sci-Fi Electric","https://sonniss.com/sound-effects/sci-fi-electric-sound-library/","/Soundopolis - Sci-Fi Electric/Texture_Interference_Grainy_LapsteelPickUps_Fienup_003.wav","texture|accent|interference|lapsteel|electrical|electricity|texture_interference_grainy_lapsteelpickups_fienup_003wav|soundopolis|sci-fi electric"
"CircularSaw_Cut_Wood_Fienup_001.wav","Soundopolis","Tools:Construction 01","https://sonniss.com/sound-effects/construction-demolition-sound-effects-library/","/Soundopolis - Tools:Construction 01/CircularSaw_Cut_Wood_Fienup_001.wav","circular|saw|blade|cut|cutting|wood|sawing|motor|construction|repair|circularsaw_cut_wood_fienup_001wav|soundopolis|tools:construction 01"
"Demolition_Home_Fienup_007.wav","Soundopolis","Tools:Construction 01","https://sonniss.com/sound-effects/construction-demolition-sound-effects-library/","/Soundopolis - Tools:Construction 01/Demolition_Home_Fienup_007.wav","demolition|construction|engine|machinery|demolish|crumble|ambience|ambiance|destruction|rubble|debris|demolition_home_fienup_007wav|soundopolis|tools:construction 01"
"Hammer_Multiple_Exterior_Fienup_013.wav","Soundopolis","Tools:Construction 01","https://sonniss.com/sound-effects/construction-demolition-sound-effects-library/","/Soundopolis - Tools:Construction 01/Hammer_Multiple_Exterior_Fienup_013.wav","hammer|hammering|nail|nailing|wood|outdoors|exterior|construction|hammer_multiple_exterior_fienup_013wav|soundopolis|tools:construction 01"
"Jackhammer_Fienup_001.wav","Soundopolis","Tools:Construction 01","https://sonniss.com/sound-effects/construction-demolition-sound-effects-library/","/Soundopolis - Tools:Construction 01/Jackhammer_Fienup_001.wav","jackhammer|construction|ambience|ambiance|tools|power|tool|work|jack|hammer|pneumatic|drill|jackhammer_fienup_001wav|soundopolis|tools:construction 01"
"PowerDrill_Run_Stop_Fienup_010.wav","Soundopolis","Tools:Construction 01","https://sonniss.com/sound-effects/construction-demolition-sound-effects-library/","/Soundopolis - Tools:Construction 01/PowerDrill_Run_Stop_Fienup_010.wav","cordless|power|drill|drilling|motor|tool|construction|powerdrill_run_stop_fienup_010wav|soundopolis|tools:construction 01"
"Underwater_Breathing_Fienup_002.wav","Soundopolis","Underwater","https://sonniss.com/sound-effects/underwater-sound-effects-library/","/Soundopolis - Underwater/Underwater_Breathing_Fienup_002.wav","underwater|water|breath|breathing|snorkel|snorkeling|underwater_breathing_fienup_002wav|soundopolis|underwater"
"Underwater_Bubbles_Deep_Fienup_016.wav","Soundopolis","Underwater","https://sonniss.com/sound-effects/underwater-sound-effects-library/","/Soundopolis - Underwater/Underwater_Bubbles_Deep_Fienup_016.wav","water|underwater|bubbles|breath|breathing|snorkel|snorkeling|underwater_bubbles_deep_fienup_016wav|soundopolis|underwater"
"Underwater_Bubbles_Fienup_026.wav","Soundopolis","Underwater","https://sonniss.com/sound-effects/underwater-sound-effects-library/","/Soundopolis - Underwater/Underwater_Bubbles_Fienup_026.wav","water|underwater|bubbles|breath|breathing|snorkel|snorkeling|underwater_bubbles_fienup_026wav|soundopolis|underwater"
"Underwater_Golfball_Bounce_Fienup_001.wav","Soundopolis","Underwater","https://sonniss.com/sound-effects/underwater-sound-effects-library/","/Soundopolis - Underwater/Underwater_Golfball_Bounce_Fienup_001.wav","water|underwater|golf|ball|bounce|impact|underwater_golfball_bounce_fienup_001wav|soundopolis|underwater"
"Underwater_Motion_Fienup_024.wav","Soundopolis","Underwater","https://sonniss.com/sound-effects/underwater-sound-effects-library/","/Soundopolis - Underwater/Underwater_Motion_Fienup_024.wav","water|underwater|motion|movement|swim|snorkel|dive|underwater_motion_fienup_024wav|soundopolis|underwater"
"Splash_Dive_Fienup_002.wav","Soundopolis","Water 01","https://sonniss.com/sound-effects/water-sound-library/","/Soundopolis - Water 01/Splash_Dive_Fienup_002.wav","splash|water|swim|swimming|pool|dive|jump|fall|diving|board|splash_dive_fienup_002wav|soundopolis|water 01"
"WaterPipe_Smoke_Fienup_003.wav","Soundopolis","Water 01","https://sonniss.com/sound-effects/water-sound-library/","/Soundopolis - Water 01/WaterPipe_Smoke_Fienup_003.wav","water|pipe|smoke|drugs|inhale|bubble|bubbler|marijuana|tobacco|waterpipe_smoke_fienup_003wav|soundopolis|water 01"
"Water_Drain_Sewer_Fienup_005.wav","Soundopolis","Water 01","https://sonniss.com/sound-effects/water-sound-library/","/Soundopolis - Water 01/Water_Drain_Sewer_Fienup_005.wav","water|drip|dripping|drain|draining|flow|sewer|water_drain_sewer_fienup_005wav|soundopolis|water 01"
"Water_Fountain_Fienup_002.wav","Soundopolis","Water 01","https://sonniss.com/sound-effects/water-sound-library/","/Soundopolis - Water 01/Water_Fountain_Fienup_002.wav","water|pour|fountain|park|drip|drop|flow|waterfall|water_fountain_fienup_002wav|soundopolis|water 01"
"Water_Splash_SeaLion_Fienup_001.wav","Soundopolis","Water 01","https://sonniss.com/sound-effects/water-sound-library/","/Soundopolis - Water 01/Water_Splash_SeaLion_Fienup_001.wav","water|splash|churn|splashing|mammal|sea|lion|churning|pool|zoo|water_splash_sealion_fienup_001wav|soundopolis|water 01"
"Beach_Ocean_Waves_Fienup_001.wav","Soundopolis","Water Ambiences 01","https://sonniss.com/sound-effects/water-sound-library/","/Soundopolis - Water Ambiences 01/Beach_Ocean_Waves_Fienup_001.wav","beach|ambiance|ambience|waves|water|ocean|virginia|beach|beach_ocean_waves_fienup_001wav|soundopolis|water ambiences 01"
"Lake_Huron_Mackinaw_Evening_Fienup_002.wav","Soundopolis","Water Ambiences 01","https://sonniss.com/sound-effects/water-sound-library/","/Soundopolis - Water Ambiences 01/Lake_Huron_Mackinaw_Evening_Fienup_002.wav","ambience|ambiance|water|lake|great|lakes|beach|waves|lake_huron_mackinaw_evening_fienup_002wav|soundopolis|water ambiences 01"
"River_Dam_Light_Fienup_001.wav","Soundopolis","Water Ambiences 01","https://sonniss.com/sound-effects/water-sound-library/","/Soundopolis - Water Ambiences 01/River_Dam_Light_Fienup_001.wav","ambience|ambiance|river|water|current|huron|river|flow|waterfall|damn|splash|river_dam_light_fienup_001wav|soundopolis|water ambiences 01"
"River_Huron_Lapping_Fienup_002.wav","Soundopolis","Water Ambiences 01","https://sonniss.com/sound-effects/water-sound-library/","/Soundopolis - Water Ambiences 01/River_Huron_Lapping_Fienup_002.wav","ambience|ambiance|river|water|current|huron|river|flow|lapping|waves|river_huron_lapping_fienup_002wav|soundopolis|water ambiences 01"
"Waterfall_Rainforest_Fienup_002.wav","Soundopolis","Water Ambiences 01","https://sonniss.com/sound-effects/water-sound-library/","/Soundopolis - Water Ambiences 01/Waterfall_Rainforest_Fienup_002.wav","waterfall|rainforest|water|river|creek|birds|insects|hawaii|ambience|ambiance|waterfall_rainforest_fienup_002wav|soundopolis|water ambiences 01"
"basement_parking_garage_gate_metal_general_perspective_open_close_03.wav","TheLibrarybyEmptySea","Gateway Part1","https://sonniss.com/","/TheLibrarybyEmptySea - Gateway Part1/basement_parking_garage_gate_metal_general_perspective_open_close_03.wav","condominium|basement|parking|garage|gate|metal|open|close|general|perspective|concrete|floors|and|walls|basement_parking_garage_gate_metal_general_perspective_open_close_03wav|thelibrarybyemptysea|gateway part1"
"bearproof_trashcan_metal_open_close_10.wav","TheLibrarybyEmptySea","Gateway Part1","https://sonniss.com/","/TheLibrarybyEmptySea - Gateway Part1/bearproof_trashcan_metal_open_close_10.wav","ext|metal|bearproof|trashcan|door|open|close|harsh|gritty|squeaky|slam|june|lake|campground|horror|bump|in|the|night|with|trash|bearproof_trashcan_metal_open_close_10wav|thelibrarybyemptysea|gateway part1"
"hotel_door_metal_deadbolt_unlock_02.wav","TheLibrarybyEmptySea","Gateway Part1","https://sonniss.com/","/TheLibrarybyEmptySea - Gateway Part1/hotel_door_metal_deadbolt_unlock_02.wav","int|hotel|front|door|metal|deadbolt|unlock|unlatch|hotel_door_metal_deadbolt_unlock_02wav|thelibrarybyemptysea|gateway part1"
"patio_door_wood_glass_INT_hinge_creak_open_close_08.wav","TheLibrarybyEmptySea","Gateway Part1","https://sonniss.com/","/TheLibrarybyEmptySea - Gateway Part1/patio_door_wood_glass_INT_hinge_creak_open_close_08.wav","int|patio|wood|and|glass|door|frame|fast|open|close|hinge|perspective|squeaky|creaky|horror|patio_door_wood_glass_int_hinge_creak_open_close_08wav|thelibrarybyemptysea|gateway part1"
"wood_door_viewing_slide_speakeasy_open_close_01.wav","TheLibrarybyEmptySea","Gateway Part1","https://sonniss.com/","/TheLibrarybyEmptySea - Gateway Part1/wood_door_viewing_slide_speakeasy_open_close_01.wav","wood|door|peep|slide|viewing|speakeasy|open|close|wood_door_viewing_slide_speakeasy_open_close_01wav|thelibrarybyemptysea|gateway part1"
"TheLibrarybyMTC_Robo_Foley_Joints_Mvmt_002.wav","TheLibrarybyEmptySea","Robobiotics","https://sonniss.com/","/TheLibrarybyEmptySea - Robobiotics/TheLibrarybyMTC_Robo_Foley_Joints_Mvmt_002.wav","robot|foley|joints|movement|walking|thelibrarybymtc_robo_foley_joints_mvmt_002wav|thelibrarybyemptysea|robobiotics"
"TheLibrarybyMTC_Robo_LaserBlast_Medium_027.wav","TheLibrarybyEmptySea","Robobiotics","https://sonniss.com/","/TheLibrarybyEmptySea - Robobiotics/TheLibrarybyMTC_Robo_LaserBlast_Medium_027.wav","laser|blast|medium|thelibrarybymtc_robo_laserblast_medium_027wav|thelibrarybyemptysea|robobiotics"
"TheLibrarybyMTC_Robo_Metal_HatchDeep_006.wav","TheLibrarybyEmptySea","Robobiotics","https://sonniss.com/","/TheLibrarybyEmptySea - Robobiotics/TheLibrarybyMTC_Robo_Metal_HatchDeep_006.wav","deep|metal|hatch|banging|thelibrarybymtc_robo_metal_hatchdeep_006wav|thelibrarybyemptysea|robobiotics"
"TheLibrarybyMTC_Robo_Motor_CoffeeGrinderB_001.wav","TheLibrarybyEmptySea","Robobiotics","https://sonniss.com/","/TheLibrarybyEmptySea - Robobiotics/TheLibrarybyMTC_Robo_Motor_CoffeeGrinderB_001.wav","motor|coffee|grinder|with|blades|thelibrarybymtc_robo_motor_coffeegrinderb_001wav|thelibrarybyemptysea|robobiotics"
"TheLibrarybyMTC_Robo_Servo_PowerWindow_035.wav","TheLibrarybyEmptySea","Robobiotics","https://sonniss.com/","/TheLibrarybyEmptySea - Robobiotics/TheLibrarybyMTC_Robo_Servo_PowerWindow_035.wav","servo|moter|power|window|honda|accord|thelibrarybymtc_robo_servo_powerwindow_035wav|thelibrarybyemptysea|robobiotics"
"TheLibrarybyMTC_GroanyMonster_Pain_118_96k.wav","TheLibrarybyEmptySea","SeaMonsters 2","https://sonniss.com/sound-effects/sea-monsters-water-beasts/","/TheLibrarybyEmptySea - SeaMonsters 2/TheLibrarybyMTC_GroanyMonster_Pain_118_96k.wav","creature|monster|vox|vocal|groany|strained|pain|heavy|thelibrarybymtc_groanymonster_pain_118_96kwav|thelibrarybyemptysea|seamonsters 2"
"TheLibrarybyMTC_GrowlMonster_Effort_92_96k.wav","TheLibrarybyEmptySea","SeaMonsters 2","https://sonniss.com/sound-effects/sea-monsters-water-beasts/","/TheLibrarybyEmptySea - SeaMonsters 2/TheLibrarybyMTC_GrowlMonster_Effort_92_96k.wav","creature|monster|vox|vocal|growly|deep|dark|effort|thelibrarybymtc_growlmonster_effort_92_96kwav|thelibrarybyemptysea|seamonsters 2"
"TheLibrarybyMTC_GrowlMonster_Roar_26_96k.wav","TheLibrarybyEmptySea","SeaMonsters 2","https://sonniss.com/sound-effects/sea-monsters-water-beasts/","/TheLibrarybyEmptySea - SeaMonsters 2/TheLibrarybyMTC_GrowlMonster_Roar_26_96k.wav","creature|monster|vox|vocal|growly|deep|dark|roar|thelibrarybymtc_growlmonster_roar_26_96kwav|thelibrarybyemptysea|seamonsters 2"
"TheLibrarybyMTC_ScreechMonster_Roar_34_96k.wav","TheLibrarybyEmptySea","SeaMonsters 2","https://sonniss.com/sound-effects/sea-monsters-water-beasts/","/TheLibrarybyEmptySea - SeaMonsters 2/TheLibrarybyMTC_ScreechMonster_Roar_34_96k.wav","creature|monster|vox|vocal|screechy|throaty|croaky|roar|thelibrarybymtc_screechmonster_roar_34_96kwav|thelibrarybyemptysea|seamonsters 2"
"TheLibrarybyMTC_TinyMonster_Pain_199_96k.wav","TheLibrarybyEmptySea","SeaMonsters 2","https://sonniss.com/sound-effects/sea-monsters-water-beasts/","/TheLibrarybyEmptySea - SeaMonsters 2/TheLibrarybyMTC_TinyMonster_Pain_199_96k.wav","creature|monster|vox|vocal|tiny|squeaky|little|pain|quick|multiple|thelibrarybymtc_tinymonster_pain_199_96kwav|thelibrarybyemptysea|seamonsters 2"
"TheLibrarybyMTC_UI_Alert_01.wav","TheLibrarybyEmptySea","UI1","https://sonniss.com/sound-effects/ui-interaction-elements/","/TheLibrarybyEmptySea - UI1/TheLibrarybyMTC_UI_Alert_01.wav","ui|beep|alert|classic|thelibrarybymtc_ui_alert_01wav|thelibrarybyemptysea|ui1"
"TheLibrarybyMTC_UI_Computer_094.wav","TheLibrarybyEmptySea","UI1","https://sonniss.com/sound-effects/ui-interaction-elements/","/TheLibrarybyEmptySea - UI1/TheLibrarybyMTC_UI_Computer_094.wav","ui|computer|telemetry|beep|error|thelibrarybymtc_ui_computer_094wav|thelibrarybyemptysea|ui1"
"TheLibrarybyMTC_UI_Droplet_06.wav","TheLibrarybyEmptySea","UI1","https://sonniss.com/sound-effects/ui-interaction-elements/","/TheLibrarybyEmptySea - UI1/TheLibrarybyMTC_UI_Droplet_06.wav","ui|droplet|water|drop|thelibrarybymtc_ui_droplet_06wav|thelibrarybyemptysea|ui1"
"TheLibrarybyMTC_UI_GlassTicks_25.wav","TheLibrarybyEmptySea","UI1","https://sonniss.com/sound-effects/ui-interaction-elements/","/TheLibrarybyEmptySea - UI1/TheLibrarybyMTC_UI_GlassTicks_25.wav","ui|glass|light|small|ding|beep|tick|click|thelibrarybymtc_ui_glassticks_25wav|thelibrarybyemptysea|ui1"
"TheLibrarybyMTC_UI_Splat_01.wav","TheLibrarybyEmptySea","UI1","https://sonniss.com/sound-effects/ui-interaction-elements/","/TheLibrarybyEmptySea - UI1/TheLibrarybyMTC_UI_Splat_01.wav","ui|splat|scan|thelibrarybymtc_ui_splat_01wav|thelibrarybyemptysea|ui1"
"FOOTSTEP - Metal Board Jump Barefoot Male - 11.wav","Timothy McHugh","Barefoot on Metal","https://sonniss.com/sound-effects/barefoot-on-metal-hd-sound-effects/","/Timothy McHugh -  Barefoot on Metal/FOOTSTEP - Metal Board Jump Barefoot Male - 11.wav","barefoot|male|footstep|on|metal|board|jumping|footstep|metal|board|jump|male|11wav|timothy mchugh|barefoot on metal"
"FOOTSTEP - Metal Board Land Barefoot Male - 1.wav","Timothy McHugh","Barefoot on Metal","https://sonniss.com/sound-effects/barefoot-on-metal-hd-sound-effects/","/Timothy McHugh -  Barefoot on Metal/FOOTSTEP - Metal Board Land Barefoot Male - 1.wav","barefoot|male|footstep|on|metal|board|landing|footstep|metal|board|land|male|1wav|timothy mchugh|barefoot on metal"
"FOOTSTEP - Metal Board Run Barefoot Male - 1.wav","Timothy McHugh","Barefoot on Metal","https://sonniss.com/sound-effects/barefoot-on-metal-hd-sound-effects/","/Timothy McHugh -  Barefoot on Metal/FOOTSTEP - Metal Board Run Barefoot Male - 1.wav","barefoot|male|footstep|on|metal|board|running|footstep|metal|board|run|male|1wav|timothy mchugh|barefoot on metal"
"FOOTSTEP - Metal Board Run Barefoot Male - 10.wav","Timothy McHugh","Barefoot on Metal","https://sonniss.com/sound-effects/barefoot-on-metal-hd-sound-effects/","/Timothy McHugh -  Barefoot on Metal/FOOTSTEP - Metal Board Run Barefoot Male - 10.wav","barefoot|male|footstep|on|metal|board|running|footstep|metal|board|run|male|10wav|timothy mchugh|barefoot on metal"
"FOOTSTEP - Metal Board Run Barefoot Male - 17.wav","Timothy McHugh","Barefoot on Metal","https://sonniss.com/sound-effects/barefoot-on-metal-hd-sound-effects/","/Timothy McHugh -  Barefoot on Metal/FOOTSTEP - Metal Board Run Barefoot Male - 17.wav","barefoot|male|footstep|on|metal|board|running|footstep|metal|board|run|male|17wav|timothy mchugh|barefoot on metal"
"FOOTSTEP - Metal Board Walk Barefoot Male - 2.wav","Timothy McHugh","Barefoot on Metal","https://sonniss.com/sound-effects/barefoot-on-metal-hd-sound-effects/","/Timothy McHugh -  Barefoot on Metal/FOOTSTEP - Metal Board Walk Barefoot Male - 2.wav","barefoot|male|footstep|on|metal|board|walking|footstep|metal|board|walk|male|2wav|timothy mchugh|barefoot on metal"
"FOOTSTEP - Metal Board Walk Barefoot Male - 24.wav","Timothy McHugh","Barefoot on Metal","https://sonniss.com/sound-effects/barefoot-on-metal-hd-sound-effects/","/Timothy McHugh -  Barefoot on Metal/FOOTSTEP - Metal Board Walk Barefoot Male - 24.wav","barefoot|male|footstep|on|metal|board|walking|footstep|metal|board|walk|male|24wav|timothy mchugh|barefoot on metal"
"FOOTSTEP - Metal Board Walk Barefoot Male - 27.wav","Timothy McHugh","Barefoot on Metal","https://sonniss.com/sound-effects/barefoot-on-metal-hd-sound-effects/","/Timothy McHugh -  Barefoot on Metal/FOOTSTEP - Metal Board Walk Barefoot Male - 27.wav","barefoot|male|footstep|on|metal|board|walking|footstep|metal|board|walk|male|27wav|timothy mchugh|barefoot on metal"
"FOOTSTEP - Metal Grill Jump Barefoot Male - 3.wav","Timothy McHugh","Barefoot on Metal","https://sonniss.com/sound-effects/barefoot-on-metal-hd-sound-effects/","/Timothy McHugh -  Barefoot on Metal/FOOTSTEP - Metal Grill Jump Barefoot Male - 3.wav","barefoot|male|footstep|on|metal|grill|jumping|footstep|metal|grill|jump|male|3wav|timothy mchugh|barefoot on metal"
"FOOTSTEP - Metal Grill Land Barefoot Male - 5.wav","Timothy McHugh","Barefoot on Metal","https://sonniss.com/sound-effects/barefoot-on-metal-hd-sound-effects/","/Timothy McHugh -  Barefoot on Metal/FOOTSTEP - Metal Grill Land Barefoot Male - 5.wav","barefoot|male|footstep|on|metal|grill|landing|footstep|metal|grill|land|male|5wav|timothy mchugh|barefoot on metal"
"FOOTSTEP - Metal Grill Rattle Barefoot Male - 18.wav","Timothy McHugh","Barefoot on Metal","https://sonniss.com/sound-effects/barefoot-on-metal-hd-sound-effects/","/Timothy McHugh -  Barefoot on Metal/FOOTSTEP - Metal Grill Rattle Barefoot Male - 18.wav","metal|grill|rattle|footstep|grill|rattle|barefoot|male|18wav|timothy mchugh|barefoot on metal"
"FOOTSTEP - Metal Grill Run Barefoot Male - 14.wav","Timothy McHugh","Barefoot on Metal","https://sonniss.com/sound-effects/barefoot-on-metal-hd-sound-effects/","/Timothy McHugh -  Barefoot on Metal/FOOTSTEP - Metal Grill Run Barefoot Male - 14.wav","barefoot|male|footstep|on|metal|grill|running|footstep|metal|grill|run|male|14wav|timothy mchugh|barefoot on metal"
"FOOTSTEP - Metal Grill Run Barefoot Male - 17.wav","Timothy McHugh","Barefoot on Metal","https://sonniss.com/sound-effects/barefoot-on-metal-hd-sound-effects/","/Timothy McHugh -  Barefoot on Metal/FOOTSTEP - Metal Grill Run Barefoot Male - 17.wav","barefoot|male|footstep|on|metal|grill|running|footstep|metal|grill|run|male|17wav|timothy mchugh|barefoot on metal"
"FOOTSTEP - Metal Grill Run Barefoot Male - 21.wav","Timothy McHugh","Barefoot on Metal","https://sonniss.com/sound-effects/barefoot-on-metal-hd-sound-effects/","/Timothy McHugh -  Barefoot on Metal/FOOTSTEP - Metal Grill Run Barefoot Male - 21.wav","barefoot|male|footstep|on|metal|grill|running|footstep|metal|grill|run|male|21wav|timothy mchugh|barefoot on metal"
"FOOTSTEP - Metal Grill Slide Barefoot Male - 16.wav","Timothy McHugh","Barefoot on Metal","https://sonniss.com/sound-effects/barefoot-on-metal-hd-sound-effects/","/Timothy McHugh -  Barefoot on Metal/FOOTSTEP - Metal Grill Slide Barefoot Male - 16.wav","barefoot|male|footstep|on|metal|grill|sliding|footstep|metal|grill|slide|male|16wav|timothy mchugh|barefoot on metal"
"FOOTSTEP - Metal Grill Walk Barefoot Male - 1.wav","Timothy McHugh","Barefoot on Metal","https://sonniss.com/sound-effects/barefoot-on-metal-hd-sound-effects/","/Timothy McHugh -  Barefoot on Metal/FOOTSTEP - Metal Grill Walk Barefoot Male - 1.wav","barefoot|male|footstep|on|metal|grill|walking|footstep|metal|grill|walk|male|1wav|timothy mchugh|barefoot on metal"
"FOOTSTEP - Metal Grill Walk Barefoot Male - 13.wav","Timothy McHugh","Barefoot on Metal","https://sonniss.com/sound-effects/barefoot-on-metal-hd-sound-effects/","/Timothy McHugh -  Barefoot on Metal/FOOTSTEP - Metal Grill Walk Barefoot Male - 13.wav","barefoot|male|footstep|on|metal|grill|walking|footstep|metal|grill|walk|male|13wav|timothy mchugh|barefoot on metal"
"FOOTSTEP - Metal Grill Walk Barefoot Male - 15.wav","Timothy McHugh","Barefoot on Metal","https://sonniss.com/sound-effects/barefoot-on-metal-hd-sound-effects/","/Timothy McHugh -  Barefoot on Metal/FOOTSTEP - Metal Grill Walk Barefoot Male - 15.wav","barefoot|male|footstep|on|metal|grill|walking|footstep|metal|grill|walk|male|15wav|timothy mchugh|barefoot on metal"
"FOOTSTEP - Metal Plate Jump Barefoot Male - 17.wav","Timothy McHugh","Barefoot on Metal","https://sonniss.com/sound-effects/barefoot-on-metal-hd-sound-effects/","/Timothy McHugh -  Barefoot on Metal/FOOTSTEP - Metal Plate Jump Barefoot Male - 17.wav","barefoot|male|footstep|on|metal|plate|jumping|footstep|metal|plate|jump|male|17wav|timothy mchugh|barefoot on metal"
"FOOTSTEP - Metal Plate Land Barefoot Male - 1.wav","Timothy McHugh","Barefoot on Metal","https://sonniss.com/sound-effects/barefoot-on-metal-hd-sound-effects/","/Timothy McHugh -  Barefoot on Metal/FOOTSTEP - Metal Plate Land Barefoot Male - 1.wav","barefoot|male|footstep|on|metal|plate|landing|footstep|metal|plate|land|male|1wav|timothy mchugh|barefoot on metal"
"FOOTSTEP - Metal Plate Run Barefoot Male - 12.wav","Timothy McHugh","Barefoot on Metal","https://sonniss.com/sound-effects/barefoot-on-metal-hd-sound-effects/","/Timothy McHugh -  Barefoot on Metal/FOOTSTEP - Metal Plate Run Barefoot Male - 12.wav","barefoot|male|footstep|on|metal|plate|running|footstep|metal|plate|run|male|12wav|timothy mchugh|barefoot on metal"
"FOOTSTEP - Metal Plate Run Barefoot Male - 14.wav","Timothy McHugh","Barefoot on Metal","https://sonniss.com/sound-effects/barefoot-on-metal-hd-sound-effects/","/Timothy McHugh -  Barefoot on Metal/FOOTSTEP - Metal Plate Run Barefoot Male - 14.wav","barefoot|male|footstep|on|metal|plate|running|footstep|metal|plate|run|male|14wav|timothy mchugh|barefoot on metal"
"FOOTSTEP - Metal Plate Run Barefoot Male - 17.wav","Timothy McHugh","Barefoot on Metal","https://sonniss.com/sound-effects/barefoot-on-metal-hd-sound-effects/","/Timothy McHugh -  Barefoot on Metal/FOOTSTEP - Metal Plate Run Barefoot Male - 17.wav","barefoot|male|footstep|on|metal|plate|running|footstep|metal|plate|run|male|17wav|timothy mchugh|barefoot on metal"
"FOOTSTEP - Metal Plate Slide Barefoot Male - 11.wav","Timothy McHugh","Barefoot on Metal","https://sonniss.com/sound-effects/barefoot-on-metal-hd-sound-effects/","/Timothy McHugh -  Barefoot on Metal/FOOTSTEP - Metal Plate Slide Barefoot Male - 11.wav","barefoot|male|footstep|on|metal|plate|sliding|footstep|metal|plate|slide|male|11wav|timothy mchugh|barefoot on metal"
"FOOTSTEP - Metal Plate Walk Barefoot Male - 1.wav","Timothy McHugh","Barefoot on Metal","https://sonniss.com/sound-effects/barefoot-on-metal-hd-sound-effects/","/Timothy McHugh -  Barefoot on Metal/FOOTSTEP - Metal Plate Walk Barefoot Male - 1.wav","barefoot|male|footstep|on|metal|plate|walking|footstep|metal|plate|walk|male|1wav|timothy mchugh|barefoot on metal"
"FOOTSTEP - Metal Plate Walk Barefoot Male - 2.wav","Timothy McHugh","Barefoot on Metal","https://sonniss.com/sound-effects/barefoot-on-metal-hd-sound-effects/","/Timothy McHugh -  Barefoot on Metal/FOOTSTEP - Metal Plate Walk Barefoot Male - 2.wav","barefoot|male|footstep|on|metal|plate|walking|footstep|metal|plate|walk|male|2wav|timothy mchugh|barefoot on metal"
"FOOTSTEP - Metal Plate Walk Barefoot Male - 3.wav","Timothy McHugh","Barefoot on Metal","https://sonniss.com/sound-effects/barefoot-on-metal-hd-sound-effects/","/Timothy McHugh -  Barefoot on Metal/FOOTSTEP - Metal Plate Walk Barefoot Male - 3.wav","barefoot|male|footstep|on|metal|plate|walking|footstep|metal|plate|walk|male|3wav|timothy mchugh|barefoot on metal"
"AMBIENT - Beer Garden Large Crowd Talk On Benches Exterior - 02.wav","Timothy McHugh","Cafe Ambiances","https://sonniss.com/sound-effects/cafe-restaurant-ambiances-hd-sound-effects/","/Timothy McHugh - Cafe Ambiances/AMBIENT - Beer Garden Large Crowd Talk On Benches Exterior - 02.wav","exterior|beer|garden|seating|area|people|talking|close|proximity|consistent|crowd|in|background|ambient|beer|garden|large|crowd|talk|on|benches|02wav|timothy mchugh|cafe ambiances"
"AMBIENT - Busy Large Restaurant Interior - 01.wav","Timothy McHugh","Cafe Ambiances","https://sonniss.com/sound-effects/cafe-restaurant-ambiances-hd-sound-effects/","/Timothy McHugh - Cafe Ambiances/AMBIENT - Busy Large Restaurant Interior - 01.wav","interior|busy|restaurant|positioned|at|entrance|people|chat|medium|distance|consistent|crowd|background|ambient|busy|large|restaurant|01wav|timothy mchugh|cafe ambiances"
"AMBIENT - Small Cafe Interior - 01.wav","Timothy McHugh","Cafe Ambiances","https://sonniss.com/sound-effects/cafe-restaurant-ambiances-hd-sound-effects/","/Timothy McHugh - Cafe Ambiances/AMBIENT - Small Cafe Interior - 01.wav","interior|small|cafe|positioned|next|to|entrance|medium|chatter|ambient|small|cafe|01wav|timothy mchugh|cafe ambiances"
"WALLA - Crowd laugh and shout - Interior - Louder - 14.wav","Timothy McHugh","Crowd Laughter","https://sonniss.com/sound-effects/crowd-laughter-sound-effects/","/Timothy McHugh - Crowd Laughter/WALLA - Crowd laugh and shout - Interior - Louder - 14.wav","crowd|laugh|and|shout|interior|louder|walla|14wav|timothy mchugh|crowd laughter"
"WALLA - Crowd laugh and shout - Interior - Louder - 9.wav","Timothy McHugh","Crowd Laughter","https://sonniss.com/sound-effects/crowd-laughter-sound-effects/","/Timothy McHugh - Crowd Laughter/WALLA - Crowd laugh and shout - Interior - Louder - 9.wav","crowd|laugh|and|shout|interior|louder|walla|9wav|timothy mchugh|crowd laughter"
"WALLA - Crowd laugh and shout - Interior - Medium - 22.wav","Timothy McHugh","Crowd Laughter","https://sonniss.com/sound-effects/crowd-laughter-sound-effects/","/Timothy McHugh - Crowd Laughter/WALLA - Crowd laugh and shout - Interior - Medium - 22.wav","crowd|laugh|and|shout|interior|meidum|walla|medium|22wav|timothy mchugh|crowd laughter"
"WALLA - Crowd laugh and shout - Interior - Medium - 30.wav","Timothy McHugh","Crowd Laughter","https://sonniss.com/sound-effects/crowd-laughter-sound-effects/","/Timothy McHugh - Crowd Laughter/WALLA - Crowd laugh and shout - Interior - Medium - 30.wav","crowd|laugh|and|shout|interior|meidum|walla|medium|30wav|timothy mchugh|crowd laughter"
"WALLA - Crowd laugh and shout - Interior - Softer - 7.wav","Timothy McHugh","Crowd Laughter","https://sonniss.com/sound-effects/crowd-laughter-sound-effects/","/Timothy McHugh - Crowd Laughter/WALLA - Crowd laugh and shout - Interior - Softer - 7.wav","crowd|laugh|and|shout|interior|softer|walla|7wav|timothy mchugh|crowd laughter"
"gore - bone break and flesh tear dry - soft - 5.wav","Timothy McHugh","Gorification [HD]","https://sonniss.com/sound-effects/blood-and-bone-break-gore-sound-effects/","/Timothy McHugh - Gorification [HD]/gore - bone break and flesh tear dry - soft - 5.wav","bone|break|and|flesh|tear|dry|soft|gore|5wav|timothy mchugh|gorification [hd]"
"gore - bone break wet juicy - hard - 2.wav","Timothy McHugh","Gorification [HD]","https://sonniss.com/sound-effects/blood-and-bone-break-gore-sound-effects/","/Timothy McHugh - Gorification [HD]/gore - bone break wet juicy - hard - 2.wav","bone|break|wet|juicy|hard|gore|2wav|timothy mchugh|gorification [hd]"
"gore - crunchy flesh impact and blood squirt - hard -  8.wav","Timothy McHugh","Gorification [HD]","https://sonniss.com/sound-effects/blood-and-bone-break-gore-sound-effects/","/Timothy McHugh - Gorification [HD]/gore - crunchy flesh impact and blood squirt - hard -  8.wav","crunchy|flesh|impact|and|blood|squirt|hard|gore|8wav|timothy mchugh|gorification [hd]"
"gore - flesh and bone crunch - hard - 5.wav","Timothy McHugh","Gorification [HD]","https://sonniss.com/sound-effects/blood-and-bone-break-gore-sound-effects/","/Timothy McHugh - Gorification [HD]/gore - flesh and bone crunch - hard - 5.wav","flesh|and|bone|crunch|hard|gore|5wav|timothy mchugh|gorification [hd]"
"gore - flesh and bone crunch wet - hard - 4.wav","Timothy McHugh","Gorification [HD]","https://sonniss.com/sound-effects/blood-and-bone-break-gore-sound-effects/","/Timothy McHugh - Gorification [HD]/gore - flesh and bone crunch wet - hard - 4.wav","flesh|and|bone|crunch|wet|hard|gore|4wav|timothy mchugh|gorification [hd]"
"gore - flesh guts gore impact blood squirt wet - hard - 49.wav","Timothy McHugh","Gorification [HD]","https://sonniss.com/sound-effects/blood-and-bone-break-gore-sound-effects/","/Timothy McHugh - Gorification [HD]/gore - flesh guts gore impact blood squirt wet - hard - 49.wav","flesh|guts|gore|impact|blood|squirt|wet|hard|49wav|timothy mchugh|gorification [hd]"
"gore - flesh guts gore impact blood squirt wet - medium - 104.wav","Timothy McHugh","Gorification [HD]","https://sonniss.com/sound-effects/blood-and-bone-break-gore-sound-effects/","/Timothy McHugh - Gorification [HD]/gore - flesh guts gore impact blood squirt wet - medium - 104.wav","flesh|guts|gore|impact|blood|squirt|wet|medium|104wav|timothy mchugh|gorification [hd]"
"gore - flesh guts gore movements wet - 22.wav","Timothy McHugh","Gorification [HD]","https://sonniss.com/sound-effects/blood-and-bone-break-gore-sound-effects/","/Timothy McHugh - Gorification [HD]/gore - flesh guts gore movements wet - 22.wav","flesh|guts|gore|movements|wet|22wav|timothy mchugh|gorification [hd]"
"gore - large metal blade wet stab slash and remove from flesh - hard - 1.wav","Timothy McHugh","Gorification [HD]","https://sonniss.com/sound-effects/blood-and-bone-break-gore-sound-effects/","/Timothy McHugh - Gorification [HD]/gore - large metal blade wet stab slash and remove from flesh - hard - 1.wav","large|metal|blade|wet|stab|slash|and|remove|from|flesh|hard|gore|1wav|timothy mchugh|gorification [hd]"
"gore - large metal blade wet stab slash and remove from flesh - hard - 4.wav","Timothy McHugh","Gorification [HD]","https://sonniss.com/sound-effects/blood-and-bone-break-gore-sound-effects/","/Timothy McHugh - Gorification [HD]/gore - large metal blade wet stab slash and remove from flesh - hard - 4.wav","large|metal|blade|wet|stab|slash|and|remove|from|flesh|hard|gore|4wav|timothy mchugh|gorification [hd]"
"gore - large metal blade wet stab slash and remove from flesh - medium - 14.wav","Timothy McHugh","Gorification [HD]","https://sonniss.com/sound-effects/blood-and-bone-break-gore-sound-effects/","/Timothy McHugh - Gorification [HD]/gore - large metal blade wet stab slash and remove from flesh - medium - 14.wav","large|metal|blade|wet|stab|slash|and|remove|from|flesh|medium|gore|14wav|timothy mchugh|gorification [hd]"
"gore - large metal knife muted ring - 1.wav","Timothy McHugh","Gorification [HD]","https://sonniss.com/sound-effects/blood-and-bone-break-gore-sound-effects/","/Timothy McHugh - Gorification [HD]/gore - large metal knife muted ring - 1.wav","large|metal|knife|muted|ring|scrape|scratch|gore|large|1wav|timothy mchugh|gorification [hd]"
"gore - large metal knife muted ring - 13.wav","Timothy McHugh","Gorification [HD]","https://sonniss.com/sound-effects/blood-and-bone-break-gore-sound-effects/","/Timothy McHugh - Gorification [HD]/gore - large metal knife muted ring - 13.wav","large|metal|knife|muted|ring|scrape|scratch|gore|large|13wav|timothy mchugh|gorification [hd]"
"gore - large metal knife muted ring - 34.wav","Timothy McHugh","Gorification [HD]","https://sonniss.com/sound-effects/blood-and-bone-break-gore-sound-effects/","/Timothy McHugh - Gorification [HD]/gore - large metal knife muted ring - 34.wav","large|metal|knife|muted|ring|scrape|scratch|gore|large|34wav|timothy mchugh|gorification [hd]"
"gore - large metal knife ring - 8.wav","Timothy McHugh","Gorification [HD]","https://sonniss.com/sound-effects/blood-and-bone-break-gore-sound-effects/","/Timothy McHugh - Gorification [HD]/gore - large metal knife ring - 8.wav","large|metal|knife|long|ring|scrape|scratch|gore|large|8wav|timothy mchugh|gorification [hd]"
"gore - medium metal blade wet impact in to flesh and removed - 6.wav","Timothy McHugh","Gorification [HD]","https://sonniss.com/sound-effects/blood-and-bone-break-gore-sound-effects/","/Timothy McHugh - Gorification [HD]/gore - medium metal blade wet impact in to flesh and removed - 6.wav","medium|metal|blade|wet|impact|in|to|flesh|and|removed|gore|6wav|timothy mchugh|gorification [hd]"
"gore - metal knife swing - 17.wav","Timothy McHugh","Gorification [HD]","https://sonniss.com/sound-effects/blood-and-bone-break-gore-sound-effects/","/Timothy McHugh - Gorification [HD]/gore - metal knife swing - 17.wav","small|knife|swing|cut|through|air|gore|metal|17wav|timothy mchugh|gorification [hd]"
"gore - metal knife swing - 4.wav","Timothy McHugh","Gorification [HD]","https://sonniss.com/sound-effects/blood-and-bone-break-gore-sound-effects/","/Timothy McHugh - Gorification [HD]/gore - metal knife swing - 4.wav","small|knife|swing|cut|through|air|gore|metal|4wav|timothy mchugh|gorification [hd]"
"gore - metal knife swing - 5.wav","Timothy McHugh","Gorification [HD]","https://sonniss.com/sound-effects/blood-and-bone-break-gore-sound-effects/","/Timothy McHugh - Gorification [HD]/gore - metal knife swing - 5.wav","small|knife|swing|cut|through|air|gore|metal|5wav|timothy mchugh|gorification [hd]"
"gore - small metal blade flesh movement with rip and gouge wet - 1.wav","Timothy McHugh","Gorification [HD]","https://sonniss.com/sound-effects/blood-and-bone-break-gore-sound-effects/","/Timothy McHugh - Gorification [HD]/gore - small metal blade flesh movement with rip and gouge wet - 1.wav","small|metal|blade|flesh|movement|with|rip|and|gouge|wet|gore|1wav|timothy mchugh|gorification [hd]"
"gore - wood beating flesh wet blood splat - medium - 11.wav","Timothy McHugh","Gorification [HD]","https://sonniss.com/sound-effects/blood-and-bone-break-gore-sound-effects/","/Timothy McHugh - Gorification [HD]/gore - wood beating flesh wet blood splat - medium - 11.wav","wood|beating|flesh|wet|blood|splat|medium|gore|11wav|timothy mchugh|gorification [hd]"
"gore - wood beating flesh wet blood splat - soft - 14.wav","Timothy McHugh","Gorification [HD]","https://sonniss.com/sound-effects/blood-and-bone-break-gore-sound-effects/","/Timothy McHugh - Gorification [HD]/gore - wood beating flesh wet blood splat - soft - 14.wav","wood|beating|flesh|wet|blood|splat|soft|gore|14wav|timothy mchugh|gorification [hd]"
"gore - wood beating flesh wet blood splat - soft - 4.wav","Timothy McHugh","Gorification [HD]","https://sonniss.com/sound-effects/blood-and-bone-break-gore-sound-effects/","/Timothy McHugh - Gorification [HD]/gore - wood beating flesh wet blood splat - soft - 4.wav","wood|beating|flesh|wet|blood|splat|soft|gore|4wav|timothy mchugh|gorification [hd]"
"Key19.wav","Varazuvi","California Foley","https://sonniss.com/","/Varazuvi - California Foley/Key19.wav","key19wav|varazuvi|california foley"
"coins2.wav","Varazuvi","California Foley","https://sonniss.com/","/Varazuvi - California Foley/coins2.wav","coins2wav|varazuvi|california foley"
"door28.wav","Varazuvi","California Foley","https://sonniss.com/","/Varazuvi - California Foley/door28.wav","door28wav|varazuvi|california foley"
"stone29.wav","Varazuvi","California Foley","https://sonniss.com/","/Varazuvi - California Foley/stone29.wav","stone29wav|varazuvi|california foley"
"Dragon Long Huff 2.wav","Varazuvi","Hollywood Dragons","https://sonniss.com/","/Varazuvi - Hollywood Dragons/Dragon Long Huff 2.wav","dragon|long|huff|2wav|varazuvi|hollywood dragons"
"Dragon Mouth Flutter 2.wav","Varazuvi","Hollywood Dragons","https://sonniss.com/","/Varazuvi - Hollywood Dragons/Dragon Mouth Flutter 2.wav","dragon|mouth|flutter|2wav|varazuvi|hollywood dragons"
"Dragon Roaring 4.wav","Varazuvi","Hollywood Dragons","https://sonniss.com/","/Varazuvi - Hollywood Dragons/Dragon Roaring 4.wav","dragon|roaring|4wav|varazuvi|hollywood dragons"
"Dragon Short Huff.wav","Varazuvi","Hollywood Dragons","https://sonniss.com/","/Varazuvi - Hollywood Dragons/Dragon Short Huff.wav","dragon|short|huffwav|varazuvi|hollywood dragons"
"CloudsMoving.wav","Varazuvi","Natural Environments","https://sonniss.com/","/Varazuvi - Natural Environments/CloudsMoving.wav","cloudsmovingwav|varazuvi|natural environments"
"Environment-DeforestationTreesBeingCutDown.wav","Varazuvi","Natural Environments","https://sonniss.com/","/Varazuvi - Natural Environments/Environment-DeforestationTreesBeingCutDown.wav","environmentdeforestationtreesbeingcutdownwav|varazuvi|natural environments"
"RainLoopHeavy.wav","Varazuvi","Natural Environments","https://sonniss.com/","/Varazuvi - Natural Environments/RainLoopHeavy.wav","rainloopheavywav|varazuvi|natural environments"
"RainLoopLight.wav","Varazuvi","Natural Environments","https://sonniss.com/","/Varazuvi - Natural Environments/RainLoopLight.wav","rainlooplightwav|varazuvi|natural environments"
"Animal-DeerPullingBarkFromTree.wav","Varazuvi","Natural Variety","https://sonniss.com/","/Varazuvi - Natural Variety/Animal-DeerPullingBarkFromTree.wav","animaldeerpullingbarkfromtreewav|varazuvi|natural variety"
"AnimalDiggingDirt.wav","Varazuvi","Natural Variety","https://sonniss.com/","/Varazuvi - Natural Variety/AnimalDiggingDirt.wav","animaldiggingdirtwav|varazuvi|natural variety"
"Insect-Ants.wav","Varazuvi","Natural Variety","https://sonniss.com/","/Varazuvi - Natural Variety/Insect-Ants.wav","insectantswav|varazuvi|natural variety"
"PlantGrowth.wav","Varazuvi","Natural Variety","https://sonniss.com/","/Varazuvi - Natural Variety/PlantGrowth.wav","plantgrowthwav|varazuvi|natural variety"
"Whale Call High (echo) 14.wav","Varazuvi","Underwater Whale","https://sonniss.com/","/Varazuvi - Underwater Whale/Whale Call High (echo) 14.wav","whale|call|high|(echo)|14wav|varazuvi|underwater whale"
"Whale Call Low (echo) 9.wav","Varazuvi","Underwater Whale","https://sonniss.com/","/Varazuvi - Underwater Whale/Whale Call Low (echo) 9.wav","whale|call|low|(echo)|9wav|varazuvi|underwater whale"
"Whale Call Mid (echo) 8.wav","Varazuvi","Underwater Whale","https://sonniss.com/","/Varazuvi - Underwater Whale/Whale Call Mid (echo) 8.wav","whale|call|mid|(echo)|8wav|varazuvi|underwater whale"
"Whale Call-Answer Close (echo) 7.wav","Varazuvi","Underwater Whale","https://sonniss.com/","/Varazuvi - Underwater Whale/Whale Call-Answer Close (echo) 7.wav","whale|callanswer|close|(echo)|7wav|varazuvi|underwater whale"
"amb_JD_drone_clattering_machine.wav","Whatisvalis","unEarthy Ambience","https://sonniss.com/","/Whatisvalis - unEarthy Ambience/amb_JD_drone_clattering_machine.wav","amb_jd_drone_clattering_machinewav|whatisvalis|unearthy ambience"
"amb_JD_drone_gates_ofmydian.wav","Whatisvalis","unEarthy Ambience","https://sonniss.com/","/Whatisvalis - unEarthy Ambience/amb_JD_drone_gates_ofmydian.wav","amb_jd_drone_gates_ofmydianwav|whatisvalis|unearthy ambience"
"amb_JD_drone_pulsing_darkness.wav","Whatisvalis","unEarthy Ambience","https://sonniss.com/","/Whatisvalis - unEarthy Ambience/amb_JD_drone_pulsing_darkness.wav","amb_jd_drone_pulsing_darknesswav|whatisvalis|unearthy ambience"
"amb_JD_drone_spinning_top.wav","Whatisvalis","unEarthy Ambience","https://sonniss.com/","/Whatisvalis - unEarthy Ambience/amb_JD_drone_spinning_top.wav","amb_jd_drone_spinning_topwav|whatisvalis|unearthy ambience"