"FILENAME","LIBRARY","SUPPLIER","URL","DOWNLOAD","TAGS"
"dry hard metal impact with rust debris 20.wav","Black Metal","Alexander Kopeikin","http://www.sonniss.com/sound-effects/black-metal/","/Sonniss - GDC 2016 - Game Audio Bundle/Alexander Kopeikin - Black Metal/dry hard metal impact with rust debris 20.wav","metal|impact|hard|sheet|with|rust|debris|closeup|dry|20wav|black metal|alexander kopeikin"
"dry rusty metal impact with collapse 08.wav","Black Metal","Alexander Kopeikin","http://www.sonniss.com/sound-effects/black-metal/","/Sonniss - GDC 2016 - Game Audio Bundle/Alexander Kopeikin - Black Metal/dry rusty metal impact with collapse 08.wav","metal|impact|rusty|sheet|with|collapse|closeup|dry|08wav|black metal|alexander kopeikin"
"heavy sheet metal low groan 13.wav","Black Metal","Alexander Kopeikin","http://www.sonniss.com/sound-effects/black-metal/","/Sonniss - GDC 2016 - Game Audio Bundle/Alexander Kopeikin - Black Metal/heavy sheet metal low groan 13.wav","sheet|metal|heavy|low|groan|13wav|black metal|alexander kopeikin"
"metal, heavy creaks, shipwreck, submarine deformation under pressure 07.wav","Black Metal","Alexander Kopeikin","http://www.sonniss.com/sound-effects/black-metal/","/Sonniss - GDC 2016 - Game Audio Bundle/Alexander Kopeikin - Black Metal/metal, heavy creaks, shipwreck, submarine deformation under pressure 07.wav","metal|heavy|creaks|shipwreck|submarine|deformation|under|pressure|07wav|black metal|alexander kopeikin"
"rock impact medium 26.wav","Rocks","Alexander Kopeikin","http://www.sonniss.com/sound-effects/rocks-sfx-library/","/Sonniss - GDC 2016 - Game Audio Bundle/Alexander Kopeikin - Rocks/rock impact medium 26.wav","rock|rockslide|impact|on|medium|26wav|rocks|alexander kopeikin"
"rock tumble down debris long 06.wav","Rocks","Alexander Kopeikin","http://www.sonniss.com/sound-effects/rocks-sfx-library/","/Sonniss - GDC 2016 - Game Audio Bundle/Alexander Kopeikin - Rocks/rock tumble down debris long 06.wav","rock|rockslide|tumbling|down|slope|small|and|mediumsized|stones|rolling|long|tumble|debris|06wav|rocks|alexander kopeikin"
"rocks stream down heavy 02.wav","Rocks","Alexander Kopeikin","http://www.sonniss.com/sound-effects/rocks-sfx-library/","/Sonniss - GDC 2016 - Game Audio Bundle/Alexander Kopeikin - Rocks/rocks stream down heavy 02.wav","rock|rockslide|mass|of|stones|tumbling|down|slope|heavy|rocks|stream|02wav|rocks|alexander kopeikin"
"soil and dirt debris heavy 13.wav","Rocks","Alexander Kopeikin","http://www.sonniss.com/sound-effects/rocks-sfx-library/","/Sonniss - GDC 2016 - Game Audio Bundle/Alexander Kopeikin - Rocks/soil and dirt debris heavy 13.wav","rock|rockslide|dirt|debris|falling|landslide|or|explosion|heavy|soil|and|13wav|rocks|alexander kopeikin"
"sci-fi metal boiling metal spill 05.wav","Sci-Fi Metal Elements HD","Alexander Kopeikin","http://www.sonniss.com/sound-effects/sci-fi-metal-elements-hd/","/Sonniss - GDC 2016 - Game Audio Bundle/Alexander Kopeikin - Sci-Fi Metal Elements HD/sci-fi metal boiling metal spill 05.wav","scifi|metal|boiling|molten|spilled|on|hard|surface|spill|05wav|sci-fi metal elements hd|alexander kopeikin"
"sci-fi metal deformation, buckling and melting 33.wav","Sci-Fi Metal Elements HD","Alexander Kopeikin","http://www.sonniss.com/sound-effects/sci-fi-metal-elements-hd/","/Sonniss - GDC 2016 - Game Audio Bundle/Alexander Kopeikin - Sci-Fi Metal Elements HD/sci-fi metal deformation, buckling and melting 33.wav","scifi|metal|deformation|destruction|buckling|and|melting|33wav|sci-fi metal elements hd|alexander kopeikin"
"sci-fi metal destruction tone, vaporizing metal, cracking.wav","Sci-Fi Metal Elements HD","Alexander Kopeikin","http://www.sonniss.com/sound-effects/sci-fi-metal-elements-hd/","/Sonniss - GDC 2016 - Game Audio Bundle/Alexander Kopeikin - Sci-Fi Metal Elements HD/sci-fi metal destruction tone, vaporizing metal, cracking.wav","scifi|metal|destruction|tone|vaporizing|plate|cracking|crackingwav|sci-fi metal elements hd|alexander kopeikin"
"sci-fi metal impact, steel bulkhead hit, low 01.wav","Sci-Fi Metal Elements HD","Alexander Kopeikin","http://www.sonniss.com/sound-effects/sci-fi-metal-elements-hd/","/Sonniss - GDC 2016 - Game Audio Bundle/Alexander Kopeikin - Sci-Fi Metal Elements HD/sci-fi metal impact, steel bulkhead hit, low 01.wav","scifi|metal|impact|steel|wall|bulkhead|hit|low|01wav|sci-fi metal elements hd|alexander kopeikin"
"ambience, port, cranes unloading cargo, loud impacts, night crickets in bg.wav","St Petersburg","Alexander Kopeikin","http://www.sonniss.com/sound-effects/st-petersburg/","/Sonniss - GDC 2016 - Game Audio Bundle/Alexander Kopeikin - St Petersburg/ambience, port, cranes unloading cargo, loud impacts, night crickets in bg.wav","ambience|port|cranes|unloading|cargo|loud|impacts|night|crickets|in|bg|russia|saint|petersburg|bgwav|st petersburg|alexander kopeikin"
"churches, service at Peter and Paul cathedral.wav","St Petersburg","Alexander Kopeikin","http://www.sonniss.com/sound-effects/st-petersburg/","/Sonniss - GDC 2016 - Game Audio Bundle/Alexander Kopeikin - St Petersburg/churches, service at Peter and Paul cathedral.wav","churches|service|at|peter|and|paul|cathedral|choir|singing|russia|saint|petersburg|cathedralwav|st petersburg|alexander kopeikin"
"room tone, Vyborg, city library, voices, footsteps.wav","St Petersburg","Alexander Kopeikin","http://www.sonniss.com/sound-effects/st-petersburg/","/Sonniss - GDC 2016 - Game Audio Bundle/Alexander Kopeikin - St Petersburg/room tone, Vyborg, city library, voices, footsteps.wav","room|tone|vyborg|city|library|voices|footsteps|russia|saint|petersburg|footstepswav|st petersburg|alexander kopeikin"
"traffic on a highway, trucks, St Petersburg to Moscow.wav","St Petersburg","Alexander Kopeikin","http://www.sonniss.com/sound-effects/st-petersburg/","/Sonniss - GDC 2016 - Game Audio Bundle/Alexander Kopeikin - St Petersburg/traffic on a highway, trucks, St Petersburg to Moscow.wav","traffic|on|a|highway|trucks|st|petersburg|to|moscow|russia|saint|moscowwav|st petersburg|alexander kopeikin"
"Dog Team Travelling Onboard Intense.wav","Kamchatka Peninsula Ambiences","Alexey Sinitsyn","http://www.sonniss.com/sound-effects/kamchatka-peninsula-ambiences/","/Sonniss - GDC 2016 - Game Audio Bundle/Alexey Sinitsyn - Kamchatka Peninsula Ambiences/Dog Team Travelling Onboard Intense.wav","dog|team|travelling|onboard|intense|wood|creek|and|squeak|sledge|ride|intensewav|kamchatka peninsula ambiences|alexey sinitsyn"
"Kamchatka, Distant Cargo Port. Wind, Prop Planes Overhead, Mechanisms, Distant Dogs, Transportation Truck Pass By.wav","Kamchatka Peninsula Ambiences","Alexey Sinitsyn","http://www.sonniss.com/sound-effects/kamchatka-peninsula-ambiences/","/Sonniss - GDC 2016 - Game Audio Bundle/Alexey Sinitsyn - Kamchatka Peninsula Ambiences/Kamchatka, Distant Cargo Port. Wind, Prop Planes Overhead, Mechanisms, Distant Dogs, Transportation Truck Pass By.wav","kamchatka|distant|cargo|port|wind|prop|planes|overhead|mechanisms|dogs|transportation|truck|passes|pass|bywav|kamchatka peninsula ambiences|alexey sinitsyn"
"Audiobeast_Large_Warehouse_Colt_M1911_.45_ACP_Pistol_10m_MKH8040_Pair_001_Single_Shot_x6.wav","The London Warehouse Firearms Library","Audiobeast","http://www.sonniss.com/sound-effects/london-warehouse-firearms-library/","/Sonniss - GDC 2016 - Game Audio Bundle/Audiobeast - The London Warehouse Firearms Library/Audiobeast_Large_Warehouse_Colt_M1911_.45_ACP_Pistol_10m_MKH8040_Pair_001_Single_Shot_x6.wav","audiobeast_large_warehouse_colt_m1911_45_acp_pistol_10m_mkh8040_pair_001_single_shot_x6|audiobeast_large_warehouse_colt_m1911_45_acp_pistol_10m_mkh8040_pair_001_single_shot_x6wav|the london warehouse firearms library|audiobeast"
"Audiobeast_Medium_Warehouse_Browning_M2_.50_Machine_Gun_03m_RSM191_MS_Raw_002_Burst_x2.wav","The London Warehouse Firearms Library","Audiobeast","http://www.sonniss.com/sound-effects/london-warehouse-firearms-library/","/Sonniss - GDC 2016 - Game Audio Bundle/Audiobeast - The London Warehouse Firearms Library/Audiobeast_Medium_Warehouse_Browning_M2_.50_Machine_Gun_03m_RSM191_MS_Raw_002_Burst_x2.wav","audiobeast_medium_warehouse_browning_m2_50_machine_gun_03m_rsm191_ms_raw_002_burst_x2|audiobeast_medium_warehouse_browning_m2_50_machine_gun_03m_rsm191_ms_raw_002_burst_x2wav|the london warehouse firearms library|audiobeast"
"Audiobeast_Medium_Warehouse_Remington_870_12g_Pump_Action_Shotgun_10m_U87_001_Single_Shot_x8.wav","The London Warehouse Firearms Library","Audiobeast","http://www.sonniss.com/sound-effects/london-warehouse-firearms-library/","/Sonniss - GDC 2016 - Game Audio Bundle/Audiobeast - The London Warehouse Firearms Library/Audiobeast_Medium_Warehouse_Remington_870_12g_Pump_Action_Shotgun_10m_U87_001_Single_Shot_x8.wav","audiobeast_medium_warehouse_remington_870_12g_pump_action_shotgun_10m_u87_001_single_shot_x8|audiobeast_medium_warehouse_remington_870_12g_pump_action_shotgun_10m_u87_001_single_shot_x8wav|the london warehouse firearms library|audiobeast"
"Audiobeast_Small_Room_H&K_416_5.56_Assault_Rifle_05m_LS5_001_Single_Shot_x1.wav","The London Warehouse Firearms Library","Audiobeast","http://www.sonniss.com/sound-effects/london-warehouse-firearms-library/","/Sonniss - GDC 2016 - Game Audio Bundle/Audiobeast - The London Warehouse Firearms Library/Audiobeast_Small_Room_H&K_416_5.56_Assault_Rifle_05m_LS5_001_Single_Shot_x1.wav","audiobeast_small_room_h&k_416_556_assault_rifle_05m_ls5_001_single_shot_x1|audiobeast_small_room_h&k_416_556_assault_rifle_05m_ls5_001_single_shot_x1wav|the london warehouse firearms library|audiobeast"
"Insect, Fly - 02 - take off, flying away, landing.wav","The Fly","Audionym","http://www.sonniss.com/sound-effects/fly/","/Sonniss - GDC 2016 - Game Audio Bundle/Audionym - The Fly/Insect, Fly - 02 - take off, flying away, landing.wav","take|off|flying|away|landing|insect|fly|02|landingwav|the fly|audionym"
"Insect, Fly - 12 - take off, flying away, landing.wav","The Fly","Audionym","http://www.sonniss.com/sound-effects/fly/","/Sonniss - GDC 2016 - Game Audio Bundle/Audionym - The Fly/Insect, Fly - 12 - take off, flying away, landing.wav","take|off|flying|away|landing|insect|fly|12|landingwav|the fly|audionym"
"Insect, Fly - 31 - buzzing around, pass by, landing.wav","The Fly","Audionym","http://www.sonniss.com/sound-effects/fly/","/Sonniss - GDC 2016 - Game Audio Bundle/Audionym - The Fly/Insect, Fly - 31 - buzzing around, pass by, landing.wav","buzzing|around|pass|by|landing|insect|fly|31|landingwav|the fly|audionym"
"Insect, Fly - 38 - taking off, buzzing around, landing close.wav","The Fly","Audionym","http://www.sonniss.com/sound-effects/fly/","/Sonniss - GDC 2016 - Game Audio Bundle/Audionym - The Fly/Insect, Fly - 38 - taking off, buzzing around, landing close.wav","taking|off|buzzing|around|landing|close|insect|fly|38|closewav|the fly|audionym"
"Signum_source_composite_impact_2.wav","SIGNUM/ Sci-fi Cinematic SFX Pack","Arty","http://www.sonniss.com/sound-effects/signum-sci-fi-cinematic-sfx-pack/","/Sonniss - GDC 2016 - Game Audio Bundle/Blik Blinks - SIGNUM_ Sci-fi Cinematic SFX Pack/Signum_source_composite_impact_2.wav","signum_source_composite_impact_2wav|signum/ sci-fi cinematic sfx pack|arty"
"Signum_source_synth_impact_high-pitched_5.wav","SIGNUM/ Sci-fi Cinematic SFX Pack","Arty","http://www.sonniss.com/sound-effects/signum-sci-fi-cinematic-sfx-pack/","/Sonniss - GDC 2016 - Game Audio Bundle/Blik Blinks - SIGNUM_ Sci-fi Cinematic SFX Pack/Signum_source_synth_impact_high-pitched_5.wav","signum_source_synth_impact_highpitched_5wav|signum/ sci-fi cinematic sfx pack|arty"
"Signum_Value_rjhy.wav","SIGNUM/ Sci-fi Cinematic SFX Pack","Arty","http://www.sonniss.com/sound-effects/signum-sci-fi-cinematic-sfx-pack/","/Sonniss - GDC 2016 - Game Audio Bundle/Blik Blinks - SIGNUM_ Sci-fi Cinematic SFX Pack/Signum_Value_rjhy.wav","signum_value_rjhywav|signum/ sci-fi cinematic sfx pack|arty"
"Signum_Value_xzvz.wav","SIGNUM/ Sci-fi Cinematic SFX Pack","Arty","http://www.sonniss.com/sound-effects/signum-sci-fi-cinematic-sfx-pack/","/Sonniss - GDC 2016 - Game Audio Bundle/Blik Blinks - SIGNUM_ Sci-fi Cinematic SFX Pack/Signum_Value_xzvz.wav","signum_value_xzvzwav|signum/ sci-fi cinematic sfx pack|arty"
"Bluezone-BC0212-ambience-053.wav","Cinematic Tension Sound Effects","Bluezone","http://www.sonniss.com/sound-effects/cinematic-tension-sound-effects/","/Sonniss - GDC 2016 - Game Audio Bundle/Bluezone - Cinematic Tension Sound Effects/Bluezone-BC0212-ambience-053.wav","bluezonebc0212ambience053wav|cinematic tension sound effects|bluezone"
"Bluezone-BC0212-impact-007.wav","Cinematic Tension Sound Effects","Bluezone","http://www.sonniss.com/sound-effects/cinematic-tension-sound-effects/","/Sonniss - GDC 2016 - Game Audio Bundle/Bluezone - Cinematic Tension Sound Effects/Bluezone-BC0212-impact-007.wav","bluezonebc0212impact007wav|cinematic tension sound effects|bluezone"
"Bluezone-BC0212-rise-001.wav","Cinematic Tension Sound Effects","Bluezone","http://www.sonniss.com/sound-effects/cinematic-tension-sound-effects/","/Sonniss - GDC 2016 - Game Audio Bundle/Bluezone - Cinematic Tension Sound Effects/Bluezone-BC0212-rise-001.wav","bluezonebc0212rise001wav|cinematic tension sound effects|bluezone"
"Bluezone-BC0212-sound-effect-004.wav","Cinematic Tension Sound Effects","Bluezone","http://www.sonniss.com/sound-effects/cinematic-tension-sound-effects/","/Sonniss - GDC 2016 - Game Audio Bundle/Bluezone - Cinematic Tension Sound Effects/Bluezone-BC0212-sound-effect-004.wav","bluezonebc0212soundeffect004wav|cinematic tension sound effects|bluezone"
"Bluezone-BC0217-chime-texture-011.wav","Scary Ambiences and Sound Effects","Bluezone","http://www.sonniss.com/sound-effects/scary-ambiences-sound-effects/","/Sonniss - GDC 2016 - Game Audio Bundle/Bluezone - Scary Ambiences and Sound Effects/Bluezone-BC0217-chime-texture-011.wav","bluezonebc0217chimetexture011wav|scary ambiences and sound effects|bluezone"
"Bluezone-BC0217-dark-ambience-047.wav","Scary Ambiences and Sound Effects","Bluezone","http://www.sonniss.com/sound-effects/scary-ambiences-sound-effects/","/Sonniss - GDC 2016 - Game Audio Bundle/Bluezone - Scary Ambiences and Sound Effects/Bluezone-BC0217-dark-ambience-047.wav","bluezonebc0217darkambience047wav|scary ambiences and sound effects|bluezone"
"Bluezone-BC0217-impact-014.wav","Scary Ambiences and Sound Effects","Bluezone","http://www.sonniss.com/sound-effects/scary-ambiences-sound-effects/","/Sonniss - GDC 2016 - Game Audio Bundle/Bluezone - Scary Ambiences and Sound Effects/Bluezone-BC0217-impact-014.wav","bluezonebc0217impact014wav|scary ambiences and sound effects|bluezone"
"Bluezone-BC0217-sound-effect-004.wav","Scary Ambiences and Sound Effects","Bluezone","http://www.sonniss.com/sound-effects/scary-ambiences-sound-effects/","/Sonniss - GDC 2016 - Game Audio Bundle/Bluezone - Scary Ambiences and Sound Effects/Bluezone-BC0217-sound-effect-004.wav","bluezonebc0217soundeffect004wav|scary ambiences and sound effects|bluezone"
"06_FIREWORKS_Stanley Park_Neumann KMR 81+SD 702.wav","Fireworks","Bombay Sonic","http://www.sonniss.com/sound-effects/fireworks/","/Sonniss - GDC 2016 - Game Audio Bundle/Bombay Sonic - Fireworks/06_FIREWORKS_Stanley Park_Neumann KMR 81+SD 702.wav","06_fireworks_stanley|park_neumann|kmr|81+sd|702wav|fireworks|bombay sonic"
"FIREWORKS_DR05_01.wav","Fireworks","Bombay Sonic","http://www.sonniss.com/sound-effects/fireworks/","/Sonniss - GDC 2016 - Game Audio Bundle/Bombay Sonic - Fireworks/FIREWORKS_DR05_01.wav","fireworks_dr05_01wav|fireworks|bombay sonic"
"FIREWORKS_Neumann KMR81+SD702_Slapbacks_13.wav","Fireworks","Bombay Sonic","http://www.sonniss.com/sound-effects/fireworks/","/Sonniss - GDC 2016 - Game Audio Bundle/Bombay Sonic - Fireworks/FIREWORKS_Neumann KMR81+SD702_Slapbacks_13.wav","fireworks_neumann|kmr81+sd702_slapbacks_13wav|fireworks|bombay sonic"
"FIREWORKS_Neumann KMR81+SD702+DR40_03.wav","Fireworks","Bombay Sonic","http://www.sonniss.com/sound-effects/fireworks/","/Sonniss - GDC 2016 - Game Audio Bundle/Bombay Sonic - Fireworks/FIREWORKS_Neumann KMR81+SD702+DR40_03.wav","fireworks_neumann|kmr81+sd702+dr40_03wav|fireworks|bombay sonic"
"Printing Press,Fast,Grinding,Hydraulics,Whirring.wav","Heidelberg Printing Press","Bombay Sonic","http://www.sonniss.com/sound-effects/heidelberg-printing-press/","/Sonniss - GDC 2016 - Game Audio Bundle/Bombay Sonic - Heidelberg Printing Press/Printing Press,Fast,Grinding,Hydraulics,Whirring.wav","printing|press|fast|grinding|hydraulics|whirringwav|heidelberg printing press|bombay sonic"
"Printing Press,Slow, Machine, Start.wav","Heidelberg Printing Press","Bombay Sonic","http://www.sonniss.com/sound-effects/heidelberg-printing-press/","/Sonniss - GDC 2016 - Game Audio Bundle/Bombay Sonic - Heidelberg Printing Press/Printing Press,Slow, Machine, Start.wav","printing|press|slow|machine|startwav|heidelberg printing press|bombay sonic"
"Rajdoot,motorcycle,approach,by,away,fast,rattle 02.wav","Yamaha Rajdoot 175cc","Bombay Sonic","http://www.sonniss.com/sound-effects/yamaha-rajdoot-175cc/","/Sonniss - GDC 2016 - Game Audio Bundle/Bombay Sonic - Yamaha Rajdoot 175cc/Rajdoot,motorcycle,approach,by,away,fast,rattle 02.wav","rajdoot|motorcycle|approach|by|away|fast|rattle|02wav|yamaha rajdoot 175cc|bombay sonic"
"Rajdoot,motorcycle,kick,start,rev,away,slow.wav","Yamaha Rajdoot 175cc","Bombay Sonic","http://www.sonniss.com/sound-effects/yamaha-rajdoot-175cc/","/Sonniss - GDC 2016 - Game Audio Bundle/Bombay Sonic - Yamaha Rajdoot 175cc/Rajdoot,motorcycle,kick,start,rev,away,slow.wav","rajdoot|motorcycle|kick|start|rev|away|slowwav|yamaha rajdoot 175cc|bombay sonic"
"Rajdoot,motorcycle,kick,start,revs,idle,exhaust POV 01.wav","Yamaha Rajdoot 175cc","Bombay Sonic","http://www.sonniss.com/sound-effects/yamaha-rajdoot-175cc/","/Sonniss - GDC 2016 - Game Audio Bundle/Bombay Sonic - Yamaha Rajdoot 175cc/Rajdoot,motorcycle,kick,start,revs,idle,exhaust POV 01.wav","rajdoot|motorcycle|kick|start|revs|idle|exhaust|pov|01wav|yamaha rajdoot 175cc|bombay sonic"
"Rajdoot,motorcycle,ride,engine POV 02.wav","Yamaha Rajdoot 175cc","Bombay Sonic","http://www.sonniss.com/sound-effects/yamaha-rajdoot-175cc/","/Sonniss - GDC 2016 - Game Audio Bundle/Bombay Sonic - Yamaha Rajdoot 175cc/Rajdoot,motorcycle,ride,engine POV 02.wav","rajdoot|motorcycle|ride|engine|pov|02wav|yamaha rajdoot 175cc|bombay sonic"
"Mechanical_Metal Morph_Agressive_Sharp_01.wav","Cyborg Collection","Bottle Rocket Fx","http://www.sonniss.com/sound-effects/cyborg-collection/","/Sonniss - GDC 2016 - Game Audio Bundle/Bottle Rocket Fx - Cyborg Collection/Mechanical_Metal Morph_Agressive_Sharp_01.wav","robot|morph|transform|mechanical|metal|agressive|sharp|large|heavy|science|fiction|mechanical_metal|morph_agressive_sharp_01wav|cyborg collection|bottle rocket fx"
"Robot_Footstep_Metallic_Large_03.wav","Cyborg Collection","Bottle Rocket Fx","http://www.sonniss.com/sound-effects/cyborg-collection/","/Sonniss - GDC 2016 - Game Audio Bundle/Bottle Rocket Fx - Cyborg Collection/Robot_Footstep_Metallic_Large_03.wav","robot|cyborg|droid|footstep|walking|large|metallic|metal|heavy|science|fiction|robot_footstep_metallic_large_03wav|cyborg collection|bottle rocket fx"
"Servo_Motor_Craftsman Drill_4.0V_Small_04.wav","Cyborg Collection","Bottle Rocket Fx","http://www.sonniss.com/sound-effects/cyborg-collection/","/Sonniss - GDC 2016 - Game Audio Bundle/Bottle Rocket Fx - Cyborg Collection/Servo_Motor_Craftsman Drill_4.0V_Small_04.wav","craftsman|40v|drill|servo|motor|steady|free|spin|power|electric|small|light|tool|servo_motor_craftsman|drill_40v_small_04wav|cyborg collection|bottle rocket fx"
"Spacecraft_Bay Door_Lock Down_Large_01.wav","Cyborg Collection","Bottle Rocket Fx","http://www.sonniss.com/sound-effects/cyborg-collection/","/Sonniss - GDC 2016 - Game Audio Bundle/Bottle Rocket Fx - Cyborg Collection/Spacecraft_Bay Door_Lock Down_Large_01.wav","spacecraft|spaceship|spacelock|space|lock|engine|bay|door|down|latch|couple|sequence|close|metallic|science|fiction|spacecraft_bay|door_lock|down_large_01wav|cyborg collection|bottle rocket fx"
"Impact_Boom_Distorted_02.wav","Impact Collection","Bottle Rocket Fx","http://www.sonniss.com/sound-effects/impact-collection/","/Sonniss - GDC 2016 - Game Audio Bundle/Bottle Rocket Fx - Impact Collection/Impact_Boom_Distorted_02.wav","impact|boom|distorted|hit|explosion|deep|heavy|dramatic|ominous|foreboding|eerie|dark|echo|scifi|horror|bottle|rocket|fx|brfx005|impact_boom_distorted_02wav|impact collection|bottle rocket fx"
"Impact_Drum Hit_03.wav","Impact Collection","Bottle Rocket Fx","http://www.sonniss.com/sound-effects/impact-collection/","/Sonniss - GDC 2016 - Game Audio Bundle/Bottle Rocket Fx - Impact Collection/Impact_Drum Hit_03.wav","impact|boom|triple|hit|deep|heavy|dramatic|ominous|foreboding|eerie|dark|scifi|horror|bottle|rocket|fx|brfx005|impact_drum|hit_03wav|impact collection|bottle rocket fx"
"Swell_Metallic Ring_02.wav","Impact Collection","Bottle Rocket Fx","http://www.sonniss.com/sound-effects/impact-collection/","/Sonniss - GDC 2016 - Game Audio Bundle/Bottle Rocket Fx - Impact Collection/Swell_Metallic Ring_02.wav","stinger|rise|swell|transition|metallic|ring|scifi|horror|bottle|rocket|fx|brfx005|swell_metallic|ring_02wav|impact collection|bottle rocket fx"
"Whoosh_Twisted Vocal_04.wav","Impact Collection","Bottle Rocket Fx","http://www.sonniss.com/sound-effects/impact-collection/","/Sonniss - GDC 2016 - Game Audio Bundle/Bottle Rocket Fx - Impact Collection/Whoosh_Twisted Vocal_04.wav","whoosh|twisted|vocal|breathy|airy|tonal|swoosh|swish|transition|scary|horror|scifi|bottle|rocket|fx|brfx005|whoosh_twisted|vocal_04wav|impact collection|bottle rocket fx"
"Gasp_Quick_Female_KB_04_SCREAM LIBRARY_BRFX-004.wav","Scream","Bottle Rocket Fx","http://www.sonniss.com/sound-effects/scream/","/Sonniss - GDC 2016 - Game Audio Bundle/Bottle Rocket Fx - Scream/Gasp_Quick_Female_KB_04_SCREAM LIBRARY_BRFX-004.wav","gasp_quick_female_kb_04_scream|library_brfx004|gasp_quick_female_kb_04_scream|library_brfx004wav|scream|bottle rocket fx"
"Grunt_Pain_Male_BB_10_SCREAM LIBRARY_BRFX-004.wav","Scream","Bottle Rocket Fx","http://www.sonniss.com/sound-effects/scream/","/Sonniss - GDC 2016 - Game Audio Bundle/Bottle Rocket Fx - Scream/Grunt_Pain_Male_BB_10_SCREAM LIBRARY_BRFX-004.wav","grunt_pain_male_bb_10_scream|library_brfx004|grunt_pain_male_bb_10_scream|library_brfx004wav|scream|bottle rocket fx"
"Laugh_Evil_Cartoon_Female_KB_08_SCREAM LIBRARY_BRFX-004.wav","Scream","Bottle Rocket Fx","http://www.sonniss.com/sound-effects/scream/","/Sonniss - GDC 2016 - Game Audio Bundle/Bottle Rocket Fx - Scream/Laugh_Evil_Cartoon_Female_KB_08_SCREAM LIBRARY_BRFX-004.wav","laugh_evil_cartoon_female_kb_08_scream|library_brfx004|laugh_evil_cartoon_female_kb_08_scream|library_brfx004wav|scream|bottle rocket fx"
"Scream_Frightened_Male_BB_07_SCREAM LIBRARY_BRFX-004.wav","Scream","Bottle Rocket Fx","http://www.sonniss.com/sound-effects/scream/","/Sonniss - GDC 2016 - Game Audio Bundle/Bottle Rocket Fx - Scream/Scream_Frightened_Male_BB_07_SCREAM LIBRARY_BRFX-004.wav","scream_frightened_male_bb_07_scream|library_brfx004|scream_frightened_male_bb_07_scream|library_brfx004wav|scream|bottle rocket fx"
"Drone_DungeonRumble_01.wav","The Drone Collection","Bottle Rocket Fx","http://www.sonniss.com/sound-effects/the-drone-collection/","/Sonniss - GDC 2016 - Game Audio Bundle/Bottle Rocket Fx - The Drone Collection/Drone_DungeonRumble_01.wav","dungeon|cymbal|airy|dark|eerie|scary|ominous|slow|fade|to|a|rumble|drone_dungeonrumble_01wav|the drone collection|bottle rocket fx"
"Drone_Evolving_Version_04.wav","The Drone Collection","Bottle Rocket Fx","http://www.sonniss.com/sound-effects/the-drone-collection/","/Sonniss - GDC 2016 - Game Audio Bundle/Bottle Rocket Fx - The Drone Collection/Drone_Evolving_Version_04.wav","drone|dark|suspense|eerie|high|strings|texture|bed|atmosphere|ambience|pulsing|no|percussive|hits|drone_evolving_version_04wav|the drone collection|bottle rocket fx"
"Drone_Horror_Swirling Wind_01.wav","The Drone Collection","Bottle Rocket Fx","http://www.sonniss.com/sound-effects/the-drone-collection/","/Sonniss - GDC 2016 - Game Audio Bundle/Bottle Rocket Fx - The Drone Collection/Drone_Horror_Swirling Wind_01.wav","drone|pad|swirling|wind|whooshes|tonal|fantasy|desolate|lonely|atmosphere|drone_horror_swirling|wind_01wav|the drone collection|bottle rocket fx"
"Drone_SciFi_TonalRumble_01.wav","The Drone Collection","Bottle Rocket Fx","http://www.sonniss.com/sound-effects/the-drone-collection/","/Sonniss - GDC 2016 - Game Audio Bundle/Bottle Rocket Fx - The Drone Collection/Drone_SciFi_TonalRumble_01.wav","drone|scifi|tonal|rumble|atmosphere|spacecraft|interior|ambience|drone_scifi_tonalrumble_01wav|the drone collection|bottle rocket fx"
"Malfunction Glitch Long BRSound-02.wav","Malfunction","Bryce Raffle Sound","http://www.sonniss.com/sound-effects/malfunction/","/Sonniss - GDC 2016 - Game Audio Bundle/Bryce Raffle Sound - Malfunction/Malfunction Glitch Long BRSound-02.wav","glitch|long|digital|malfunction|brsound02wav|bryce raffle sound"
"Malfunction Glitch Medium BRSound-19.wav","Malfunction","Bryce Raffle Sound","http://www.sonniss.com/sound-effects/malfunction/","/Sonniss - GDC 2016 - Game Audio Bundle/Bryce Raffle Sound - Malfunction/Malfunction Glitch Medium BRSound-19.wav","glitch|medium|digital|malfunction|brsound19wav|bryce raffle sound"
"Malfunction Glitch Rise BRSound-05.wav","Malfunction","Bryce Raffle Sound","http://www.sonniss.com/sound-effects/malfunction/","/Sonniss - GDC 2016 - Game Audio Bundle/Bryce Raffle Sound - Malfunction/Malfunction Glitch Rise BRSound-05.wav","glitch|rise|digital|malfunction|brsound05wav|bryce raffle sound"
"Malfunction Glitch Short BRSound-106.wav","Malfunction","Bryce Raffle Sound","http://www.sonniss.com/sound-effects/malfunction/","/Sonniss - GDC 2016 - Game Audio Bundle/Bryce Raffle Sound - Malfunction/Malfunction Glitch Short BRSound-106.wav","glitch|short|digital|malfunction|brsound106wav|bryce raffle sound"
"corvette 0-120-0.wav","Corvette C7","Chupapsound","http://www.sonniss.com/sound-effects/corvette-c7/","/Sonniss - GDC 2016 - Game Audio Bundle/Chupapsound -  Corvette C7/corvette 0-120-0.wav","corvette|01200wav|corvette c7|chupapsound"
"corvette arrive.wav","Corvette C7","Chupapsound","http://www.sonniss.com/sound-effects/corvette-c7/","/Sonniss - GDC 2016 - Game Audio Bundle/Chupapsound -  Corvette C7/corvette arrive.wav","corvette|arrivewav|corvette c7|chupapsound"
"corvette starts stop accel from back.wav","Corvette C7","Chupapsound","http://www.sonniss.com/sound-effects/corvette-c7/","/Sonniss - GDC 2016 - Game Audio Bundle/Chupapsound -  Corvette C7/corvette starts stop accel from back.wav","corvette|starts|stop|accel|from|backwav|corvette c7|chupapsound"
"corvette turn and drift ext.wav","Corvette C7","Chupapsound","http://www.sonniss.com/sound-effects/corvette-c7/","/Sonniss - GDC 2016 - Game Audio Bundle/Chupapsound -  Corvette C7/corvette turn and drift ext.wav","corvette|turn|and|drift|extwav|corvette c7|chupapsound"
"hall ambiance people far st.wav","CROWD AMBIANCE","Chupapsound","http://www.sonniss.com/sound-effects/crowd-ambiance/","/Sonniss - GDC 2016 - Game Audio Bundle/Chupapsound -  CROWD AMBIANCE/hall ambiance people far st.wav","hall|ambiance|people|far|stwav|crowd ambiance|chupapsound"
"hall exit st.wav","CROWD AMBIANCE","Chupapsound","http://www.sonniss.com/sound-effects/crowd-ambiance/","/Sonniss - GDC 2016 - Game Audio Bundle/Chupapsound -  CROWD AMBIANCE/hall exit st.wav","hall|exit|stwav|crowd ambiance|chupapsound"
"maracas doppler fx.aif","DOPPLER FX","Chupapsound","http://www.sonniss.com/sound-effects/doppler-fx/","/Sonniss - GDC 2016 - Game Audio Bundle/Chupapsound -  DOPPLER FX/maracas doppler fx.aif","maracas|doppler|fxaif|doppler fx|chupapsound"
"spaceship heavy pass by.aif","DOPPLER FX","Chupapsound","http://www.sonniss.com/sound-effects/doppler-fx/","/Sonniss - GDC 2016 - Game Audio Bundle/Chupapsound -  DOPPLER FX/spaceship heavy pass by.aif","spaceship|heavy|pass|byaif|doppler fx|chupapsound"
"train pass by fx 3.aif","DOPPLER FX","Chupapsound","http://www.sonniss.com/sound-effects/doppler-fx/","/Sonniss - GDC 2016 - Game Audio Bundle/Chupapsound -  DOPPLER FX/train pass by fx 3.aif","train|pass|by|fx|3aif|doppler fx|chupapsound"
"wood creak doppler 1.aif","DOPPLER FX","Chupapsound","http://www.sonniss.com/sound-effects/doppler-fx/","/Sonniss - GDC 2016 - Game Audio Bundle/Chupapsound -  DOPPLER FX/wood creak doppler 1.aif","wood|creak|doppler|1aif|doppler fx|chupapsound"
"change tyre 2.wav","Megane RS Sport car","Chupapsound","http://www.sonniss.com/sound-effects/megane-rs-sport-car/","/Sonniss - GDC 2016 - Game Audio Bundle/Chupapsound -  Megane RS Sport car/change tyre 2.wav","change|tyre|2wav|megane rs sport car|chupapsound"
"megane rs u turn.wav","Megane RS Sport car","Chupapsound","http://www.sonniss.com/sound-effects/megane-rs-sport-car/","/Sonniss - GDC 2016 - Game Audio Bundle/Chupapsound -  Megane RS Sport car/megane rs u turn.wav","megane|rs|u|turnwav|megane rs sport car|chupapsound"
"pass by mrs drift.wav","Megane RS Sport car","Chupapsound","http://www.sonniss.com/sound-effects/megane-rs-sport-car/","/Sonniss - GDC 2016 - Game Audio Bundle/Chupapsound -  Megane RS Sport car/pass by mrs drift.wav","pass|by|mrs|driftwav|megane rs sport car|chupapsound"
"start go away megane rs.wav","Megane RS Sport car","Chupapsound","http://www.sonniss.com/sound-effects/megane-rs-sport-car/","/Sonniss - GDC 2016 - Game Audio Bundle/Chupapsound -  Megane RS Sport car/start go away megane rs.wav","start|go|away|megane|rswav|megane rs sport car|chupapsound"
"hunaudiere pass 1.wav","Sounds of Le mans (Race Cars)","Chupapsound","http://www.sonniss.com/sound-effects/sounds-of-le-mans-race-cars-sound-library/","/Sonniss - GDC 2016 - Game Audio Bundle/Chupapsound -  Sounds of Le mans (Race Cars)/hunaudiere pass 1.wav","hunaudiere|pass|1wav|sounds of le mans (race cars)|chupapsound"
"safety car lap 1.wav","Sounds of Le mans (Race Cars)","Chupapsound","http://www.sonniss.com/sound-effects/sounds-of-le-mans-race-cars-sound-library/","/Sonniss - GDC 2016 - Game Audio Bundle/Chupapsound -  Sounds of Le mans (Race Cars)/safety car lap 1.wav","safety|car|lap|1wav|sounds of le mans (race cars)|chupapsound"
"underground dock metro downmix 1.wav","FRENCH SUBWAYS","Chupapsound","http://www.sonniss.com/sound-effects/french-subways/","/Sonniss - GDC 2016 - Game Audio Bundle/Chupapsound - FRENCH SUBWAYS/underground dock metro downmix 1.wav","underground|dock|metro|downmix|1wav|french subways|chupapsound"
"underground dock metro passing downmix 6.wav","FRENCH SUBWAYS","Chupapsound","http://www.sonniss.com/sound-effects/french-subways/","/Sonniss - GDC 2016 - Game Audio Bundle/Chupapsound - FRENCH SUBWAYS/underground dock metro passing downmix 6.wav","underground|dock|metro|passing|downmix|6wav|french subways|chupapsound"
"Cuckoo Clock Toll_10.wav","Colinized Cuckoo Clock Library","Colin Lechner","http://www.sonniss.com/sound-effects/colinized-cuckoo-clock-library/","/Sonniss - GDC 2016 - Game Audio Bundle/Colin Lechner - Colinized Cuckoo Clock Library/Cuckoo Clock Toll_10.wav","antique|reed|cuckoo|clock|sounds|10|o'clock|cuckoo|clock|toll_10wav|colinized cuckoo clock library|colin lechner"
"Cuckoo Clock, Wind-up_01.wav","Colinized Cuckoo Clock Library","Colin Lechner","http://www.sonniss.com/sound-effects/colinized-cuckoo-clock-library/","/Sonniss - GDC 2016 - Game Audio Bundle/Colin Lechner - Colinized Cuckoo Clock Library/Cuckoo Clock, Wind-up_01.wav","clockwork|winding|winding|up|an|antique|cuckoo|clock|with|a|pull|chain|cuckoo|clock|windup_01wav|colinized cuckoo clock library|colin lechner"
"Sculpture_Edges_Colinized_St_19.wav","Colinized Sculpture Library Vol. 1","Colin Lechner","http://www.sonniss.com/sound-effects/colinized-sculpture-library-vol-1/","/Sonniss - GDC 2016 - Game Audio Bundle/Colin Lechner - Colinized Sculpture Library Vol. 1/Sculpture_Edges_Colinized_St_19.wav","sculpture_edges_colinized_st_19wav|colinized sculpture library vol. 1|colin lechner"
"Sculpture_Edges_Colinized_St_114.wav","Colinized Sculpture Library Vol. 1","Colin Lechner","http://www.sonniss.com/sound-effects/colinized-sculpture-library-vol-1/","/Sonniss - GDC 2016 - Game Audio Bundle/Colin Lechner - Colinized Sculpture Library Vol. 1/Sculpture_Edges_Colinized_St_114.wav","sculpture_edges_colinized_st_114wav|colinized sculpture library vol. 1|colin lechner"
"Sculpture_Protrusion_Colinized_St_95.wav","Colinized Sculpture Library Vol. 1","Colin Lechner","http://www.sonniss.com/sound-effects/colinized-sculpture-library-vol-1/","/Sonniss - GDC 2016 - Game Audio Bundle/Colin Lechner - Colinized Sculpture Library Vol. 1/Sculpture_Protrusion_Colinized_St_95.wav","sculpture_protrusion_colinized_st_95wav|colinized sculpture library vol. 1|colin lechner"
"Sculpture_Springs_Colinized_St_58.wav","Colinized Sculpture Library Vol. 1","Colin Lechner","http://www.sonniss.com/sound-effects/colinized-sculpture-library-vol-1/","/Sonniss - GDC 2016 - Game Audio Bundle/Colin Lechner - Colinized Sculpture Library Vol. 1/Sculpture_Springs_Colinized_St_58.wav","sculpture_springs_colinized_st_58wav|colinized sculpture library vol. 1|colin lechner"
"Air Compressor_Stress Adjustment_Contact.wav","Machine Emanation","Collected Transients","http://www.sonniss.com/sound-effects/machine-emanation/","/Sonniss - GDC 2016 - Game Audio Bundle/Collected Transients - Machine Emanation/Air Compressor_Stress Adjustment_Contact.wav","air|compressor|tank|stress|pressure|adjustment|pneumatics|metallic|creaks|and|clicks|compressor_stress|adjustment_contactwav|machine emanation|collected transients"
"Table Saw_Starts and Stops_Contact.wav","Machine Emanation","Collected Transients","http://www.sonniss.com/sound-effects/machine-emanation/","/Sonniss - GDC 2016 - Game Audio Bundle/Collected Transients - Machine Emanation/Table Saw_Starts and Stops_Contact.wav","table|saw|on|off|x3|solid|metal|electric|motor|spinning|blade|rattle|power|tool|saw_starts|and|stops_contactwav|machine emanation|collected transients"
"Protests_Anticapitalista_02_Ravenswood.wav","We are the People","Collected Transients","http://www.sonniss.com/sound-effects/people/","/Sonniss - GDC 2016 - Game Audio Bundle/Collected Transients - We are the People/Protests_Anticapitalista_02_Ravenswood.wav","protest|chants|'anticapitalista'|in|crowd|large|group|starts|distant|and|grows|very|strong|drum|protests_anticapitalista_02_ravenswoodwav|we are the people|collected transients"
"Protests_Let_Us_March_Downtown.wav","We are the People","Collected Transients","http://www.sonniss.com/sound-effects/people/","/Sonniss - GDC 2016 - Game Audio Bundle/Collected Transients - We are the People/Protests_Let_Us_March_Downtown.wav","protest|chants|'let|us|march'|in|crowd|large|group|single|voice|starts|chant|very|strong|individual|yells|protests_let_us_march_downtownwav|we are the people|collected transients"
"Protests_Our_Streets_01_Downtown.wav","We are the People","Collected Transients","http://www.sonniss.com/sound-effects/people/","/Sonniss - GDC 2016 - Game Audio Bundle/Collected Transients - We are the People/Protests_Our_Streets_01_Downtown.wav","protest|chants|'whose|streets?|our|streets'|in|crowd|large|group|starts|distant|and|grows|strong|horn|protests_our_streets_01_downtownwav|we are the people|collected transients"
"Protests_Peoples_Territory_02_Ravenswood.wav","We are the People","Collected Transients","http://www.sonniss.com/sound-effects/people/","/Sonniss - GDC 2016 - Game Audio Bundle/Collected Transients - We are the People/Protests_Peoples_Territory_02_Ravenswood.wav","protest|chants|'people's|territory'|in|crowd|medium|group|megaphone|call|crowd|response|drum|protests_peoples_territory_02_ravenswoodwav|we are the people|collected transients"
"T019 0830 On_Cc_On_LR.wav","Distant City Ambiences","Detunized","http://www.sonniss.com/sound-effects/distant-city-ambiences/","/Sonniss - GDC 2016 - Game Audio Bundle/Detunized - Distant City Ambiences/T019 0830 On_Cc_On_LR.wav","830am|close|birds|police|siren|at|015|distant|building|lot|crackling|from|the|forrest|t019|0830|on_cc_on_lrwav|distant city ambiences|detunized"
"T019 0830 On_Cc_On_M.wav","Distant City Ambiences","Detunized","http://www.sonniss.com/sound-effects/distant-city-ambiences/","/Sonniss - GDC 2016 - Game Audio Bundle/Detunized - Distant City Ambiences/T019 0830 On_Cc_On_M.wav","830am|close|birds|police|siren|at|015|distant|building|lot|crackling|from|the|forrest|t019|0830|on_cc_on_mwav|distant city ambiences|detunized"
"T102 1930 Ow_Oc_Ow_LR.wav","Distant City Ambiences","Detunized","http://www.sonniss.com/sound-effects/distant-city-ambiences/","/Sonniss - GDC 2016 - Game Audio Bundle/Detunized - Distant City Ambiences/T102 1930 Ow_Oc_Ow_LR.wav","1930pm|wide|dark|city|ambience|distant|train|pass|at|100|sirens|very|noises|from|soccer|training|t102|1930|ow_oc_ow_lrwav|distant city ambiences|detunized"
"T102 1930 Ow_Oc_Ow_M.wav","Distant City Ambiences","Detunized","http://www.sonniss.com/sound-effects/distant-city-ambiences/","/Sonniss - GDC 2016 - Game Audio Bundle/Detunized - Distant City Ambiences/T102 1930 Ow_Oc_Ow_M.wav","1930pm|wide|dark|city|ambience|distant|train|pass|at|100|sirens|very|noises|from|soccer|training|t102|1930|ow_oc_ow_mwav|distant city ambiences|detunized"
"Detunized_Urban-Crows_01.wav","Urban Crows","Detunized","http://www.sonniss.com/sound-effects/urban-crows/","/Sonniss - GDC 2016 - Game Audio Bundle/Detunized - Urban Crows/Detunized_Urban-Crows_01.wav","morning|tree|close|starts|and|pass|bys|light|urban|ambience|detunized_urbancrows_01wav|urban crows|detunized"
"Detunized_Urban-Crows_12c.wav","Urban Crows","Detunized","http://www.sonniss.com/sound-effects/urban-crows/","/Sonniss - GDC 2016 - Game Audio Bundle/Detunized - Urban Crows/Detunized_Urban-Crows_12c.wav","morning|urban|ambience|swarm|approaching|crows|pass|by|distant|calls|detunized_urbancrows_12cwav|urban crows|detunized"
"BB_DRL__062.wav","Bleeping Buttons","Digital Rain Lab","http://www.sonniss.com/sound-effects/bleeping-buttons/","/Sonniss - GDC 2016 - Game Audio Bundle/Digital Rain Lab - Bleeping Buttons/BB_DRL__062.wav","scifi|futuristic|interface|ui|hud|button|slider|switch|bleep|bb_drl__062wav|bleeping buttons|digital rain lab"
"BB_DRL__086.wav","Bleeping Buttons","Digital Rain Lab","http://www.sonniss.com/sound-effects/bleeping-buttons/","/Sonniss - GDC 2016 - Game Audio Bundle/Digital Rain Lab - Bleeping Buttons/BB_DRL__086.wav","scifi|futuristic|interface|ui|hud|button|slider|switch|bleep|bb_drl__086wav|bleeping buttons|digital rain lab"
"BB_DRL__112.wav","Bleeping Buttons","Digital Rain Lab","http://www.sonniss.com/sound-effects/bleeping-buttons/","/Sonniss - GDC 2016 - Game Audio Bundle/Digital Rain Lab - Bleeping Buttons/BB_DRL__112.wav","scifi|futuristic|interface|ui|hud|button|slider|switch|bleep|bb_drl__112wav|bleeping buttons|digital rain lab"
"BB_DRL__129.wav","Bleeping Buttons","Digital Rain Lab","http://www.sonniss.com/sound-effects/bleeping-buttons/","/Sonniss - GDC 2016 - Game Audio Bundle/Digital Rain Lab - Bleeping Buttons/BB_DRL__129.wav","scifi|futuristic|interface|ui|hud|button|slider|switch|bleep|bb_drl__129wav|bleeping buttons|digital rain lab"
"Hall Faucets.wav","Dreamscapes vol.1","Digital Rain Lab","http://www.sonniss.com/sound-effects/dreamscapes-vol-1/","/Sonniss - GDC 2016 - Game Audio Bundle/Digital Rain Lab - Dreamscapes vol.1/Hall Faucets.wav","drone|texture|synth|electronic|ambience|squeak|metal|solo|hall|faucetswav|dreamscapes vol.1|digital rain lab"
"XMAS Grains.wav","Dreamscapes vol.1","Digital Rain Lab","http://www.sonniss.com/sound-effects/dreamscapes-vol-1/","/Sonniss - GDC 2016 - Game Audio Bundle/Digital Rain Lab - Dreamscapes vol.1/XMAS Grains.wav","drone|texture|synth|electronic|ambience|grain|reverse|melody|tonal|xmas|grainswav|dreamscapes vol.1|digital rain lab"
"Angels behind the wall.wav","Dreamscapes vol.2","Digital Rain Lab","http://www.sonniss.com/sound-effects/dreamscapes-vol-2/","/Sonniss - GDC 2016 - Game Audio Bundle/Digital Rain Lab - Dreamscapes vol.2/Angels behind the wall.wav","drone|texture|synth|electronic|ambience|warm|soft|distant|low|abstract|angels|behind|the|wallwav|dreamscapes vol.2|digital rain lab"
"Whirlwind.wav","Dreamscapes vol.2","Digital Rain Lab","http://www.sonniss.com/sound-effects/dreamscapes-vol-2/","/Sonniss - GDC 2016 - Game Audio Bundle/Digital Rain Lab - Dreamscapes vol.2/Whirlwind.wav","drone|texture|synth|electronic|ambience|wind|gate|pulsing|rumble|whirlwindwav|dreamscapes vol.2|digital rain lab"
"CK_Blaster_Shot-226.wav","Lethal Energies","Digital Rain Lab","http://www.sonniss.com/sound-effects/lethal-energies/","/Sonniss - GDC 2016 - Game Audio Bundle/Digital Rain Lab - Lethal Energies/CK_Blaster_Shot-226.wav","scifi|futuristic|weapon|gun|blaster|laser|pistol|shot|rifle|ck_blaster_shot226wav|lethal energies|digital rain lab"
"CK_Force_Field_Loop-32.wav","Lethal Energies","Digital Rain Lab","http://www.sonniss.com/sound-effects/lethal-energies/","/Sonniss - GDC 2016 - Game Audio Bundle/Digital Rain Lab - Lethal Energies/CK_Force_Field_Loop-32.wav","scifi|futuristic|weapon|force|field|cloak|shield|barrier|cyber|loop|ck_force_field_loop32wav|lethal energies|digital rain lab"
"CK_Sensors-13.wav","Lethal Energies","Digital Rain Lab","http://www.sonniss.com/sound-effects/lethal-energies/","/Sonniss - GDC 2016 - Game Audio Bundle/Digital Rain Lab - Lethal Energies/CK_Sensors-13.wav","scifi|futuristic|weapon|trigger|id|bleep|beep|scan|reload|ck_sensors13wav|lethal energies|digital rain lab"
"DS_Heavy_03_NoReverb_Shot-2.wav","Lethal Energies","Digital Rain Lab","http://www.sonniss.com/sound-effects/lethal-energies/","/Sonniss - GDC 2016 - Game Audio Bundle/Digital Rain Lab - Lethal Energies/DS_Heavy_03_NoReverb_Shot-2.wav","scifi|futuristic|weapon|gun|cannon|launcher|blast|heavy|huge|massive|ds_heavy_03_noreverb_shot2wav|lethal energies|digital rain lab"
"SciFi_Transition_11.wav","Sci-Fi Transitions","Digital Rain Lab","http://www.sonniss.com/sound-effects/sci-fi-transitions/","/Sonniss - GDC 2016 - Game Audio Bundle/Digital Rain Lab - Sci-Fi Transitions/SciFi_Transition_11.wav","whoosh|transition|fly|by|pass|movement|sci|fi|futuristic|space|ship|scifi_transition_11wav|sci-fi transitions|digital rain lab"
"SciFi_Transition_57.wav","Sci-Fi Transitions","Digital Rain Lab","http://www.sonniss.com/sound-effects/sci-fi-transitions/","/Sonniss - GDC 2016 - Game Audio Bundle/Digital Rain Lab - Sci-Fi Transitions/SciFi_Transition_57.wav","whoosh|transition|fly|by|pass|movement|sci|fi|futuristic|space|ship|scifi_transition_57wav|sci-fi transitions|digital rain lab"
"SciFi_Transition_158.wav","Sci-Fi Transitions","Digital Rain Lab","http://www.sonniss.com/sound-effects/sci-fi-transitions/","/Sonniss - GDC 2016 - Game Audio Bundle/Digital Rain Lab - Sci-Fi Transitions/SciFi_Transition_158.wav","whoosh|transition|fly|by|pass|movement|sci|fi|futuristic|space|ship|scifi_transition_158wav|sci-fi transitions|digital rain lab"
"SciFi_Transition_172.wav","Sci-Fi Transitions","Digital Rain Lab","http://www.sonniss.com/sound-effects/sci-fi-transitions/","/Sonniss - GDC 2016 - Game Audio Bundle/Digital Rain Lab - Sci-Fi Transitions/SciFi_Transition_172.wav","whoosh|transition|fly|by|pass|movement|sci|fi|futuristic|space|ship|scifi_transition_172wav|sci-fi transitions|digital rain lab"
"Computation_Light_20.wav","Signal Frontiers","Digital Rain Lab","http://www.sonniss.com/sound-effects/signal-frontiers/","/Sonniss - GDC 2016 - Game Audio Bundle/Digital Rain Lab - Signal Frontiers/Computation_Light_20.wav","computation|calculation|signal|stream|digital|processing|light|computation_light_20wav|signal frontiers|digital rain lab"
"Navigation_Button_19.wav","Signal Frontiers","Digital Rain Lab","http://www.sonniss.com/sound-effects/signal-frontiers/","/Sonniss - GDC 2016 - Game Audio Bundle/Digital Rain Lab - Signal Frontiers/Navigation_Button_19.wav","navigation|button|click|ui|interface|short|single|navigation_button_19wav|signal frontiers|digital rain lab"
"Simple_Tone_43.wav","Signal Frontiers","Digital Rain Lab","http://www.sonniss.com/sound-effects/signal-frontiers/","/Sonniss - GDC 2016 - Game Audio Bundle/Digital Rain Lab - Signal Frontiers/Simple_Tone_43.wav","scifi|futuristic|interface|ui|hud|button|slider|switch|bleep|simple_tone_43wav|signal frontiers|digital rain lab"
"Telemetry_13.wav","Signal Frontiers","Digital Rain Lab","http://www.sonniss.com/sound-effects/signal-frontiers/","/Sonniss - GDC 2016 - Game Audio Bundle/Digital Rain Lab - Signal Frontiers/Telemetry_13.wav","telemetry|transmission|upload|download|signal|motion|ui|interface|telemetry_13wav|signal frontiers|digital rain lab"
"Grit,course,hardsurface,dropping,scatter,alt1.wav","Grit","Eiravaein Sound","http://www.sonniss.com/sound-effects/grit/","/Sonniss - GDC 2016 - Game Audio Bundle/Eiravaein Sound - Grit/Grit,course,hardsurface,dropping,scatter,alt1.wav","vaeyaniii|grit|course|hardsurface|dropping|scatter|alt1|grit|alt1wav|eiravaein sound"
"Grit,course,hardsurface,throw,scatter.wav","Grit","Eiravaein Sound","http://www.sonniss.com/sound-effects/grit/","/Sonniss - GDC 2016 - Game Audio Bundle/Eiravaein Sound - Grit/Grit,course,hardsurface,throw,scatter.wav","vaeyaniii|grit|course|hardsurface|throw|scatter|grit|scatterwav|eiravaein sound"
"Grit,medium,hardsurface,mortar,rolling,circles.wav","Grit","Eiravaein Sound","http://www.sonniss.com/sound-effects/grit/","/Sonniss - GDC 2016 - Game Audio Bundle/Eiravaein Sound - Grit/Grit,medium,hardsurface,mortar,rolling,circles.wav","grit|medium|hardsurface|mortar|rolling|circles|circleswav|eiravaein sound"
"Grit,ultrafine,hardsurface,palms,smearing,spilling,moderate.wav","Grit","Eiravaein Sound","http://www.sonniss.com/sound-effects/grit/","/Sonniss - GDC 2016 - Game Audio Bundle/Eiravaein Sound - Grit/Grit,ultrafine,hardsurface,palms,smearing,spilling,moderate.wav","grit|ultrafine|hardsurface|palms|smearing|spilling|moderate|moderatewav|eiravaein sound"
"VaeyanIII,massager,osscilations,switch,hispeed,mechanical,electrical,50Hz,hum,vibration,loopable.wav","Vaeyan III","Eiravaein Sound","http://www.sonniss.com/sound-effects/vaeyan-iii/","/Sonniss - GDC 2016 - Game Audio Bundle/Eiravaein Sound - Vaeyan III/VaeyanIII,massager,osscilations,switch,hispeed,mechanical,electrical,50Hz,hum,vibration,loopable.wav","vaeyaniii|massager|osscilations|switch|hispeed|mechanical|electrical|50hz|hum|vibration|loopable|loopablewav|vaeyan iii|eiravaein sound"
"VaeyanIII,medicaldevices,insulinpump,rewind,beeps,servo,spinning.wav","Vaeyan III","Eiravaein Sound","http://www.sonniss.com/sound-effects/vaeyan-iii/","/Sonniss - GDC 2016 - Game Audio Bundle/Eiravaein Sound - Vaeyan III/VaeyanIII,medicaldevices,insulinpump,rewind,beeps,servo,spinning.wav","vaeyaniii|medicaldevices|insulinpump|rewind|beeps|servo|spinning|spinningwav|vaeyan iii|eiravaein sound"
"VaeyanIII,shockabsorber,broken,decompress,oil,bubbling,scuffing,flatulent.wav","Vaeyan III","Eiravaein Sound","http://www.sonniss.com/sound-effects/vaeyan-iii/","/Sonniss - GDC 2016 - Game Audio Bundle/Eiravaein Sound - Vaeyan III/VaeyanIII,shockabsorber,broken,decompress,oil,bubbling,scuffing,flatulent.wav","vaeyaniii|shockabsorber|broken|decompress|oil|bubbling|scuffing|flatulent|flatulentwav|vaeyan iii|eiravaein sound"
"VaeyanIII,tea,leaves,loose,bag,plastic,foil,rollup,seal,rustle,crinkle.wav","Vaeyan III","Eiravaein Sound","http://www.sonniss.com/sound-effects/vaeyan-iii/","/Sonniss - GDC 2016 - Game Audio Bundle/Eiravaein Sound - Vaeyan III/VaeyanIII,tea,leaves,loose,bag,plastic,foil,rollup,seal,rustle,crinkle.wav","vaeyaniii|tea|leaves|loose|bag|plastic|foil|rollup|seal|rustle|crinkle|crinklewav|vaeyan iii|eiravaein sound"
"Yvaine,bodytones,electric,Pentatonic,amped,overdriven,murmuring,oceanic.wav","Yvaine","Eiravaein Sound","http://www.sonniss.com/sound-effects/yvaine/","/Sonniss - GDC 2016 - Game Audio Bundle/Eiravaein Sound - Yvaine/Yvaine,bodytones,electric,Pentatonic,amped,overdriven,murmuring,oceanic.wav","yvaine|bodytones|electric|pentatonic|amped|overdriven|murmuring|oceanic|oceanicwav|eiravaein sound"
"Yvaine,drone,electric,Cuba,DI,position5,strong,hopeful,temperamental.wav","Yvaine","Eiravaein Sound","http://www.sonniss.com/sound-effects/yvaine/","/Sonniss - GDC 2016 - Game Audio Bundle/Eiravaein Sound - Yvaine/Yvaine,drone,electric,Cuba,DI,position5,strong,hopeful,temperamental.wav","yvaine|drone|electric|cuba|di|position5|strong|hopeful|tempermental|temperamentalwav|eiravaein sound"
"Yvaine,drone,electric,Pentatonic,DI,position7,light,oceanic,euphoric,interference.wav","Yvaine","Eiravaein Sound","http://www.sonniss.com/sound-effects/yvaine/","/Sonniss - GDC 2016 - Game Audio Bundle/Eiravaein Sound - Yvaine/Yvaine,drone,electric,Pentatonic,DI,position7,light,oceanic,euphoric,interference.wav","yvaine|drone|electric|pentatonic|di|position7|light|oceanic|euphoric|interference|interferencewav|eiravaein sound"
"Yvaine,misc,Standard,DI,bodytones,moderate.wav","Yvaine","Eiravaein Sound","http://www.sonniss.com/sound-effects/yvaine/","/Sonniss - GDC 2016 - Game Audio Bundle/Eiravaein Sound - Yvaine/Yvaine,misc,Standard,DI,bodytones,moderate.wav","yvaine|misc|standard|di|bodytones|moderate|moderatewav|eiravaein sound"
"Assault Rifle - M4 - 03 - Burst 03.wav","The Gun Locker SFX Pack","Fascinated Sound","http://www.sonniss.com/sound-effects/gun-locker-sfx-pack/","/Sonniss - GDC 2016 - Game Audio Bundle/Fascinated Sound - The Gun Locker SFX Pack/Assault Rifle - M4 - 03 - Burst 03.wav","assault|rifle|m4|03|burst|03wav|the gun locker sfx pack|fascinated sound"
"Automatic Cannon - MK44 - 03 - Single Shot with Report 03.wav","The Gun Locker SFX Pack","Fascinated Sound","http://www.sonniss.com/sound-effects/gun-locker-sfx-pack/","/Sonniss - GDC 2016 - Game Audio Bundle/Fascinated Sound - The Gun Locker SFX Pack/Automatic Cannon - MK44 - 03 - Single Shot with Report 03.wav","automatic|cannon|mk44|03|single|shot|with|report|03wav|the gun locker sfx pack|fascinated sound"
"Submachine Gun - MP 40 - 02 - Burst.wav","The Gun Locker SFX Pack","Fascinated Sound","http://www.sonniss.com/sound-effects/gun-locker-sfx-pack/","/Sonniss - GDC 2016 - Game Audio Bundle/Fascinated Sound - The Gun Locker SFX Pack/Submachine Gun - MP 40 - 02 - Burst.wav","submachine|gun|mp|40|02|burstwav|the gun locker sfx pack|fascinated sound"
"Submachine Gun - Tommy Gun - 01 - Burst 01.wav","The Gun Locker SFX Pack","Fascinated Sound","http://www.sonniss.com/sound-effects/gun-locker-sfx-pack/","/Sonniss - GDC 2016 - Game Audio Bundle/Fascinated Sound - The Gun Locker SFX Pack/Submachine Gun - Tommy Gun - 01 - Burst 01.wav","submachine|gun|tommy|01|burst|01wav|the gun locker sfx pack|fascinated sound"
"BARE FEET CARPET FOOTSTEP STAGGER TUMBLE TRIP DRUNK.wav","Unusual Footsteps and Movements Vol.1","Filmnoise","http://www.sonniss.com/sound-effects/unusual-footsteps-movements-vol-1/","/Sonniss - GDC 2016 - Game Audio Bundle/Filmnoise - Unusual Footsteps and Movements Vol.1/BARE FEET CARPET FOOTSTEP STAGGER TUMBLE TRIP DRUNK.wav","bare|feet|carpet|footstep|stagger|tumble|trip|drunkwav|unusual footsteps and movements vol.1|filmnoise"
"SNEAKER PLASTIC FLOOR MAT FOOTSTEP WALKING.wav","Unusual Footsteps and Movements Vol.2","Filmnoise","http://www.sonniss.com/sound-effects/unusual-footsteps-movements-vol-1/","/Sonniss - GDC 2016 - Game Audio Bundle/Filmnoise - Unusual Footsteps and Movements Vol.1/SNEAKER PLASTIC FLOOR MAT FOOTSTEP WALKING.wav","sneaker|plastic|floor|mat|footstep|walkingwav|unusual footsteps and movements vol.2|filmnoise"
"SOCKS LINOLEUM FOOT SCRAPE STOMP STRUGGLE FIGHTING BEING PUT IN A REVERSED CHOKE HOLD GROUND WORK.wav","Unusual Footsteps and Movements Vol.3","Filmnoise","http://www.sonniss.com/sound-effects/unusual-footsteps-movements-vol-1/","/Sonniss - GDC 2016 - Game Audio Bundle/Filmnoise - Unusual Footsteps and Movements Vol.1/SOCKS LINOLEUM FOOT SCRAPE STOMP STRUGGLE FIGHTING BEING PUT IN A REVERSED CHOKE HOLD GROUND WORK.wav","socks|linoleum|foot|scrape|stomp|struggle|fighting|being|put|in|a|reversed|choke|hold|ground|workwav|unusual footsteps and movements vol.3|filmnoise"
"SOCKS WOOD DECK FOOTSTEP SUDDEN FAST MOVEMENT FIGHT STRUGGLE PSYCH OUT.wav","Unusual Footsteps and Movements Vol.4","Filmnoise","http://www.sonniss.com/sound-effects/unusual-footsteps-movements-vol-1/","/Sonniss - GDC 2016 - Game Audio Bundle/Filmnoise - Unusual Footsteps and Movements Vol.1/SOCKS WOOD DECK FOOTSTEP SUDDEN FAST MOVEMENT FIGHT STRUGGLE PSYCH OUT.wav","socks|wood|deck|footstep|sudden|fast|movement|fight|struggle|psych|outwav|unusual footsteps and movements vol.4|filmnoise"
"G4F SFX08 - HARLEY_Foot Gear Shift Lever, Slow hit, x4.wav","G4FSFX08 - Harley Davidson","Game Audio Factory","http://www.sonniss.com/sound-effects/g4fsfx08-harley-davidson/","/Sonniss - GDC 2016 - Game Audio Bundle/Game Audio Factory - G4FSFX08 - Harley Davidson/G4F SFX08 - HARLEY_Foot Gear Shift Lever, Slow hit, x4.wav","foot|gear|shift|lever|slow|punch|g4f|sfx08|harley_foot|gear|shift|lever|hit|x4wav|g4fsfx08 - harley davidson|game audio factory"
"G4F SFX08 - HARLEY_Slow down, Arrive, Idle, Stop.wav","G4FSFX08 - Harley Davidson","Game Audio Factory","http://www.sonniss.com/sound-effects/g4fsfx08-harley-davidson/","/Sonniss - GDC 2016 - Game Audio Bundle/Game Audio Factory - G4FSFX08 - Harley Davidson/G4F SFX08 - HARLEY_Slow down, Arrive, Idle, Stop.wav","slow|approach|from|left|idle|and|stop|on|front|position|g4f|sfx08|harley_slow|down|arrive|stopwav|g4fsfx08 - harley davidson|game audio factory"
"G4F SFX08 - HARLEY_Start and long Idle, Back-firing.wav","G4FSFX08 - Harley Davidson","Game Audio Factory","http://www.sonniss.com/sound-effects/g4fsfx08-harley-davidson/","/Sonniss - GDC 2016 - Game Audio Bundle/Game Audio Factory - G4FSFX08 - Harley Davidson/G4F SFX08 - HARLEY_Start and long Idle, Back-firing.wav","start|and|long|idle|backfiring|g4f|sfx08|harley_start|backfiringwav|g4fsfx08 - harley davidson|game audio factory"
"G4F SFX08 - HARLEY_Start, Accelerate, Slow Speed pull away, Pass By Medium Speed, Arrive, Idle, Stop-Exhaust Pipe Mic.wav","G4FSFX08 - Harley Davidson","Game Audio Factory","http://www.sonniss.com/sound-effects/g4fsfx08-harley-davidson/","/Sonniss - GDC 2016 - Game Audio Bundle/Game Audio Factory - G4FSFX08 - Harley Davidson/G4F SFX08 - HARLEY_Start, Accelerate, Slow Speed pull away, Pass By Medium Speed, Arrive, Idle, Stop-Exhaust Pipe Mic.wav","start|accelerate|slow|speed|pull|away|pass|by|medium|arrive|idle|stop|sm58|on|exhaust|pipe|g4f|sfx08|harley_start|stopexhaust|micwav|g4fsfx08 - harley davidson|game audio factory"
"GAF SFX01 - HORROR - DESIGNED - CorpseInsect_01.wav","GAFSFX01 - Dark Materials","Game Audio Factory","http://www.sonniss.com/sound-effects/gafsfx01-dark-materials/","/Sonniss - GDC 2016 - Game Audio Bundle/Game Audio Factory - GAFSFX01 - Dark Materials/GAF SFX01 - HORROR - DESIGNED - CorpseInsect_01.wav","insect|flesh|blood|alien|gaf|sfx01|horror|designed|corpseinsect_01wav|gafsfx01 - dark materials|game audio factory"
"GAF SFX01 - HORROR - DESIGNED - stab_medium_10.wav","GAFSFX01 - Dark Materials","Game Audio Factory","http://www.sonniss.com/sound-effects/gafsfx01-dark-materials/","/Sonniss - GDC 2016 - Game Audio Bundle/Game Audio Factory - GAFSFX01 - Dark Materials/GAF SFX01 - HORROR - DESIGNED - stab_medium_10.wav","cut|knife|flesh|blood|hit|medium|gaf|sfx01|horror|designed|stab_medium_10wav|gafsfx01 - dark materials|game audio factory"
"GAF SFX01 - HORROR - Guts flowed on wood surface, light.wav","GAFSFX01 - Dark Materials","Game Audio Factory","http://www.sonniss.com/sound-effects/gafsfx01-dark-materials/","/Sonniss - GDC 2016 - Game Audio Bundle/Game Audio Factory - GAFSFX01 - Dark Materials/GAF SFX01 - HORROR - Guts flowed on wood surface, light.wav","guts|smashes|on|wood|sloshes|and|drips|gaf|sfx01|horror|guts|flowed|surface|lightwav|gafsfx01 - dark materials|game audio factory"
"GAF SFX01 - HORROR - Hammer Impact, huge.wav","GAFSFX01 - Dark Materials","Game Audio Factory","http://www.sonniss.com/sound-effects/gafsfx01-dark-materials/","/Sonniss - GDC 2016 - Game Audio Bundle/Game Audio Factory - GAFSFX01 - Dark Materials/GAF SFX01 - HORROR - Hammer Impact, huge.wav","watermelon|huge|hammer|impacts|gaf|sfx01|horror|impact|hugewav|gafsfx01 - dark materials|game audio factory"
"GAF SFX02 - CARTOON - farts, brief and wet.wav","GAFSFX02 - Cartoon Materials","Game Audio Factory","http://www.sonniss.com/sound-effects/gafsfx02-cartoon-materials/","/Sonniss - GDC 2016 - Game Audio Bundle/Game Audio Factory - GAFSFX02 - Cartoon Materials/GAF SFX02 - CARTOON - farts, brief and wet.wav","various|farts|brief|and|wet|gaf|sfx02|cartoon|wetwav|gafsfx02 - cartoon materials|game audio factory"
"GAF SFX02 - CARTOON - squeaks with bottle pops 01.wav","GAFSFX02 - Cartoon Materials","Game Audio Factory","http://www.sonniss.com/sound-effects/gafsfx02-cartoon-materials/","/Sonniss - GDC 2016 - Game Audio Bundle/Game Audio Factory - GAFSFX02 - Cartoon Materials/GAF SFX02 - CARTOON - squeaks with bottle pops 01.wav","squeaks|with|large|bottle|pop|gaf|sfx02|cartoon|pops|01wav|gafsfx02 - cartoon materials|game audio factory"
"GAF SFX02 - CARTOON - timer chronometer close up, heavy.wav","GAFSFX02 - Cartoon Materials","Game Audio Factory","http://www.sonniss.com/sound-effects/gafsfx02-cartoon-materials/","/Sonniss - GDC 2016 - Game Audio Bundle/Game Audio Factory - GAFSFX02 - Cartoon Materials/GAF SFX02 - CARTOON - timer chronometer close up, heavy.wav","timer|chronometer|close|up|heavy|detail|air|mic|and|contact|gaf|sfx02|cartoon|heavywav|gafsfx02 - cartoon materials|game audio factory"
"GAF SFX02 - CARTOON - whistle, multiple, zip up very high and down.wav","GAFSFX02 - Cartoon Materials","Game Audio Factory","http://www.sonniss.com/sound-effects/gafsfx02-cartoon-materials/","/Sonniss - GDC 2016 - Game Audio Bundle/Game Audio Factory - GAFSFX02 - Cartoon Materials/GAF SFX02 - CARTOON - whistle, multiple, zip up very high and down.wav","whistle|loading|zip|up|and|down|falling|very|far|gaf|sfx02|cartoon|multiple|high|downwav|gafsfx02 - cartoon materials|game audio factory"
"GAF SFX03 - Audience Reactions - Small Crowd Men, Cheer Applause, Long, Decrescendo, Crescendo, EN - ORTF.wav","GAFSFX03 - Small Crowds Outdoors","Game Audio Factory","http://www.sonniss.com/sound-effects/gafsfx03-small-crowds-outdoors/","/Sonniss - GDC 2016 - Game Audio Bundle/Game Audio Factory - GAFSFX03 - Small Crowds Outdoors/GAF SFX03 - Audience Reactions - Small Crowd Men, Cheer Applause, Long, Decrescendo, Crescendo, EN - ORTF.wav","audience|reactions|small|crowd|men|cheer|applause|long|decrescendo|crescendo|en|gaf|sfx03|ortfwav|gafsfx03 - small crowds outdoors|game audio factory"
"GAF SFX03 - War Unit - Small Crowd Men, Orcs, Shout Intimidation, Short, Rythm, Repetition, Acceleration, Finish Long Bulk, Wou - ORTF.wav","GAFSFX03 - Small Crowds Outdoors","Game Audio Factory","http://www.sonniss.com/sound-effects/gafsfx03-small-crowds-outdoors/","/Sonniss - GDC 2016 - Game Audio Bundle/Game Audio Factory - GAFSFX03 - Small Crowds Outdoors/GAF SFX03 - War Unit - Small Crowd Men, Orcs, Shout Intimidation, Short, Rythm, Repetition, Acceleration, Finish Long Bulk, Wou - ORTF.wav","war|unit|small|crowd|men|orcs|shout|intimidation|short|rythm|repetition|acceleration|finish|long|bulk|wou|gaf|sfx03|ortfwav|gafsfx03 - small crowds outdoors|game audio factory"
"GAF SFX03 - War Unit - Small Crowd Mixed, Shout Charge Attack, Long, Aaah - ORTF.wav","GAFSFX03 - Small Crowds Outdoors","Game Audio Factory","http://www.sonniss.com/sound-effects/gafsfx03-small-crowds-outdoors/","/Sonniss - GDC 2016 - Game Audio Bundle/Game Audio Factory - GAFSFX03 - Small Crowds Outdoors/GAF SFX03 - War Unit - Small Crowd Mixed, Shout Charge Attack, Long, Aaah - ORTF.wav","war|unit|small|crowd|mixed|shout|charge|attack|long|aaah|gaf|sfx03|ortfwav|gafsfx03 - small crowds outdoors|game audio factory"
"GAF SFX03 - War Unit - Solo Man 5, Charge Attack, Long, Ya - ORTF.wav","GAFSFX03 - Small Crowds Outdoors","Game Audio Factory","http://www.sonniss.com/sound-effects/gafsfx03-small-crowds-outdoors/","/Sonniss - GDC 2016 - Game Audio Bundle/Game Audio Factory - GAFSFX03 - Small Crowds Outdoors/GAF SFX03 - War Unit - Solo Man 5, Charge Attack, Long, Ya - ORTF.wav","war|unit|solo|man|5|charge|attack|long|ya|gaf|sfx03|ortfwav|gafsfx03 - small crowds outdoors|game audio factory"
"GAF SFX04 - LIQUIDS - Drops on plywood fast light 05.wav","GAFSFX04 - Liquids Materials","Game Audio Factory","http://www.sonniss.com/sound-effects/gafsfx04-liquids-materials/","/Sonniss - GDC 2016 - Game Audio Bundle/Game Audio Factory - GAFSFX04 - Liquids Materials/GAF SFX04 - LIQUIDS - Drops on plywood fast light 05.wav","water|liquid|drops|plywood|fast|light|hit|knock|wood|steady|gaf|sfx04|liquids|drops|on|05wav|gafsfx04 - liquids materials|game audio factory"
"GAF SFX04 - LIQUIDS - Hard rain, plexiglas ceiling, inside, hard drops.wav","GAFSFX04 - Liquids Materials","Game Audio Factory","http://www.sonniss.com/sound-effects/gafsfx04-liquids-materials/","/Sonniss - GDC 2016 - Game Audio Bundle/Game Audio Factory - GAFSFX04 - Liquids Materials/GAF SFX04 - LIQUIDS - Hard rain, plexiglas ceiling, inside, hard drops.wav","water|liquid|hard|rain|plexiglas|ceiling|inside|drops|gaf|sfx04|liquids|hard|dropswav|gafsfx04 - liquids materials|game audio factory"
"GAF SFX04 - LIQUIDS - Ocean Water Movement Close.wav","GAFSFX04 - Liquids Materials","Game Audio Factory","http://www.sonniss.com/sound-effects/gafsfx04-liquids-materials/","/Sonniss - GDC 2016 - Game Audio Bundle/Game Audio Factory - GAFSFX04 - Liquids Materials/GAF SFX04 - LIQUIDS - Ocean Water Movement Close.wav","water|liquid|ambience|waves|long|ocean|sea|marin|beach|close|movement|swash|gaf|sfx04|liquids|ocean|water|movement|closewav|gafsfx04 - liquids materials|game audio factory"
"GAF SFX04 - LIQUIDS - Shower start, stop, and dripping.wav","GAFSFX04 - Liquids Materials","Game Audio Factory","http://www.sonniss.com/sound-effects/gafsfx04-liquids-materials/","/Sonniss - GDC 2016 - Game Audio Bundle/Game Audio Factory - GAFSFX04 - Liquids Materials/GAF SFX04 - LIQUIDS - Shower start, stop, and dripping.wav","water|liquid|shower|bathroom|start|stop|dripping|gaf|sfx04|liquids|shower|and|drippingwav|gafsfx04 - liquids materials|game audio factory"
"G4F SFX07-YNP-DESIGNED-Geyser Errupt Breathy.wav","GAFSFX07 - Yellowstone Geysers","Game Audio Factory","http://www.sonniss.com/sound-effects/gafsfx07-yellowstone-geysers/","/Sonniss - GDC 2016 - Game Audio Bundle/Game Audio Factory - GAFSFX07 - Yellowstone Geysers/G4F SFX07-YNP-DESIGNED-Geyser Errupt Breathy.wav","large|and|breathy|erruption|water|falling|g4f|sfx07ynpdesignedgeyser|errupt|breathywav|gafsfx07 - yellowstone geysers|game audio factory"
"G4F SFX07-YNP-MUDPOT-Norris 2.wav","GAFSFX07 - Yellowstone Geysers","Game Audio Factory","http://www.sonniss.com/sound-effects/gafsfx07-yellowstone-geysers/","/Sonniss - GDC 2016 - Game Audio Bundle/Game Audio Factory - GAFSFX07 - Yellowstone Geysers/G4F SFX07-YNP-MUDPOT-Norris 2.wav","medium|muddy|bubbles|wet|g4f|sfx07ynpmudpotnorris|2wav|gafsfx07 - yellowstone geysers|game audio factory"
"G4F SFX07-YNP-WATER SPLASH-Red Spouter Geyser.wav","GAFSFX07 - Yellowstone Geysers","Game Audio Factory","http://www.sonniss.com/sound-effects/gafsfx07-yellowstone-geysers/","/Sonniss - GDC 2016 - Game Audio Bundle/Game Audio Factory - GAFSFX07 - Yellowstone Geysers/G4F SFX07-YNP-WATER SPLASH-Red Spouter Geyser.wav","large|water|splashes|g4f|sfx07ynpwater|splashred|spouter|geyserwav|gafsfx07 - yellowstone geysers|game audio factory"
"G4F SFX07-YNP-WATER SPLASH-Sawmill Geyser Errupt.wav","GAFSFX07 - Yellowstone Geysers","Game Audio Factory","http://www.sonniss.com/sound-effects/gafsfx07-yellowstone-geysers/","/Sonniss - GDC 2016 - Game Audio Bundle/Game Audio Factory - GAFSFX07 - Yellowstone Geysers/G4F SFX07-YNP-WATER SPLASH-Sawmill Geyser Errupt.wav","light|water|splashes|and|pumps|airy|g4f|sfx07ynpwater|splashsawmill|geyser|erruptwav|gafsfx07 - yellowstone geysers|game audio factory"
"Backgammon Piece 21.wav","SFX for Board Games","George Karagioules","http://www.sonniss.com/sound-effects/sfx-board-games/","/Sonniss - GDC 2016 - Game Audio Bundle/George Karagioules - SFX for Board Games/Backgammon Piece 21.wav","backgammon|piece|21wav|sfx for board games|george karagioules"
"Dice 9.wav","SFX for Board Games","George Karagioules","http://www.sonniss.com/sound-effects/sfx-board-games/","/Sonniss - GDC 2016 - Game Audio Bundle/George Karagioules - SFX for Board Games/Dice 9.wav","dice|9wav|sfx for board games|george karagioules"
"Domino Box 15.wav","SFX for Board Games","George Karagioules","http://www.sonniss.com/sound-effects/sfx-board-games/","/Sonniss - GDC 2016 - Game Audio Bundle/George Karagioules - SFX for Board Games/Domino Box 15.wav","domino|box|15wav|sfx for board games|george karagioules"
"Placing Pieces on the Board 2.wav","SFX for Board Games","George Karagioules","http://www.sonniss.com/sound-effects/sfx-board-games/","/Sonniss - GDC 2016 - Game Audio Bundle/George Karagioules - SFX for Board Games/Placing Pieces on the Board 2.wav","placing|pieces|on|the|board|2wav|sfx for board games|george karagioules"
"Door Lock.wav","The Source Collection SFX Pack","George Karagioules","http://www.sonniss.com/sound-effects/source-collection-sfx-pack/","/Sonniss - GDC 2016 - Game Audio Bundle/George Karagioules - The Source Collection SFX Pack/Door Lock.wav","door|lockwav|the source collection sfx pack|george karagioules"
"Huyndai Getz Opening from Inside.wav","The Source Collection SFX Pack","George Karagioules","http://www.sonniss.com/sound-effects/source-collection-sfx-pack/","/Sonniss - GDC 2016 - Game Audio Bundle/George Karagioules - The Source Collection SFX Pack/Huyndai Getz Opening from Inside.wav","huyndai|getz|opening|from|insidewav|the source collection sfx pack|george karagioules"
"Lighter.wav","The Source Collection SFX Pack","George Karagioules","http://www.sonniss.com/sound-effects/source-collection-sfx-pack/","/Sonniss - GDC 2016 - Game Audio Bundle/George Karagioules - The Source Collection SFX Pack/Lighter.wav","lighterwav|the source collection sfx pack|george karagioules"
"Wine Glass Hit Higher Pitch.wav","The Source Collection SFX Pack","George Karagioules","http://www.sonniss.com/sound-effects/source-collection-sfx-pack/","/Sonniss - GDC 2016 - Game Audio Bundle/George Karagioules - The Source Collection SFX Pack/Wine Glass Hit Higher Pitch.wav","wine|glass|hit|higher|pitchwav|the source collection sfx pack|george karagioules"
"AMB_EXT_ApartmentCourtyard_ChildrenPlaying.wav","Places With People","GriffinSound","http://www.sonniss.com/sound-effects/places-people-sfx/","/Sonniss - GDC 2016 - Game Audio Bundle/GriffinSound - Places With People/AMB_EXT_ApartmentCourtyard_ChildrenPlaying.wav","amb_ext_apartmentcourtyard_childrenplayingwav|places with people|griffinsound"
"AMB_INT_Cafeteria_US_Capitol_DC.wav","Places With People","GriffinSound","http://www.sonniss.com/sound-effects/places-people-sfx/","/Sonniss - GDC 2016 - Game Audio Bundle/GriffinSound - Places With People/AMB_INT_Cafeteria_US_Capitol_DC.wav","amb_int_cafeteria_us_capitol_dcwav|places with people|griffinsound"
"AMB_INT_Party_50_people.wav","Places With People","GriffinSound","http://www.sonniss.com/sound-effects/places-people-sfx/","/Sonniss - GDC 2016 - Game Audio Bundle/GriffinSound - Places With People/AMB_INT_Party_50_people.wav","amb_int_party_50_peoplewav|places with people|griffinsound"
"Amb,Construction,Ext,Crane,Hoisting,Various engine speeds.wav","Construction Ambiances","Hzandbits","http://www.sonniss.com/sound-effects/construction-ambiances/","/Sonniss - GDC 2016 - Game Audio Bundle/Hzandbits - Construction Ambiances/Amb,Construction,Ext,Crane,Hoisting,Various engine speeds.wav","sproject=hzandbits|construction|ambiancessscene=hzandbits|ambiances|amb|ext|crane|hoisting|various|engine|speedswav|construction ambiances|hzandbits"
"Amb,Construction,Int,Muffled,Power hammer,Drops,Impacts.wav","Construction Ambiances","Hzandbits","http://www.sonniss.com/sound-effects/construction-ambiances/","/Sonniss - GDC 2016 - Game Audio Bundle/Hzandbits - Construction Ambiances/Amb,Construction,Int,Muffled,Power hammer,Drops,Impacts.wav","snote=construction|site|internal|recording|short|clip|with|power|hammerat|work|heavy|objects|dropped|all|sounding|slightly|muffled|as|if|happening|in|another|roomsproject=hzandbits|construction|ambiances|amb|int|muffled|power|hammer|drops|impactswav|construction ambiances|hzandbits"
"Amb.Construction,Ext,Engines,Impacts,Clanging,Diffuse.wav","Construction Ambiances","Hzandbits","http://www.sonniss.com/sound-effects/construction-ambiances/","/Sonniss - GDC 2016 - Game Audio Bundle/Hzandbits - Construction Ambiances/Amb.Construction,Ext,Engines,Impacts,Clanging,Diffuse.wav","snote=construction|site|external|recording|various|engines|clanging|and|impacts|in|large|construction|pit|diffuse|sound|stereosproject=hzandbits|construction|ambiancessscene=hzandbits|ambiances|ambconstruction|ext|engines|impacts|clanging|diffusewav|construction ambiances|hzandbits"
"Construction,Ext,Heavy machinery,Piledriver,Impact,Massive,Repetitive,Binaural,Loop.wav","Construction Ambiances","Hzandbits","http://www.sonniss.com/sound-effects/construction-ambiances/","/Sonniss - GDC 2016 - Game Audio Bundle/Hzandbits - Construction Ambiances/Construction,Ext,Heavy machinery,Piledriver,Impact,Massive,Repetitive,Binaural,Loop.wav","snote=construction|site|external|recording|huge|piledriver|at|work|pounding|large|steel|beams|into|the|ground|diesel|engine|humming|impacts|reverberating|between|buildings|other|noises|and|voices|heard|binaural|stereo|construction|ext|heavy|machinery|piledriver|impact|massive|repetitive|loopwav|construction ambiances|hzandbits"
"Wind,Int,Howl,Forceful,Tonal,Vocal,Gust.wav","Howling Winds - Interior","Hzandbits","http://www.sonniss.com/sound-effects/howling-winds-interior/","/Sonniss - GDC 2016 - Game Audio Bundle/Hzandbits - Howling Winds - Interior/Wind,Int,Howl,Forceful,Tonal,Vocal,Gust.wav","wind|int|howl|forceful|tonal|vocal|gustwav|howling winds - interior|hzandbits"
"Wind,Int,Howl,Tonal,Mumble.wav","Howling Winds - Interior","Hzandbits","http://www.sonniss.com/sound-effects/howling-winds-interior/","/Sonniss - GDC 2016 - Game Audio Bundle/Hzandbits - Howling Winds - Interior/Wind,Int,Howl,Tonal,Mumble.wav","wind|int|howl|tonal|mumblewav|howling winds - interior|hzandbits"
"Wind,Raindrops,Int,Open window,Long whoosh.wav","Howling Winds - Interior","Hzandbits","http://www.sonniss.com/sound-effects/howling-winds-interior/","/Sonniss - GDC 2016 - Game Audio Bundle/Hzandbits - Howling Winds - Interior/Wind,Raindrops,Int,Open window,Long whoosh.wav","wind|raindrops|int|open|window|long|whooshwav|howling winds - interior|hzandbits"
"Wind,Sleet,Int,Urban,Rushing,Gusts.wav","Howling Winds - Interior","Hzandbits","http://www.sonniss.com/sound-effects/howling-winds-interior/","/Sonniss - GDC 2016 - Game Audio Bundle/Hzandbits - Howling Winds - Interior/Wind,Sleet,Int,Urban,Rushing,Gusts.wav","wind|sleet|int|urban|rushing|gustswav|howling winds - interior|hzandbits"
"Wind,Ext,Alley,Urban,Howl,Pronounced,Metal,Clinking.wav","Urban Winds","Hzandbits","http://www.sonniss.com/sound-effects/urban-winds/","/Sonniss - GDC 2016 - Game Audio Bundle/Hzandbits - Urban Winds/Wind,Ext,Alley,Urban,Howl,Pronounced,Metal,Clinking.wav","snote=wind|blowing|pronounced|howling|in|alley|some|metal|clinking|faintly|wind|ext|alley|urban|howl|pronounced|metal|clinkingwav|urban winds|hzandbits"
"Wind,Ext,Urban,Metal,Signpost,Distinct clanking,Howling,Nervous.Mono.wav","Urban Winds","Hzandbits","http://www.sonniss.com/sound-effects/urban-winds/","/Sonniss - GDC 2016 - Game Audio Bundle/Hzandbits - Urban Winds/Wind,Ext,Urban,Metal,Signpost,Distinct clanking,Howling,Nervous.Mono.wav","snote=metal|signpost|clanking|distinctly|in|the|sometimes|howling|wind|wind|ext|urban|metal|signpost|distinct|howling|nervousmonowav|urban winds|hzandbits"
"Wind,Ext,Urban,Plastic,Flutter,Ruffle.wav","Urban Winds","Hzandbits","http://www.sonniss.com/sound-effects/urban-winds/","/Sonniss - GDC 2016 - Game Audio Bundle/Hzandbits - Urban Winds/Wind,Ext,Urban,Plastic,Flutter,Ruffle.wav","snote=wind|ruffles|plastic|makes|random|fluttering|flapping|sounds|wind|ext|urban|plastic|flutter|rufflewav|urban winds|hzandbits"
"Wind,Ext,Urban,Plastic,Thin,Flutter,Violent.Mono.wav","Urban Winds","Hzandbits","http://www.sonniss.com/sound-effects/urban-winds/","/Sonniss - GDC 2016 - Game Audio Bundle/Hzandbits - Urban Winds/Wind,Ext,Urban,Plastic,Thin,Flutter,Violent.Mono.wav","snote=thin|plastic|flutters|violently|wind|ext|urban|plastic|thin|flutter|violentmonowav|urban winds|hzandbits"
"EGEngines_johndeeretypeE_fastairpuff_chuff_airpipe_compressed.wav","Early Gasoline Engines","JC Sound","http://www.sonniss.com/sound-effects/early-gasoline-engines/","/Sonniss - GDC 2016 - Game Audio Bundle/JC Sound - Early Gasoline Engines/EGEngines_johndeeretypeE_fastairpuff_chuff_airpipe_compressed.wav","engine|gasoline|stereo|historical|combustion|wheels|machinery|metal|fast|huffing|puffing|air|chuff|pipe|egengines_johndeeretypee_fastairpuff_chuff_airpipe_compressedwav|early gasoline engines|jc sound"
"EGEngines_wico_23-19_fastchugging.wav","Early Gasoline Engines","JC Sound","http://www.sonniss.com/sound-effects/early-gasoline-engines/","/Sonniss - GDC 2016 - Game Audio Bundle/JC Sound - Early Gasoline Engines/EGEngines_wico_23-19_fastchugging.wav","engine|gasoline|stereo|historical|combustion|wheels|machinery|metal|fast|clicking|clanking|chugging|puffing|egengines_wico_2319_fastchuggingwav|early gasoline engines|jc sound"
"draining sink 2.wav","Essential Bathroom Sounds","Kevin Durr","http://www.sonniss.com/sound-effects/essential-bathroom-sounds/","/Sonniss - GDC 2016 - Game Audio Bundle/Kevin Durr - Essential Bathroom Sounds/draining sink 2.wav","sspeed=023976ndstake=145subits=$02131645sswver=267sproject=sscene=kev1sfilename=kev1t145wavstape=16y02m13strk1=track|astrk2=track|bsnote=|draining|sink|2wav|essential bathroom sounds|kevin durr"
"hairspray 2.wav","Essential Bathroom Sounds","Kevin Durr","http://www.sonniss.com/sound-effects/essential-bathroom-sounds/","/Sonniss - GDC 2016 - Game Audio Bundle/Kevin Durr - Essential Bathroom Sounds/hairspray 2.wav","hairspray|2wav|essential bathroom sounds|kevin durr"
"shower 1.wav","Essential Bathroom Sounds","Kevin Durr","http://www.sonniss.com/sound-effects/essential-bathroom-sounds/","/Sonniss - GDC 2016 - Game Audio Bundle/Kevin Durr - Essential Bathroom Sounds/shower 1.wav","sspeed=023976ndstake=35subits=$01231635sswver=267sproject=sscene=kev1sfilename=kev1t35wavstape=16y01m22strk1=track|astrk2=track|bsnote=|shower|1wav|essential bathroom sounds|kevin durr"
"toothbrush(basic).wav","Essential Bathroom Sounds","Kevin Durr","http://www.sonniss.com/sound-effects/essential-bathroom-sounds/","/Sonniss - GDC 2016 - Game Audio Bundle/Kevin Durr - Essential Bathroom Sounds/toothbrush(basic).wav","sspeed=023976ndstake=24subits=$01231624sswver=267sproject=sscene=kev1sfilename=kev1t24wavstape=16y01m22strk1=track|astrk2=track|bsnote=|toothbrush(basic)wav|essential bathroom sounds|kevin durr"
"Chipping ice 5.wav","Ice cubes & Ice Blocks","Kevin Durr","http://www.sonniss.com/sound-effects/ice-cubes-ice-blocks/","/Sonniss - GDC 2016 - Game Audio Bundle/Kevin Durr - Ice cubes & Ice Blocks/Chipping ice 5.wav","chipping|ice|5wav|ice cubes & ice blocks|kevin durr"
"Stepping on ice 1.wav","Ice cubes & Ice Blocks","Kevin Durr","http://www.sonniss.com/sound-effects/ice-cubes-ice-blocks/","/Sonniss - GDC 2016 - Game Audio Bundle/Kevin Durr - Ice cubes & Ice Blocks/Stepping on ice 1.wav","stepping|on|ice|1wav|ice cubes & ice blocks|kevin durr"
"Twisting Ice Tray 1.wav","Ice cubes & Ice Blocks","Kevin Durr","http://www.sonniss.com/sound-effects/ice-cubes-ice-blocks/","/Sonniss - GDC 2016 - Game Audio Bundle/Kevin Durr - Ice cubes & Ice Blocks/Twisting Ice Tray 1.wav","twisting|ice|tray|1wav|ice cubes & ice blocks|kevin durr"
"Walking with styrofoam ice cooler 1.wav","Ice cubes & Ice Blocks","Kevin Durr","http://www.sonniss.com/sound-effects/ice-cubes-ice-blocks/","/Sonniss - GDC 2016 - Game Audio Bundle/Kevin Durr - Ice cubes & Ice Blocks/Walking with styrofoam ice cooler 1.wav","walking|with|styrofoam|ice|cooler|1wav|ice cubes & ice blocks|kevin durr"
"fourbit_approach___dry.wav","Fourbit – your everyday robot voice","Leevaudio","http://www.sonniss.com/sound-effects/fourbit-everyday-robot-voice/","/Sonniss - GDC 2016 - Game Audio Bundle/Leevaudio - Fourbit – your everyday robot voice/fourbit_approach___dry.wav","the|word|'approach'|spoken|by|the|robot/monster|voice|'fourbit'|with|a|dry|effect|fourbit_approach___drywav|fourbit – your everyday robot voice|leevaudio"
"fourbit_changed___dry.wav","Fourbit – your everyday robot voice","Leevaudio","http://www.sonniss.com/sound-effects/fourbit-everyday-robot-voice/","/Sonniss - GDC 2016 - Game Audio Bundle/Leevaudio - Fourbit – your everyday robot voice/fourbit_changed___dry.wav","the|word|'changed'|spoken|by|the|robot/monster|voice|'fourbit'|with|a|dry|effect|fourbit_changed___drywav|fourbit – your everyday robot voice|leevaudio"
"fourbit_hits___dry.wav","Fourbit – your everyday robot voice","Leevaudio","http://www.sonniss.com/sound-effects/fourbit-everyday-robot-voice/","/Sonniss - GDC 2016 - Game Audio Bundle/Leevaudio - Fourbit – your everyday robot voice/fourbit_hits___dry.wav","the|word|'hits'|spoken|by|the|robot/monster|voice|'fourbit'|with|a|dry|effect|fourbit_hits___drywav|fourbit – your everyday robot voice|leevaudio"
"fourbit_occurred___dry.wav","Fourbit – your everyday robot voice","Leevaudio","http://www.sonniss.com/sound-effects/fourbit-everyday-robot-voice/","/Sonniss - GDC 2016 - Game Audio Bundle/Leevaudio - Fourbit – your everyday robot voice/fourbit_occurred___dry.wav","the|word|'occurred'|spoken|by|the|robot/monster|voice|'fourbit'|with|a|dry|effect|fourbit_occurred___drywav|fourbit – your everyday robot voice|leevaudio"
"okamoid_attacking___dry.wav","Okamoid - powerful commander robot voice","Leevaudio","http://www.sonniss.com/sound-effects/okamoid-powerful-commander-robot-voice/","/Sonniss - GDC 2016 - Game Audio Bundle/Leevaudio - Okamoid - powerful commander robot voice/okamoid_attacking___dry.wav","the|word|'attacking'|spoken|by|the|robot/monster|voice|'okamoid'|with|a|dry|effect|okamoid_attacking___drywav|okamoid - powerful commander robot voice|leevaudio"
"okamoid_killers___dry.wav","Okamoid - powerful commander robot voice","Leevaudio","http://www.sonniss.com/sound-effects/okamoid-powerful-commander-robot-voice/","/Sonniss - GDC 2016 - Game Audio Bundle/Leevaudio - Okamoid - powerful commander robot voice/okamoid_killers___dry.wav","the|word|'killers'|spoken|by|the|robot/monster|voice|'okamoid'|with|a|dry|effect|okamoid_killers___drywav|okamoid - powerful commander robot voice|leevaudio"
"okamoid_won___dry.wav","Okamoid - powerful commander robot voice","Leevaudio","http://www.sonniss.com/sound-effects/okamoid-powerful-commander-robot-voice/","/Sonniss - GDC 2016 - Game Audio Bundle/Leevaudio - Okamoid - powerful commander robot voice/okamoid_won___dry.wav","the|word|'won'|spoken|by|the|robot/monster|voice|'okamoid'|with|a|dry|effect|okamoid_won___drywav|okamoid - powerful commander robot voice|leevaudio"
"okamoid_yourself___dry.wav","Okamoid - powerful commander robot voice","Leevaudio","http://www.sonniss.com/sound-effects/okamoid-powerful-commander-robot-voice/","/Sonniss - GDC 2016 - Game Audio Bundle/Leevaudio - Okamoid - powerful commander robot voice/okamoid_yourself___dry.wav","the|word|'yourself'|spoken|by|the|robot/monster|voice|'okamoid'|with|a|dry|effect|okamoid_yourself___drywav|okamoid - powerful commander robot voice|leevaudio"
"sally77_cannons___dry.wav","Sally77 - friendly female robot voice","Leevaudio","http://www.sonniss.com/sound-effects/sally77-friendly-female-robot-voice/","/Sonniss - GDC 2016 - Game Audio Bundle/Leevaudio - Sally77 - friendly female robot voice/sally77_cannons___dry.wav","the|word|'cannons'|spoken|by|the|robot/monster|voice|'sally77'|with|a|dry|effect|sally77_cannons___drywav|sally77 - friendly female robot voice|leevaudio"
"sally77_fire___dry.wav","Sally77 - friendly female robot voice","Leevaudio","http://www.sonniss.com/sound-effects/sally77-friendly-female-robot-voice/","/Sonniss - GDC 2016 - Game Audio Bundle/Leevaudio - Sally77 - friendly female robot voice/sally77_fire___dry.wav","the|word|'fire'|spoken|by|the|robot/monster|voice|'sally77'|with|a|dry|effect|sally77_fire___drywav|sally77 - friendly female robot voice|leevaudio"
"sally77_game___dry.wav","Sally77 - friendly female robot voice","Leevaudio","http://www.sonniss.com/sound-effects/sally77-friendly-female-robot-voice/","/Sonniss - GDC 2016 - Game Audio Bundle/Leevaudio - Sally77 - friendly female robot voice/sally77_game___dry.wav","the|word|'game'|spoken|by|the|robot/monster|voice|'sally77'|with|a|dry|effect|sally77_game___drywav|sally77 - friendly female robot voice|leevaudio"
"sally77_trial___dry.wav","Sally77 - friendly female robot voice","Leevaudio","http://www.sonniss.com/sound-effects/sally77-friendly-female-robot-voice/","/Sonniss - GDC 2016 - Game Audio Bundle/Leevaudio - Sally77 - friendly female robot voice/sally77_trial___dry.wav","the|word|'trial'|spoken|by|the|robot/monster|voice|'sally77'|with|a|dry|effect|sally77_trial___drywav|sally77 - friendly female robot voice|leevaudio"
"FS Ground Civilian Walk N03.wav","Civilian Footsteps","Levan Nadashvili","http://www.sonniss.com/sound-effects/civilian-footsteps/","/Sonniss - GDC 2016 - Game Audio Bundle/Levan Nadashvili - Civilian Footsteps/FS Ground Civilian Walk N03.wav","fs|ground|civilian|walk|n03wav|civilian footsteps|levan nadashvili"
"FS Ground Civilian Walk N05.wav","Civilian Footsteps","Levan Nadashvili","http://www.sonniss.com/sound-effects/civilian-footsteps/","/Sonniss - GDC 2016 - Game Audio Bundle/Levan Nadashvili - Civilian Footsteps/FS Ground Civilian Walk N05.wav","fs|ground|civilian|walk|n05wav|civilian footsteps|levan nadashvili"
"FS Wood Civilian Crouch N03.wav","Civilian Footsteps","Levan Nadashvili","http://www.sonniss.com/sound-effects/civilian-footsteps/","/Sonniss - GDC 2016 - Game Audio Bundle/Levan Nadashvili - Civilian Footsteps/FS Wood Civilian Crouch N03.wav","fs|wood|civilian|crouch|n03wav|civilian footsteps|levan nadashvili"
"FS Wood Civilian Crouch N05.wav","Civilian Footsteps","Levan Nadashvili","http://www.sonniss.com/sound-effects/civilian-footsteps/","/Sonniss - GDC 2016 - Game Audio Bundle/Levan Nadashvili - Civilian Footsteps/FS Wood Civilian Crouch N05.wav","fs|wood|civilian|crouch|n05wav|civilian footsteps|levan nadashvili"
"FS Concrete Soldier Crouch N02.wav","Soldier Footsteps","Levan Nadashvili","http://www.sonniss.com/sound-effects/soldier-footsteps/","/Sonniss - GDC 2016 - Game Audio Bundle/Levan Nadashvili - Soldier Footsteps/FS Concrete Soldier Crouch N02.wav","fs|concrete|soldier|crouch|n02wav|soldier footsteps|levan nadashvili"
"FS Concrete Soldier Crouch N05.wav","Soldier Footsteps","Levan Nadashvili","http://www.sonniss.com/sound-effects/soldier-footsteps/","/Sonniss - GDC 2016 - Game Audio Bundle/Levan Nadashvili - Soldier Footsteps/FS Concrete Soldier Crouch N05.wav","fs|concrete|soldier|crouch|n05wav|soldier footsteps|levan nadashvili"
"FS Metal Soldier Walk N01.wav","Soldier Footsteps","Levan Nadashvili","http://www.sonniss.com/sound-effects/soldier-footsteps/","/Sonniss - GDC 2016 - Game Audio Bundle/Levan Nadashvili - Soldier Footsteps/FS Metal Soldier Walk N01.wav","fs|metal|soldier|walk|n01wav|soldier footsteps|levan nadashvili"
"FS Metal Soldier Walk N05.wav","Soldier Footsteps","Levan Nadashvili","http://www.sonniss.com/sound-effects/soldier-footsteps/","/Sonniss - GDC 2016 - Game Audio Bundle/Levan Nadashvili - Soldier Footsteps/FS Metal Soldier Walk N05.wav","fs|metal|soldier|walk|n05wav|soldier footsteps|levan nadashvili"
"TextureGlassDebris_008.wav","FEEL TEXTURES VOL 1","MatiasMacSD","http://www.sonniss.com/sound-effects/feel-textures-vol-1/","/Sonniss - GDC 2016 - Game Audio Bundle/MatiasMacSD - FEEL TEXTURES VOL 1/TextureGlassDebris_008.wav","texture|glass|debris|low|frequency|textureglassdebris_008wav|feel textures vol 1|matiasmacsd"
"TextureMetalGlassScratch_004.wav","FEEL TEXTURES VOL 1","MatiasMacSD","http://www.sonniss.com/sound-effects/feel-textures-vol-1/","/Sonniss - GDC 2016 - Game Audio Bundle/MatiasMacSD - FEEL TEXTURES VOL 1/TextureMetalGlassScratch_004.wav","texture|metal|glass|scratch|texturemetalglassscratch_004wav|feel textures vol 1|matiasmacsd"
"TextureThunderDrum_008.wav","FEEL TEXTURES VOL 1","MatiasMacSD","http://www.sonniss.com/sound-effects/feel-textures-vol-1/","/Sonniss - GDC 2016 - Game Audio Bundle/MatiasMacSD - FEEL TEXTURES VOL 1/TextureThunderDrum_008.wav","texture|thunder|drum|musical|instrument|spring|steel|resonance|texturethunderdrum_008wav|feel textures vol 1|matiasmacsd"
"TextureWindChimeKeys_003.wav","FEEL TEXTURES VOL 1","MatiasMacSD","http://www.sonniss.com/sound-effects/feel-textures-vol-1/","/Sonniss - GDC 2016 - Game Audio Bundle/MatiasMacSD - FEEL TEXTURES VOL 1/TextureWindChimeKeys_003.wav","texture|wind|chime|keys|reverb|texturewindchimekeys_003wav|feel textures vol 1|matiasmacsd"
"AmbienceWarCity.wav","INFECTED ZONE","MatiasMacSD","http://www.sonniss.com/sound-effects/infected-zone/","/Sonniss - GDC 2016 - Game Audio Bundle/MatiasMacSD - INFECTED ZONE/AmbienceWarCity.wav","ambience|war|explosions|city|ambiencewarcitywav|infected zone|matiasmacsd"
"BiteCreakBloodJuicy_002.wav","INFECTED ZONE","MatiasMacSD","http://www.sonniss.com/sound-effects/infected-zone/","/Sonniss - GDC 2016 - Game Audio Bundle/MatiasMacSD - INFECTED ZONE/BiteCreakBloodJuicy_002.wav","zombie|bite|creak|blood|juicy|bitecreakbloodjuicy_002wav|infected zone|matiasmacsd"
"BloodDrips.wav","INFECTED ZONE","MatiasMacSD","http://www.sonniss.com/sound-effects/infected-zone/","/Sonniss - GDC 2016 - Game Audio Bundle/MatiasMacSD - INFECTED ZONE/BloodDrips.wav","blood|drips|blooddripswav|infected zone|matiasmacsd"
"ZombieVocalizationsGeneral_003.wav","INFECTED ZONE","MatiasMacSD","http://www.sonniss.com/sound-effects/infected-zone/","/Sonniss - GDC 2016 - Game Audio Bundle/MatiasMacSD - INFECTED ZONE/ZombieVocalizationsGeneral_003.wav","zombie|vocalizations|general|zombievocalizationsgeneral_003wav|infected zone|matiasmacsd"
"Atmosphere_Drone_001.wav","MENTAL STRAIN","MatiasMacSD","http://www.sonniss.com/sound-effects/mental-strain/","/Sonniss - GDC 2016 - Game Audio Bundle/MatiasMacSD - MENTAL STRAIN/Atmosphere_Drone_001.wav","drone|atmosphere|mental|strain|tension|production|element|atmosphere_drone_001wav|mental strain|matiasmacsd"
"Engine_Distortion_Interference_002.wav","MENTAL STRAIN","MatiasMacSD","http://www.sonniss.com/sound-effects/mental-strain/","/Sonniss - GDC 2016 - Game Audio Bundle/MatiasMacSD - MENTAL STRAIN/Engine_Distortion_Interference_002.wav","engine|motor|distortion|interference|mental|strain|tension|production|element|engine_distortion_interference_002wav|mental strain|matiasmacsd"
"Impact_Distortion_010.wav","MENTAL STRAIN","MatiasMacSD","http://www.sonniss.com/sound-effects/mental-strain/","/Sonniss - GDC 2016 - Game Audio Bundle/MatiasMacSD - MENTAL STRAIN/Impact_Distortion_010.wav","impact|distortion|texture|mental|strain|tension|production|element|impact_distortion_010wav|mental strain|matiasmacsd"
"Whoosh_002.wav","MENTAL STRAIN","MatiasMacSD","http://www.sonniss.com/sound-effects/mental-strain/","/Sonniss - GDC 2016 - Game Audio Bundle/MatiasMacSD - MENTAL STRAIN/Whoosh_002.wav","whoosh|transition|mental|strain|tension|production|element|whoosh_002wav|mental strain|matiasmacsd"
"ElectricGuitarAmpCableConnection_003.wav","NOISE","MatiasMacSD","http://www.sonniss.com/sound-effects/noise/","/Sonniss - GDC 2016 - Game Audio Bundle/MatiasMacSD - NOISE/ElectricGuitarAmpCableConnection_003.wav","electric|guitar|amp|amplifier|cable|connection|noise|electricguitarampcableconnection_003wav|noise|matiasmacsd"
"OldRadioTuningStaticNoise_001.wav","NOISE","MatiasMacSD","http://www.sonniss.com/sound-effects/noise/","/Sonniss - GDC 2016 - Game Audio Bundle/MatiasMacSD - NOISE/OldRadioTuningStaticNoise_001.wav","old|radio|tuning|static|noise|oldradiotuningstaticnoise_001wav|noise|matiasmacsd"
"AtmosphereSurrealCraziness_003.wav","SURREAL","MatiasMacSD","http://www.sonniss.com/sound-effects/surreal/","/Sonniss - GDC 2016 - Game Audio Bundle/MatiasMacSD - SURREAL/AtmosphereSurrealCraziness_003.wav","surreal|surrealism|atmosphere|craziness|strange|rare|bizarre|atmospheresurrealcraziness_003wav|surreal|matiasmacsd"
"KalimbaAtmosphere_002.wav","SURREAL","MatiasMacSD","http://www.sonniss.com/sound-effects/surreal/","/Sonniss - GDC 2016 - Game Audio Bundle/MatiasMacSD - SURREAL/KalimbaAtmosphere_002.wav","surreal|surrealism|kalimba|atmosphere|kalimbaatmosphere_002wav|surreal|matiasmacsd"
"ProductionElementTransitionGlitch_001.wav","SURREAL","MatiasMacSD","http://www.sonniss.com/sound-effects/surreal/","/Sonniss - GDC 2016 - Game Audio Bundle/MatiasMacSD - SURREAL/ProductionElementTransitionGlitch_001.wav","surreal|surrealism|production|element|transition|glitch|productionelementtransitionglitch_001wav|surreal|matiasmacsd"
"Whoosh_003.wav","SURREAL","MatiasMacSD","http://www.sonniss.com/sound-effects/surreal/","/Sonniss - GDC 2016 - Game Audio Bundle/MatiasMacSD - SURREAL/Whoosh_003.wav","surreal|surrealism|production|element|whoosh|transition|whoosh_003wav|surreal|matiasmacsd"
"Robot_Big_Footstep_Servo_003.wav","THE MACHINES - ROBOTIC SOUNDS","MatiasMacSD","http://www.sonniss.com/sound-effects/machines-robotic-sounds/","/Sonniss - GDC 2016 - Game Audio Bundle/MatiasMacSD - THE MACHINES - ROBOTIC SOUNDS/Robot_Big_Footstep_Servo_003.wav","robot|mech|big|footstep|servo|motor|movement|robot_big_footstep_servo_003wav|the machines - robotic sounds|matiasmacsd"
"Robot_Morph_Movement_005.wav","THE MACHINES - ROBOTIC SOUNDS","MatiasMacSD","http://www.sonniss.com/sound-effects/machines-robotic-sounds/","/Sonniss - GDC 2016 - Game Audio Bundle/MatiasMacSD - THE MACHINES - ROBOTIC SOUNDS/Robot_Morph_Movement_005.wav","robot|morph|transformation|movement|robot_morph_movement_005wav|the machines - robotic sounds|matiasmacsd"
"Robot_Scan_Data_017.wav","THE MACHINES - ROBOTIC SOUNDS","MatiasMacSD","http://www.sonniss.com/sound-effects/machines-robotic-sounds/","/Sonniss - GDC 2016 - Game Audio Bundle/MatiasMacSD - THE MACHINES - ROBOTIC SOUNDS/Robot_Scan_Data_017.wav","robot|scan|data|calculation|robot_scan_data_017wav|the machines - robotic sounds|matiasmacsd"
"Robot_Servo_006.wav","THE MACHINES - ROBOTIC SOUNDS","MatiasMacSD","http://www.sonniss.com/sound-effects/machines-robotic-sounds/","/Sonniss - GDC 2016 - Game Audio Bundle/MatiasMacSD - THE MACHINES - ROBOTIC SOUNDS/Robot_Servo_006.wav","robot|servo|motor|movement|robot_servo_006wav|the machines - robotic sounds|matiasmacsd"
"Collapsed Stone House - Rock Single Large Impacts - 1 Meter. Rock,Large,Impact,Single,Land,Various_04.wav","Rocks Momentum","Mattia Cellotto","http://www.sonniss.com/sound-effects/rocks-momentum/","/Sonniss - GDC 2016 - Game Audio Bundle/Mattia Cellotto - Rocks Momentum/Collapsed Stone House - Rock Single Large Impacts - 1 Meter. Rock,Large,Impact,Single,Land,Various_04.wav","collapsed|stone|house|rock|single|large|impacts|1|meter|impact|land|various_04wav|rocks momentum|mattia cellotto"
"Eradicated Tree - Stones Large Impacts Debris - 1 Meter. Debris,Stones,Soil,Impact,Rock,Impact,Fall,Various_04.wav","Rocks Momentum","Mattia Cellotto","http://www.sonniss.com/sound-effects/rocks-momentum/","/Sonniss - GDC 2016 - Game Audio Bundle/Mattia Cellotto - Rocks Momentum/Eradicated Tree - Stones Large Impacts Debris - 1 Meter. Debris,Stones,Soil,Impact,Rock,Impact,Fall,Various_04.wav","eradicated|tree|stones|large|impacts|debris|1|meter|soil|impact|rock|fall|various_04wav|rocks momentum|mattia cellotto"
"Glacial Lake - Large Size Rock Splashes - 5 Meters. Water,Splash,Large,Rock,Impact,Various_06.wav","Rocks Momentum","Mattia Cellotto","http://www.sonniss.com/sound-effects/rocks-momentum/","/Sonniss - GDC 2016 - Game Audio Bundle/Mattia Cellotto - Rocks Momentum/Glacial Lake - Large Size Rock Splashes - 5 Meters. Water,Splash,Large,Rock,Impact,Various_06.wav","glacial|lake|large|size|rock|splashes|5|meters|water|splash|impact|various_06wav|rocks momentum|mattia cellotto"
"Woodshed - Rock and Wood Large Impacts - 1 Meter. Rock,Wood,Large,Impact,Roll,Various_02.wav","Rocks Momentum","Mattia Cellotto","http://www.sonniss.com/sound-effects/rocks-momentum/","/Sonniss - GDC 2016 - Game Audio Bundle/Mattia Cellotto - Rocks Momentum/Woodshed - Rock and Wood Large Impacts - 1 Meter. Rock,Wood,Large,Impact,Roll,Various_02.wav","woodshed|rock|and|wood|large|impacts|1|meter|impact|roll|various_02wav|rocks momentum|mattia cellotto"
"Little Plastic Container_TS 01.wav","Toys","Mechanical Wave","http://www.sonniss.com/sound-effects/toys/","/Sonniss - GDC 2016 - Game Audio Bundle/Mechanical Wave - Toys/Little Plastic Container_TS 01.wav","toys|kids|plastic|play|manipulation|plat|dish|bloc|hit|little|container_ts|01wav|mechanical wave"
"Pop Toy_TS 02.wav","Toys","Mechanical Wave","http://www.sonniss.com/sound-effects/toys/","/Sonniss - GDC 2016 - Game Audio Bundle/Mechanical Wave - Toys/Pop Toy_TS 02.wav","toys|kids|plastic|play|pop|popping|cartoon|toy_ts|02wav|mechanical wave"
"Rubber Toy Squeak_TS 13.wav","Toys","Mechanical Wave","http://www.sonniss.com/sound-effects/toys/","/Sonniss - GDC 2016 - Game Audio Bundle/Mechanical Wave - Toys/Rubber Toy Squeak_TS 13.wav","toys|kids|plastic|play|squeak|press|push|cartoon|rubber|toy|squeak_ts|13wav|mechanical wave"
"Xylophone Toy Stick Gliss Up_TS 05.wav","Toys","Mechanical Wave","http://www.sonniss.com/sound-effects/toys/","/Sonniss - GDC 2016 - Game Audio Bundle/Mechanical Wave - Toys/Xylophone Toy Stick Gliss Up_TS 05.wav","toys|kids|play|music|instrument|ascend|gliss|slide|xylophone|toy|stick|up_ts|05wav|mechanical wave"
"NarratorVoice_flagStolen.wav","Narrator Voice Pack 1 - Female AI","Michael Garcia","http://www.sonniss.com/sound-effects/narrator-voice-pack-1-female-ai/","/Sonniss - GDC 2016 - Game Audio Bundle/Michael Garcia - Narrator Voice Pack 1 - Female AI/NarratorVoice_flagStolen.wav","narratorvoice_flagstolenwav|narrator voice pack 1 - female ai|michael garcia"
"NarratorVoice_systemFailureImminent.wav","Narrator Voice Pack 1 - Female AI","Michael Garcia","http://www.sonniss.com/sound-effects/narrator-voice-pack-1-female-ai/","/Sonniss - GDC 2016 - Game Audio Bundle/Michael Garcia - Narrator Voice Pack 1 - Female AI/NarratorVoice_systemFailureImminent.wav","narratorvoice_systemfailureimminentwav|narrator voice pack 1 - female ai|michael garcia"
"NarratorVoice_targetOutOfRange.wav","Narrator Voice Pack 1 - Female AI","Michael Garcia","http://www.sonniss.com/sound-effects/narrator-voice-pack-1-female-ai/","/Sonniss - GDC 2016 - Game Audio Bundle/Michael Garcia - Narrator Voice Pack 1 - Female AI/NarratorVoice_targetOutOfRange.wav","narratorvoice_targetoutofrangewav|narrator voice pack 1 - female ai|michael garcia"
"NarratorVoice_vitalSignsFading.wav","Narrator Voice Pack 1 - Female AI","Michael Garcia","http://www.sonniss.com/sound-effects/narrator-voice-pack-1-female-ai/","/Sonniss - GDC 2016 - Game Audio Bundle/Michael Garcia - Narrator Voice Pack 1 - Female AI/NarratorVoice_vitalSignsFading.wav","narratorvoice_vitalsignsfadingwav|narrator voice pack 1 - female ai|michael garcia"
"NarratorVoice_incomingEnemyUnits.wav","Narrator Voice Pack 2 - Male AI","Michael Garcia","http://www.sonniss.com/sound-effects/narrator-voice-pack-2-male-ai/","/Sonniss - GDC 2016 - Game Audio Bundle/Michael Garcia - Narrator Voice Pack 2 - Male AI/NarratorVoice_incomingEnemyUnits.wav","narratorvoice_incomingenemyunitswav|narrator voice pack 2 - male ai|michael garcia"
"NarratorVoice_lifeSupportSystemsRepaired.wav","Narrator Voice Pack 2 - Male AI","Michael Garcia","http://www.sonniss.com/sound-effects/narrator-voice-pack-2-male-ai/","/Sonniss - GDC 2016 - Game Audio Bundle/Michael Garcia - Narrator Voice Pack 2 - Male AI/NarratorVoice_lifeSupportSystemsRepaired.wav","narratorvoice_lifesupportsystemsrepairedwav|narrator voice pack 2 - male ai|michael garcia"
"NarratorVoice_missionFailed.wav","Narrator Voice Pack 2 - Male AI","Michael Garcia","http://www.sonniss.com/sound-effects/narrator-voice-pack-2-male-ai/","/Sonniss - GDC 2016 - Game Audio Bundle/Michael Garcia - Narrator Voice Pack 2 - Male AI/NarratorVoice_missionFailed.wav","narratorvoice_missionfailedwav|narrator voice pack 2 - male ai|michael garcia"
"NarratorVoice_shieldOnline.wav","Narrator Voice Pack 2 - Male AI","Michael Garcia","http://www.sonniss.com/sound-effects/narrator-voice-pack-2-male-ai/","/Sonniss - GDC 2016 - Game Audio Bundle/Michael Garcia - Narrator Voice Pack 2 - Male AI/NarratorVoice_shieldOnline.wav","narratorvoice_shieldonlinewav|narrator voice pack 2 - male ai|michael garcia"
"MAFX002 Backpack large coil zipper - short fast zips.wav","Elements - Zippers","Mindful Audio","http://www.sonniss.com/sound-effects/elements-zippers/","/Sonniss - GDC 2016 - Game Audio Bundle/Mindful Audio -  Elements - Zippers/MAFX002 Backpack large coil zipper - short fast zips.wav","backpack|large|coil|zipper|short|fast|zips|rip|tear|unzip|fasten|slide|luggage|mafx002|zipswav|elements - zippers|mindful audio"
"MAFX002 Jeans metal zipper - fast zips.wav","Elements - Zippers","Mindful Audio","http://www.sonniss.com/sound-effects/elements-zippers/","/Sonniss - GDC 2016 - Game Audio Bundle/Mindful Audio -  Elements - Zippers/MAFX002 Jeans metal zipper - fast zips.wav","jeans|metal|zipper|fast|zips|rip|tear|unzip|fasten|slide|cloth|mafx002|zipswav|elements - zippers|mindful audio"
"MAFX002 Small Backpack plastic zipper - slow zips.wav","Elements - Zippers","Mindful Audio","http://www.sonniss.com/sound-effects/elements-zippers/","/Sonniss - GDC 2016 - Game Audio Bundle/Mindful Audio -  Elements - Zippers/MAFX002 Small Backpack plastic zipper - slow zips.wav","small|backpack|plastic|zipper|slow|zips|rip|tear|unzip|fasten|slide|luggage|mafx002|zipswav|elements - zippers|mindful audio"
"MAFX002 Wool Coat metal zipper - fast zips.wav","Elements - Zippers","Mindful Audio","http://www.sonniss.com/sound-effects/elements-zippers/","/Sonniss - GDC 2016 - Game Audio Bundle/Mindful Audio -  Elements - Zippers/MAFX002 Wool Coat metal zipper - fast zips.wav","wool|coat|metal|zipper|fast|zips|rip|tear|unzip|fasten|slide|cloth|mafx002|zipswav|elements - zippers|mindful audio"
"MAFX001 dew drops wind birds woodpecker.wav","Woodland Atmosphere","Mindful Audio","http://www.sonniss.com/sound-effects/woodland-atmosphere/","/Sonniss - GDC 2016 - Game Audio Bundle/Mindful Audio - Woodland Atmosphere/MAFX001 dew drops wind birds woodpecker.wav","march|afternoon|woodland|forest|birds|dew|drops|wind|woodpecker|tweet|chirp|d100|mafx001|woodpeckerwav|woodland atmosphere|mindful audio"
"MAFX001 soft wind chaffinch wren bees.wav","Woodland Atmosphere","Mindful Audio","http://www.sonniss.com/sound-effects/woodland-atmosphere/","/Sonniss - GDC 2016 - Game Audio Bundle/Mindful Audio - Woodland Atmosphere/MAFX001 soft wind chaffinch wren bees.wav","july|dawn|woodland|forest|birds|soft|wind|chaffinch|wren|bees|tweet|chirp|birdsong|d100|mafx001|beeswav|woodland atmosphere|mindful audio"
"MAFX001 wind robin blackbird 01.wav","Woodland Atmosphere","Mindful Audio","http://www.sonniss.com/sound-effects/woodland-atmosphere/","/Sonniss - GDC 2016 - Game Audio Bundle/Mindful Audio - Woodland Atmosphere/MAFX001 wind robin blackbird 01.wav","july|dawn|woodland|forest|birds|wind|robin|blackbird|tweet|chirp|birdsong|4060|mafx001|01wav|woodland atmosphere|mindful audio"
"WATER, Dam - 07 - Large stream splashing.wav","MOS001 WATER, Dam","Mononeshot","http://www.sonniss.com/sound-effects/mos001-water-dam/","/Sonniss - GDC 2016 - Game Audio Bundle/Mononeshot - MOS001 WATER, Dam/WATER, Dam - 07 - Large stream splashing.wav","water|dam|several|water|streams|accent|splashing|high|intensity|front|perspective|distant|approx|12m|loop|water|dam|07|large|stream|splashingwav|mos001 water, dam|mononeshot"
"WATER, Dam - 12 - Stream falling V3.wav","MOS001 WATER, Dam","Mononeshot","http://www.sonniss.com/sound-effects/mos001-water-dam/","/Sonniss - GDC 2016 - Game Audio Bundle/Mononeshot - MOS001 WATER, Dam/WATER, Dam - 12 - Stream falling V3.wav","water|dam|several|falling|streams|through|the|concrete|block|background|faint|birds|loop|water|dam|12|stream|v3wav|mos001 water, dam|mononeshot"
"003_AMB_External_Amsterdam_AmusementParkT.wav","Atmospheres of Amsterdam","Monte Sound","http://www.sonniss.com/sound-effects/atmospheres-amsterdam/","/Sonniss - GDC 2016 - Game Audio Bundle/Monte Sound - Atmospheres of Amsterdam/003_AMB_External_Amsterdam_AmusementParkT.wav","sscene=003_amb_external_amsterdam_amusementparksfilename=003_amb_external_amsterdam_amusementparktwav|003_amb_external_amsterdam_amusementparktwav|atmospheres of amsterdam|monte sound"
"021_AMB_Internal_Amsterdam_ScienceMuseum_ChildrenT.wav","Atmospheres of Amsterdam","Monte Sound","http://www.sonniss.com/sound-effects/atmospheres-amsterdam/","/Sonniss - GDC 2016 - Game Audio Bundle/Monte Sound - Atmospheres of Amsterdam/021_AMB_Internal_Amsterdam_ScienceMuseum_ChildrenT.wav","sscene=021_amb_internal_amsterdam_sciencemuseum_childrensfilename=021_amb_internal_amsterdam_sciencemuseum_childrentwav|021_amb_internal_amsterdam_sciencemuseum_childrentwav|atmospheres of amsterdam|monte sound"
"001_AMB_External_PitStop_HockenheimT.wav","Atmospheres of Hockenheimring","Monte Sound","http://www.sonniss.com/sound-effects/atmospheres-hockenheimring/","/Sonniss - GDC 2016 - Game Audio Bundle/Monte Sound - Atmospheres of Hockenheimring/001_AMB_External_PitStop_HockenheimT.wav","sscene=001_amb_external_pitstop_hockenheimstake=snote=hockenheim|germany|external|daysfilename=001_amb_external_pitstop_hockenheimtwav|001_amb_external_pitstop_hockenheimtwav|atmospheres of hockenheimring|monte sound"
"006_AMB_Internal_PitStop_Hockenheim_Engine TestT.wav","Atmospheres of Hockenheimring","Monte Sound","http://www.sonniss.com/sound-effects/atmospheres-hockenheimring/","/Sonniss - GDC 2016 - Game Audio Bundle/Monte Sound - Atmospheres of Hockenheimring/006_AMB_Internal_PitStop_Hockenheim_Engine TestT.wav","sfilename=006_amb_internal_pitstop_hockenheim_engine|testtwavsnote=hockenheim|germany|internal|day|mechanic|testing|enginesscene=006_amb_internal_pitstop_hockenheim_engine|teststake=|006_amb_internal_pitstop_hockenheim_engine|testtwav|atmospheres of hockenheimring|monte sound"
"005_AMB_Internal_Kurdistan_Erbil_BazarT.wav","Atmospheres of Kurdistan","Monte Sound","http://www.sonniss.com/sound-effects/atmospheres-kurdistan/","/Sonniss - GDC 2016 - Game Audio Bundle/Monte Sound - Atmospheres of Kurdistan/005_AMB_Internal_Kurdistan_Erbil_BazarT.wav","sscene=005_amb_internal_kurdistan_erbil_bazarsnote=erbil|citadel|bazar|sewing|machines|in|the|end|men|voices|sfilename=005_amb_internal_kurdistan_erbil_bazartwav|005_amb_internal_kurdistan_erbil_bazartwav|atmospheres of kurdistan|monte sound"
"019_AMB_External_Kurdistan_DerikVillageT.wav","Atmospheres of Kurdistan","Monte Sound","http://www.sonniss.com/sound-effects/atmospheres-kurdistan/","/Sonniss - GDC 2016 - Game Audio Bundle/Monte Sound - Atmospheres of Kurdistan/019_AMB_External_Kurdistan_DerikVillageT.wav","sscene=019_amb_external_kurdistan_derikvillagesfilename=019_amb_external_kurdistan_derikvillagetwav|019_amb_external_kurdistan_derikvillagetwav|atmospheres of kurdistan|monte sound"
"005_AMB_External_Rio_DowntownSquareT.wav","Atmospheres of Rio de Janeiro","Monte Sound","http://www.sonniss.com/sound-effects/atmospheres-rio-de-janeiro/","/Sonniss - GDC 2016 - Game Audio Bundle/Monte Sound - Atmospheres of Rio de Janeiro/005_AMB_External_Rio_DowntownSquareT.wav","sscene=005_amb_external_rio_downtownsquaresfilename=005_amb_external_rio_downtownsquaretwav|005_amb_external_rio_downtownsquaretwav|atmospheres of rio de janeiro|monte sound"
"010_AMB_External_Rio_Subburb_Birds_Dogs_MonkeysT.wav","Atmospheres of Rio de Janeiro","Monte Sound","http://www.sonniss.com/sound-effects/atmospheres-rio-de-janeiro/","/Sonniss - GDC 2016 - Game Audio Bundle/Monte Sound - Atmospheres of Rio de Janeiro/010_AMB_External_Rio_Subburb_Birds_Dogs_MonkeysT.wav","sscene=010_amb_external_rio_subburb_birds_dogs_monkeyssfilename=010_amb_external_rio_subburb_birds_dogs_monkeystwav|010_amb_external_rio_subburb_birds_dogs_monkeystwav|atmospheres of rio de janeiro|monte sound"
"008_AMB_External_Rwanda_KigailiDowntown_BusyStreetT.wav","Atmospheres of Rwanda","Monte Sound","http://www.sonniss.com/sound-effects/atmospheres-rwanda/","/Sonniss - GDC 2016 - Game Audio Bundle/Monte Sound - Atmospheres of Rwanda/008_AMB_External_Rwanda_KigailiDowntown_BusyStreetT.wav","sscene=008_amb_external_rwanda_kigailidowntown_busystreetsfilename=008_amb_external_rwanda_kigailidowntown_busystreettwav|008_amb_external_rwanda_kigailidowntown_busystreettwav|atmospheres of rwanda|monte sound"
"045_AMB_External_Rwanda_Night_CricketsT.wav","Atmospheres of Rwanda","Monte Sound","http://www.sonniss.com/sound-effects/atmospheres-rwanda/","/Sonniss - GDC 2016 - Game Audio Bundle/Monte Sound - Atmospheres of Rwanda/045_AMB_External_Rwanda_Night_CricketsT.wav","sscene=045_amb_external_rwanda_night_cricketssfilename=045_amb_external_rwanda_night_cricketstwav|045_amb_external_rwanda_night_cricketstwav|atmospheres of rwanda|monte sound"
"SFX-ARCADIA_Error03.wav","ARCADIA","Noisecreations","http://www.sonniss.com/sound-effects/arcadia/","/Sonniss - GDC 2016 - Game Audio Bundle/Noisecreations - ARCADIA/SFX-ARCADIA_Error03.wav","8bit|retro|error|notification|alert|look|ui|interface|help|buzz|alarm|question|sfxarcadia_error03wav|arcadia|noisecreations"
"SFX-ARCADIA_GameFinish10.wav","ARCADIA","Noisecreations","http://www.sonniss.com/sound-effects/arcadia/","/Sonniss - GDC 2016 - Game Audio Bundle/Noisecreations - ARCADIA/SFX-ARCADIA_GameFinish10.wav","8bit|retro|game|finish|end|close|round|over|defeat|victory|battle|map|sfxarcadia_gamefinish10wav|arcadia|noisecreations"
"SFX-ARCADIA_ItemPickUp16.wav","ARCADIA","Noisecreations","http://www.sonniss.com/sound-effects/arcadia/","/Sonniss - GDC 2016 - Game Audio Bundle/Noisecreations - ARCADIA/SFX-ARCADIA_ItemPickUp16.wav","8bit|retro|item|pick|up|gain|obtain|character|inventory|add|collect|sfxarcadia_itempickup16wav|arcadia|noisecreations"
"SFX-ARCADIA_Notification01.wav","ARCADIA","Noisecreations","http://www.sonniss.com/sound-effects/arcadia/","/Sonniss - GDC 2016 - Game Audio Bundle/Noisecreations - ARCADIA/SFX-ARCADIA_Notification01.wav","8bit|retro|notify|notification|alert|error|alarm|nudge|menu|call|warning|communication|message|sfxarcadia_notification01wav|arcadia|noisecreations"
"HK_G3_7.62x51mm_1m_left_off_axis_MKH418_clean_Triple_Shots_x_1.wav","Heckler & Koch G3 7.62x51mm","Pole Position Production","http://www.sonniss.com/sound-effects/heckler-koch-g3-7-62x51mm/","/Sonniss - GDC 2016 - Game Audio Bundle/Pole Position Production -  Heckler & Koch G3 7.62x51mm/HK_G3_7.62x51mm_1m_left_off_axis_MKH418_clean_Triple_Shots_x_1.wav","about|40|channels|with|distances|and|perspectives|ranging|from|0|to|55|meters|big|variation|of|microphones|recorders|firing|sequences|includes|single|shots|double|triple|bursts|etc|wild|foley|session|hk_g3_762x51mm_1m_left_off_axis_mkh418_clean_triple_shots_x_1wav|heckler & koch g3 7.62x51mm|pole position production"
"HK_G3_7.62x51mm_55m_in_front_off_axis_clean_Triple_shots_x_1.L.wav","Heckler & Koch G3 7.62x51mm","Pole Position Production","http://www.sonniss.com/sound-effects/heckler-koch-g3-7-62x51mm/","/Sonniss - GDC 2016 - Game Audio Bundle/Pole Position Production -  Heckler & Koch G3 7.62x51mm/HK_G3_7.62x51mm_55m_in_front_off_axis_clean_Triple_shots_x_1.L.wav","about|40|channels|with|distances|and|perspectives|ranging|from|0|to|55|meters|big|variation|of|microphones|recorders|firing|sequences|includes|single|shots|double|triple|bursts|etc|wild|foley|session|hk_g3_762x51mm_55m_in_front_off_axis_clean_triple_shots_x_1lwav|heckler & koch g3 7.62x51mm|pole position production"
"HK_416_5.56mm_1m_left_off_axis_MKH416_clean_Six_shots_x_2.wav","Heckler & Koch HK416 5.56mm:","Pole Position Production","http://www.sonniss.com/sound-effects/heckler-koch-hk416-5-56mm/","/Sonniss - GDC 2016 - Game Audio Bundle/Pole Position Production -  Heckler & Koch HK416 5.56mm/HK_416_5.56mm_1m_left_off_axis_MKH416_clean_Six_shots_x_2.wav","about|40|channels|with|distances|and|perspectives|ranging|from|0|to|55|meters|big|variation|of|microphones|recorders|firing|sequences|includes|single|shots|double|triple|bursts|etc|wild|foley|session|hk_416_556mm_1m_left_off_axis_mkh416_clean_six_shots_x_2wav|heckler & koch hk416 5.56mm:|pole position production"
"HK_416_5.56mm_on_gun_DPA4062_clean_Seven_shots_x_1.wav","Heckler & Koch HK416 5.56mm:","Pole Position Production","http://www.sonniss.com/sound-effects/heckler-koch-hk416-5-56mm/","/Sonniss - GDC 2016 - Game Audio Bundle/Pole Position Production -  Heckler & Koch HK416 5.56mm/HK_416_5.56mm_on_gun_DPA4062_clean_Seven_shots_x_1.wav","about|40|channels|with|distances|and|perspectives|ranging|from|0|to|55|meters|big|variation|of|microphones|recorders|firing|sequences|includes|single|shots|double|triple|bursts|etc|wild|foley|session|hk_416_556mm_on_gun_dpa4062_clean_seven_shots_x_1wav|heckler & koch hk416 5.56mm:|pole position production"
"HK_MG4_5.56mm_1m_left_off_axis_MKH416_clean_Bursts_x_16.wav","Heckler & Koch MG4 5.56mm","Pole Position Production","http://www.sonniss.com/sound-effects/heckler-koch-mg4-5-56mm/","/Sonniss - GDC 2016 - Game Audio Bundle/Pole Position Production -  Heckler & Koch MG4 5.56mm/HK_MG4_5.56mm_1m_left_off_axis_MKH416_clean_Bursts_x_16.wav","about|40|channels|with|distances|and|perspectives|ranging|from|0|to|55|meters|big|variation|of|microphones|recorders|firing|sequences|includes|various|bursts|wild|foley|session|included|hk_mg4_556mm_1m_left_off_axis_mkh416_clean_bursts_x_16wav|heckler & koch mg4 5.56mm|pole position production"
"HK_MG4_5.56mm_35m_in_front_wide_788_DPA4062_L_clean_Bursts_x_16.wav","Heckler & Koch MG4 5.56mm","Pole Position Production","http://www.sonniss.com/sound-effects/heckler-koch-mg4-5-56mm/","/Sonniss - GDC 2016 - Game Audio Bundle/Pole Position Production -  Heckler & Koch MG4 5.56mm/HK_MG4_5.56mm_35m_in_front_wide_788_DPA4062_L_clean_Bursts_x_16.wav","about|40|channels|with|distances|and|perspectives|ranging|from|0|to|55|meters|big|variation|of|microphones|recorders|firing|sequences|includes|various|bursts|wild|foley|session|included|hk_mg4_556mm_35m_in_front_wide_788_dpa4062_l_clean_bursts_x_16wav|heckler & koch mg4 5.56mm|pole position production"
"HK_MP5_9mm_2m_behind_clean_Double_shots_x_1.wav","Heckler & Koch MP5 9mm","Pole Position Production","http://www.sonniss.com/sound-effects/heckler-koch-mp5-9mm/","/Sonniss - GDC 2016 - Game Audio Bundle/Pole Position Production -  Heckler & Koch MP5 9mm/HK_MP5_9mm_2m_behind_clean_Double_shots_x_1.wav","about|36|channels|with|distances|and|perspectives|ranging|from|1|to|75|meters|big|variation|of|microphones|recorders|firing|sequences|includes|single|shots|double|triple|bursts|etc|wild|foley|session|hk_mp5_9mm_2m_behind_clean_double_shots_x_1wav|heckler & koch mp5 9mm|pole position production"
"HK_MP5_9mm_75m_behind_Schoeps_A_clean_Double_shots_x_1.wav","Heckler & Koch MP5 9mm","Pole Position Production","http://www.sonniss.com/sound-effects/heckler-koch-mp5-9mm/","/Sonniss - GDC 2016 - Game Audio Bundle/Pole Position Production -  Heckler & Koch MP5 9mm/HK_MP5_9mm_75m_behind_Schoeps_A_clean_Double_shots_x_1.wav","about|36|channels|with|distances|and|perspectives|ranging|from|1|to|75|meters|big|variation|of|microphones|recorders|firing|sequences|includes|single|shots|double|triple|bursts|etc|wild|foley|session|hk_mp5_9mm_75m_behind_schoeps_a_clean_double_shots_x_1wav|heckler & koch mp5 9mm|pole position production"
"HK_MP7_4.6mm_1m_left_off_axis_MKH416_clean_Four_shots_x_1.wav","Heckler & Koch MP7 4.6mm","Pole Position Production","http://www.sonniss.com/sound-effects/heckler-koch-mp7-4-6mm/","/Sonniss - GDC 2016 - Game Audio Bundle/Pole Position Production -  Heckler & Koch MP7 4.6mm/HK_MP7_4.6mm_1m_left_off_axis_MKH416_clean_Four_shots_x_1.wav","about|40|channels|with|distances|and|perspectives|ranging|from|0|to|75|meters|big|variation|of|microphones|recorders|firing|sequences|includes|single|shots|double|triple|bursts|etc|wild|foley|session|hk_mp7_46mm_1m_left_off_axis_mkh416_clean_four_shots_x_1wav|heckler & koch mp7 4.6mm|pole position production"
"HK_MP7_4.6mm_on_gun_DPA4062_clean_Four_shots_x_1.wav","Heckler & Koch MP7 4.6mm","Pole Position Production","http://www.sonniss.com/sound-effects/heckler-koch-mp7-4-6mm/","/Sonniss - GDC 2016 - Game Audio Bundle/Pole Position Production -  Heckler & Koch MP7 4.6mm/HK_MP7_4.6mm_on_gun_DPA4062_clean_Four_shots_x_1.wav","about|40|channels|with|distances|and|perspectives|ranging|from|0|to|75|meters|big|variation|of|microphones|recorders|firing|sequences|includes|single|shots|double|triple|bursts|etc|wild|foley|session|hk_mp7_46mm_on_gun_dpa4062_clean_four_shots_x_1wav|heckler & koch mp7 4.6mm|pole position production"
"HK_VP70_9mm_1m_in_front_RE20_clean_Double_shots_x_1.wav","Heckler & Koch VP70 9mm","Pole Position Production","http://www.sonniss.com/sound-effects/heckler-koch-vp70-9mm/","/Sonniss - GDC 2016 - Game Audio Bundle/Pole Position Production -  Heckler & Koch VP70 9mm/HK_VP70_9mm_1m_in_front_RE20_clean_Double_shots_x_1.wav","about|40|channels|with|distances|and|perspectives|ranging|from|0|to|75|meters|big|variation|of|microphones|recorders|firing|sequences|includes|single|shots|double|triple|bursts|etc|wild|foley|session|hk_vp70_9mm_1m_in_front_re20_clean_double_shots_x_1wav|heckler & koch vp70 9mm|pole position production"
"HK_VP70_9mm_on_gun_DPA4062_clean_Double_shots_x_1.wav","Heckler & Koch VP70 9mm","Pole Position Production","http://www.sonniss.com/sound-effects/heckler-koch-vp70-9mm/","/Sonniss - GDC 2016 - Game Audio Bundle/Pole Position Production -  Heckler & Koch VP70 9mm/HK_VP70_9mm_on_gun_DPA4062_clean_Double_shots_x_1.wav","about|40|channels|with|distances|and|perspectives|ranging|from|0|to|75|meters|big|variation|of|microphones|recorders|firing|sequences|includes|single|shots|double|triple|bursts|etc|wild|foley|session|hk_vp70_9mm_on_gun_dpa4062_clean_double_shots_x_1wav|heckler & koch vp70 9mm|pole position production"
"AKM_7.62x39mm_1m_left_on_ground_DPA4062_clean_Triple_shots_x_1.wav","AKM 7.62x39mm","Pole Position Production","http://www.sonniss.com/sound-effects/akm-7-62x39mm-2/","/Sonniss - GDC 2016 - Game Audio Bundle/Pole Position Production - AKM 7.62x39mm/AKM_7.62x39mm_1m_left_on_ground_DPA4062_clean_Triple_shots_x_1.wav","about|40|channels|with|distances|and|perspectives|ranging|from|0|to|55|meters|big|variation|of|microphones|recorders|firing|sequences|includes|single|shots|double|triple|bursts|etc|wild|foley|dedicated|session|included|akm_762x39mm_1m_left_on_ground_dpa4062_clean_triple_shots_x_1wav|akm 7.62x39mm|pole position production"
"AKM_7.62x39mm_55m_in_front_off_axis_clean_Triple_shots_x_1.wav","AKM 7.62x39mm","Pole Position Production","http://www.sonniss.com/sound-effects/akm-7-62x39mm-2/","/Sonniss - GDC 2016 - Game Audio Bundle/Pole Position Production - AKM 7.62x39mm/AKM_7.62x39mm_55m_in_front_off_axis_clean_Triple_shots_x_1.wav","about|40|channels|with|distances|and|perspectives|ranging|from|0|to|55|meters|big|variation|of|microphones|recorders|firing|sequences|includes|single|shots|double|triple|bursts|etc|wild|foley|dedicated|session|included|akm_762x39mm_55m_in_front_off_axis_clean_triple_shots_x_1wav|akm 7.62x39mm|pole position production"
"Alfa_Romeo_159_SW_t2_onboard_driving_steady_rpms_Engine_Intake.wav","Alfa Romeo 159 Sportwagon 2010","Pole Position Production","http://www.sonniss.com/sound-effects/alfa-romeo-159-sportwagon-2010/","/Sonniss - GDC 2016 - Game Audio Bundle/Pole Position Production - Alfa Romeo 159 Sportwagon 2010/Alfa_Romeo_159_SW_t2_onboard_driving_steady_rpms_Engine_Intake.wav","alfa|romeo|159|sportwagon|10|32|liters|v6|260|hp|onboard|driving|steady|rpms|engine|intake|wav|alfa_romeo_159_sw_t2_onboard_driving_steady_rpms_engine_intakewav|alfa romeo 159 sportwagon 2010|pole position production"
"Alfa_Romeo_159_SW_t3_exterior_1_accelerations_passbys_L.wav","Alfa Romeo 159 Sportwagon 2010","Pole Position Production","http://www.sonniss.com/sound-effects/alfa-romeo-159-sportwagon-2010/","/Sonniss - GDC 2016 - Game Audio Bundle/Pole Position Production - Alfa Romeo 159 Sportwagon 2010/Alfa_Romeo_159_SW_t3_exterior_1_accelerations_passbys_L.wav","alfa|romeo|159|sportwagon|10|32|liters|v6|260|hp|exterior|accelerations|passbys|schoeps|cmc6|wav|alfa_romeo_159_sw_t3_exterior_1_accelerations_passbys_lwav|alfa romeo 159 sportwagon 2010|pole position production"
"Alfa_Romeo_159_SW_t3_exterior_1_accelerations_passbys_R.wav","Alfa Romeo 159 Sportwagon 2010","Pole Position Production","http://www.sonniss.com/sound-effects/alfa-romeo-159-sportwagon-2010/","/Sonniss - GDC 2016 - Game Audio Bundle/Pole Position Production - Alfa Romeo 159 Sportwagon 2010/Alfa_Romeo_159_SW_t3_exterior_1_accelerations_passbys_R.wav","alfa|romeo|159|sportwagon|10|32|liters|v6|260|hp|exterior|accelerations|passbys|schoeps|cmc6|wav|alfa_romeo_159_sw_t3_exterior_1_accelerations_passbys_rwav|alfa romeo 159 sportwagon 2010|pole position production"
"Barrett_M98B_.338_Lapua_2m_right_MKH60_clean_Single_shots_x_17.wav","Barrett M98B .338 Lapua","Pole Position Production","http://www.sonniss.com/sound-effects/barrett-m98b-338-lapua/","/Sonniss - GDC 2016 - Game Audio Bundle/Pole Position Production - Barrett M98B .338 Lapua/Barrett_M98B_.338_Lapua_2m_right_MKH60_clean_Single_shots_x_17.wav","about|40|channels|with|distances|and|perspectives|ranging|from|0|to|55|meters|big|variation|of|microphones|recorders|firing|sequences|includes|single|shots|wild|foley|a|dedicated|session|barrett_m98b_338_lapua_2m_right_mkh60_clean_single_shots_x_17wav|barrett m98b .338 lapua|pole position production"
"Barrett_M98B_.338_Lapua_on_gun_DPA4062_clean_Single_shots_x_17.wav","Barrett M98B .338 Lapua","Pole Position Production","http://www.sonniss.com/sound-effects/barrett-m98b-338-lapua/","/Sonniss - GDC 2016 - Game Audio Bundle/Pole Position Production - Barrett M98B .338 Lapua/Barrett_M98B_.338_Lapua_on_gun_DPA4062_clean_Single_shots_x_17.wav","about|40|channels|with|distances|and|perspectives|ranging|from|0|to|55|meters|big|variation|of|microphones|recorders|firing|sequences|includes|single|shots|wild|foley|a|dedicated|session|barrett_m98b_338_lapua_on_gun_dpa4062_clean_single_shots_x_17wav|barrett m98b .338 lapua|pole position production"
"Beretta_93R_9mm_1m_left_on_ground_DPA4062_clean_Triple_shots_x_1.wav","Beretta 93R 9mm","Pole Position Production","http://www.sonniss.com/sound-effects/beretta-93r-9mm/","/Sonniss - GDC 2016 - Game Audio Bundle/Pole Position Production - Beretta 93R 9mm/Beretta_93R_9mm_1m_left_on_ground_DPA4062_clean_Triple_shots_x_1.wav","about|40|channels|with|distances|and|perspectives|ranging|from|0|to|75|meters|big|variation|of|microphones|recorders|firing|sequences|includes|single|shots|double|triple|bursts|etc|wild|foley|dedicated|session|included|beretta_93r_9mm_1m_left_on_ground_dpa4062_clean_triple_shots_x_1wav|beretta 93r 9mm|pole position production"
"Beretta_93R_9mm_25m_behind_DPA4062_R_clean_Triple_shots_x_1.wav","Beretta 93R 9mm","Pole Position Production","http://www.sonniss.com/sound-effects/beretta-93r-9mm/","/Sonniss - GDC 2016 - Game Audio Bundle/Pole Position Production - Beretta 93R 9mm/Beretta_93R_9mm_25m_behind_DPA4062_R_clean_Triple_shots_x_1.wav","about|40|channels|with|distances|and|perspectives|ranging|from|0|to|75|meters|big|variation|of|microphones|recorders|firing|sequences|includes|single|shots|double|triple|bursts|etc|wild|foley|dedicated|session|included|beretta_93r_9mm_25m_behind_dpa4062_r_clean_triple_shots_x_1wav|beretta 93r 9mm|pole position production"
"Camaro_Z28_-71_onboard_wild_foley_doors_Floor_Interior.wav","Camaro Z28 1971","Pole Position Production","http://www.sonniss.com/sound-effects/camaro-z28-1971/","/Sonniss - GDC 2016 - Game Audio Bundle/Pole Position Production - Camaro Z28 1971/Camaro_Z28_-71_onboard_wild_foley_doors_Floor_Interior.wav","camaro|z28|gen|2|71|race|car|350|smallblock|v8|straight|exhaust|pipes|onboard|wild|foley|doors|floor|interior|wav|camaro_z28_71_onboard_wild_foley_doors_floor_interiorwav|camaro z28 1971|pole position production"
"Camaro_Z28_-71_t8_onboard_startup_driving_shutdown_rolling_Intake.wav","Camaro Z28 1971","Pole Position Production","http://www.sonniss.com/sound-effects/camaro-z28-1971/","/Sonniss - GDC 2016 - Game Audio Bundle/Pole Position Production - Camaro Z28 1971/Camaro_Z28_-71_t8_onboard_startup_driving_shutdown_rolling_Intake.wav","camaro|z28|gen|2|71|race|car|350|smallblock|v8|straight|exhaust|pipes|onboard|startup|driving|shutdown|rolling|intake|wav|camaro_z28_71_t8_onboard_startup_driving_shutdown_rolling_intakewav|camaro z28 1971|pole position production"
"Camaro_Z28_-71_t8_onboard_startup_driving_shutdown_rolling_Interior_L.wav","Camaro Z28 1971","Pole Position Production","http://www.sonniss.com/sound-effects/camaro-z28-1971/","/Sonniss - GDC 2016 - Game Audio Bundle/Pole Position Production - Camaro Z28 1971/Camaro_Z28_-71_t8_onboard_startup_driving_shutdown_rolling_Interior_L.wav","camaro|z28|gen|2|71|race|car|350|smallblock|v8|straight|exhaust|pipes|onboard|startup|driving|shutdown|rolling|interior|wav|camaro_z28_71_t8_onboard_startup_driving_shutdown_rolling_interior_lwav|camaro z28 1971|pole position production"
"Camaro_Z28_-71_t8_onboard_startup_driving_shutdown_rolling_Interior_R.wav","Camaro Z28 1971","Pole Position Production","http://www.sonniss.com/sound-effects/camaro-z28-1971/","/Sonniss - GDC 2016 - Game Audio Bundle/Pole Position Production - Camaro Z28 1971/Camaro_Z28_-71_t8_onboard_startup_driving_shutdown_rolling_Interior_R.wav","camaro|z28|gen|2|71|race|car|350|smallblock|v8|straight|exhaust|pipes|onboard|startup|driving|shutdown|rolling|interior|wav|camaro_z28_71_t8_onboard_startup_driving_shutdown_rolling_interior_rwav|camaro z28 1971|pole position production"
"De_Lisle_Carbine_.45ACP_suppressed_1m_right_MKH8040_1_clean_Single_shots_x_14.wav","De Lisle Carbine .45ACP suppressed","Pole Position Production","http://www.sonniss.com/sound-effects/de-lisle-carbine-45acp-suppressed/","/Sonniss - GDC 2016 - Game Audio Bundle/Pole Position Production - De Lisle Carbine .45ACP suppressed/De_Lisle_Carbine_.45ACP_suppressed_1m_right_MKH8040_1_clean_Single_shots_x_14.wav","about|40|channels|with|distances|and|perspectives|ranging|from|0|to|55|meters|big|variation|of|microphones|recorders|firing|sequences|includes|single|shots|wild|foley|dedicated|session|included|de_lisle_carbine_45acp_suppressed_1m_right_mkh8040_1_clean_single_shots_x_14wav|de lisle carbine .45acp suppressed|pole position production"
"De_Lisle_Carbine_.45ACP_suppressed_55m_in_front_off_axis_clean_Single_shots_x_14.L.wav","De Lisle Carbine .45ACP suppressed","Pole Position Production","http://www.sonniss.com/sound-effects/de-lisle-carbine-45acp-suppressed/","/Sonniss - GDC 2016 - Game Audio Bundle/Pole Position Production - De Lisle Carbine .45ACP suppressed/De_Lisle_Carbine_.45ACP_suppressed_55m_in_front_off_axis_clean_Single_shots_x_14.L.wav","about|40|channels|with|distances|and|perspectives|ranging|from|0|to|55|meters|big|variation|of|microphones|recorders|firing|sequences|includes|single|shots|wild|foley|dedicated|session|included|de_lisle_carbine_45acp_suppressed_55m_in_front_off_axis_clean_single_shots_x_14lwav|de lisle carbine .45acp suppressed|pole position production"
"Dodge_Challenger_Hemi_-70_t3_onboard_driving_steady_rpms_shutdown_Interior_L.wav","Dodge Challenger 426 Hemi - 1970","Pole Position Production","http://www.sonniss.com/sound-effects/dodge-challenger-426-hemi-70/","/Sonniss - GDC 2016 - Game Audio Bundle/Pole Position Production - Dodge Challenger 426 Hemi - 1970/Dodge_Challenger_Hemi_-70_t3_onboard_driving_steady_rpms_shutdown_Interior_L.wav","dodge|challenger|426|hemi|70|convertible|v8|onboard|driving|steady|rpms|shutdown|dpa4021|interior|wav|dodge_challenger_hemi_70_t3_onboard_driving_steady_rpms_shutdown_interior_lwav|dodge challenger 426 hemi - 1970|pole position production"
"Dodge_Challenger_Hemi_-70_t3_onboard_driving_steady_rpms_shutdown_Interior_R.wav","Dodge Challenger 426 Hemi - 1970","Pole Position Production","http://www.sonniss.com/sound-effects/dodge-challenger-426-hemi-70/","/Sonniss - GDC 2016 - Game Audio Bundle/Pole Position Production - Dodge Challenger 426 Hemi - 1970/Dodge_Challenger_Hemi_-70_t3_onboard_driving_steady_rpms_shutdown_Interior_R.wav","dodge|challenger|426|hemi|70|convertible|v8|onboard|driving|steady|rpms|shutdown|dpa4021|interior|wav|dodge_challenger_hemi_70_t3_onboard_driving_steady_rpms_shutdown_interior_rwav|dodge challenger 426 hemi - 1970|pole position production"
"Dodge_Challenger_Hemi_-70_t5_ext_3_various_passbys_L.wav","Dodge Challenger 426 Hemi - 1970","Pole Position Production","http://www.sonniss.com/sound-effects/dodge-challenger-426-hemi-70/","/Sonniss - GDC 2016 - Game Audio Bundle/Pole Position Production - Dodge Challenger 426 Hemi - 1970/Dodge_Challenger_Hemi_-70_t5_ext_3_various_passbys_L.wav","dodge|challenger|426|hemi|70|convertible|v8|exterior|various|passbys|wide|stereo|sennheiser|k6|wav|dodge_challenger_hemi_70_t5_ext_3_various_passbys_lwav|dodge challenger 426 hemi - 1970|pole position production"
"Dodge_Challenger_Hemi_-70_t5_ext_3_various_passbys_R.wav","Dodge Challenger 426 Hemi - 1970","Pole Position Production","http://www.sonniss.com/sound-effects/dodge-challenger-426-hemi-70/","/Sonniss - GDC 2016 - Game Audio Bundle/Pole Position Production - Dodge Challenger 426 Hemi - 1970/Dodge_Challenger_Hemi_-70_t5_ext_3_various_passbys_R.wav","dodge|challenger|426|hemi|70|convertible|v8|exterior|various|passbys|wide|stereo|sennheiser|k6|wav|dodge_challenger_hemi_70_t5_ext_3_various_passbys_rwav|dodge challenger 426 hemi - 1970|pole position production"
"Enfield_L85_rifle_5.56mm_1m_left_off_axis_MKH416_clean_Five_shots_x_1.wav","Enfield L85 Rifle 5.56mm","Pole Position Production","http://www.sonniss.com/sound-effects/enfield-l85-rifle-5-56mm/","/Sonniss - GDC 2016 - Game Audio Bundle/Pole Position Production - Enfield L85 Rifle 5.56mm/Enfield_L85_rifle_5.56mm_1m_left_off_axis_MKH416_clean_Five_shots_x_1.wav","about|40|channels|with|distances|and|perspectives|ranging|from|0|to|55|meters|big|variation|of|microphones|recorders|firing|sequences|includes|single|shots|double|triple|bursts|etc|wild|foley|session|enfield_l85_rifle_556mm_1m_left_off_axis_mkh416_clean_five_shots_x_1wav|enfield l85 rifle 5.56mm|pole position production"
"Enfield_L85_rifle_5.56mm_on_gun_DPA4062_clean_Five_shots_x_1.wav","Enfield L85 Rifle 5.56mm","Pole Position Production","http://www.sonniss.com/sound-effects/enfield-l85-rifle-5-56mm/","/Sonniss - GDC 2016 - Game Audio Bundle/Pole Position Production - Enfield L85 Rifle 5.56mm/Enfield_L85_rifle_5.56mm_on_gun_DPA4062_clean_Five_shots_x_1.wav","about|40|channels|with|distances|and|perspectives|ranging|from|0|to|55|meters|big|variation|of|microphones|recorders|firing|sequences|includes|single|shots|double|triple|bursts|etc|wild|foley|session|enfield_l85_rifle_556mm_on_gun_dpa4062_clean_five_shots_x_1wav|enfield l85 rifle 5.56mm|pole position production"
"Enfield_L86_LSW_5.56mm_1m_right_MKH8040_2_clean_Triple_shots_x_1.wav","Enfield L86 LSW 5.56mm","Pole Position Production","http://www.sonniss.com/sound-effects/enfield-l86-lsw-5-56mm/","/Sonniss - GDC 2016 - Game Audio Bundle/Pole Position Production - Enfield L86 LSW 5.56mm/Enfield_L86_LSW_5.56mm_1m_right_MKH8040_2_clean_Triple_shots_x_1.wav","about|40|channels|with|distances|and|perspectives|ranging|from|0|to|55|meters|big|variation|of|microphones|recorders|firing|sequences|includes|single|shots|double|triple|bursts|etc|wild|foley|session|enfield_l86_lsw_556mm_1m_right_mkh8040_2_clean_triple_shots_x_1wav|enfield l86 lsw 5.56mm|pole position production"
"Enfield_L86_LSW_5.56mm_on_gun_DPA4062_clean_Triple_shots_x_1.wav","Enfield L86 LSW 5.56mm","Pole Position Production","http://www.sonniss.com/sound-effects/enfield-l86-lsw-5-56mm/","/Sonniss - GDC 2016 - Game Audio Bundle/Pole Position Production - Enfield L86 LSW 5.56mm/Enfield_L86_LSW_5.56mm_on_gun_DPA4062_clean_Triple_shots_x_1.wav","about|40|channels|with|distances|and|perspectives|ranging|from|0|to|55|meters|big|variation|of|microphones|recorders|firing|sequences|includes|single|shots|double|triple|bursts|etc|wild|foley|session|enfield_l86_lsw_556mm_on_gun_dpa4062_clean_triple_shots_x_1wav|enfield l86 lsw 5.56mm|pole position production"
"F1_Williams_2007_t3_onboard_driving_at_steady_rpms_accelerations_shutdown_cockpit_DPA4061_L.wav","F1 Williams FW29 2007","Pole Position Production","http://www.sonniss.com/sound-effects/f1-williams-fw29-2007/","/Sonniss - GDC 2016 - Game Audio Bundle/Pole Position Production - F1 Williams FW29 2007/F1_Williams_2007_t3_onboard_driving_at_steady_rpms_accelerations_shutdown_cockpit_DPA4061_L.wav","f1|williams|fw29|2007|cosworth|v8|onboard|zaxcom|driving|at|steady|rpms|accelerations|shutdown|cockpit|dpa4061|wav|nico|rosberg|formula|1|f1_williams_2007_t3_onboard_driving_at_steady_rpms_accelerations_shutdown_cockpit_dpa4061_lwav|f1 williams fw29 2007|pole position production"
"F1_Williams_2007_t3_onboard_driving_at_steady_rpms_accelerations_shutdown_cockpit_DPA4061_R.wav","F1 Williams FW29 2007","Pole Position Production","http://www.sonniss.com/sound-effects/f1-williams-fw29-2007/","/Sonniss - GDC 2016 - Game Audio Bundle/Pole Position Production - F1 Williams FW29 2007/F1_Williams_2007_t3_onboard_driving_at_steady_rpms_accelerations_shutdown_cockpit_DPA4061_R.wav","f1|williams|fw29|2007|cosworth|v8|onboard|zaxcom|driving|at|steady|rpms|accelerations|shutdown|cockpit|dpa4061|wav|nico|rosberg|formula|1|f1_williams_2007_t3_onboard_driving_at_steady_rpms_accelerations_shutdown_cockpit_dpa4061_rwav|f1 williams fw29 2007|pole position production"
"F1_Williams_2007_t6_exterior_cars_on_race_track_mid_of_long_straight_Schoeps_Omni_L.wav","F1 Williams FW29 2007","Pole Position Production","http://www.sonniss.com/sound-effects/f1-williams-fw29-2007/","/Sonniss - GDC 2016 - Game Audio Bundle/Pole Position Production - F1 Williams FW29 2007/F1_Williams_2007_t6_exterior_cars_on_race_track_mid_of_long_straight_Schoeps_Omni_L.wav","f1|williams|fw29|2007|cosworth|v8|exterior|sound|devices|788|cars|on|race|track|mid|of|long|straight|schoeps|omni|wav|nico|rosberg|formula|1|f1_williams_2007_t6_exterior_cars_on_race_track_mid_of_long_straight_schoeps_omni_lwav|f1 williams fw29 2007|pole position production"
"F1_Williams_2007_t6_exterior_cars_on_race_track_mid_of_long_straight_Schoeps_Omni_R.wav","F1 Williams FW29 2007","Pole Position Production","http://www.sonniss.com/sound-effects/f1-williams-fw29-2007/","/Sonniss - GDC 2016 - Game Audio Bundle/Pole Position Production - F1 Williams FW29 2007/F1_Williams_2007_t6_exterior_cars_on_race_track_mid_of_long_straight_Schoeps_Omni_R.wav","f1|williams|fw29|2007|cosworth|v8|exterior|sound|devices|788|cars|on|race|track|mid|of|long|straight|schoeps|omni|wav|nico|rosberg|formula|1|f1_williams_2007_t6_exterior_cars_on_race_track_mid_of_long_straight_schoeps_omni_rwav|f1 williams fw29 2007|pole position production"
"FAMAS_G2_5.56mm_1m_left_on_ground_DPA4062_clean_Four_shots_x_1.wav","FAMAS G2 5.56mm","Pole Position Production","http://www.sonniss.com/sound-effects/famas-g2-5-56mm/","/Sonniss - GDC 2016 - Game Audio Bundle/Pole Position Production - FAMAS G2 5.56mm/FAMAS_G2_5.56mm_1m_left_on_ground_DPA4062_clean_Four_shots_x_1.wav","about|40|channels|with|distances|and|perspectives|ranging|from|0|to|55|meters|big|variation|of|microphones|recorders|firing|sequences|includes|single|shots|double|triple|bursts|etc|wild|foley|session|famas_g2_556mm_1m_left_on_ground_dpa4062_clean_four_shots_x_1wav|famas g2 5.56mm|pole position production"
"FAMAS_G2_5.56mm_55m_in_front_off_axis_clean_Six_shots_x_1.L.wav","FAMAS G2 5.56mm","Pole Position Production","http://www.sonniss.com/sound-effects/famas-g2-5-56mm/","/Sonniss - GDC 2016 - Game Audio Bundle/Pole Position Production - FAMAS G2 5.56mm/FAMAS_G2_5.56mm_55m_in_front_off_axis_clean_Six_shots_x_1.L.wav","about|40|channels|with|distances|and|perspectives|ranging|from|0|to|55|meters|big|variation|of|microphones|recorders|firing|sequences|includes|single|shots|double|triple|bursts|etc|wild|foley|session|famas_g2_556mm_55m_in_front_off_axis_clean_six_shots_x_1lwav|famas g2 5.56mm|pole position production"
"Ferrari_275_GTB_-65_t3_driving_ramps_various_accelerations_decelerations_interior_C.wav","Ferrari 275 GTB 1965","Pole Position Production","http://www.sonniss.com/sound-effects/ferrari-275-gtb-1965-2/","/Sonniss - GDC 2016 - Game Audio Bundle/Pole Position Production - Ferrari 275 GTB 1965/Ferrari_275_GTB_-65_t3_driving_ramps_various_accelerations_decelerations_interior_C.wav","ferrari|275|gtb|1965|driving|ramps|various|accelerations|decelerations|interior|holophone|c|ferrari_275_gtb_65_t3_driving_ramps_various_accelerations_decelerations_interior_cwav|ferrari 275 gtb 1965|pole position production"
"Ferrari_275_GTB_-65_t3_driving_ramps_various_accelerations_decelerations_interior_L.wav","Ferrari 275 GTB 1965","Pole Position Production","http://www.sonniss.com/sound-effects/ferrari-275-gtb-1965-2/","/Sonniss - GDC 2016 - Game Audio Bundle/Pole Position Production - Ferrari 275 GTB 1965/Ferrari_275_GTB_-65_t3_driving_ramps_various_accelerations_decelerations_interior_L.wav","ferrari|275|gtb|1965|driving|ramps|various|accelerations|decelerations|interior|holophone|l|ferrari_275_gtb_65_t3_driving_ramps_various_accelerations_decelerations_interior_lwav|ferrari 275 gtb 1965|pole position production"
"Ferrari_275_GTB_-65_t3_driving_ramps_various_accelerations_decelerations_interior_R.wav","Ferrari 275 GTB 1965","Pole Position Production","http://www.sonniss.com/sound-effects/ferrari-275-gtb-1965-2/","/Sonniss - GDC 2016 - Game Audio Bundle/Pole Position Production - Ferrari 275 GTB 1965/Ferrari_275_GTB_-65_t3_driving_ramps_various_accelerations_decelerations_interior_R.wav","ferrari|275|gtb|1965|driving|ramps|various|accelerations|decelerations|interior|holophone|r|ferrari_275_gtb_65_t3_driving_ramps_various_accelerations_decelerations_interior_rwav|ferrari 275 gtb 1965|pole position production"
"FN_FAL_7.62x51mm_1.5m_behind_right_clean_2_shots.wav","FN FAL 7.62x51mm","Pole Position Production","http://www.sonniss.com/sound-effects/fn-fal-7-62x51mm/","/Sonniss - GDC 2016 - Game Audio Bundle/Pole Position Production - FN FAL 7.62x51mm/FN_FAL_7.62x51mm_1.5m_behind_right_clean_2_shots.wav","about|40|channels|with|distances|and|perspectives|ranging|from|0|to|55|meters|big|variation|of|microphones|recorders|firing|sequences|includes|single|shots|double|triple|bursts|etc|wild|foley|session|fn_fal_762x51mm_15m_behind_right_clean_2_shotswav|fn fal 7.62x51mm|pole position production"
"FN_FAL_7.62x51mm_25m_in_front_Holophone_Ls_clean_2_shots.wav","FN FAL 7.62x51mm","Pole Position Production","http://www.sonniss.com/sound-effects/fn-fal-7-62x51mm/","/Sonniss - GDC 2016 - Game Audio Bundle/Pole Position Production - FN FAL 7.62x51mm/FN_FAL_7.62x51mm_25m_in_front_Holophone_Ls_clean_2_shots.wav","about|40|channels|with|distances|and|perspectives|ranging|from|0|to|55|meters|big|variation|of|microphones|recorders|firing|sequences|includes|single|shots|double|triple|bursts|etc|wild|foley|session|fn_fal_762x51mm_25m_in_front_holophone_ls_clean_2_shotswav|fn fal 7.62x51mm|pole position production"
"FN_Five-seveN_5.7x28mm_1m_right_MKH8040_1_clean_Four_shots_x_1.wav","FN Five-seveN 5.7x28mm","Pole Position Production","http://www.sonniss.com/sound-effects/fn-five-seven-5-7x28mm/","/Sonniss - GDC 2016 - Game Audio Bundle/Pole Position Production - FN Five-seveN 5.7x28mm/FN_Five-seveN_5.7x28mm_1m_right_MKH8040_1_clean_Four_shots_x_1.wav","about|40|channels|with|distances|and|perspectives|ranging|from|0|to|50|meters|big|variation|of|microphones|recorders|firing|sequences|includes|single|shots|double|triple|etc|wild|foley|session|fn_fiveseven_57x28mm_1m_right_mkh8040_1_clean_four_shots_x_1wav|fn five-seven 5.7x28mm|pole position production"
"FN_Five-seveN_5.7x28mm_35m_behind_788_DPA4021_L_clean_Four_shots_x_1.wav","FN Five-seveN 5.7x28mm","Pole Position Production","http://www.sonniss.com/sound-effects/fn-five-seven-5-7x28mm/","/Sonniss - GDC 2016 - Game Audio Bundle/Pole Position Production - FN Five-seveN 5.7x28mm/FN_Five-seveN_5.7x28mm_35m_behind_788_DPA4021_L_clean_Four_shots_x_1.wav","about|40|channels|with|distances|and|perspectives|ranging|from|0|to|50|meters|big|variation|of|microphones|recorders|firing|sequences|includes|single|shots|double|triple|etc|wild|foley|session|fn_fiveseven_57x28mm_35m_behind_788_dpa4021_l_clean_four_shots_x_1wav|fn five-seven 5.7x28mm|pole position production"
"FN_P90_5.7mm_1m_left_on_ground_DPA4062_clean_Double_shots_x_1.wav","FN P90 5.7mm","Pole Position Production","http://www.sonniss.com/sound-effects/fn-p90-5-7mm/","/Sonniss - GDC 2016 - Game Audio Bundle/Pole Position Production - FN P90 5.7mm/FN_P90_5.7mm_1m_left_on_ground_DPA4062_clean_Double_shots_x_1.wav","about|40|channels|with|distances|and|perspectives|ranging|from|0|to|75|meters|big|variation|of|microphones|recorders|firing|sequences|includes|single|shots|double|triple|bursts|etc|wild|foley|session|fn_p90_57mm_1m_left_on_ground_dpa4062_clean_double_shots_x_1wav|fn p90 5.7mm|pole position production"
"FN_P90_5.7mm_75m_behind_Ehrlund_R1_clean_Double_shots_x_1.wav","FN P90 5.7mm","Pole Position Production","http://www.sonniss.com/sound-effects/fn-p90-5-7mm/","/Sonniss - GDC 2016 - Game Audio Bundle/Pole Position Production - FN P90 5.7mm/FN_P90_5.7mm_75m_behind_Ehrlund_R1_clean_Double_shots_x_1.wav","about|40|channels|with|distances|and|perspectives|ranging|from|0|to|75|meters|big|variation|of|microphones|recorders|firing|sequences|includes|single|shots|double|triple|bursts|etc|wild|foley|session|fn_p90_57mm_75m_behind_ehrlund_r1_clean_double_shots_x_1wav|fn p90 5.7mm|pole position production"
"Glock_18_1m_left_off_axis_MKH416_clean_Six_shots_x_1.wav","Glock 18c","Pole Position Production","http://www.sonniss.com/sound-effects/glock-18c/","/Sonniss - GDC 2016 - Game Audio Bundle/Pole Position Production - Glock 18c/Glock_18_1m_left_off_axis_MKH416_clean_Six_shots_x_1.wav","about|40|channels|with|distances|and|perspectives|ranging|from|0|to|75|meters|big|variation|of|microphones|recorders|firing|sequences|includes|single|shots|double|triple|bursts|etc|wild|foley|session|glock_18_1m_left_off_axis_mkh416_clean_six_shots_x_1wav|glock 18c|pole position production"
"Glock_18_75m_behind_Ehrlund_R2_clean_Six_shots_x_1.wav","Glock 18c","Pole Position Production","http://www.sonniss.com/sound-effects/glock-18c/","/Sonniss - GDC 2016 - Game Audio Bundle/Pole Position Production - Glock 18c/Glock_18_75m_behind_Ehrlund_R2_clean_Six_shots_x_1.wav","about|40|channels|with|distances|and|perspectives|ranging|from|0|to|75|meters|big|variation|of|microphones|recorders|firing|sequences|includes|single|shots|double|triple|bursts|etc|wild|foley|session|glock_18_75m_behind_ehrlund_r2_clean_six_shots_x_1wav|glock 18c|pole position production"
"Grumman_F6F_Hellcat_t2_onboard_startup_idle_steady_rpms_ramps_throttle_movements_shutdown_in_cockpit_L.wav","Grumman F6F Hellcat","Pole Position Production","http://www.sonniss.com/sound-effects/grumman-f6f-hellcat/","/Sonniss - GDC 2016 - Game Audio Bundle/Pole Position Production - Grumman F6F Hellcat/Grumman_F6F_Hellcat_t2_onboard_startup_idle_steady_rpms_ramps_throttle_movements_shutdown_in_cockpit_L.wav","hellcat|wwii|american|aircraft|onboard|startup|idle|steady|rpms|ramps|throttle|movements|shutdown|in|cockpit|zaxcom|dpa4021|wav|grumman_f6f_hellcat_t2_onboard_startup_idle_steady_rpms_ramps_throttle_movements_shutdown_in_cockpit_lwav|grumman f6f hellcat|pole position production"
"Grumman_F6F_Hellcat_t2_onboard_startup_idle_steady_rpms_ramps_throttle_movements_shutdown_in_cockpit_R.wav","Grumman F6F Hellcat","Pole Position Production","http://www.sonniss.com/sound-effects/grumman-f6f-hellcat/","/Sonniss - GDC 2016 - Game Audio Bundle/Pole Position Production - Grumman F6F Hellcat/Grumman_F6F_Hellcat_t2_onboard_startup_idle_steady_rpms_ramps_throttle_movements_shutdown_in_cockpit_R.wav","hellcat|wwii|american|aircraft|onboard|startup|idle|steady|rpms|ramps|throttle|movements|shutdown|in|cockpit|zaxcom|dpa4021|wav|grumman_f6f_hellcat_t2_onboard_startup_idle_steady_rpms_ramps_throttle_movements_shutdown_in_cockpit_rwav|grumman f6f hellcat|pole position production"
"Grumman_F6F_Hellcat_t3_fly_bys_landing_slightly_left_of_mid_L.wav","Grumman F6F Hellcat","Pole Position Production","http://www.sonniss.com/sound-effects/grumman-f6f-hellcat/","/Sonniss - GDC 2016 - Game Audio Bundle/Pole Position Production - Grumman F6F Hellcat/Grumman_F6F_Hellcat_t3_fly_bys_landing_slightly_left_of_mid_L.wav","hellcat|wwii|american|aircraft|fly|bys|landing|slightly|left|of|midfield|olympus|ls5|wav|grumman_f6f_hellcat_t3_fly_bys_landing_slightly_left_of_mid_lwav|grumman f6f hellcat|pole position production"
"Grumman_F6F_Hellcat_t3_fly_bys_landing_slightly_left_of_mid_R.wav","Grumman F6F Hellcat","Pole Position Production","http://www.sonniss.com/sound-effects/grumman-f6f-hellcat/","/Sonniss - GDC 2016 - Game Audio Bundle/Pole Position Production - Grumman F6F Hellcat/Grumman_F6F_Hellcat_t3_fly_bys_landing_slightly_left_of_mid_R.wav","hellcat|wwii|american|aircraft|fly|bys|landing|slightly|left|of|midfield|olympus|ls5|wav|grumman_f6f_hellcat_t3_fly_bys_landing_slightly_left_of_mid_rwav|grumman f6f hellcat|pole position production"
"Heckler_&_Koch_G36C_5.56mm_1m_left_off_axis_MKH416_clean_Six_shots_x_1.wav","Heckler & Koch G36C 5.56mm","Pole Position Production","http://www.sonniss.com/sound-effects/heckler-koch-g36c-5-56mm/","/Sonniss - GDC 2016 - Game Audio Bundle/Pole Position Production - Heckler & Koch G36C 5.56mm/Heckler_&_Koch_G36C_5.56mm_1m_left_off_axis_MKH416_clean_Six_shots_x_1.wav","about|40|channels|with|distances|and|perspectives|ranging|from|0|to|55|meters|big|variation|of|microphones|recorders|firing|sequences|includes|single|shots|double|triple|bursts|etc|wild|foley|session|heckler_&_koch_g36c_556mm_1m_left_off_axis_mkh416_clean_six_shots_x_1wav|heckler & koch g36c 5.56mm|pole position production"
"Heckler_&_Koch_G36C_5.56mm_50m_behind_Ehrlund_R2_clean_Six_shots_x_1.wav","Heckler & Koch G36C 5.56mm","Pole Position Production","http://www.sonniss.com/sound-effects/heckler-koch-g36c-5-56mm/","/Sonniss - GDC 2016 - Game Audio Bundle/Pole Position Production - Heckler & Koch G36C 5.56mm/Heckler_&_Koch_G36C_5.56mm_50m_behind_Ehrlund_R2_clean_Six_shots_x_1.wav","about|40|channels|with|distances|and|perspectives|ranging|from|0|to|55|meters|big|variation|of|microphones|recorders|firing|sequences|includes|single|shots|double|triple|bursts|etc|wild|foley|session|heckler_&_koch_g36c_556mm_50m_behind_ehrlund_r2_clean_six_shots_x_1wav|heckler & koch g36c 5.56mm|pole position production"
"IMI_Tavor_TAR-21_5.56mm_1m_left_off_axis_MKH416_clean_Triple_shots_x_1.wav","IMI Tavor TAR-21 5.56mm","Pole Position Production","http://www.sonniss.com/sound-effects/imi-tavor-tar-21-5-56mm/","/Sonniss - GDC 2016 - Game Audio Bundle/Pole Position Production - IMI Tavor TAR-21 5.56mm/IMI_Tavor_TAR-21_5.56mm_1m_left_off_axis_MKH416_clean_Triple_shots_x_1.wav","about|40|channels|with|distances|and|perspectives|ranging|from|0|to|55|meters|big|variation|of|microphones|recorders|firing|sequences|includes|single|shots|double|triple|bursts|etc|wild|foley|imi_tavor_tar21_556mm_1m_left_off_axis_mkh416_clean_triple_shots_x_1wav|imi tavor tar-21 5.56mm|pole position production"
"IMI_Tavor_TAR-21_5.56mm_20m_front_right_NT4_R_clean_Triple_shots_x_1.wav","IMI Tavor TAR-21 5.56mm","Pole Position Production","http://www.sonniss.com/sound-effects/imi-tavor-tar-21-5-56mm/","/Sonniss - GDC 2016 - Game Audio Bundle/Pole Position Production - IMI Tavor TAR-21 5.56mm/IMI_Tavor_TAR-21_5.56mm_20m_front_right_NT4_R_clean_Triple_shots_x_1.wav","about|40|channels|with|distances|and|perspectives|ranging|from|0|to|55|meters|big|variation|of|microphones|recorders|firing|sequences|includes|single|shots|double|triple|bursts|etc|wild|foley|imi_tavor_tar21_556mm_20m_front_right_nt4_r_clean_triple_shots_x_1wav|imi tavor tar-21 5.56mm|pole position production"
"Ingram_M10_9mm_1m_right_CS3_clean_Double_shots_x_1.wav","Ingram M10 9mm","Pole Position Production","http://www.sonniss.com/sound-effects/ingram-m10-9mm/","/Sonniss - GDC 2016 - Game Audio Bundle/Pole Position Production - Ingram M10 9mm/Ingram_M10_9mm_1m_right_CS3_clean_Double_shots_x_1.wav","about|35|channels|with|distances|and|perspectives|ranging|from|1|to|75|meters|big|variation|of|microphones|recorders|firing|sequences|includes|single|shots|double|triple|bursts|etc|wild|foley|session|ingram_m10_9mm_1m_right_cs3_clean_double_shots_x_1wav|ingram m10 9mm|pole position production"
"Ingram_M10_9mm_50m_behind_RSM191_R_clean_Double_shots_x_1.wav","Ingram M10 9mm","Pole Position Production","http://www.sonniss.com/sound-effects/ingram-m10-9mm/","/Sonniss - GDC 2016 - Game Audio Bundle/Pole Position Production - Ingram M10 9mm/Ingram_M10_9mm_50m_behind_RSM191_R_clean_Double_shots_x_1.wav","about|35|channels|with|distances|and|perspectives|ranging|from|1|to|75|meters|big|variation|of|microphones|recorders|firing|sequences|includes|single|shots|double|triple|bursts|etc|wild|foley|session|ingram_m10_9mm_50m_behind_rsm191_r_clean_double_shots_x_1wav|ingram m10 9mm|pole position production"
"Iveco_Daily_van_-12_t2_onboard_driving_steady_rpms_Engine_1.wav","Iveco Daily van 2.3 l 2012","Pole Position Production","http://www.sonniss.com/sound-effects/iveco-daily-van-2-3-2012/","/Sonniss - GDC 2016 - Game Audio Bundle/Pole Position Production - Iveco Daily van 2.3 l 2012/Iveco_Daily_van_-12_t2_onboard_driving_steady_rpms_Engine_1.wav","iveco|daily|23|liters|diesel|engine|van|12|onboard|driving|steady|rpms|engine|1|wav|iveco_daily_van_12_t2_onboard_driving_steady_rpms_engine_1wav|iveco daily van 2.3 l 2012|pole position production"
"Iveco_Daily_van_-12_t4_exterior_1_approach_stop_away_L.wav","Iveco Daily van 2.3 l 2012","Pole Position Production","http://www.sonniss.com/sound-effects/iveco-daily-van-2-3-2012/","/Sonniss - GDC 2016 - Game Audio Bundle/Pole Position Production - Iveco Daily van 2.3 l 2012/Iveco_Daily_van_-12_t4_exterior_1_approach_stop_away_L.wav","iveco|daily|23|liters|diesel|engine|van|12|exterior|approach|stop|away|zoom|h4n|l|wav|iveco_daily_van_12_t4_exterior_1_approach_stop_away_lwav|iveco daily van 2.3 l 2012|pole position production"
"Iveco_Daily_van_-12_t4_exterior_1_approach_stop_away_R.wav","Iveco Daily van 2.3 l 2012","Pole Position Production","http://www.sonniss.com/sound-effects/iveco-daily-van-2-3-2012/","/Sonniss - GDC 2016 - Game Audio Bundle/Pole Position Production - Iveco Daily van 2.3 l 2012/Iveco_Daily_van_-12_t4_exterior_1_approach_stop_away_R.wav","iveco|daily|23|liters|diesel|engine|van|12|exterior|approach|stop|away|zoom|h4n|r|wav|iveco_daily_van_12_t4_exterior_1_approach_stop_away_rwav|iveco daily van 2.3 l 2012|pole position production"
"L7A2_GPMG_7.62x51mm_belt_fed_1m_in_front_RE20_clean_Single_shots_tracer_x_2.wav","L7A2 GPMG 7.62x51mm","Pole Position Production","http://www.sonniss.com/sound-effects/l7a2-gpmg-7-62x51mm/","/Sonniss - GDC 2016 - Game Audio Bundle/Pole Position Production - L7A2 GPMG 7.62x51mm/L7A2_GPMG_7.62x51mm_belt_fed_1m_in_front_RE20_clean_Single_shots_tracer_x_2.wav","about|40|channels|with|distances|and|perspectives|ranging|from|0|to|55|meters|big|variation|of|microphones|recorders|firing|sequences|includes|single|shots|bursts|regular|tracer|ammo|wild|foley|l7a2_gpmg_762x51mm_belt_fed_1m_in_front_re20_clean_single_shots_tracer_x_2wav|l7a2 gpmg 7.62x51mm|pole position production"
"L7A2_GPMG_7.62x51mm_belt_fed_50m_behind_Schoeps_B_clean_Single_shots_tracer_x_2.wav","L7A2 GPMG 7.62x51mm","Pole Position Production","http://www.sonniss.com/sound-effects/l7a2-gpmg-7-62x51mm/","/Sonniss - GDC 2016 - Game Audio Bundle/Pole Position Production - L7A2 GPMG 7.62x51mm/L7A2_GPMG_7.62x51mm_belt_fed_50m_behind_Schoeps_B_clean_Single_shots_tracer_x_2.wav","about|40|channels|with|distances|and|perspectives|ranging|from|0|to|55|meters|big|variation|of|microphones|recorders|firing|sequences|includes|single|shots|bursts|regular|tracer|ammo|wild|foley|l7a2_gpmg_762x51mm_belt_fed_50m_behind_schoeps_b_clean_single_shots_tracer_x_2wav|l7a2 gpmg 7.62x51mm|pole position production"
"L110A2_LMG_5.56mm_belt_fed_1m_right_MKH8040_1_clean_Single_shots_x_2.wav","L110A2 LMG 5.56mm belt fed (FN MINIMI)","Pole Position Production","http://www.sonniss.com/sound-effects/l110a2-lmg-5-56mm/","/Sonniss - GDC 2016 - Game Audio Bundle/Pole Position Production - L110A2 LMG 5.56mm belt fed (FN MINIMI)/L110A2_LMG_5.56mm_belt_fed_1m_right_MKH8040_1_clean_Single_shots_x_2.wav","about|40|channels|with|distances|and|perspectives|ranging|from|0|to|55|meters|big|variation|of|microphones|recorders|firing|sequences|includes|single|shots|bursts|wild|foley|session|l110a2_lmg_556mm_belt_fed_1m_right_mkh8040_1_clean_single_shots_x_2wav|l110a2 lmg 5.56mm belt fed (fn minimi)|pole position production"
"L110A2_LMG_5.56mm_belt_fed_50m_behind_788_Schoeps_A_clean_Single_shots_x_2.wav","L110A2 LMG 5.56mm belt fed (FN MINIMI)","Pole Position Production","http://www.sonniss.com/sound-effects/l110a2-lmg-5-56mm/","/Sonniss - GDC 2016 - Game Audio Bundle/Pole Position Production - L110A2 LMG 5.56mm belt fed (FN MINIMI)/L110A2_LMG_5.56mm_belt_fed_50m_behind_788_Schoeps_A_clean_Single_shots_x_2.wav","about|40|channels|with|distances|and|perspectives|ranging|from|0|to|55|meters|big|variation|of|microphones|recorders|firing|sequences|includes|single|shots|bursts|wild|foley|session|l110a2_lmg_556mm_belt_fed_50m_behind_788_schoeps_a_clean_single_shots_x_2wav|l110a2 lmg 5.56mm belt fed (fn minimi)|pole position production"
"M3_Submachine_Grease_Gun_.45cal_0.3m_to_side_Triple_shots_x_1.wav","M3 Submachine Grease Gun .45cal","Pole Position Production","http://www.sonniss.com/sound-effects/m3-submachine-grease-gun-45cal/","/Sonniss - GDC 2016 - Game Audio Bundle/Pole Position Production - M3 Submachine Grease Gun .45cal/M3_Submachine_Grease_Gun_.45cal_0.3m_to_side_Triple_shots_x_1.wav","m3|submachine|grease|gun|45cal|from|world|war|ii|triple|shots|03m|to|side|close|up|sd722|mkh8040|ortf|m3_submachine_grease_gun_45cal_03m_to_side_triple_shots_x_1wav|m3 submachine grease gun .45cal|pole position production"
"M3_Submachine_Grease_Gun_.45cal_300m_in_front_Burst_of_thirteen_x_1.wav","M3 Submachine Grease Gun .45cal","Pole Position Production","http://www.sonniss.com/sound-effects/m3-submachine-grease-gun-45cal/","/Sonniss - GDC 2016 - Game Audio Bundle/Pole Position Production - M3 Submachine Grease Gun .45cal/M3_Submachine_Grease_Gun_.45cal_300m_in_front_Burst_of_thirteen_x_1.wav","m3|submachine|grease|gun|45cal|from|world|war|ii|burst|of|thirteen|300m|in|front|far|distance|zoom|h4n|m3_submachine_grease_gun_45cal_300m_in_front_burst_of_thirteen_x_1wav|m3 submachine grease gun .45cal|pole position production"
"M1918_Browning_Automatic_Rifle_.30cal_0.1m_to_right_Double_shots_x_1.wav","M1918 Browning Automatic Rifle .30cal","Pole Position Production","http://www.sonniss.com/sound-effects/m1918-browning-automatic-rifle-30cal/","/Sonniss - GDC 2016 - Game Audio Bundle/Pole Position Production - M1918 Browning Automatic Rifle .30cal/M1918_Browning_Automatic_Rifle_.30cal_0.1m_to_right_Double_shots_x_1.wav","m1918|browning|automatic|rifle|30cal|from|world|war|ii|01m|to|right|sd744|mkh60|double|shots|x|1wav|m1918_browning_automatic_rifle_30cal_01m_to_right_double_shots_x_1wav|m1918 browning automatic rifle .30cal|pole position production"
"M1918_Browning_Automatic_Rifle_.30cal_300m_in_front_Double_shots_x_1.wav","M1918 Browning Automatic Rifle .30cal","Pole Position Production","http://www.sonniss.com/sound-effects/m1918-browning-automatic-rifle-30cal/","/Sonniss - GDC 2016 - Game Audio Bundle/Pole Position Production - M1918 Browning Automatic Rifle .30cal/M1918_Browning_Automatic_Rifle_.30cal_300m_in_front_Double_shots_x_1.wav","m1918|browning|automatic|rifle|30cal|from|world|war|ii|300m|in|front|zoom|h4n|double|shots|x|1wav|m1918_browning_automatic_rifle_30cal_300m_in_front_double_shots_x_1wav|m1918 browning automatic rifle .30cal|pole position production"
"M1919A4_Browning_Machine_Gun_.30cal_5m_behind_ORTF_blanks_Triple_shots_x_1.wav","M1919A4 Browning Machine Gun .30cal","Pole Position Production","http://www.sonniss.com/sound-effects/m1919a4-browning-machine-gun-30cal/","/Sonniss - GDC 2016 - Game Audio Bundle/Pole Position Production - M1919A4 Browning Machine Gun .30cal/M1919A4_Browning_Machine_Gun_.30cal_5m_behind_ORTF_blanks_Triple_shots_x_1.wav","m1919a4|browning|machine|gun|30cal|from|world|war|ii|5m|behind|zaxcom|schoeps|ortf|blanks|triple|shots|x|1wav|m1919a4_browning_machine_gun_30cal_5m_behind_ortf_blanks_triple_shots_x_1wav|m1919a4 browning machine gun .30cal|pole position production"
"M1919A4_Browning_Machine_Gun_.30cal_200m_left_behind_blanks_Triple_shots_x_1.wav","M1919A4 Browning Machine Gun .30cal","Pole Position Production","http://www.sonniss.com/sound-effects/m1919a4-browning-machine-gun-30cal/","/Sonniss - GDC 2016 - Game Audio Bundle/Pole Position Production - M1919A4 Browning Machine Gun .30cal/M1919A4_Browning_Machine_Gun_.30cal_200m_left_behind_blanks_Triple_shots_x_1.wav","m1919a4|browning|machine|gun|30cal|from|world|war|ii|200m|left|behind|d50|blanks|triple|shots|x|1wav|m1919a4_browning_machine_gun_30cal_200m_left_behind_blanks_triple_shots_x_1wav|m1919a4 browning machine gun .30cal|pole position production"
"M1919A4_Browning_Machine_Gun_.30cal_on_turret_1m_left_blanks_Triple_shots_x_2.wav","M1919A4 Browning Machine Gun .30cal on turret","Pole Position Production","http://www.sonniss.com/sound-effects/m1919a4-browning-machine-gun-30cal-turret/","/Sonniss - GDC 2016 - Game Audio Bundle/Pole Position Production - M1919A4 Browning Machine Gun .30cal on turret/M1919A4_Browning_Machine_Gun_.30cal_on_turret_1m_left_blanks_Triple_shots_x_2.wav","m1919a4|browning|machine|gun|30cal|from|world|war|ii|on|turret|1m|left|ls5|blanks|triple|shots|x|2wav|m1919a4_browning_machine_gun_30cal_on_turret_1m_left_blanks_triple_shots_x_2wav|m1919a4 browning machine gun .30cal on turret|pole position production"
"M1919A4_Browning_Machine_Gun_.30cal_on_turret_300m_in_front_blanks_Triple_shots_x_2.wav","M1919A4 Browning Machine Gun .30cal on turret","Pole Position Production","http://www.sonniss.com/sound-effects/m1919a4-browning-machine-gun-30cal-turret/","/Sonniss - GDC 2016 - Game Audio Bundle/Pole Position Production - M1919A4 Browning Machine Gun .30cal on turret/M1919A4_Browning_Machine_Gun_.30cal_on_turret_300m_in_front_blanks_Triple_shots_x_2.wav","m1919a4|browning|machine|gun|30cal|from|world|war|ii|on|turret|300m|in|front|zoom|h4n|blanks|triple|shots|x|2wav|m1919a4_browning_machine_gun_30cal_on_turret_300m_in_front_blanks_triple_shots_x_2wav|m1919a4 browning machine gun .30cal on turret|pole position production"
"M1928A1_Thompson_Submachine_Gun_.45cal_0.3m_to_side_ORTF_Burst_of_four_x_1.wav","M1928A1 Thompson Submachine Gun .45cal","Pole Position Production","http://www.sonniss.com/sound-effects/m1928a1-thompson-submachine-gun-45cal/","/Sonniss - GDC 2016 - Game Audio Bundle/Pole Position Production - M1928A1 Thompson Submachine Gun .45cal/M1928A1_Thompson_Submachine_Gun_.45cal_0.3m_to_side_ORTF_Burst_of_four_x_1.wav","m1928a1|thompson|submachine|gun|45cal|from|world|war|ii|03m|to|side|sd722|mkh8040|ortf|burst|of|four|x|1wav|m1928a1_thompson_submachine_gun_45cal_03m_to_side_ortf_burst_of_four_x_1wav|m1928a1 thompson submachine gun .45cal|pole position production"
"M1928A1_Thompson_Submachine_Gun_.45cal_300m_in_front_Burst_of_four_x_1.wav","M1928A1 Thompson Submachine Gun .45cal","Pole Position Production","http://www.sonniss.com/sound-effects/m1928a1-thompson-submachine-gun-45cal/","/Sonniss - GDC 2016 - Game Audio Bundle/Pole Position Production - M1928A1 Thompson Submachine Gun .45cal/M1928A1_Thompson_Submachine_Gun_.45cal_300m_in_front_Burst_of_four_x_1.wav","m1928a1|thompson|submachine|gun|45cal|from|world|war|ii|300m|in|front|zoom|h4n|burst|of|four|x|1wav|m1928a1_thompson_submachine_gun_45cal_300m_in_front_burst_of_four_x_1wav|m1928a1 thompson submachine gun .45cal|pole position production"
"Mini_Uzi_9mm_1m_left_off_axis_MKH416_clean_Four_shots_x_1.wav","Mini Uzi 9mm","Pole Position Production","http://www.sonniss.com/sound-effects/mini-uzi-9mm/","/Sonniss - GDC 2016 - Game Audio Bundle/Pole Position Production - Mini Uzi 9mm/Mini_Uzi_9mm_1m_left_off_axis_MKH416_clean_Four_shots_x_1.wav","about|35|channels|with|distances|and|perspectives|ranging|from|1|to|75|meters|big|variation|of|microphones|recorders|firing|sequences|includes|single|shots|double|triple|bursts|etc|wild|foley|session|mini_uzi_9mm_1m_left_off_axis_mkh416_clean_four_shots_x_1wav|mini uzi 9mm|pole position production"
"Mini_Uzi_9mm_30m_in_front_off_axis_clean_Four_shots_x_1.wav","Mini Uzi 9mm","Pole Position Production","http://www.sonniss.com/sound-effects/mini-uzi-9mm/","/Sonniss - GDC 2016 - Game Audio Bundle/Pole Position Production - Mini Uzi 9mm/Mini_Uzi_9mm_30m_in_front_off_axis_clean_Four_shots_x_1.wav","about|35|channels|with|distances|and|perspectives|ranging|from|1|to|75|meters|big|variation|of|microphones|recorders|firing|sequences|includes|single|shots|double|triple|bursts|etc|wild|foley|session|mini_uzi_9mm_30m_in_front_off_axis_clean_four_shots_x_1wav|mini uzi 9mm|pole position production"
"Plymouth_Cuda_Hemi_-71_t2_onboard_startup_idle_blips_steady_rpms_no_gear_driving_constant_rpms_engine_1.wav","Plymouth Hemi Cuda 1971","Pole Position Production","http://www.sonniss.com/sound-effects/plymouth-hemi-cuda-1971/","/Sonniss - GDC 2016 - Game Audio Bundle/Pole Position Production - Plymouth Hemi Cuda 1971/Plymouth_Cuda_Hemi_-71_t2_onboard_startup_idle_blips_steady_rpms_no_gear_driving_constant_rpms_engine_1.wav","plymouth|cuda|426|hemi|1971|convertible|4speed|transmission|v8|onboard|startup|idle|blips|steady|rpms|no|gear|driving|constant|dpa4061|engine|wav|plymouth_cuda_hemi_71_t2_onboard_startup_idle_blips_steady_rpms_no_gear_driving_constant_rpms_engine_1wav|plymouth hemi cuda 1971|pole position production"
"Plymouth_Cuda_Hemi_-71_t3_exterior_3_slow_passbys_wide_stereo_L.wav","Plymouth Hemi Cuda 1971","Pole Position Production","http://www.sonniss.com/sound-effects/plymouth-hemi-cuda-1971/","/Sonniss - GDC 2016 - Game Audio Bundle/Pole Position Production - Plymouth Hemi Cuda 1971/Plymouth_Cuda_Hemi_-71_t3_exterior_3_slow_passbys_wide_stereo_L.wav","plymouth|cuda|426|hemi|1971|convertible|4speed|transmission|v8|exterior|slow|passbys|wide|stereo|sennheiser|k6|wav|plymouth_cuda_hemi_71_t3_exterior_3_slow_passbys_wide_stereo_lwav|plymouth hemi cuda 1971|pole position production"
"Plymouth_Cuda_Hemi_-71_t3_exterior_3_slow_passbys_wide_stereo_R.wav","Plymouth Hemi Cuda 1971","Pole Position Production","http://www.sonniss.com/sound-effects/plymouth-hemi-cuda-1971/","/Sonniss - GDC 2016 - Game Audio Bundle/Pole Position Production - Plymouth Hemi Cuda 1971/Plymouth_Cuda_Hemi_-71_t3_exterior_3_slow_passbys_wide_stereo_R.wav","plymouth|cuda|426|hemi|1971|convertible|4speed|transmission|v8|exterior|slow|passbys|wide|stereo|sennheiser|k6|wav|plymouth_cuda_hemi_71_t3_exterior_3_slow_passbys_wide_stereo_rwav|plymouth hemi cuda 1971|pole position production"
"Porsche_911_SC_-81_t5_onboard_driving_constant_rpms_exhausts.wav","Porsche 911 SC 1981","Pole Position Production","http://www.sonniss.com/sound-effects/porsche-911-sc-1981/","/Sonniss - GDC 2016 - Game Audio Bundle/Pole Position Production - Porsche 911 SC 1981/Porsche_911_SC_-81_t5_onboard_driving_constant_rpms_exhausts.wav","porsche|911|sc|1981|onboard|driving|constant|rpms|dpa4062|exhausts|wav|30|liter|engine|5speed|915|gearbox|classic|vintage|porsche_911_sc_81_t5_onboard_driving_constant_rpms_exhaustswav|porsche 911 sc 1981|pole position production"
"Porsche_911_SC_-81_t8_exterior_4_bad_driving_passbys_ORTF.L.wav","Porsche 911 SC 1981","Pole Position Production","http://www.sonniss.com/sound-effects/porsche-911-sc-1981/","/Sonniss - GDC 2016 - Game Audio Bundle/Pole Position Production - Porsche 911 SC 1981/Porsche_911_SC_-81_t8_exterior_4_bad_driving_passbys_ORTF.L.wav","porsche|911|sc|1981|exterior|bad|driving|passbys|sennheiser|mkh8040|ortf|stereo|70m|to|the|right|of|holophone|l|wav|30|liter|engine|5speed|915|gearbox|classic|vintage|porsche_911_sc_81_t8_exterior_4_bad_driving_passbys_ortflwav|porsche 911 sc 1981|pole position production"
"Porsche_911_SC_-81_t8_exterior_4_bad_driving_passbys_ORTF.R.wav","Porsche 911 SC 1981","Pole Position Production","http://www.sonniss.com/sound-effects/porsche-911-sc-1981/","/Sonniss - GDC 2016 - Game Audio Bundle/Pole Position Production - Porsche 911 SC 1981/Porsche_911_SC_-81_t8_exterior_4_bad_driving_passbys_ORTF.R.wav","porsche|911|sc|1981|exterior|bad|driving|passbys|sennheiser|mkh8040|ortf|stereo|70m|to|the|right|of|holophone|l|wav|30|liter|engine|5speed|915|gearbox|classic|vintage|porsche_911_sc_81_t8_exterior_4_bad_driving_passbys_ortfrwav|porsche 911 sc 1981|pole position production"
"Porsche_911_SC_-81_t10_exterior_5_doors_hoods_MKH8060.wav","Porsche 911 SC 1981","Pole Position Production","http://www.sonniss.com/sound-effects/porsche-911-sc-1981/","/Sonniss - GDC 2016 - Game Audio Bundle/Pole Position Production - Porsche 911 SC 1981/Porsche_911_SC_-81_t10_exterior_5_doors_hoods_MKH8060.wav","porsche|911|sc|1981|exterior|doors|hoods|sennheiser|mkh8060|wav|30|liter|engine|5speed|915|gearbox|classic|vintage|porsche_911_sc_81_t10_exterior_5_doors_hoods_mkh8060wav|porsche 911 sc 1981|pole position production"
"Remington_700_7.62x51mm_1m_right_MKH8040_1_clean_Single_shots_x_14.wav","Remington 700 7.62x51mm","Pole Position Production","http://www.sonniss.com/sound-effects/remington-700-7-62x51mm/","/Sonniss - GDC 2016 - Game Audio Bundle/Pole Position Production - Remington 700 7.62x51mm/Remington_700_7.62x51mm_1m_right_MKH8040_1_clean_Single_shots_x_14.wav","about|40|channels|with|distances|and|perspectives|ranging|from|0|to|55|meters|big|variation|of|microphones|recorders|firing|sequences|includes|single|shots|regular|subsonic|ammunition|wild|foley|session|remington_700_762x51mm_1m_right_mkh8040_1_clean_single_shots_x_14wav|remington 700 7.62x51mm|pole position production"
"Remington_700_7.62x51mm_50m_behind_788_Schoeps_B_clean_Single_shots_x_14.wav","Remington 700 7.62x51mm","Pole Position Production","http://www.sonniss.com/sound-effects/remington-700-7-62x51mm/","/Sonniss - GDC 2016 - Game Audio Bundle/Pole Position Production - Remington 700 7.62x51mm/Remington_700_7.62x51mm_50m_behind_788_Schoeps_B_clean_Single_shots_x_14.wav","about|40|channels|with|distances|and|perspectives|ranging|from|0|to|55|meters|big|variation|of|microphones|recorders|firing|sequences|includes|single|shots|regular|subsonic|ammunition|wild|foley|session|remington_700_762x51mm_50m_behind_788_schoeps_b_clean_single_shots_x_14wav|remington 700 7.62x51mm|pole position production"
"SAIGA-12_12g_solid_slug_1m_left_off_axis_MKH416_clean_Single_shots_x_5.wav","Saiga-12 12g solid slug","Pole Position Production","http://www.sonniss.com/sound-effects/saiga-12-12g-solid-slug/","/Sonniss - GDC 2016 - Game Audio Bundle/Pole Position Production - Saiga-12 12g solid slug/SAIGA-12_12g_solid_slug_1m_left_off_axis_MKH416_clean_Single_shots_x_5.wav","about|40|channels|with|distances|and|perspectives|ranging|from|0|to|55|meters|big|variation|of|microphones|recorders|firing|sequences|includes|single|shots|bursts|wild|foley|session|saiga12_12g_solid_slug_1m_left_off_axis_mkh416_clean_single_shots_x_5wav|saiga-12 12g solid slug|pole position production"
"SAIGA-12_12g_solid_slug_55m_in_front_off_axis_clean_Bursts_x_7.wav","Saiga-12 12g solid slug","Pole Position Production","http://www.sonniss.com/sound-effects/saiga-12-12g-solid-slug/","/Sonniss - GDC 2016 - Game Audio Bundle/Pole Position Production - Saiga-12 12g solid slug/SAIGA-12_12g_solid_slug_55m_in_front_off_axis_clean_Bursts_x_7.wav","about|40|channels|with|distances|and|perspectives|ranging|from|0|to|55|meters|big|variation|of|microphones|recorders|firing|sequences|includes|single|shots|bursts|wild|foley|session|saiga12_12g_solid_slug_55m_in_front_off_axis_clean_bursts_x_7wav|saiga-12 12g solid slug|pole position production"
"Sako_TRG_22_TRG_1m_left_off_axis_MKH416_clean_Single_shots_x_5.wav","Sako TRG 22","Pole Position Production","http://www.sonniss.com/sound-effects/sako-trg-22/","/Sonniss - GDC 2016 - Game Audio Bundle/Pole Position Production - Sako TRG 22/Sako_TRG_22_TRG_1m_left_off_axis_MKH416_clean_Single_shots_x_5.wav","about|40|channels|with|distances|and|perspectives|ranging|from|0|to|55|meters|big|variation|of|microphones|recorders|firing|sequences|includes|single|shots|w|w/o|silencer|subsonic|ammo|wild|foley|session|sako_trg_22_trg_1m_left_off_axis_mkh416_clean_single_shots_x_5wav|sako trg 22|pole position production"
"Sako_TRG_22_TRG_silencer_1m_right_MKH8040_1_clean_Single_shots_x_6.wav","Sako TRG 22","Pole Position Production","http://www.sonniss.com/sound-effects/sako-trg-22/","/Sonniss - GDC 2016 - Game Audio Bundle/Pole Position Production - Sako TRG 22/Sako_TRG_22_TRG_silencer_1m_right_MKH8040_1_clean_Single_shots_x_6.wav","about|40|channels|with|distances|and|perspectives|ranging|from|0|to|55|meters|big|variation|of|microphones|recorders|firing|sequences|includes|single|shots|w|w/o|silencer|subsonic|ammo|wild|foley|session|sako_trg_22_trg_silencer_1m_right_mkh8040_1_clean_single_shots_x_6wav|sako trg 22|pole position production"
"SIG_P229_9mm_1m_left_on_ground_DPA4062_clean_Triple_shots_x_2.wav","Sig P229 9mm","Pole Position Production","http://www.sonniss.com/sound-effects/sig-p229-9mm/","/Sonniss - GDC 2016 - Game Audio Bundle/Pole Position Production - Sig P229 9mm/SIG_P229_9mm_1m_left_on_ground_DPA4062_clean_Triple_shots_x_2.wav","about|40|channels|with|distances|and|perspectives|ranging|from|0|to|50|meters|big|variation|of|microphones|recorders|firing|sequences|includes|single|shots|double|triple|etc|wild|foley|sig_p229_9mm_1m_left_on_ground_dpa4062_clean_triple_shots_x_2wav|sig p229 9mm|pole position production"
"SIG_P229_9mm_50m_behind_Ehrlund_R1_clean_Triple_shots_x_2.wav","Sig P229 9mm","Pole Position Production","http://www.sonniss.com/sound-effects/sig-p229-9mm/","/Sonniss - GDC 2016 - Game Audio Bundle/Pole Position Production - Sig P229 9mm/SIG_P229_9mm_50m_behind_Ehrlund_R1_clean_Triple_shots_x_2.wav","about|40|channels|with|distances|and|perspectives|ranging|from|0|to|50|meters|big|variation|of|microphones|recorders|firing|sequences|includes|single|shots|double|triple|etc|wild|foley|sig_p229_9mm_50m_behind_ehrlund_r1_clean_triple_shots_x_2wav|sig p229 9mm|pole position production"
"Skoda_Octavia_1.6_t1_onboard_start_stop_idle_blip_steadies_Exhaust_Catalysator.wav","Skoda Octavia 1.6 (2008)","Pole Position Production","http://www.sonniss.com/sound-effects/skoda-octavia-1-6-08/","/Sonniss - GDC 2016 - Game Audio Bundle/Pole Position Production - Skoda Octavia 1.6 (2008)/Skoda_Octavia_1.6_t1_onboard_start_stop_idle_blip_steadies_Exhaust_Catalysator.wav","skoda|octavia|16|liters|2008|4|cylinder|102|hp|onboard|start|stop|idle|blip|steadies|exhaust|catalysator|zaxcom|wav|skoda_octavia_16_t1_onboard_start_stop_idle_blip_steadies_exhaust_catalysatorwav|skoda octavia 1.6 (2008)|pole position production"
"Skoda_Octavia_1.6_t4_ext_1_approaches_stops_aways_L.wav","Skoda Octavia 1.6 (2008)","Pole Position Production","http://www.sonniss.com/sound-effects/skoda-octavia-1-6-08/","/Sonniss - GDC 2016 - Game Audio Bundle/Pole Position Production - Skoda Octavia 1.6 (2008)/Skoda_Octavia_1.6_t4_ext_1_approaches_stops_aways_L.wav","skoda|octavia|16|liters|2008|4|cylinder|102|hp|exterior|approaches|stops|aways|sd702|schoeps|cmc6|wav|skoda_octavia_16_t4_ext_1_approaches_stops_aways_lwav|skoda octavia 1.6 (2008)|pole position production"
"Skoda_Octavia_1.6_t4_ext_1_approaches_stops_aways_R.wav","Skoda Octavia 1.6 (2008)","Pole Position Production","http://www.sonniss.com/sound-effects/skoda-octavia-1-6-08/","/Sonniss - GDC 2016 - Game Audio Bundle/Pole Position Production - Skoda Octavia 1.6 (2008)/Skoda_Octavia_1.6_t4_ext_1_approaches_stops_aways_R.wav","skoda|octavia|16|liters|2008|4|cylinder|102|hp|exterior|approaches|stops|aways|sd702|schoeps|cmc6|wav|skoda_octavia_16_t4_ext_1_approaches_stops_aways_rwav|skoda octavia 1.6 (2008)|pole position production"
"Smith_&_Wesson_M29_.44_Magnum_1.5m_behind_right_clean_Double_shots_x_4.wav","Smith & Wesson M29 .44 Magnum","Pole Position Production","http://www.sonniss.com/sound-effects/smith-wesson-m29-44-magnum/","/Sonniss - GDC 2016 - Game Audio Bundle/Pole Position Production - Smith & Wesson M29 .44 Magnum/Smith_&_Wesson_M29_.44_Magnum_1.5m_behind_right_clean_Double_shots_x_4.wav","about|40|channels|with|distances|and|perspectives|ranging|from|0|to|50|meters|big|variation|of|microphones|recorders|firing|sequences|includes|single|shots|double|wild|foley|session|smith_&_wesson_m29_44_magnum_15m_behind_right_clean_double_shots_x_4wav|smith & wesson m29 .44 magnum|pole position production"
"Smith_&_Wesson_M29_.44_Magnum_2m_behind_right_PZM_clean_Double_shots_x_4.wav","Smith & Wesson M29 .44 Magnum","Pole Position Production","http://www.sonniss.com/sound-effects/smith-wesson-m29-44-magnum/","/Sonniss - GDC 2016 - Game Audio Bundle/Pole Position Production - Smith & Wesson M29 .44 Magnum/Smith_&_Wesson_M29_.44_Magnum_2m_behind_right_PZM_clean_Double_shots_x_4.wav","about|40|channels|with|distances|and|perspectives|ranging|from|0|to|50|meters|big|variation|of|microphones|recorders|firing|sequences|includes|single|shots|double|wild|foley|session|smith_&_wesson_m29_44_magnum_2m_behind_right_pzm_clean_double_shots_x_4wav|smith & wesson m29 .44 magnum|pole position production"
"Smith_&_Wesson_M66_.357_Magnum_1m_left_off_axis_MKH416_clean_Double_shots_x_2.wav","Smith & Wesson M66 .357 Magnum","Pole Position Production","http://www.sonniss.com/sound-effects/smith-wesson-m66-357-magnum/","/Sonniss - GDC 2016 - Game Audio Bundle/Pole Position Production - Smith & Wesson M66 .357 Magnum/Smith_&_Wesson_M66_.357_Magnum_1m_left_off_axis_MKH416_clean_Double_shots_x_2.wav","about|40|channels|with|distances|and|perspectives|ranging|from|0|to|50|meters|big|variation|of|microphones|recorders|firing|sequences|includes|single|shots|double|triple|etc|wild|foley|session|smith_&_wesson_m66_357_magnum_1m_left_off_axis_mkh416_clean_double_shots_x_2wav|smith & wesson m66 .357 magnum|pole position production"
"Smith_&_Wesson_M66_.357_Magnum_50m_behind_Ehrlund_L1_clean_Double_shots_x_2.wav","Smith & Wesson M66 .357 Magnum","Pole Position Production","http://www.sonniss.com/sound-effects/smith-wesson-m66-357-magnum/","/Sonniss - GDC 2016 - Game Audio Bundle/Pole Position Production - Smith & Wesson M66 .357 Magnum/Smith_&_Wesson_M66_.357_Magnum_50m_behind_Ehrlund_L1_clean_Double_shots_x_2.wav","about|40|channels|with|distances|and|perspectives|ranging|from|0|to|50|meters|big|variation|of|microphones|recorders|firing|sequences|includes|single|shots|double|triple|etc|wild|foley|session|smith_&_wesson_m66_357_magnum_50m_behind_ehrlund_l1_clean_double_shots_x_2wav|smith & wesson m66 .357 magnum|pole position production"
"SPAS-12_12g_solid_slug_1m_right_MKH8040_1_clean_Double_shots_x_1.wav","SPAS-12 12g solid slug","Pole Position Production","http://www.sonniss.com/sound-effects/spas-12-12g-solid-slug/","/Sonniss - GDC 2016 - Game Audio Bundle/Pole Position Production - SPAS-12 12g solid slug/SPAS-12_12g_solid_slug_1m_right_MKH8040_1_clean_Double_shots_x_1.wav","about|40|channels|with|distances|and|perspectives|ranging|from|0|to|55|meters|big|variation|of|microphones|recorders|firing|sequences|includes|single|shots|double|triple|quintuple|wild|foley|spas12_12g_solid_slug_1m_right_mkh8040_1_clean_double_shots_x_1wav|spas-12 12g solid slug|pole position production"
"SPAS-12_12g_solid_slug_50m_behind_Ehrlund_R1_clean_Double_shots_x_1.wav","SPAS-12 12g solid slug","Pole Position Production","http://www.sonniss.com/sound-effects/spas-12-12g-solid-slug/","/Sonniss - GDC 2016 - Game Audio Bundle/Pole Position Production - SPAS-12 12g solid slug/SPAS-12_12g_solid_slug_50m_behind_Ehrlund_R1_clean_Double_shots_x_1.wav","about|40|channels|with|distances|and|perspectives|ranging|from|0|to|55|meters|big|variation|of|microphones|recorders|firing|sequences|includes|single|shots|double|triple|quintuple|wild|foley|spas12_12g_solid_slug_50m_behind_ehrlund_r1_clean_double_shots_x_1wav|spas-12 12g solid slug|pole position production"
"Steyr_TMP_9mm_1m_right_CS3_clean_Double_shots_x_1.wav","Steyr TMP 9mm","Pole Position Production","http://www.sonniss.com/sound-effects/steyr-tmp-9mm/","/Sonniss - GDC 2016 - Game Audio Bundle/Pole Position Production - Steyr TMP 9mm/Steyr_TMP_9mm_1m_right_CS3_clean_Double_shots_x_1.wav","about|40|channels|with|distances|and|perspectives|ranging|from|0|to|75|meters|big|variation|of|microphones|recorders|firing|sequences|includes|single|shots|double|triple|bursts|etc|wild|foley|session|steyr_tmp_9mm_1m_right_cs3_clean_double_shots_x_1wav|steyr tmp 9mm|pole position production"
"Steyr_TMP_9mm_30m_in_front_off_axis_clean_Double_shots_x_1.wav","Steyr TMP 9mm","Pole Position Production","http://www.sonniss.com/sound-effects/steyr-tmp-9mm/","/Sonniss - GDC 2016 - Game Audio Bundle/Pole Position Production - Steyr TMP 9mm/Steyr_TMP_9mm_30m_in_front_off_axis_clean_Double_shots_x_1.wav","about|40|channels|with|distances|and|perspectives|ranging|from|0|to|75|meters|big|variation|of|microphones|recorders|firing|sequences|includes|single|shots|double|triple|bursts|etc|wild|foley|session|steyr_tmp_9mm_30m_in_front_off_axis_clean_double_shots_x_1wav|steyr tmp 9mm|pole position production"
"T-34_foley_cannon_height_adjustment.wav","T-34-85 Russian World War II Tank","Pole Position Production","http://www.sonniss.com/sound-effects/t-34-85-russian-world-war-ii-tank/","/Sonniss - GDC 2016 - Game Audio Bundle/Pole Position Production - T-34-85 Russian World War II Tank/T-34_foley_cannon_height_adjustment.wav","t3485|world|war|ii|russian|tank|cannon|height|adjustment|foley|ls11|t34_foley_cannon_height_adjustmentwav|t-34-85 russian world war ii tank|pole position production"
"T-34_t2_onboard_startup_driving_idle_int.wav","T-34-85 Russian World War II Tank","Pole Position Production","http://www.sonniss.com/sound-effects/t-34-85-russian-world-war-ii-tank/","/Sonniss - GDC 2016 - Game Audio Bundle/Pole Position Production - T-34-85 Russian World War II Tank/T-34_t2_onboard_startup_driving_idle_int.wav","t3485|world|war|ii|russian|tank|onboard|startup|driving|idle|interior|ls11|t34_t2_onboard_startup_driving_idle_intwav|t-34-85 russian world war ii tank|pole position production"
"T-34_t3_ext_low_speed_away_stopping_reversing_passby_approaching_stopping_main_2.wav","T-34-85 Russian World War II Tank","Pole Position Production","http://www.sonniss.com/sound-effects/t-34-85-russian-world-war-ii-tank/","/Sonniss - GDC 2016 - Game Audio Bundle/Pole Position Production - T-34-85 Russian World War II Tank/T-34_t3_ext_low_speed_away_stopping_reversing_passby_approaching_stopping_main_2.wav","t3485|world|war|ii|russian|tank|exterior|low|speed|away|stopping|reversing|passby|approaching|ls5|t34_t3_ext_low_speed_away_stopping_reversing_passby_approaching_stopping_main_2wav|t-34-85 russian world war ii tank|pole position production"
"snow_ambience_wind_strong_08_gusty.wav","The Snow & Ice Textures Library","Pole Position Production","http://www.sonniss.com/sound-effects/snow-ice-textures-library/","/Sonniss - GDC 2016 - Game Audio Bundle/Pole Position Production - The Snow & Ice Textures Library/snow_ambience_wind_strong_08_gusty.wav","snow|&|ice|ambience|wind|strong|08|gusty|sound|devices|702|schoeps|cmc6|wav|snow_ambience_wind_strong_08_gustywav|the snow & ice textures library|pole position production"
"snow_details_ski_drop_02.wav","The Snow & Ice Textures Library","Pole Position Production","http://www.sonniss.com/sound-effects/snow-ice-textures-library/","/Sonniss - GDC 2016 - Game Audio Bundle/Pole Position Production - The Snow & Ice Textures Library/snow_details_ski_drop_02.wav","snow|&|ice|foley|ski|drop|02|wav|snow_details_ski_drop_02wav|the snow & ice textures library|pole position production"
"snow_foley_walking_on_snow_02.wav","The Snow & Ice Textures Library","Pole Position Production","http://www.sonniss.com/sound-effects/snow-ice-textures-library/","/Sonniss - GDC 2016 - Game Audio Bundle/Pole Position Production - The Snow & Ice Textures Library/snow_foley_walking_on_snow_02.wav","snow|&|ice|foley|walking|on|snow|02|fr2|sennheiser|mkh8040|wav|snow_foley_walking_on_snow_02wav|the snow & ice textures library|pole position production"
"snow_skiing_rougher_slalom_groomed_runs_harder_surface_03_handheld.wav","The Snow & Ice Textures Library","Pole Position Production","http://www.sonniss.com/sound-effects/snow-ice-textures-library/","/Sonniss - GDC 2016 - Game Audio Bundle/Pole Position Production - The Snow & Ice Textures Library/snow_skiing_rougher_slalom_groomed_runs_harder_surface_03_handheld.wav","snow|&|ice|skiing|rougher|slalom|groomed|runs|harder|surface|03|sound|devices|702|handheld|wav|snow_skiing_rougher_slalom_groomed_runs_harder_surface_03_handheldwav|the snow & ice textures library|pole position production"
"USAS-12_12g_solid_slug_1m_right_CS3_clean_Double_shots_x_1.wav","USAS-12 12g solid slug","Pole Position Production","http://www.sonniss.com/sound-effects/usas-12-12g-solid-slug/","/Sonniss - GDC 2016 - Game Audio Bundle/Pole Position Production - USAS-12 12g solid slug/USAS-12_12g_solid_slug_1m_right_CS3_clean_Double_shots_x_1.wav","about|40|channels|with|distances|and|perspectives|ranging|from|0|to|55|meters|big|variation|of|microphones|recorders|firing|sequences|includes|single|shots|double|triple|etc|wild|foley|session|usas12_12g_solid_slug_1m_right_cs3_clean_double_shots_x_1wav|usas-12 12g solid slug|pole position production"
"USAS-12_12g_solid_slug_55m_in_front_off_axis_clean_Double_shots_x_1.wav","USAS-12 12g solid slug","Pole Position Production","http://www.sonniss.com/sound-effects/usas-12-12g-solid-slug/","/Sonniss - GDC 2016 - Game Audio Bundle/Pole Position Production - USAS-12 12g solid slug/USAS-12_12g_solid_slug_55m_in_front_off_axis_clean_Double_shots_x_1.wav","about|40|channels|with|distances|and|perspectives|ranging|from|0|to|55|meters|big|variation|of|microphones|recorders|firing|sequences|includes|single|shots|double|triple|etc|wild|foley|session|usas12_12g_solid_slug_55m_in_front_off_axis_clean_double_shots_x_1wav|usas-12 12g solid slug|pole position production"
"Uzi_9mm_1m_right_MKH8040_1_clean_Five_shots_x_1.wav","Uzi 9mm","Pole Position Production","http://www.sonniss.com/sound-effects/uzi-9mm/","/Sonniss - GDC 2016 - Game Audio Bundle/Pole Position Production - Uzi 9mm/Uzi_9mm_1m_right_MKH8040_1_clean_Five_shots_x_1.wav","about|40|channels|with|distances|and|perspectives|ranging|from|0|to|75|meters|big|variation|of|microphones|recorders|firing|sequences|includes|single|shots|double|triple|bursts|etc|wild|foley|session|uzi_9mm_1m_right_mkh8040_1_clean_five_shots_x_1wav|uzi 9mm|pole position production"
"Uzi_9mm_75m_behind_Ehrlund_R1_clean_Five_shots_x_1.wav","Uzi 9mm","Pole Position Production","http://www.sonniss.com/sound-effects/uzi-9mm/","/Sonniss - GDC 2016 - Game Audio Bundle/Pole Position Production - Uzi 9mm/Uzi_9mm_75m_behind_Ehrlund_R1_clean_Five_shots_x_1.wav","about|40|channels|with|distances|and|perspectives|ranging|from|0|to|75|meters|big|variation|of|microphones|recorders|firing|sequences|includes|single|shots|double|triple|bursts|etc|wild|foley|session|uzi_9mm_75m_behind_ehrlund_r1_clean_five_shots_x_1wav|uzi 9mm|pole position production"
"Heckler_&_Koch_G36C_5.56mm_foley_close_up_MKH60_mag_in_&_out.wav","Various Gun Foley & Handling","Pole Position Production","http://www.sonniss.com/sound-effects/gun-foley-handling/","/Sonniss - GDC 2016 - Game Audio Bundle/Pole Position Production - Various Gun Foley & Handling/Heckler_&_Koch_G36C_5.56mm_foley_close_up_MKH60_mag_in_&_out.wav","about|40|channels|with|distances|and|perspectives|ranging|from|0|to|55|meters|big|variation|of|microphones|recorders|firing|sequences|includes|single|shots|double|triple|bursts|etc|wild|foley|session|heckler_&_koch_g36c_556mm_foley_close_up_mkh60_mag_in_&_outwav|various gun foley & handling|pole position production"
"SAIGA-12_12g_solid_slug_foley_close_up_RSM191_R_cocking.wav","Various Gun Foley & Handling","Pole Position Production","http://www.sonniss.com/sound-effects/gun-foley-handling/","/Sonniss - GDC 2016 - Game Audio Bundle/Pole Position Production - Various Gun Foley & Handling/SAIGA-12_12g_solid_slug_foley_close_up_RSM191_R_cocking.wav","various|gun|handling|and|foley|saiga12_12g_solid_slug_foley_close_up_rsm191_r_cockingwav|various gun foley & handling|pole position production"
"Smith_&_Wesson_M29_.44_Magnum_foley_close_up_MKH416_cylinder_open_&_close.wav","Various Gun Foley & Handling","Pole Position Production","http://www.sonniss.com/sound-effects/gun-foley-handling/","/Sonniss - GDC 2016 - Game Audio Bundle/Pole Position Production - Various Gun Foley & Handling/Smith_&_Wesson_M29_.44_Magnum_foley_close_up_MKH416_cylinder_open_&_close.wav","various|gun|handling|and|foley|smith_&_wesson_m29_44_magnum_foley_close_up_mkh416_cylinder_open_&_closewav|various gun foley & handling|pole position production"
"Steyr_TMP_9mm_foley_distant_MKH418S_S_cocking_&_dry_fire.wav","Various Gun Foley & Handling","Pole Position Production","http://www.sonniss.com/sound-effects/gun-foley-handling/","/Sonniss - GDC 2016 - Game Audio Bundle/Pole Position Production - Various Gun Foley & Handling/Steyr_TMP_9mm_foley_distant_MKH418S_S_cocking_&_dry_fire.wav","various|gun|handling|and|foley|steyr_tmp_9mm_foley_distant_mkh418s_s_cocking_&_dry_firewav|various gun foley & handling|pole position production"
"Vz61_Scorpion_9mm_1.5m_behind_right_clean_Double_shots_x_1.wav","Vz61 Scorpion 9mm","Pole Position Production","http://www.sonniss.com/sound-effects/vz61-scorpion-9mm/","/Sonniss - GDC 2016 - Game Audio Bundle/Pole Position Production - Vz61 Scorpion 9mm/Vz61_Scorpion_9mm_1.5m_behind_right_clean_Double_shots_x_1.wav","about|40|channels|with|distances|and|perspectives|ranging|from|0|to|55|meters|big|variation|of|microphones|recorders|firing|sequences|includes|single|shots|double|triple|bursts|etc|wild|foley|session|vz61_scorpion_9mm_15m_behind_right_clean_double_shots_x_1wav|vz61 scorpion 9mm|pole position production"
"Vz61_Scorpion_9mm_50m_behind_Ehrlund_R1_clean_Double_shots_x_1.wav","Vz61 Scorpion 9mm","Pole Position Production","http://www.sonniss.com/sound-effects/vz61-scorpion-9mm/","/Sonniss - GDC 2016 - Game Audio Bundle/Pole Position Production - Vz61 Scorpion 9mm/Vz61_Scorpion_9mm_50m_behind_Ehrlund_R1_clean_Double_shots_x_1.wav","about|40|channels|with|distances|and|perspectives|ranging|from|0|to|55|meters|big|variation|of|microphones|recorders|firing|sequences|includes|single|shots|double|triple|bursts|etc|wild|foley|session|vz61_scorpion_9mm_50m_behind_ehrlund_r1_clean_double_shots_x_1wav|vz61 scorpion 9mm|pole position production"
"Glasses handle 03 NTG-2.wav","Bar Effects","Qbsound Studio","http://www.sonniss.com/sound-effects/bar-effects/","/Sonniss - GDC 2016 - Game Audio Bundle/Qbsound Studio - Bar Effects/Glasses handle 03 NTG-2.wav","glass|clink|clank|chink|drink|handling|glasses|handle|03|ntg2wav|bar effects|qbsound studio"
"Ice filling glass 01 NT1-A.wav","Bar Effects","Qbsound Studio","http://www.sonniss.com/sound-effects/bar-effects/","/Sonniss - GDC 2016 - Game Audio Bundle/Qbsound Studio - Bar Effects/Ice filling glass 01 NT1-A.wav","ice|fill|glass|clank|digging|throw|dropping|prepare|ice|filling|01|nt1awav|bar effects|qbsound studio"
"Soda Siphon-2 01 NTG-2.wav","Bar Effects","Qbsound Studio","http://www.sonniss.com/sound-effects/bar-effects/","/Sonniss - GDC 2016 - Game Audio Bundle/Qbsound Studio - Bar Effects/Soda Siphon-2 01 NTG-2.wav","siphon|liquid|pour|soda|shoot|sizzle|soda|siphon2|01|ntg2wav|bar effects|qbsound studio"
"Tin Cola Open 02 NT1-A.wav","Bar Effects","Qbsound Studio","http://www.sonniss.com/sound-effects/bar-effects/","/Sonniss - GDC 2016 - Game Audio Bundle/Qbsound Studio - Bar Effects/Tin Cola Open 02 NT1-A.wav","open|cap|sizzle|handling|clink|metal|can|tin|tin|cola|open|02|nt1awav|bar effects|qbsound studio"
"Cane Umbrella,Large,Pop Open,Button,Automatic,Spring Action,Unfold,04.wav","Automatic Umbrellas","Sergey Eybog","http://www.sonniss.com/sound-effects/automatic-umbrellas/","/Sonniss - GDC 2016 - Game Audio Bundle/Sergey Eybog - Automatic Umbrellas/Cane Umbrella,Large,Pop Open,Button,Automatic,Spring Action,Unfold,04.wav","cane|umbrella|large|pop|open|button|automatic|spring|action|unfold|04wav|automatic umbrellas|sergey eybog"
"Umbrella 1,Compact,Close,Slide,Fold,Snap,02.wav","Automatic Umbrellas","Sergey Eybog","http://www.sonniss.com/sound-effects/automatic-umbrellas/","/Sonniss - GDC 2016 - Game Audio Bundle/Sergey Eybog - Automatic Umbrellas/Umbrella 1,Compact,Close,Slide,Fold,Snap,02.wav","umbrella|1|compact|close|slide|fold|snap|02wav|automatic umbrellas|sergey eybog"
"Umbrella 2,Compact,Close,Slide,Fold,Snap,04.wav","Automatic Umbrellas","Sergey Eybog","http://www.sonniss.com/sound-effects/automatic-umbrellas/","/Sonniss - GDC 2016 - Game Audio Bundle/Sergey Eybog - Automatic Umbrellas/Umbrella 2,Compact,Close,Slide,Fold,Snap,04.wav","umbrella|2|compact|close|slide|fold|snap|04wav|automatic umbrellas|sergey eybog"
"Umbrella 2,Compact,Movement,Fabric,Cleaning,Shake Out,05.wav","Automatic Umbrellas","Sergey Eybog","http://www.sonniss.com/sound-effects/automatic-umbrellas/","/Sonniss - GDC 2016 - Game Audio Bundle/Sergey Eybog - Automatic Umbrellas/Umbrella 2,Compact,Movement,Fabric,Cleaning,Shake Out,05.wav","umbrella|2|compact|movement|fabric|cleaning|shake|out|05wav|automatic umbrellas|sergey eybog"
"Walkie Talkie,AEG Voxtel,Power On,Power Off,Beeps,Series.wav","Handheld Tranceivers","Sergey Eybog","http://www.sonniss.com/sound-effects/handheld-tranceivers/","/Sonniss - GDC 2016 - Game Audio Bundle/Sergey Eybog - Handheld Tranceivers/Walkie Talkie,AEG Voxtel,Power On,Power Off,Beeps,Series.wav","walkie|talkie|aeg|voxtel|power|on|off|beeps|serieswav|handheld tranceivers|sergey eybog"
"Walkie Talkie,Cobra MicroTalk,Radio Communication,End,Noise Squelch,Beep,Series.wav","Handheld Tranceivers","Sergey Eybog","http://www.sonniss.com/sound-effects/handheld-tranceivers/","/Sonniss - GDC 2016 - Game Audio Bundle/Sergey Eybog - Handheld Tranceivers/Walkie Talkie,Cobra MicroTalk,Radio Communication,End,Noise Squelch,Beep,Series.wav","walkie|talkie|cobra|microtalk|radio|communication|end|noise|squelch|beep|serieswav|handheld tranceivers|sergey eybog"
"Walkie Talkie,Cobra MicroTalk,Radio Communication,Static,No Speech,03.wav","Handheld Tranceivers","Sergey Eybog","http://www.sonniss.com/sound-effects/handheld-tranceivers/","/Sonniss - GDC 2016 - Game Audio Bundle/Sergey Eybog - Handheld Tranceivers/Walkie Talkie,Cobra MicroTalk,Radio Communication,Static,No Speech,03.wav","walkie|talkie|cobra|microtalk|radio|communication|static|no|speech|03wav|handheld tranceivers|sergey eybog"
"Walkie Talkie,Kenwood TK-3107 FM,Radio Communication,No Speech,Static,Feedback Squelch,Manipulations.wav","Handheld Tranceivers","Sergey Eybog","http://www.sonniss.com/sound-effects/handheld-tranceivers/","/Sonniss - GDC 2016 - Game Audio Bundle/Sergey Eybog - Handheld Tranceivers/Walkie Talkie,Kenwood TK-3107 FM,Radio Communication,No Speech,Static,Feedback Squelch,Manipulations.wav","walkie|talkie|kenwood|tk3107|fm|radio|communication|no|speech|static|feedback|squelch|manipulationswav|handheld tranceivers|sergey eybog"
"SW001_8-Bit-Games-017_Explosion.wav","8-BIT GAMES","ShapingWaves","http://www.sonniss.com/sound-effects/8-bit-games/","/Sonniss - GDC 2016 - Game Audio Bundle/ShapingWaves -  8-BIT GAMES/SW001_8-Bit-Games-017_Explosion.wav","retro|8bit|game|lofi|explosion|sw001_8bitgames017_explosionwav|8-bit games|shapingwaves"
"SW001_8-Bit-Games-163_Pickup_Coin.wav","8-BIT GAMES","ShapingWaves","http://www.sonniss.com/sound-effects/8-bit-games/","/Sonniss - GDC 2016 - Game Audio Bundle/ShapingWaves -  8-BIT GAMES/SW001_8-Bit-Games-163_Pickup_Coin.wav","retro|8bit|game|lofi|pickup|coin|sw001_8bitgames163_pickup_coinwav|8-bit games|shapingwaves"
"SW004_Ambience_Airplane_Onboard_Boeing_752_Flight_UA125_EWR-TXL_Mid-Flight_Engine.wav","AIR TRAVEL","ShapingWaves","http://www.sonniss.com/sound-effects/air-travel/","/Sonniss - GDC 2016 - Game Audio Bundle/ShapingWaves -  AIR TRAVEL/SW004_Ambience_Airplane_Onboard_Boeing_752_Flight_UA125_EWR-TXL_Mid-Flight_Engine.wav","on|board|midflight|seated|engines|running|constant|ac|distant|voices|sw004_ambience_airplane_onboard_boeing_752_flight_ua125_ewrtxl_midflight_enginewav|air travel|shapingwaves"
"SW004_Ambience_Airport_Newark_International_Customs_Waiting_Line.wav","AIR TRAVEL","ShapingWaves","http://www.sonniss.com/sound-effects/air-travel/","/Sonniss - GDC 2016 - Game Audio Bundle/ShapingWaves -  AIR TRAVEL/SW004_Ambience_Airport_Newark_International_Customs_Waiting_Line.wav","ambience|in|customs|area|recorded|from|a|distance|with|announcements|buzzing|of|scanners|security|sw004_ambience_airport_newark_international_customs_waiting_linewav|air travel|shapingwaves"
"SW011_Alarms_construction-kit-element_081.wav","ALARMS","ShapingWaves","http://www.sonniss.com/sound-effects/alarms/","/Sonniss - GDC 2016 - Game Audio Bundle/ShapingWaves -  ALARMS/SW011_Alarms_construction-kit-element_081.wav","construction|kit|loopable|alarm|sound|element|sw011_alarms_constructionkitelement_081wav|alarms|shapingwaves"
"SW011_Alarms_Siren_High-Pitch_Constant-Tone_High-Rate_8.wav","ALARMS","ShapingWaves","http://www.sonniss.com/sound-effects/alarms/","/Sonniss - GDC 2016 - Game Audio Bundle/ShapingWaves -  ALARMS/SW011_Alarms_Siren_High-Pitch_Constant-Tone_High-Rate_8.wav","siren|simple|high|pitch|constant|tone|rate|pitch|modulation|upwards|sw011_alarms_siren_highpitch_constanttone_highrate_8wav|alarms|shapingwaves"
"SW013_Athens_Rooftop_Ambience_1AM_Night_TLM103.wav","Athens Rooftop","ShapingWaves","http://www.sonniss.com/sound-effects/athens-rooftop/","/Sonniss - GDC 2016 - Game Audio Bundle/ShapingWaves -  Athens Rooftop/SW013_Athens_Rooftop_Ambience_1AM_Night_TLM103.wav","city|ambience|recorded|at|around|noon|with|distant|car|alarm|construction|very|traffic|occasional|voices|captured|a|sound|devices|633|recorder|and|pair|of|neumann|tlm|103|microphones|in|ortf|configuration|location|a|third|floor|roof|sw013_athens_rooftop_ambience_1am_night_tlm103wav|athens rooftop|shapingwaves"
"SW009_Berlin_Balcony_Traffic_3PM_Street_Afternoon_Sunny_TLM_103.wav","BERLIN BALCONY","ShapingWaves","http://www.sonniss.com/sound-effects/berlin-balcony/","/Sonniss - GDC 2016 - Game Audio Bundle/ShapingWaves -  BERLIN BALCONY/SW009_Berlin_Balcony_Traffic_3PM_Street_Afternoon_Sunny_TLM_103.wav","busy|traffic|ambience|recorded|at|3pm|with|loud|and|dense|including|cars|tram|cyclists|pedestrians|captured|a|pair|of|neumann|tlm|103|microphones|in|ab|configuration|location|a|third|floor|balcony|above|multilane|street|bornholmer|sw009_berlin_balcony_traffic_3pm_street_afternoon_sunny_tlm_103wav|berlin balcony|shapingwaves"
"SW007_Circuits_006_Electric_Hum_Buzz_Beeps.wav","CIRCUITS","ShapingWaves","http://www.sonniss.com/sound-effects/circuits/","/Sonniss - GDC 2016 - Game Audio Bundle/ShapingWaves -  CIRCUITS/SW007_Circuits_006_Electric_Hum_Buzz_Beeps.wav","buzzy|and|noisy|humming|sw007_circuits_006_electric_hum_buzz_beepswav|circuits|shapingwaves"
"SW007_Circuits_009_Electric_Hum_Buzz_Noisy.wav","CIRCUITS","ShapingWaves","http://www.sonniss.com/sound-effects/circuits/","/Sonniss - GDC 2016 - Game Audio Bundle/ShapingWaves -  CIRCUITS/SW007_Circuits_009_Electric_Hum_Buzz_Noisy.wav","buzzing|and|humming|sound|of|electricity|with|medium|frequency|hum|high|noise|sw007_circuits_009_electric_hum_buzz_noisywav|circuits|shapingwaves"
"SW012_Letterpress_Heidelberger_Tiegel_Start_Idle_Run_MKH8040_ORTF_1m_Front_Perspective_Narrow_Slow_Pneumatic.wav","LETTERPRESS","ShapingWaves","http://www.sonniss.com/sound-effects/letterpress/","/Sonniss - GDC 2016 - Game Audio Bundle/ShapingWaves -  LETTERPRESS/SW012_Letterpress_Heidelberger_Tiegel_Start_Idle_Run_MKH8040_ORTF_1m_Front_Perspective_Narrow_Slow_Pneumatic.wav","letterpress|"heidelberger|tiegel"|(1969)|idlerunstop|sw012_letterpress_heidelberger_tiegel_start_idle_run_mkh8040_ortf_1m_front_perspective_narrow_slow_pneumaticwav|letterpress|shapingwaves"
"SW012_Letterpress_Pedal_Boston_Tiegel_Manual_Movement_MKH8040_ORTF_1m_Side_Perspective.wav","LETTERPRESS","ShapingWaves","http://www.sonniss.com/sound-effects/letterpress/","/Sonniss - GDC 2016 - Game Audio Bundle/ShapingWaves -  LETTERPRESS/SW012_Letterpress_Pedal_Boston_Tiegel_Manual_Movement_MKH8040_ORTF_1m_Side_Perspective.wav","letterpress|"pedal|boston|tiegel"|(1902)|idlerunstop|sw012_letterpress_pedal_boston_tiegel_manual_movement_mkh8040_ortf_1m_side_perspectivewav|letterpress|shapingwaves"
"SW010_New_York_City_Room_Tone_Lower_Eastside_Window.WAV","NEW YORK","ShapingWaves","http://www.sonniss.com/sound-effects/new-york/","/Sonniss - GDC 2016 - Game Audio Bundle/ShapingWaves -  NEW YORK/SW010_New_York_City_Room_Tone_Lower_Eastside_Window.WAV","afternoon|roomtone|in|lower|eastside|appartment|next|to|window|loud|traffic|ac|running|sw010_new_york_city_room_tone_lower_eastside_windowwav|new york|shapingwaves"
"SW010_New_York_Upstate_Night_Backyard_Kingston.WAV","NEW YORK","ShapingWaves","http://www.sonniss.com/sound-effects/new-york/","/Sonniss - GDC 2016 - Game Audio Bundle/ShapingWaves -  NEW YORK/SW010_New_York_Upstate_Night_Backyard_Kingston.WAV","calm|night|in|private|backyard|kingston|upstate|new|york|distant|cars|passing|cicadas|the|background|sw010_new_york_upstate_night_backyard_kingstonwav|new york|shapingwaves"
"SW005_Planets_08_Imaginary_field_recording_made_on_a_distant_planet_buzzing_entrance_of_cave.wav","PLANETS","ShapingWaves","http://www.sonniss.com/sound-effects/planets/","/Sonniss - GDC 2016 - Game Audio Bundle/ShapingWaves -  PLANETS/SW005_Planets_08_Imaginary_field_recording_made_on_a_distant_planet_buzzing_entrance_of_cave.wav","imaginary|field|recording|made|on|a|distant|planet|buzzing|entrance|of|cave|sw005_planets_08_imaginary_field_recording_made_on_a_distant_planet_buzzing_entrance_of_cavewav|planets|shapingwaves"
"SW005_Planets_16_Imaginary_field_recording_made_on_a_distant_planet_distant_perspective_watery_sounds_low_frequency_eruptions.wav","PLANETS","ShapingWaves","http://www.sonniss.com/sound-effects/planets/","/Sonniss - GDC 2016 - Game Audio Bundle/ShapingWaves -  PLANETS/SW005_Planets_16_Imaginary_field_recording_made_on_a_distant_planet_distant_perspective_watery_sounds_low_frequency_eruptions.wav","imaginary|field|recording|made|on|a|distant|planet|perspective|watery|sounds|low|frequency|eruptions|sw005_planets_16_imaginary_field_recording_made_on_a_distant_planet_distant_perspective_watery_sounds_low_frequency_eruptionswav|planets|shapingwaves"
"SW006_Quadcopter_engine_right_constant_coilmic.wav","QUADCOPTER","ShapingWaves","http://www.sonniss.com/sound-effects/quadcopter/","/Sonniss - GDC 2016 - Game Audio Bundle/ShapingWaves -  QUADCOPTER/SW006_Quadcopter_engine_right_constant_coilmic.wav","dji|phantom|2|quadcopter|drone|engine|closeup|right|constant|coilmic|sw006_quadcopter_engine_right_constant_coilmicwav|quadcopter|shapingwaves"
"SW006_Quadcopter_engine_right_turn_constant_mkh8040.wav","QUADCOPTER","ShapingWaves","http://www.sonniss.com/sound-effects/quadcopter/","/Sonniss - GDC 2016 - Game Audio Bundle/ShapingWaves -  QUADCOPTER/SW006_Quadcopter_engine_right_turn_constant_mkh8040.wav","dji|phantom|2|quadcopter|drone|engine|closeup|right|turn|constant|mkh|8040|sw006_quadcopter_engine_right_turn_constant_mkh8040wav|quadcopter|shapingwaves"
"SW003_Robot_Voices_Creature_24_Robot_Speaking_Talking_Gibberish_Babbling_Low_Register_Constant_Pitch.wav","ROBOT VOICES","ShapingWaves","http://www.sonniss.com/sound-effects/robot-voices/","/Sonniss - GDC 2016 - Game Audio Bundle/ShapingWaves -  ROBOT VOICES/SW003_Robot_Voices_Creature_24_Robot_Speaking_Talking_Gibberish_Babbling_Low_Register_Constant_Pitch.wav","robot|speaking|talking|gibberish|babbling|low|register|constant|pitch|sw003_robot_voices_creature_24_robot_speaking_talking_gibberish_babbling_low_register_constant_pitchwav|robot voices|shapingwaves"
"SW003_Robot_Voices_Creature_36_Robot_Speaking_Talking_Gibberish_Babbling_Medium_Register_Cute_Constant_Pitch.wav","ROBOT VOICES","ShapingWaves","http://www.sonniss.com/sound-effects/robot-voices/","/Sonniss - GDC 2016 - Game Audio Bundle/ShapingWaves -  ROBOT VOICES/SW003_Robot_Voices_Creature_36_Robot_Speaking_Talking_Gibberish_Babbling_Medium_Register_Cute_Constant_Pitch.wav","robot|speaking|talking|gibberish|babbling|medium|register|cute|constant|pitch|sw003_robot_voices_creature_36_robot_speaking_talking_gibberish_babbling_medium_register_cute_constant_pitchwav|robot voices|shapingwaves"
"SW002_Stethoscope_Chest_Heart_Heartbeat_Blood_Flow_A.wav","STETHOSCOPE","ShapingWaves","http://www.sonniss.com/sound-effects/stethoscope/","/Sonniss - GDC 2016 - Game Audio Bundle/ShapingWaves -  STETHOSCOPE/SW002_Stethoscope_Chest_Heart_Heartbeat_Blood_Flow_A.wav","isolated|beating|sounds|of|the|human|heart|recorded|by|placing|a|stethoscope|on|lower|chest|sw002_stethoscope_chest_heart_heartbeat_blood_flow_awav|stethoscope|shapingwaves"
"SW002_Stethoscope_Chest_Lungs_Breathing_Slow_Low.wav","STETHOSCOPE","ShapingWaves","http://www.sonniss.com/sound-effects/stethoscope/","/Sonniss - GDC 2016 - Game Audio Bundle/ShapingWaves -  STETHOSCOPE/SW002_Stethoscope_Chest_Lungs_Breathing_Slow_Low.wav","slow|breathing|sounds|of|the|human|lungs|recorded|by|placing|a|stethoscope|on|upper|chest|sw002_stethoscope_chest_lungs_breathing_slow_lowwav|stethoscope|shapingwaves"
"SW008_Wendland_Autumn_Open_Field_Big_Goose_Swarm_Passing_Overhead_Light_Wind.wav","WENDLAND AUTUMN","ShapingWaves","http://www.sonniss.com/sound-effects/wendland-autumn/","/Sonniss - GDC 2016 - Game Audio Bundle/ShapingWaves -  WENDLAND AUTUMN/SW008_Wendland_Autumn_Open_Field_Big_Goose_Swarm_Passing_Overhead_Light_Wind.wav","open|field|ambience|swarm|of|goose|getting|closer|and|passing|closeup|overhead|afternoon|with|distant|traffic|recorded|in|the|wendland|region|germany|autumn|sw008_wendland_autumn_open_field_big_goose_swarm_passing_overhead_light_windwav|wendland autumn|shapingwaves"
"SW008_Wendland_Autumn_Wind_Storm_Inside_Undergrowth_Bush.wav","WENDLAND AUTUMN","ShapingWaves","http://www.sonniss.com/sound-effects/wendland-autumn/","/Sonniss - GDC 2016 - Game Audio Bundle/ShapingWaves -  WENDLAND AUTUMN/SW008_Wendland_Autumn_Wind_Storm_Inside_Undergrowth_Bush.wav","wind|ambience|inside|bushes|howling|resonance|stormy|wind|with|closeup|leaves|and|reeds|rustling|low|rumbling|recorded|in|the|wendland|region|of|germany|autumn|sw008_wendland_autumn_wind_storm_inside_undergrowth_bushwav|wendland autumn|shapingwaves"
"SW015_Piping_Systems_Sewage_Plant_Indoor_Hall_Water_Flow_Slow_Rotating_Pumps_Constant.wav","PIPING SYSTEMS","ShapingWaves","http://www.sonniss.com/sound-effects/piping-systems/","/Sonniss - GDC 2016 - Game Audio Bundle/ShapingWaves - PIPING SYSTEMS/SW015_Piping_Systems_Sewage_Plant_Indoor_Hall_Water_Flow_Slow_Rotating_Pumps_Constant.wav","sewage|plant|indoor|hall|ambience|constant|closeup|water|flow|next|to|rotating|pump|repeating|sound|in|underground|processing|areas|mkh|8040|ortf|sw015_piping_systems_sewage_plant_indoor_hall_water_flow_slow_rotating_pumps_constantwav|piping systems|shapingwaves"
"SW015_Piping_Systems_Waterworks_Tunnel_Surface_Water_Flow_Contact_Mic.wav","PIPING SYSTEMS","ShapingWaves","http://www.sonniss.com/sound-effects/piping-systems/","/Sonniss - GDC 2016 - Game Audio Bundle/ShapingWaves - PIPING SYSTEMS/SW015_Piping_Systems_Waterworks_Tunnel_Surface_Water_Flow_Contact_Mic.wav","waterworks|sound|effect|vertical|water|tunnel|continuous|sound|of|downward|stream|recorded|with|2|x|barcus|berry|4000|system|contact|mic|sw015_piping_systems_waterworks_tunnel_surface_water_flow_contact_micwav|piping systems|shapingwaves"
"China, Exterior, Atmosphere, Birds, Trees, No Traffic.wav","Worldwide Ambience","Shutter Sound","http://www.sonniss.com/sound-effects/worldwide-ambience/","/Sonniss - GDC 2016 - Game Audio Bundle/Shutter Sound - Worldwide Ambience/China, Exterior, Atmosphere, Birds, Trees, No Traffic.wav","china|exterior|atmosphere|birds|trees|no|trafficwav|worldwide ambience|shutter sound"
"Malaysia, Exterior, Atmosphere, Cave in Niah, Waterfall, Bats, Swiftlets.wav","Worldwide Ambience","Shutter Sound","http://www.sonniss.com/sound-effects/worldwide-ambience/","/Sonniss - GDC 2016 - Game Audio Bundle/Shutter Sound - Worldwide Ambience/Malaysia, Exterior, Atmosphere, Cave in Niah, Waterfall, Bats, Swiftlets.wav","malaysia|exterior|atmosphere|cave|in|niah|waterfall|bats|swiftletswav|worldwide ambience|shutter sound"
"Mongolia, Exterior, Atmosphere, Camp, Fire, Chatting, Quiet.wav","Worldwide Ambience","Shutter Sound","http://www.sonniss.com/sound-effects/worldwide-ambience/","/Sonniss - GDC 2016 - Game Audio Bundle/Shutter Sound - Worldwide Ambience/Mongolia, Exterior, Atmosphere, Camp, Fire, Chatting, Quiet.wav","mongolia|exterior|atmosphere|camp|fire|chatting|quietwav|worldwide ambience|shutter sound"
"South Pacific, Exterior, Atmosphere, Desert Island sea wash light, distant crickets.wav","Worldwide Ambience","Shutter Sound","http://www.sonniss.com/sound-effects/worldwide-ambience/","/Sonniss - GDC 2016 - Game Audio Bundle/Shutter Sound - Worldwide Ambience/South Pacific, Exterior, Atmosphere, Desert Island sea wash light, distant crickets.wav","south|pacific|exterior|atmosphere|desert|island|sea|wash|light|distant|cricketswav|worldwide ambience|shutter sound"
"SON_The_Rustle_004 - Grass Rustling Heavy.wav","The Rustle","Sonocaine","http://www.sonniss.com/sound-effects/rustle/","/Sonniss - GDC 2016 - Game Audio Bundle/Sonocaine - The Rustle/SON_The_Rustle_004 - Grass Rustling Heavy.wav","grass|rustling|heavy|son_the_rustle_004|heavywav|the rustle|sonocaine"
"SON_The_Rustle_018 - Bundle Of Large Dry Bamboo Leaves Shaken.wav","The Rustle","Sonocaine","http://www.sonniss.com/sound-effects/rustle/","/Sonniss - GDC 2016 - Game Audio Bundle/Sonocaine - The Rustle/SON_The_Rustle_018 - Bundle Of Large Dry Bamboo Leaves Shaken.wav","bundle|of|large|dry|bamboo|leaves|shaken|son_the_rustle_018|shakenwav|the rustle|sonocaine"
"SON_The_Rustle_030 - Large Thick Hedge Leaves Slapped Against Each Other.wav","The Rustle","Sonocaine","http://www.sonniss.com/sound-effects/rustle/","/Sonniss - GDC 2016 - Game Audio Bundle/Sonocaine - The Rustle/SON_The_Rustle_030 - Large Thick Hedge Leaves Slapped Against Each Other.wav","large|thick|hedge|leaves|slapped|against|each|other|son_the_rustle_030|otherwav|the rustle|sonocaine"
"SON_The_Rustle_054 - Bamboo Field In Wind.wav","The Rustle","Sonocaine","http://www.sonniss.com/sound-effects/rustle/","/Sonniss - GDC 2016 - Game Audio Bundle/Sonocaine - The Rustle/SON_The_Rustle_054 - Bamboo Field In Wind.wav","bamboo|field|in|wind|son_the_rustle_054|windwav|the rustle|sonocaine"
"Cow moo, variety of versions, barn ambience 01.wav","Animal Farm","Sound Ex Machina","http://www.sonniss.com/sound-effects/animal-farm/","/Sonniss - GDC 2016 - Game Audio Bundle/Sound Ex Machina -  Animal Farm/Cow moo, variety of versions, barn ambience 01.wav","cow|moo|variety|of|versions|barn|ambience|01wav|animal farm|sound ex machina"
"Gooses honking and moving around the yard.wav","Animal Farm","Sound Ex Machina","http://www.sonniss.com/sound-effects/animal-farm/","/Sonniss - GDC 2016 - Game Audio Bundle/Sound Ex Machina -  Animal Farm/Gooses honking and moving around the yard.wav","gooses|honking|and|moving|around|the|yardwav|animal farm|sound ex machina"
"Rural background, birdsong, cuckoos, loop.wav","Animal Farm","Sound Ex Machina","http://www.sonniss.com/sound-effects/animal-farm/","/Sonniss - GDC 2016 - Game Audio Bundle/Sound Ex Machina -  Animal Farm/Rural background, birdsong, cuckoos, loop.wav","rural|background|birdsong|cuckoos|loopwav|animal farm|sound ex machina"
"Tracktor on the fields small distance.wav","Animal Farm","Sound Ex Machina","http://www.sonniss.com/sound-effects/animal-farm/","/Sonniss - GDC 2016 - Game Audio Bundle/Sound Ex Machina -  Animal Farm/Tracktor on the fields small distance.wav","tracktor|on|the|fields|small|distancewav|animal farm|sound ex machina"
"Istanbul, Call to prayers, Muezzin priesching, Taksim Square, City ambience.wav","SOUNDS OF ISTANBUL","Sound Ex Machina","http://www.sonniss.com/sound-effects/sounds-istanbul/","/Sonniss - GDC 2016 - Game Audio Bundle/Sound Ex Machina - SOUNDS OF ISTANBUL/Istanbul, Call to prayers, Muezzin priesching, Taksim Square, City ambience.wav","istanbul|call|to|prayers|muezzin|priesching|taksim|square|city|ambiencewav|sounds of istanbul|sound ex machina"
"Istanbul, Egyptian bazaar, spices market, Crowd, voices, Interior ambience (short).wav","SOUNDS OF ISTANBUL","Sound Ex Machina","http://www.sonniss.com/sound-effects/sounds-istanbul/","/Sonniss - GDC 2016 - Game Audio Bundle/Sound Ex Machina - SOUNDS OF ISTANBUL/Istanbul, Egyptian bazaar, spices market, Crowd, voices, Interior ambience (short).wav","istanbul|egyptian|bazaar|spices|market|crowd|voices|interior|ambience|(short)wav|sounds of istanbul|sound ex machina"
"Istanbul, Traffic, City ambience, Car horns, Taxi station.wav","SOUNDS OF ISTANBUL","Sound Ex Machina","http://www.sonniss.com/sound-effects/sounds-istanbul/","/Sonniss - GDC 2016 - Game Audio Bundle/Sound Ex Machina - SOUNDS OF ISTANBUL/Istanbul, Traffic, City ambience, Car horns, Taxi station.wav","istanbul|traffic|city|ambience|car|horns|taxi|stationwav|sounds of istanbul|sound ex machina"
"Taksim Square, Traffic, Fire truck and police sirens, Tram, Crowd atmosphere, Turkish voices.wav","SOUNDS OF ISTANBUL","Sound Ex Machina","http://www.sonniss.com/sound-effects/sounds-istanbul/","/Sonniss - GDC 2016 - Game Audio Bundle/Sound Ex Machina - SOUNDS OF ISTANBUL/Taksim Square, Traffic, Fire truck and police sirens, Tram, Crowd atmosphere, Turkish voices.wav","taksim|square|traffic|fire|truck|and|police|sirens|tram|crowd|atmosphere|turkish|voiceswav|sounds of istanbul|sound ex machina"
"SF_sdb__ROBOT_electronic_01.wav","The Sci-Fi Book","Soundbankster","http://www.sonniss.com/sound-effects/the-sci-fi-book/","/Sonniss - GDC 2016 - Game Audio Bundle/Soundbankster - The Sci-Fi Book/SF_sdb__ROBOT_electronic_01.wav","robot|activity|sf_sdb__robot_electronic_01wav|the sci-fi book|soundbankster"
"SF_sdb__SPACECRAFT_landing_01.wav","The Sci-Fi Book","Soundbankster","http://www.sonniss.com/sound-effects/the-sci-fi-book/","/Sonniss - GDC 2016 - Game Audio Bundle/Soundbankster - The Sci-Fi Book/SF_sdb__SPACECRAFT_landing_01.wav","spacecraft|reactor|dark|sub|sf_sdb__spacecraft_landing_01wav|the sci-fi book|soundbankster"
"SF_sdb_ATMO_10_sci_fi_big_spaceship.wav","The Sci-Fi Book","Soundbankster","http://www.sonniss.com/sound-effects/the-sci-fi-book/","/Sonniss - GDC 2016 - Game Audio Bundle/Soundbankster - The Sci-Fi Book/SF_sdb_ATMO_10_sci_fi_big_spaceship.wav","sci|fi|low|drone|long|low|rumbling|ramp|noises|atmosphere|with|magnetic|stereo|fields|sf_sdb_atmo_10_sci_fi_big_spaceshipwav|the sci-fi book|soundbankster"
"SF_sdb_WHOOSH_15_space_vehicle.wav","The Sci-Fi Book","Soundbankster","http://www.sonniss.com/sound-effects/the-sci-fi-book/","/Sonniss - GDC 2016 - Game Audio Bundle/Soundbankster - The Sci-Fi Book/SF_sdb_WHOOSH_15_space_vehicle.wav","whoosh|robot|vehicle|sf_sdb_whoosh_15_space_vehiclewav|the sci-fi book|soundbankster"
"CHT2_Cinematic_Hit_096.wav","Cinematic Hits & Transitions 2","SoundBits","http://www.sonniss.com/sound-effects/cinematic-hits-transitions-2/","/Sonniss - GDC 2016 - Game Audio Bundle/SoundBits -  Cinematic Hits & Transitions 2/CHT2_Cinematic_Hit_096.wav","cinematic|trailer|epic|hit|impact|tension|synth|metal|cht2_cinematic_hit_096wav|cinematic hits & transitions 2|soundbits"
"CHT2_Cinematic_Hit_214.wav","Cinematic Hits & Transitions 2","SoundBits","http://www.sonniss.com/sound-effects/cinematic-hits-transitions-2/","/Sonniss - GDC 2016 - Game Audio Bundle/SoundBits -  Cinematic Hits & Transitions 2/CHT2_Cinematic_Hit_214.wav","cinematic|trailer|epic|hit|impact|tension|distorted|hollow|horror|cht2_cinematic_hit_214wav|cinematic hits & transitions 2|soundbits"
"CHT2_Cinematic_Transition_019.wav","Cinematic Hits & Transitions 2","SoundBits","http://www.sonniss.com/sound-effects/cinematic-hits-transitions-2/","/Sonniss - GDC 2016 - Game Audio Bundle/SoundBits -  Cinematic Hits & Transitions 2/CHT2_Cinematic_Transition_019.wav","cinematic|trailer|epic|transition|motion|tension|suspense|horror|scifi|distorted|cht2_cinematic_transition_019wav|cinematic hits & transitions 2|soundbits"
"CHT2_Cinematic_Transition_105.wav","Cinematic Hits & Transitions 2","SoundBits","http://www.sonniss.com/sound-effects/cinematic-hits-transitions-2/","/Sonniss - GDC 2016 - Game Audio Bundle/SoundBits -  Cinematic Hits & Transitions 2/CHT2_Cinematic_Transition_105.wav","cinematic|trailer|epic|transition|motion|tension|suspense|horror|cht2_cinematic_transition_105wav|cinematic hits & transitions 2|soundbits"
"JustAmbience_ConstructionSite_21.wav","Just Ambience | Construction Sites","SoundBits","http://www.sonniss.com/sound-effects/ambience-construction-sites/","/Sonniss - GDC 2016 - Game Audio Bundle/SoundBits -  Just Ambience _ Construction Sites/JustAmbience_ConstructionSite_21.wav","ambience|exterior|construction|site|engine|sounds|percussion|drill|workers|talking|hammering|buzzsaw|justambience_constructionsite_21wav|just ambience | construction sites|soundbits"
"JustAmbience_ConstructionSite_28.wav","Just Ambience | Construction Sites","SoundBits","http://www.sonniss.com/sound-effects/ambience-construction-sites/","/Sonniss - GDC 2016 - Game Audio Bundle/SoundBits -  Just Ambience _ Construction Sites/JustAmbience_ConstructionSite_28.wav","ambience|exterior|construction|site|seamless|loop|crawler|excavator|digging|stone|close|workers|talking|justambience_constructionsite_28wav|just ambience | construction sites|soundbits"
"JustAmbience_ConstructionSite_48.wav","Just Ambience | Construction Sites","SoundBits","http://www.sonniss.com/sound-effects/ambience-construction-sites/","/Sonniss - GDC 2016 - Game Audio Bundle/SoundBits -  Just Ambience _ Construction Sites/JustAmbience_ConstructionSite_48.wav","ambience|exterior|construction|site|cars|passing|by|worker|whislting|and|yealling|enigne|noise|crawling|excavator|justambience_constructionsite_48wav|just ambience | construction sites|soundbits"
"JustAmbience_ConstructionSite_50.wav","Just Ambience | Construction Sites","SoundBits","http://www.sonniss.com/sound-effects/ambience-construction-sites/","/Sonniss - GDC 2016 - Game Audio Bundle/SoundBits -  Just Ambience _ Construction Sites/JustAmbience_ConstructionSite_50.wav","ambience|exterior|construction|site|buzzsaw|or|angle|grinder|metal|hammering|justambience_constructionsite_50wav|just ambience | construction sites|soundbits"
"Blood-Squeeze_Drip_045.wav","Just Gore | Add On","SoundBits","http://www.sonniss.com/sound-effects/gore-add/","/Sonniss - GDC 2016 - Game Audio Bundle/SoundBits -  Just Gore _ Add On/Blood-Squeeze_Drip_045.wav","blood|dripping|on|cloth|carpet|or|floor|gore|bloodsqueeze_drip_045wav|just gore | add on|soundbits"
"Crunch_Rip_024.wav","Just Gore | Add On","SoundBits","http://www.sonniss.com/sound-effects/gore-add/","/Sonniss - GDC 2016 - Game Audio Bundle/SoundBits -  Just Gore _ Add On/Crunch_Rip_024.wav","bones|gore|crunch|break|bite|ripping|dismembering|crunch_rip_024wav|just gore | add on|soundbits"
"Splatter_Splat_153.wav","Just Gore | Add On","SoundBits","http://www.sonniss.com/sound-effects/gore-add/","/Sonniss - GDC 2016 - Game Audio Bundle/SoundBits -  Just Gore _ Add On/Splatter_Splat_153.wav","flesh|splat|splatter|blood|gore|guts|hit|eating|splatter_splat_153wav|just gore | add on|soundbits"
"Stab_Punch_Hit_136.wav","Just Gore | Add On","SoundBits","http://www.sonniss.com/sound-effects/gore-add/","/Sonniss - GDC 2016 - Game Audio Bundle/SoundBits -  Just Gore _ Add On/Stab_Punch_Hit_136.wav","hit|gore|kill|skull|smash|bloody|stabbing|strike|splat|stab_punch_hit_136wav|just gore | add on|soundbits"
"Swoosh_Rope_Whip_075.wav","Just Whoosh 3 | Whoosh Essentials","SoundBits","http://www.sonniss.com/sound-effects/whoosh-3-whoosh-essentials/","/Sonniss - GDC 2016 - Game Audio Bundle/SoundBits -  Just Whoosh 3 _ Whoosh Essentials/Swoosh_Rope_Whip_075.wav","whoosh|swoosh|rope|whip|swing|swoosh_rope_whip_075wav|just whoosh 3 | whoosh essentials|soundbits"
"Whoosh_Cloth_Leather_Fight_174.wav","Just Whoosh 3 | Whoosh Essentials","SoundBits","http://www.sonniss.com/sound-effects/whoosh-3-whoosh-essentials/","/Sonniss - GDC 2016 - Game Audio Bundle/SoundBits -  Just Whoosh 3 _ Whoosh Essentials/Whoosh_Cloth_Leather_Fight_174.wav","whoosh|cloth|or|leather|heavy|movement|fight|jacket|whoosh_cloth_leather_fight_174wav|just whoosh 3 | whoosh essentials|soundbits"
"Whoosh_Rod_Pole_022.wav","Just Whoosh 3 | Whoosh Essentials","SoundBits","http://www.sonniss.com/sound-effects/whoosh-3-whoosh-essentials/","/Sonniss - GDC 2016 - Game Audio Bundle/SoundBits -  Just Whoosh 3 _ Whoosh Essentials/Whoosh_Rod_Pole_022.wav","heavy|whoosh|rod|pole|impact|weapon|melee|whoosh_rod_pole_022wav|just whoosh 3 | whoosh essentials|soundbits"
"Whoosh_ShaverPassBy_005.wav","Just Whoosh 3 | Whoosh Essentials","SoundBits","http://www.sonniss.com/sound-effects/whoosh-3-whoosh-essentials/","/Sonniss - GDC 2016 - Game Audio Bundle/SoundBits -  Just Whoosh 3 _ Whoosh Essentials/Whoosh_ShaverPassBy_005.wav","whoosh|electric|shaver|buzz|pass|by|buzzing|whoosh_shaverpassby_005wav|just whoosh 3 | whoosh essentials|soundbits"
"Child_Shout_005.wav","Screams & Shouts 2 - Humans","SoundBits","http://www.sonniss.com/sound-effects/screams-shouts-2-humans/","/Sonniss - GDC 2016 - Game Audio Bundle/SoundBits -  Screams & Shouts 2 - Humans/Child_Shout_005.wav","human|child|grunt|attack|angry|struggle|shout|child_shout_005wav|screams & shouts 2 - humans|soundbits"
"Female_Scream_005.wav","Screams & Shouts 2 - Humans","SoundBits","http://www.sonniss.com/sound-effects/screams-shouts-2-humans/","/Sonniss - GDC 2016 - Game Audio Bundle/SoundBits -  Screams & Shouts 2 - Humans/Female_Scream_005.wav","human|female|scream|female_scream_005wav|screams & shouts 2 - humans|soundbits"
"Male_Grunt-Shout_317.wav","Screams & Shouts 2 - Humans","SoundBits","http://www.sonniss.com/sound-effects/screams-shouts-2-humans/","/Sonniss - GDC 2016 - Game Audio Bundle/SoundBits -  Screams & Shouts 2 - Humans/Male_Grunt-Shout_317.wav","human|male|shout|attack|angry|struggle|fight|grunt|male_gruntshout_317wav|screams & shouts 2 - humans|soundbits"
"Male_Shout-of-Pain_132.wav","Screams & Shouts 2 - Humans","SoundBits","http://www.sonniss.com/sound-effects/screams-shouts-2-humans/","/Sonniss - GDC 2016 - Game Audio Bundle/SoundBits -  Screams & Shouts 2 - Humans/Male_Shout-of-Pain_132.wav","human|male|shout|grunt|pain|getting|hit|dying|male_shoutofpain_132wav|screams & shouts 2 - humans|soundbits"
"Monster_Pain_Death_121.wav","Screams & Shouts 2 - Monsters","SoundBits","http://www.sonniss.com/sound-effects/screams-shouts-2-monsters/","/Sonniss - GDC 2016 - Game Audio Bundle/SoundBits -  Screams & Shouts 2 - Monsters/Monster_Pain_Death_121.wav","monster|pain|moan|dying|monster_pain_death_121wav|screams & shouts 2 - monsters|soundbits"
"Monster_Roar_Growl_009.wav","Screams & Shouts 2 - Monsters","SoundBits","http://www.sonniss.com/sound-effects/screams-shouts-2-monsters/","/Sonniss - GDC 2016 - Game Audio Bundle/SoundBits -  Screams & Shouts 2 - Monsters/Monster_Roar_Growl_009.wav","monster|growl|threaten|angry|hiss|monster_roar_growl_009wav|screams & shouts 2 - monsters|soundbits"
"Monster_Roar_Growl_164.wav","Screams & Shouts 2 - Monsters","SoundBits","http://www.sonniss.com/sound-effects/screams-shouts-2-monsters/","/Sonniss - GDC 2016 - Game Audio Bundle/SoundBits -  Screams & Shouts 2 - Monsters/Monster_Roar_Growl_164.wav","creature|goblin|insect|angry|hiss|threaten|monster_roar_growl_164wav|screams & shouts 2 - monsters|soundbits"
"Monster_Struggle_Grunt_240.wav","Screams & Shouts 2 - Monsters","SoundBits","http://www.sonniss.com/sound-effects/screams-shouts-2-monsters/","/Sonniss - GDC 2016 - Game Audio Bundle/SoundBits -  Screams & Shouts 2 - Monsters/Monster_Struggle_Grunt_240.wav","creature|goblin|insect|grunt|struggle|attack|angry|monster_struggle_grunt_240wav|screams & shouts 2 - monsters|soundbits"
"CSFX-2_Alarms_09.wav","Computer Sound FX 2.0","SoundBits","http://www.sonniss.com/sound-effects/computer-sound-fx-2-0/","/Sonniss - GDC 2016 - Game Audio Bundle/SoundBits - Computer Sound FX 2.0/CSFX-2_Alarms_09.wav","computer|interface|digital|alarm|signal|warning|csfx2_alarms_09wav|computer sound fx 2.0|soundbits"
"CSFX-2_Mechanics_45.wav","Computer Sound FX 2.0","SoundBits","http://www.sonniss.com/sound-effects/computer-sound-fx-2-0/","/Sonniss - GDC 2016 - Game Audio Bundle/SoundBits - Computer Sound FX 2.0/CSFX-2_Mechanics_45.wav","computer|interface|mechanic|robotic|movement|menu|csfx2_mechanics_45wav|computer sound fx 2.0|soundbits"
"CSFX-2_Menu-AccessDenied_35.wav","Computer Sound FX 2.0","SoundBits","http://www.sonniss.com/sound-effects/computer-sound-fx-2-0/","/Sonniss - GDC 2016 - Game Audio Bundle/SoundBits - Computer Sound FX 2.0/CSFX-2_Menu-AccessDenied_35.wav","computer|gui|interface|digital|menu|access|denied|failure|stop|bad|input|csfx2_menuaccessdenied_35wav|computer sound fx 2.0|soundbits"
"CSFX-2_Processing-Loop_26.wav","Computer Sound FX 2.0","SoundBits","http://www.sonniss.com/sound-effects/computer-sound-fx-2-0/","/Sonniss - GDC 2016 - Game Audio Bundle/SoundBits - Computer Sound FX 2.0/CSFX-2_Processing-Loop_26.wav","computer|interface|digital|loop|processing|loading|stutter|csfx2_processingloop_26wav|computer sound fx 2.0|soundbits"
"BMW 114i Engine Medium Speed Acceleration.wav","BMW 114i E87","SoundHolder","http://www.sonniss.com/sound-effects/bmw-114i-e87/","/Sonniss - GDC 2016 - Game Audio Bundle/SoundHolder - BMW 114i E87/BMW 114i Engine Medium Speed Acceleration.wav","bmw|114|vehicle|car|engine|drive|driving|medium|acceleration|speed|bmw|114i|engine|medium|speed|accelerationwav|bmw 114i e87|soundholder"
"BMW 114i Engine Start Idle Stop.wav","BMW 114i E87","SoundHolder","http://www.sonniss.com/sound-effects/bmw-114i-e87/","/Sonniss - GDC 2016 - Game Audio Bundle/SoundHolder - BMW 114i E87/BMW 114i Engine Start Idle Stop.wav","bmw|114|vehicle|car|engine|drive|driving|start|idle|stop|off|turn|bmw|114i|engine|start|idle|stopwav|bmw 114i e87|soundholder"
"BMW 114i Foley Doors Close Inside Mono.wav","BMW 114i E87","SoundHolder","http://www.sonniss.com/sound-effects/bmw-114i-e87/","/Sonniss - GDC 2016 - Game Audio Bundle/SoundHolder - BMW 114i E87/BMW 114i Foley Doors Close Inside Mono.wav","bmw|114|vehicle|car|foley|door|doors|close|closing|interior|inside|bmw|114i|foley|doors|close|inside|monowav|bmw 114i e87|soundholder"
"BMW 114i Outside Passby Fast Mono.wav","BMW 114i E87","SoundHolder","http://www.sonniss.com/sound-effects/bmw-114i-e87/","/Sonniss - GDC 2016 - Game Audio Bundle/SoundHolder - BMW 114i E87/BMW 114i Outside Passby Fast Mono.wav","bmw|114|vehicle|car|outside|exterior|passby|fast|bmw|114i|outside|passby|fast|monowav|bmw 114i e87|soundholder"
"brushcutter engine cutting metallic hits blade stops distant 2 mono.wav","Brushcutter","SoundHolder","http://www.sonniss.com/sound-effects/brushcutter/","/Sonniss - GDC 2016 - Game Audio Bundle/SoundHolder - Brushcutter/brushcutter engine cutting metallic hits blade stops distant 2 mono.wav","brushcutter|engine|working|hits|blade|metallic|stop|stops|distant|cutting|2|monowav|brushcutter|soundholder"
"brushcutter engine off close mono.wav","Brushcutter","SoundHolder","http://www.sonniss.com/sound-effects/brushcutter/","/Sonniss - GDC 2016 - Game Audio Bundle/SoundHolder - Brushcutter/brushcutter engine off close mono.wav","brushcutter|engine|working|off|turn|close|monowav|brushcutter|soundholder"
"brushcutters ambient engine working stereo.wav","Brushcutter","SoundHolder","http://www.sonniss.com/sound-effects/brushcutter/","/Sonniss - GDC 2016 - Game Audio Bundle/SoundHolder - Brushcutter/brushcutters ambient engine working stereo.wav","brushcutters|engine|working|stereo|ambient|stereowav|brushcutter|soundholder"
"brushcutters engine different machines working distant mono.wav","Brushcutter","SoundHolder","http://www.sonniss.com/sound-effects/brushcutter/","/Sonniss - GDC 2016 - Game Audio Bundle/SoundHolder - Brushcutter/brushcutters engine different machines working distant mono.wav","brushcutters|engine|working|distant|machines|different|monowav|brushcutter|soundholder"
"chainsaw gas big engine idle mono.wav","Chainsaw","SoundHolder","http://www.sonniss.com/sound-effects/chainsaw/","/Sonniss - GDC 2016 - Game Audio Bundle/SoundHolder - Chainsaw/chainsaw gas big engine idle mono.wav","chainsaw|gas|engine|big|stihl|idle|monowav|chainsaw|soundholder"
"chainsaw gas big engine turn on and off mono.wav","Chainsaw","SoundHolder","http://www.sonniss.com/sound-effects/chainsaw/","/Sonniss - GDC 2016 - Game Audio Bundle/SoundHolder - Chainsaw/chainsaw gas big engine turn on and off mono.wav","chainsaw|gas|engine|big|stihl|sawing|on|off|turn|and|monowav|chainsaw|soundholder"
"chainsaw gas small engine gas pressing and sawing high rpm mono.wav","Chainsaw","SoundHolder","http://www.sonniss.com/sound-effects/chainsaw/","/Sonniss - GDC 2016 - Game Audio Bundle/SoundHolder - Chainsaw/chainsaw gas small engine gas pressing and sawing high rpm mono.wav","chainsaw|gas|engine|small|stihl|sawing|pressing|high|rpm|and|monowav|chainsaw|soundholder"
"chainsaw gas small engine on and off mono.wav","Chainsaw","SoundHolder","http://www.sonniss.com/sound-effects/chainsaw/","/Sonniss - GDC 2016 - Game Audio Bundle/SoundHolder - Chainsaw/chainsaw gas small engine on and off mono.wav","chainsaw|gas|engine|small|stihl|sawing|turn|on|off|and|monowav|chainsaw|soundholder"
"animals stags roar short multiple times stereoXY.wav","Roaring Stags","SoundHolder","http://www.sonniss.com/sound-effects/roaring-stags/","/Sonniss - GDC 2016 - Game Audio Bundle/SoundHolder - Roaring Stags/animals stags roar short multiple times stereoXY.wav","animal|animals|creature|stag|stags|deer|deers|roar|roars|roaring|stereo|short|multiple|times|stereoxywav|roaring stags|soundholder"
"animals stags roaring multiple times distant stereoXY.wav","Roaring Stags","SoundHolder","http://www.sonniss.com/sound-effects/roaring-stags/","/Sonniss - GDC 2016 - Game Audio Bundle/SoundHolder - Roaring Stags/animals stags roaring multiple times distant stereoXY.wav","animal|animals|creature|stag|stags|deer|deers|roar|roars|roaring|distant|stereo|multiple|times|stereoxywav|roaring stags|soundholder"
"sick6_stinger_beast_15.wav","Sick 6","Soundiron","http://www.sonniss.com/sound-effects/sick-6/","/Sonniss - GDC 2016 - Game Audio Bundle/Soundiron - Sick 6/sick6_stinger_beast_15.wav","gory|ripping|splattering|glitch|and|degraded|stingers|stabs|impacts|with|creature|growling|sick6_stinger_beast_15wav|sick 6|soundiron"
"sick6_stinger_cellone_02.wav","Sick 6","Soundiron","http://www.sonniss.com/sound-effects/sick-6/","/Sonniss - GDC 2016 - Game Audio Bundle/Soundiron - Sick 6/sick6_stinger_cellone_02.wav","heavy|slightly|glitchified|percussive|boomers|with|a|subterranean|quality|sick6_stinger_cellone_02wav|sick 6|soundiron"
"sick6_stinger_elder-gods_04.wav","Sick 6","Soundiron","http://www.sonniss.com/sound-effects/sick-6/","/Sonniss - GDC 2016 - Game Audio Bundle/Soundiron - Sick 6/sick6_stinger_elder-gods_04.wav","darkly|ancient|and|foreboding|boomers|with|gong|horn|bell|tones|sick6_stinger_eldergods_04wav|sick 6|soundiron"
"sick6_stinger_entropic_swell_M_13.wav","Sick 6","Soundiron","http://www.sonniss.com/sound-effects/sick-6/","/Sonniss - GDC 2016 - Game Audio Bundle/Soundiron - Sick 6/sick6_stinger_entropic_swell_M_13.wav","medium|dark|electronic|scifi|effects|that|swell|in|and|fade|out|sick6_stinger_entropic_swell_m_13wav|sick 6|soundiron"
"Ambience_Soundscape_Scifi_Distopian_Elektromagnetix_11.wav","Subways & Streetcars","Soundiron","http://www.sonniss.com/sound-effects/subways-streetcars/","/Sonniss - GDC 2016 - Game Audio Bundle/Soundiron - Subways & Streetcars/Ambience_Soundscape_Scifi_Distopian_Elektromagnetix_11.wav","ambience_soundscape_scifi_distopian_elektromagnetix_11wav|subways & streetcars|soundiron"
"Street Car (Key Line) - Vintage - Car - Interior - Crowded - Ride - Passengers - 02.wav","Subways & Streetcars","Soundiron","http://www.sonniss.com/sound-effects/subways-streetcars/","/Sonniss - GDC 2016 - Game Audio Bundle/Soundiron - Subways & Streetcars/Street Car (Key Line) - Vintage - Car - Interior - Crowded - Ride - Passengers - 02.wav","street|car|(key|line)|vintage|interior|crowded|ride|passengers|02wav|subways & streetcars|soundiron"
"Street Car (Metro Tram) - Vintage - Car - Interior - Ride - Depart - 01.wav","Subways & Streetcars","Soundiron","http://www.sonniss.com/sound-effects/subways-streetcars/","/Sonniss - GDC 2016 - Game Audio Bundle/Soundiron - Subways & Streetcars/Street Car (Metro Tram) - Vintage - Car - Interior - Ride - Depart - 01.wav","street|car|(metro|tram)|vintage|interior|ride|depart|01wav|subways & streetcars|soundiron"
"Subway (Bart) - Train - Interior - Ride - Cruising - Quiet - 03.wav","Subways & Streetcars","Soundiron","http://www.sonniss.com/sound-effects/subways-streetcars/","/Sonniss - GDC 2016 - Game Audio Bundle/Soundiron - Subways & Streetcars/Subway (Bart) - Train - Interior - Ride - Cruising - Quiet - 03.wav","subway|(bart)|train|interior|ride|cruising|quiet|03wav|subways & streetcars|soundiron"
"Future Weapons 2 - Bio Gun - reload_4.wav","Future Weapons 2","SoundMorph","http://www.sonniss.com/sound-effects/future-weapons-2/","/Sonniss - GDC 2016 - Game Audio Bundle/SoundMorph - Future Weapons 2/Future Weapons 2 - Bio Gun - reload_4.wav","futuristic|weapons|rifle|scifi|gun|assault|shot|future|weap|2|soundmorph|bio|gun|future|weapons|reload_4wav|future weapons 2|soundmorph"
"Future Weapons 2 - Energy Gun - shot_single_2.wav","Future Weapons 2","SoundMorph","http://www.sonniss.com/sound-effects/future-weapons-2/","/Sonniss - GDC 2016 - Game Audio Bundle/SoundMorph - Future Weapons 2/Future Weapons 2 - Energy Gun - shot_single_2.wav","futuristic|weapons|rifle|scifi|gun|assault|shot|future|weap|2|soundmorph|power|electro|electric|energy|specialized|weapon|future|weapons|energy|gun|shot_single_2wav|future weapons 2|soundmorph"
"Future Weapons 2 - Source - ammunition_elements_13.wav","Future Weapons 2","SoundMorph","http://www.sonniss.com/sound-effects/future-weapons-2/","/Sonniss - GDC 2016 - Game Audio Bundle/SoundMorph - Future Weapons 2/Future Weapons 2 - Source - ammunition_elements_13.wav","futuristic|weapons|rifle|scifi|gun|assault|shot|future|weap|2|soundmorph|foley|reload|ammo|ammunition|source|recording|future|weapons|source|ammunition_elements_13wav|future weapons 2|soundmorph"
"Future Weapons 2 - Source - Laser Source_3.wav","Future Weapons 2","SoundMorph","http://www.sonniss.com/sound-effects/future-weapons-2/","/Sonniss - GDC 2016 - Game Audio Bundle/SoundMorph - Future Weapons 2/Future Weapons 2 - Source - Laser Source_3.wav","futuristic|weapons|rifle|scifi|gun|assault|shot|future|weap|2|soundmorph|source|recording|synth|layer|future|weapons|source|laser|source_3wav|future weapons 2|soundmorph"
"Explosives - Sweetners_07.wav","INTERVENTION","SoundMorph","http://www.sonniss.com/sound-effects/intervention/","/Sonniss - GDC 2016 - Game Audio Bundle/SoundMorph - INTERVENTION/Explosives - Sweetners_07.wav","explosion|explosives|large|exterior|stereo|swat|battle|cinematic|impact|boom|dirt|debris|explosives|sweetners_07wav|intervention|soundmorph"
"Gear - movements_running_10.wav","INTERVENTION","SoundMorph","http://www.sonniss.com/sound-effects/intervention/","/Sonniss - GDC 2016 - Game Audio Bundle/SoundMorph - INTERVENTION/Gear - movements_running_10.wav","gear|movements|swat|tactical|equipment|foley|special|forces|police|movements_running_10wav|intervention|soundmorph"
"M16_INT_B_distant.wav","INTERVENTION","SoundMorph","http://www.sonniss.com/sound-effects/intervention/","/Sonniss - GDC 2016 - Game Audio Bundle/SoundMorph - INTERVENTION/M16_INT_B_distant.wav","source|layer|rifle|shot|weapon|intervention|tactical|swat|gun|automatic|semi|m16_int_b_distantwav|intervention|soundmorph"
"MP5_Burst - Shot - Short - Urban_Exterior.wav","INTERVENTION","SoundMorph","http://www.sonniss.com/sound-effects/intervention/","/Sonniss - GDC 2016 - Game Audio Bundle/SoundMorph - INTERVENTION/MP5_Burst - Shot - Short - Urban_Exterior.wav","rifle|carbine|shot|weapon|intervention|tactical|swat|gun|automatic|semi|machine|mp5_burst|shot|short|urban_exteriorwav|intervention|soundmorph"
"Lost Transmissions - Malfunctions_26.wav","Lost Transmissions","SoundMorph","http://www.sonniss.com/sound-effects/lost-transmissions/","/Sonniss - GDC 2016 - Game Audio Bundle/SoundMorph - Lost Transmissions/Lost Transmissions - Malfunctions_26.wav","electromagnetic|radio|static|tonal|communication|screen|malfunction|process|calculate|noise|buzz|transmission|signal|crackle|tuning|lost|transmissions|malfunctions_26wav|lost transmissions|soundmorph"
"Lost Transmissions - Noise Loops_16.wav","Lost Transmissions","SoundMorph","http://www.sonniss.com/sound-effects/lost-transmissions/","/Sonniss - GDC 2016 - Game Audio Bundle/SoundMorph - Lost Transmissions/Lost Transmissions - Noise Loops_16.wav","electromagnetic|radio|static|tonal|communication|screen|malfunction|process|calculate|noise|buzz|transmission|signal|crackle|tuning|loop|amb|ambience|lost|transmissions|noise|loops_16wav|lost transmissions|soundmorph"
"Lost Transmissions - Static Passbys_51.wav","Lost Transmissions","SoundMorph","http://www.sonniss.com/sound-effects/lost-transmissions/","/Sonniss - GDC 2016 - Game Audio Bundle/SoundMorph - Lost Transmissions/Lost Transmissions - Static Passbys_51.wav","electromagnetic|radio|static|communication|screen|calculate|noise|buzz|transmission|signal|crackle|tuning|trailer|passby|stinger|lost|transmissions|static|passbys_51wav|lost transmissions|soundmorph"
"Lost Transmissions - Tonal Noise_12.wav","Lost Transmissions","SoundMorph","http://www.sonniss.com/sound-effects/lost-transmissions/","/Sonniss - GDC 2016 - Game Audio Bundle/SoundMorph - Lost Transmissions/Lost Transmissions - Tonal Noise_12.wav","electromagnetic|radio|static|tonal|communication|screen|malfunction|process|calculate|noise|buzz|transmission|signal|crackle|tuning|lost|transmissions|tonal|noise_12wav|lost transmissions|soundmorph"
"Rupture - Bulb_Impact_03.wav","RUPTURE","SoundMorph","http://www.sonniss.com/sound-effects/rupture-4/","/Sonniss - GDC 2016 - Game Audio Bundle/SoundMorph - RUPTURE/Rupture - Bulb_Impact_03.wav","glass|debris|destruction|grit|break|collapse|soundmorph|crash|hit|impact|designed|rupture|window|ice|shatter|light|bulb|rupture|bulb_impact_03wav|rupture|soundmorph"
"Rupture - Car_Light_Impact_04.wav","RUPTURE","SoundMorph","http://www.sonniss.com/sound-effects/rupture-4/","/Sonniss - GDC 2016 - Game Audio Bundle/SoundMorph - RUPTURE/Rupture - Car_Light_Impact_04.wav","metal|car|crash|debris|destruction|grit|soundmorph|break|blow|up|explosion|impact|hit|rupture|rupture|car_light_impact_04wav|rupture|soundmorph"
"Rupture - Concrete_Impact_B02.wav","RUPTURE","SoundMorph","http://www.sonniss.com/sound-effects/rupture-4/","/Sonniss - GDC 2016 - Game Audio Bundle/SoundMorph - RUPTURE/Rupture - Concrete_Impact_B02.wav","debris|destruction|grit|soundmorph|break|blow|up|explosion|building|war|crumble|concrete|rubble|stone|melee|rock|impact|rupture|concrete_impact_b02wav|rupture|soundmorph"
"Rupture - Marble_Impacts_06.wav","RUPTURE","SoundMorph","http://www.sonniss.com/sound-effects/rupture-4/","/Sonniss - GDC 2016 - Game Audio Bundle/SoundMorph - RUPTURE/Rupture - Marble_Impacts_06.wav","marble|debris|destruction|grit|break|collapse|soundmorph|crash|hit|impact|designed|rupture|rupture|marble_impacts_06wav|rupture|soundmorph"
"Tension - future war  2 ambience desolate dispairing and inevitable.wav","TENSION","SoundMorph","http://www.sonniss.com/sound-effects/tension-2/","/Sonniss - GDC 2016 - Game Audio Bundle/SoundMorph - TENSION/Tension - future war  2 ambience desolate dispairing and inevitable.wav","tension|anxiety|ominous|eerie|horror|anxious|distress|strain|unease|terror|dread|drama|ambient|experimental|amb|ambience|soundmorph|tension|future|war|2|desolate|dispairing|and|inevitablewav|tension|soundmorph"
"Tension - low oscillating distortion 3.wav","TENSION","SoundMorph","http://www.sonniss.com/sound-effects/tension-2/","/Sonniss - GDC 2016 - Game Audio Bundle/SoundMorph - TENSION/Tension - low oscillating distortion 3.wav","tension|anxiety|ominous|eerie|horror|anxious|distress|strain|unease|terror|dread|drama|ambient|experimental|amb|ambience|soundmorph|tension|low|oscillating|distortion|3wav|tension|soundmorph"
"Tension - sizzle drips 1.wav","TENSION","SoundMorph","http://www.sonniss.com/sound-effects/tension-2/","/Sonniss - GDC 2016 - Game Audio Bundle/SoundMorph - TENSION/Tension - sizzle drips 1.wav","tension|anxiety|ominous|eerie|horror|anxious|distress|strain|unease|terror|dread|drama|dark|experimental|soundmorph|distortion|noise|tension|sizzle|drips|1wav|tension|soundmorph"
"Tension - warbley burning tone 1.wav","TENSION","SoundMorph","http://www.sonniss.com/sound-effects/tension-2/","/Sonniss - GDC 2016 - Game Audio Bundle/SoundMorph - TENSION/Tension - warbley burning tone 1.wav","tension|anxiety|ominous|eerie|horror|anxious|distress|strain|unease|terror|dread|drama|dark|experimental|soundmorph|distortion|noise|tension|warbley|burning|tone|1wav|tension|soundmorph"
"EatingApple,Bite,Enjoying,Chewing,Breath,SemiClose.wav","Everyday Actions 1","Soundreorganized","http://www.sonniss.com/sound-effects/everyday-actions-1/","/Sonniss - GDC 2016 - Game Audio Bundle/Soundreorganized - Everyday Actions 1/EatingApple,Bite,Enjoying,Chewing,Breath,SemiClose.wav","this|file|is|part|of|everyday|actions|1|sound|library|produced|by|soundreorganized|mikko|kolehmainen|in|2015|eatingapple|bite|enjoying|chewing|breath|semiclosewav|everyday actions 1"
"Glass,Jar,Falling,From2Feet,Bouncing,MicInsideJar.wav","Everyday Actions 1","Soundreorganized","http://www.sonniss.com/sound-effects/everyday-actions-1/","/Sonniss - GDC 2016 - Game Audio Bundle/Soundreorganized - Everyday Actions 1/Glass,Jar,Falling,From2Feet,Bouncing,MicInsideJar.wav","this|file|is|part|of|everyday|actions|1|sound|library|produced|by|soundreorganized|mikko|kolehmainen|in|2015|glass|jar|falling|from2feet|bouncing|micinsidejarwav|everyday actions 1"
"Shaving,Electric,DifferentPositions,Buzz,Close.wav","Everyday Actions 1","Soundreorganized","http://www.sonniss.com/sound-effects/everyday-actions-1/","/Sonniss - GDC 2016 - Game Audio Bundle/Soundreorganized - Everyday Actions 1/Shaving,Electric,DifferentPositions,Buzz,Close.wav","this|file|is|part|of|everyday|actions|1|sound|library|produced|by|soundreorganized|mikko|kolehmainen|in|2015|shaving|electric|differentpositions|buzz|closewav|everyday actions 1"
"Tearing,GafferTape,BigPiece,Close.wav","Everyday Actions 1","Soundreorganized","http://www.sonniss.com/sound-effects/everyday-actions-1/","/Sonniss - GDC 2016 - Game Audio Bundle/Soundreorganized - Everyday Actions 1/Tearing,GafferTape,BigPiece,Close.wav","this|file|is|part|of|everyday|actions|1|sound|library|produced|by|soundreorganized|mikko|kolehmainen|in|2015|tearing|gaffertape|bigpiece|closewav|everyday actions 1"
"Tunturi_External_Passby_1.wav","Tunturi Maxi Sound Effects Library","Soundreorganized","http://www.sonniss.com/sound-effects/tunturi-maxi-sound-effects-library/","/Sonniss - GDC 2016 - Game Audio Bundle/Soundreorganized - Tunturi Maxi Sound Effects Library/Tunturi_External_Passby_1.wav","96khz|24bit|tunturimaxipappatunturisoundeffectslibrary|soundreorganized|2015|tunturi_external_passby_1wav|tunturi maxi sound effects library"
"Tunturi_OnBoard_Driving_FullSpeed_Exhaust.wav","Tunturi Maxi Sound Effects Library","Soundreorganized","http://www.sonniss.com/sound-effects/tunturi-maxi-sound-effects-library/","/Sonniss - GDC 2016 - Game Audio Bundle/Soundreorganized - Tunturi Maxi Sound Effects Library/Tunturi_OnBoard_Driving_FullSpeed_Exhaust.wav","96khz|24bit|tunturimaxipappatunturisoundeffectslibrary|soundreorganized|2015|tunturi_onboard_driving_fullspeed_exhaustwav|tunturi maxi sound effects library"
"Tunturi_OnBoard_Startup_Idle_Shutdown_Engine1.wav","Tunturi Maxi Sound Effects Library","Soundreorganized","http://www.sonniss.com/sound-effects/tunturi-maxi-sound-effects-library/","/Sonniss - GDC 2016 - Game Audio Bundle/Soundreorganized - Tunturi Maxi Sound Effects Library/Tunturi_OnBoard_Startup_Idle_Shutdown_Engine1.wav","96khz|24bit|tunturimaxipappatunturisoundeffectslibrary|soundreorganized|2015|tunturi_onboard_startup_idle_shutdown_engine1wav|tunturi maxi sound effects library"
"Tunturi_OnBoard_StartupFail_Engine2.wav","Tunturi Maxi Sound Effects Library","Soundreorganized","http://www.sonniss.com/sound-effects/tunturi-maxi-sound-effects-library/","/Sonniss - GDC 2016 - Game Audio Bundle/Soundreorganized - Tunturi Maxi Sound Effects Library/Tunturi_OnBoard_StartupFail_Engine2.wav","96khz|24bit|tunturimaxipappatunturisoundeffectslibrary|soundreorganized|2015|tunturi_onboard_startupfail_engine2wav|tunturi maxi sound effects library"
"Grabbing Paper 03.wav","Paper Sound Effects","Sounds Hunter","http://www.sonniss.com/sound-effects/paper-sound-effects/","/Sonniss - GDC 2016 - Game Audio Bundle/Sounds Hunter - Paper Sound Effects/Grabbing Paper 03.wav","grabbing|paper|03wav|paper sound effects|sounds hunter"
"Paper Handling and Turning Sequence.wav","Paper Sound Effects","Sounds Hunter","http://www.sonniss.com/sound-effects/paper-sound-effects/","/Sonniss - GDC 2016 - Game Audio Bundle/Sounds Hunter - Paper Sound Effects/Paper Handling and Turning Sequence.wav","paper|handling|and|turning|sequencewav|paper sound effects|sounds hunter"
"Short Crumple 02.wav","Paper Sound Effects","Sounds Hunter","http://www.sonniss.com/sound-effects/paper-sound-effects/","/Sonniss - GDC 2016 - Game Audio Bundle/Sounds Hunter - Paper Sound Effects/Short Crumple 02.wav","short|crumple|02wav|paper sound effects|sounds hunter"
"Tearing 05.wav","Paper Sound Effects","Sounds Hunter","http://www.sonniss.com/sound-effects/paper-sound-effects/","/Sonniss - GDC 2016 - Game Audio Bundle/Sounds Hunter - Paper Sound Effects/Tearing 05.wav","tearing|05wav|paper sound effects|sounds hunter"
"Bullet_Drop_Leaves_03.wav","Bullet SFX","Stuart Duffield","http://www.sonniss.com/sound-effects/bullet-sfx/","/Sonniss - GDC 2016 - Game Audio Bundle/Stuart Duffield - Bullet SFX/Bullet_Drop_Leaves_03.wav","bullet_drop_leaves_03wav|bullet sfx|stuart duffield"
"Bullet_Drop_Wood_04.wav","Bullet SFX","Stuart Duffield","http://www.sonniss.com/sound-effects/bullet-sfx/","/Sonniss - GDC 2016 - Game Audio Bundle/Stuart Duffield - Bullet SFX/Bullet_Drop_Wood_04.wav","bullet_drop_wood_04wav|bullet sfx|stuart duffield"
"ShotgunShell_Land_Concrete_02.wav","Bullet SFX","Stuart Duffield","http://www.sonniss.com/sound-effects/bullet-sfx/","/Sonniss - GDC 2016 - Game Audio Bundle/Stuart Duffield - Bullet SFX/ShotgunShell_Land_Concrete_02.wav","shotgunshell_land_concrete_02wav|bullet sfx|stuart duffield"
"ShotgunShell_Land_Lino_03.wav","Bullet SFX","Stuart Duffield","http://www.sonniss.com/sound-effects/bullet-sfx/","/Sonniss - GDC 2016 - Game Audio Bundle/Stuart Duffield - Bullet SFX/ShotgunShell_Land_Lino_03.wav","shotgunshell_land_lino_03wav|bullet sfx|stuart duffield"
"Ice_block_drag_03.wav","Ice SFX","Stuart Duffield","http://www.sonniss.com/sound-effects/ice-sfx/","/Sonniss - GDC 2016 - Game Audio Bundle/Stuart Duffield - Ice SFX/Ice_block_drag_03.wav","ice_block_drag_03wav|ice sfx|stuart duffield"
"Ice_chunk_heavy_07.wav","Ice SFX","Stuart Duffield","http://www.sonniss.com/sound-effects/ice-sfx/","/Sonniss - GDC 2016 - Game Audio Bundle/Stuart Duffield - Ice SFX/Ice_chunk_heavy_07.wav","ice_chunk_heavy_07wav|ice sfx|stuart duffield"
"Ice_impact_lite_02.wav","Ice SFX","Stuart Duffield","http://www.sonniss.com/sound-effects/ice-sfx/","/Sonniss - GDC 2016 - Game Audio Bundle/Stuart Duffield - Ice SFX/Ice_impact_lite_02.wav","ice_impact_lite_02wav|ice sfx|stuart duffield"
"Ice_smash_light_02.wav","Ice SFX","Stuart Duffield","http://www.sonniss.com/sound-effects/ice-sfx/","/Sonniss - GDC 2016 - Game Audio Bundle/Stuart Duffield - Ice SFX/Ice_smash_light_02.wav","ice_smash_light_02wav|ice sfx|stuart duffield"
"Ball_Ad_Board_Metal.wav","Soccer SFX","Stuart Duffield","http://www.sonniss.com/sound-effects/soccer-sfx/","/Sonniss - GDC 2016 - Game Audio Bundle/Stuart Duffield - Soccer SFX/Ball_Ad_Board_Metal.wav","ball_ad_board_metalwav|soccer sfx|stuart duffield"
"Ball_Net_01.wav","Soccer SFX","Stuart Duffield","http://www.sonniss.com/sound-effects/soccer-sfx/","/Sonniss - GDC 2016 - Game Audio Bundle/Stuart Duffield - Soccer SFX/Ball_Net_01.wav","ball_net_01wav|soccer sfx|stuart duffield"
"Ball_Pass_03.wav","Soccer SFX","Stuart Duffield","http://www.sonniss.com/sound-effects/soccer-sfx/","/Sonniss - GDC 2016 - Game Audio Bundle/Stuart Duffield - Soccer SFX/Ball_Pass_03.wav","ball_pass_03wav|soccer sfx|stuart duffield"
"Keeper_Punch_01.wav","Soccer SFX","Stuart Duffield","http://www.sonniss.com/sound-effects/soccer-sfx/","/Sonniss - GDC 2016 - Game Audio Bundle/Stuart Duffield - Soccer SFX/Keeper_Punch_01.wav","keeper_punch_01wav|soccer sfx|stuart duffield"
"STICK HIT-07 - DEFEND.M.wav","Wooden Staffs and Sword Fight","The AudioVille","http://www.sonniss.com/sound-effects/wooden-staffs-and-sword-fight/","/Sonniss - GDC 2016 - Game Audio Bundle/The AudioVille - Wooden Staffs and Sword Fight/STICK HIT-07 - DEFEND.M.wav","stick|fight|wood|hit07|defend|defendmwav|wooden staffs and sword fight|the audioville"
"STICK HIT-13 - WILD.M.wav","Wooden Staffs and Sword Fight","The AudioVille","http://www.sonniss.com/sound-effects/wooden-staffs-and-sword-fight/","/Sonniss - GDC 2016 - Game Audio Bundle/The AudioVille - Wooden Staffs and Sword Fight/STICK HIT-13 - WILD.M.wav","stick|fight|wood|hit13|wild|wildmwav|wooden staffs and sword fight|the audioville"
"STICK-07 - SLIDE.M.wav","Wooden Staffs and Sword Fight","The AudioVille","http://www.sonniss.com/sound-effects/wooden-staffs-and-sword-fight/","/Sonniss - GDC 2016 - Game Audio Bundle/The AudioVille - Wooden Staffs and Sword Fight/STICK-07 - SLIDE.M.wav","stick|fight|wood|stick07|slide|slidemwav|wooden staffs and sword fight|the audioville"
"WOODEN SWORD HIT-11.M.wav","Wooden Staffs and Sword Fight","The AudioVille","http://www.sonniss.com/sound-effects/wooden-staffs-and-sword-fight/","/Sonniss - GDC 2016 - Game Audio Bundle/The AudioVille - Wooden Staffs and Sword Fight/WOODEN SWORD HIT-11.M.wav","stick|fight|wood|wooden|sword|hit11|hit11mwav|wooden staffs and sword fight|the audioville"
"0051 - motor boat ride.wav","The BIG Pack","The Sound Pack Tree","http://www.sonniss.com/sound-effects/big-pack/","/Sonniss - GDC 2016 - Game Audio Bundle/The Sound Pack Tree - The BIG Pack/0051 - motor boat ride.wav","0051|boat|engine|lake|machines|motor|ocean|river|sea|transportation|water|ridewav|the big pack|the sound pack tree"
"0065 - washbasin sounds.wav","The BIG Pack","The Sound Pack Tree","http://www.sonniss.com/sound-effects/big-pack/","/Sonniss - GDC 2016 - Game Audio Bundle/The Sound Pack Tree - The BIG Pack/0065 - washbasin sounds.wav","0065|dispenser|hands|knock|off|public|soap|toilet|wash|washbasin|water|soundswav|the big pack|the sound pack tree"
"0457 - amazon jungle night.wav","The BIG Pack","The Sound Pack Tree","http://www.sonniss.com/sound-effects/big-pack/","/Sonniss - GDC 2016 - Game Audio Bundle/The Sound Pack Tree - The BIG Pack/0457 - amazon jungle night.wav","0457|cuyabeno|ecuador|amazon|ambiance|ambience|america|animal|atmosphere|background|birds|caymans|central|crickets|environment|fauna|insects|jungle|latin|monkeys|nature|night|rainforest|scene|scope|setting|south|timberland|wild|woodland|woods|nightwav|the big pack|the sound pack tree"
"0481 - cable car ride.wav","The BIG Pack","The Sound Pack Tree","http://www.sonniss.com/sound-effects/big-pack/","/Sonniss - GDC 2016 - Game Audio Bundle/The Sound Pack Tree - The BIG Pack/0481 - cable car ride.wav","0481|aerial|automobile|cable|cableway|canyon|cars|funicular|line|passenger|railway|ride|ropeway|teleferic|tramway|vehicles|car|ridewav|the big pack|the sound pack tree"
"The_Soundcatcher_Antique_Grinder_Wood_Drawer_2.8.4.wav","Antique Grinders","The Soundcatcher","http://www.sonniss.com/sound-effects//","/Sonniss - GDC 2016 - Game Audio Bundle/The Soundcatcher - Antique Grinders/The_Soundcatcher_Antique_Grinder_Wood_Drawer_2.8.4.wav","old|wooden|antique|grinder|the_soundcatcher_antique_grinder_wood_drawer_284wav|antique grinders|the soundcatcher"
"The_Soundcatcher_Antique_Grinder_Wood_Open_Fast_Speed_8.6.1.wav","Antique Grinders","The Soundcatcher","http://www.sonniss.com/sound-effects//","/Sonniss - GDC 2016 - Game Audio Bundle/The Soundcatcher - Antique Grinders/The_Soundcatcher_Antique_Grinder_Wood_Open_Fast_Speed_8.6.1.wav","old|wooden|antique|grinder|the_soundcatcher_antique_grinder_wood_open_fast_speed_861wav|antique grinders|the soundcatcher"
"The_Soundcatcher_Antique_Grinder_Wood_Slow_Speed_2.4.3.wav","Antique Grinders","The Soundcatcher","http://www.sonniss.com/sound-effects//","/Sonniss - GDC 2016 - Game Audio Bundle/The Soundcatcher - Antique Grinders/The_Soundcatcher_Antique_Grinder_Wood_Slow_Speed_2.4.3.wav","old|wooden|antique|grinder|the_soundcatcher_antique_grinder_wood_slow_speed_243wav|antique grinders|the soundcatcher"
"The_Soundcatcher_Antique_Grinder_Wood_Slow_Speed_3.1.2.wav","Antique Grinders","The Soundcatcher","http://www.sonniss.com/sound-effects//","/Sonniss - GDC 2016 - Game Audio Bundle/The Soundcatcher - Antique Grinders/The_Soundcatcher_Antique_Grinder_Wood_Slow_Speed_3.1.2.wav","old|wooden|antique|grinder|the_soundcatcher_antique_grinder_wood_slow_speed_312wav|antique grinders|the soundcatcher"
"Avro Vulcan Bomber-04.wav","Over Head Aircraft","Timothy McHugh","http://www.sonniss.com/sound-effects/overhead-aircraft/","/Sonniss - GDC 2016 - Game Audio Bundle/Timothy McHugh - Over Head Aircraft/Avro Vulcan Bomber-04.wav","avro|vulcan|bomber|flys|over|head|climning|with|very|short|throttle|decrease|bomber04wav|over head aircraft|timothy mchugh"
"Red Arrows - Hawk Jets-01.wav","Over Head Aircraft","Timothy McHugh","http://www.sonniss.com/sound-effects/overhead-aircraft/","/Sonniss - GDC 2016 - Game Audio Bundle/Timothy McHugh - Over Head Aircraft/Red Arrows - Hawk Jets-01.wav","red|arrow|hawk|jets|performing|display|lots|of|fly|bys|and|quick|turns|arrows|jets01wav|over head aircraft|timothy mchugh"
"Spitfire Mark XIX-03.wav","Over Head Aircraft","Timothy McHugh","http://www.sonniss.com/sound-effects/overhead-aircraft/","/Sonniss - GDC 2016 - Game Audio Bundle/Timothy McHugh - Over Head Aircraft/Spitfire Mark XIX-03.wav","spitfire|flys|over|head|and|performs|maneuvers|at|a|medium|distance|mark|xix03wav|over head aircraft|timothy mchugh"
"games - Deck of cards dealt on to felt table surface 43.wav","Playing Cards & Betting Chips","Timothy McHugh","http://www.sonniss.com/sound-effects/playing-cards-betting-chips/","/Sonniss - GDC 2016 - Game Audio Bundle/Timothy McHugh - Playing Cards & Betting Chips/games - Deck of cards dealt on to felt table surface 43.wav","deck|of|cards|dealt|on|to|felt|table|surfacedeck|surface|games|43wav|playing cards & betting chips|timothy mchugh"
"games - Deck of cards handled, shuffled and tapped onto table 1.wav","Playing Cards & Betting Chips","Timothy McHugh","http://www.sonniss.com/sound-effects/playing-cards-betting-chips/","/Sonniss - GDC 2016 - Game Audio Bundle/Timothy McHugh - Playing Cards & Betting Chips/games - Deck of cards handled, shuffled and tapped onto table 1.wav","deck|of|cards|handled|shuffled|and|tapped|onto|table|games|1wav|playing cards & betting chips|timothy mchugh"
"games - Poker chips dropped on to chips 5.wav","Playing Cards & Betting Chips","Timothy McHugh","http://www.sonniss.com/sound-effects/playing-cards-betting-chips/","/Sonniss - GDC 2016 - Game Audio Bundle/Timothy McHugh - Playing Cards & Betting Chips/games - Poker chips dropped on to chips 5.wav","poker|chips|dropped|on|to|games|5wav|playing cards & betting chips|timothy mchugh"
"games - Poker chips dropped on to stack 8.wav","Playing Cards & Betting Chips","Timothy McHugh","http://www.sonniss.com/sound-effects/playing-cards-betting-chips/","/Sonniss - GDC 2016 - Game Audio Bundle/Timothy McHugh - Playing Cards & Betting Chips/games - Poker chips dropped on to stack 8.wav","poker|chips|dropped|on|to|stack|games|8wav|playing cards & betting chips|timothy mchugh"
"Shell Load_Round Eject.wav","12 Gauge Shotgun","TS Sound","http://www.sonniss.com/sound-effects/12-gauge-shotgun/","/Sonniss - GDC 2016 - Game Audio Bundle/TS Sound - 12 Gauge Shotgun/Shell Load_Round Eject.wav","remington|870|wingmaster|12|gauge|birdshot|shell|loaded|into|chamber|and|eject|shell|load_round|ejectwav|12 gauge shotgun|ts sound"
"Shotgun_Fire_Round Eject_01.wav","12 Gauge Shotgun","TS Sound","http://www.sonniss.com/sound-effects/12-gauge-shotgun/","/Sonniss - GDC 2016 - Game Audio Bundle/TS Sound - 12 Gauge Shotgun/Shotgun_Fire_Round Eject_01.wav","remington|870|wingmaster|12|gauge|shotgun|birdshot|single|fire|and|shell|eject|shotgun_fire_round|eject_01wav|12 gauge shotgun|ts sound"
"Shotgun_Fire_Slug_01.wav","12 Gauge Shotgun","TS Sound","http://www.sonniss.com/sound-effects/12-gauge-shotgun/","/Sonniss - GDC 2016 - Game Audio Bundle/TS Sound - 12 Gauge Shotgun/Shotgun_Fire_Slug_01.wav","remington|870|wingmaster|12|gauge|shotgun|slug|single|fire|shotgun_fire_slug_01wav|12 gauge shotgun|ts sound"
"Shotgun_Quick Pump_01.wav","12 Gauge Shotgun","TS Sound","http://www.sonniss.com/sound-effects/12-gauge-shotgun/","/Sonniss - GDC 2016 - Game Audio Bundle/TS Sound - 12 Gauge Shotgun/Shotgun_Quick Pump_01.wav","remington|870|wingmaster|12|gauge|shotgun|quick|pump|x2|dry|shotgun_quick|pump_01wav|12 gauge shotgun|ts sound"
"Obnoxious_Sip_Can_02.wav","Obnoxious Sips","TS Sound","http://www.sonniss.com/sound-effects/obnoxious-sips/","/Sonniss - GDC 2016 - Game Audio Bundle/TS Sound - Obnoxious Sips/Obnoxious_Sip_Can_02.wav","sip|gurgle|guttural|bubbly|obnoxious_sip_can_02wav|obnoxious sips|ts sound"
"Obnoxious_Sip_Glass_Cup_012.wav","Obnoxious Sips","TS Sound","http://www.sonniss.com/sound-effects/obnoxious-sips/","/Sonniss - GDC 2016 - Game Audio Bundle/TS Sound - Obnoxious Sips/Obnoxious_Sip_Glass_Cup_012.wav","aggressive|sip|spurts|obnoxious_sip_glass_cup_012wav|obnoxious sips|ts sound"
"Obnoxious_Sip_Straw_013.wav","Obnoxious Sips","TS Sound","http://www.sonniss.com/sound-effects/obnoxious-sips/","/Sonniss - GDC 2016 - Game Audio Bundle/TS Sound - Obnoxious Sips/Obnoxious_Sip_Straw_013.wav","sip|and|empty|cup|water|gurgles|obnoxious_sip_straw_013wav|obnoxious sips|ts sound"
"Obnoxious_Sip_Water_Bottle_010.wav","Obnoxious Sips","TS Sound","http://www.sonniss.com/sound-effects/obnoxious-sips/","/Sonniss - GDC 2016 - Game Audio Bundle/TS Sound - Obnoxious Sips/Obnoxious_Sip_Water_Bottle_010.wav","highpitched|sip|gurgling|wheezing|obnoxious_sip_water_bottle_010wav|obnoxious sips|ts sound"
"AMB_EXT_Fort_McAllister_Water_Lapping_Boat_Ramp.wav","Savannah, GA Ambiences","TS Sound","http://www.sonniss.com/sound-effects/savannah-ga-ambiences/","/Sonniss - GDC 2016 - Game Audio Bundle/TS Sound - Savannah, GA Ambiences/AMB_EXT_Fort_McAllister_Water_Lapping_Boat_Ramp.wav","richmond|hill|ga|water|lapping|against|boat|ramp|amb_ext_fort_mcallister_water_lapping_boat_rampwav|savannah, ga ambiences|ts sound"
"AMB_EXT_Rain_Dripping_In_Parking_Garage.wav","Savannah, GA Ambiences","TS Sound","http://www.sonniss.com/sound-effects/savannah-ga-ambiences/","/Sonniss - GDC 2016 - Game Audio Bundle/TS Sound - Savannah, GA Ambiences/AMB_EXT_Rain_Dripping_In_Parking_Garage.wav","savannah|ga|rain|dripping|in|a|parking|garage|at|night|amb_ext_rain_dripping_in_parking_garagewav|savannah, ga ambiences|ts sound"
"AMB_EXT_Savannah_Wildlife_Refuge_03.wav","Savannah, GA Ambiences","TS Sound","http://www.sonniss.com/sound-effects/savannah-ga-ambiences/","/Sonniss - GDC 2016 - Game Audio Bundle/TS Sound - Savannah, GA Ambiences/AMB_EXT_Savannah_Wildlife_Refuge_03.wav","savannah|ga|redwinged|blackbird|northern|cardinal|brown|thrasher|norther|mocking|bird|boattailed|grackle|cicadas|and|other|insects|frogs|splashing|into|water|distant|train|horn|amb_ext_savannah_wildlife_refuge_03wav|savannah, ga ambiences|ts sound"
"AMB_INT_Industrial_Building_Server_Room.wav","Savannah, GA Ambiences","TS Sound","http://www.sonniss.com/sound-effects/savannah-ga-ambiences/","/Sonniss - GDC 2016 - Game Audio Bundle/TS Sound - Savannah, GA Ambiences/AMB_INT_Industrial_Building_Server_Room.wav","savannah|ga|server|room|computer|fans|highpitched|buzzing|other|electronic|noises|amb_int_industrial_building_server_roomwav|savannah, ga ambiences|ts sound"
"cadillac_1960_30mph_driveby_LtoR_001.wav","1960 Cadillac DeVille","3maze","http://www.sonniss.com/sound-effects/1960-cadillac-deville/","/Sonniss - GDC 2016 - Game Audio Bundle/3maze -  1960 Cadillac DeVille/cadillac_1960_30mph_driveby_LtoR_001.wav","snote=car|automobile|cadillac|deville|1960|retro|vehicle|driveby|drive|by|v8|driving|road|cadillac_1960_30mph_driveby_ltor_001wav|1960 cadillac deville|3maze"
"cadillac_1960_int_drive_gravel_road_001_wide.wav","1960 Cadillac DeVille","3maze","http://www.sonniss.com/sound-effects/1960-cadillac-deville/","/Sonniss - GDC 2016 - Game Audio Bundle/3maze -  1960 Cadillac DeVille/cadillac_1960_int_drive_gravel_road_001_wide.wav","snote=car|automobile|cadillac|deville|1960|retro|vehicle|interior|v8|drive|highway|driving|fast|road|gravel|rough|cadillac_1960_int_drive_gravel_road_001_widewav|1960 cadillac deville|3maze"
"cadillac_1960_start_fail_002.wav","1960 Cadillac DeVille","3maze","http://www.sonniss.com/sound-effects/1960-cadillac-deville/","/Sonniss - GDC 2016 - Game Audio Bundle/3maze -  1960 Cadillac DeVille/cadillac_1960_start_fail_002.wav","snote=car|automobile|cadillac|deville|1960|retro|ignition|on|off|mechanical|engine|vehicle|start|startup|fail|cadillac_1960_start_fail_002wav|1960 cadillac deville|3maze"
"cadillac_1960_wipers_001.wav","1960 Cadillac DeVille","3maze","http://www.sonniss.com/sound-effects/1960-cadillac-deville/","/Sonniss - GDC 2016 - Game Audio Bundle/3maze -  1960 Cadillac DeVille/cadillac_1960_wipers_001.wav","snote=car|automobile|cadillac|deville|1960|retro|wipers|vehicle|mechanical|windscreen|wiper|cadillac_1960_wipers_001wav|1960 cadillac deville|3maze"
"button_on_off_064.wav","Buttons and Switches","3maze","http://www.sonniss.com/sound-effects/buttons-switches/","/Sonniss - GDC 2016 - Game Audio Bundle/3maze -  Buttons and Switches/button_on_off_064.wav","button_on_off_064wav|buttons and switches|3maze"
"light_switch_019.wav","Buttons and Switches","3maze","http://www.sonniss.com/sound-effects/buttons-switches/","/Sonniss - GDC 2016 - Game Audio Bundle/3maze -  Buttons and Switches/light_switch_019.wav","light_switch_019wav|buttons and switches|3maze"
"switch_on_042.wav","Buttons and Switches","3maze","http://www.sonniss.com/sound-effects/buttons-switches/","/Sonniss - GDC 2016 - Game Audio Bundle/3maze -  Buttons and Switches/switch_on_042.wav","switch_on_042wav|buttons and switches|3maze"
"vintage_radio_button_006.wav","Buttons and Switches","3maze","http://www.sonniss.com/sound-effects/buttons-switches/","/Sonniss - GDC 2016 - Game Audio Bundle/3maze -  Buttons and Switches/vintage_radio_button_006.wav","vintage_radio_button_006wav|buttons and switches|3maze"
"alien_drone_003.wav","Cinematic Drones","3maze","http://www.sonniss.com/sound-effects/cinematic-drones/","/Sonniss - GDC 2016 - Game Audio Bundle/3maze -  Cinematic Drones/alien_drone_003.wav","alien_drone_003wav|cinematic drones|3maze"
"low_drone_001.wav","Cinematic Drones","3maze","http://www.sonniss.com/sound-effects/cinematic-drones/","/Sonniss - GDC 2016 - Game Audio Bundle/3maze -  Cinematic Drones/low_drone_001.wav","low_drone_001wav|cinematic drones|3maze"
"craft_med_C_001.wav","Cinematic Swoosh","3maze","http://www.sonniss.com/sound-effects/cinematic-swoosh/","/Sonniss - GDC 2016 - Game Audio Bundle/3maze -  Cinematic Swoosh/craft_med_C_001.wav","craft_med_c_001wav|cinematic swoosh|3maze"
"glow_med_L_to_R_002.wav","Cinematic Swoosh","3maze","http://www.sonniss.com/sound-effects/cinematic-swoosh/","/Sonniss - GDC 2016 - Game Audio Bundle/3maze -  Cinematic Swoosh/glow_med_L_to_R_002.wav","glow_med_l_to_r_002wav|cinematic swoosh|3maze"
"pang_short_R_to_L_003.wav","Cinematic Swoosh","3maze","http://www.sonniss.com/sound-effects/cinematic-swoosh/","/Sonniss - GDC 2016 - Game Audio Bundle/3maze -  Cinematic Swoosh/pang_short_R_to_L_003.wav","pang_short_r_to_l_003wav|cinematic swoosh|3maze"
"whistle_med_R_to_L_001.wav","Cinematic Swoosh","3maze","http://www.sonniss.com/sound-effects/cinematic-swoosh/","/Sonniss - GDC 2016 - Game Audio Bundle/3maze -  Cinematic Swoosh/whistle_med_R_to_L_001.wav","whistle_med_r_to_l_001wav|cinematic swoosh|3maze"
"door_close_003.wav","Doors, Locks and Drawers","3maze","http://www.sonniss.com/sound-effects/doors-locks-drawers/","/Sonniss - GDC 2016 - Game Audio Bundle/3maze -  Doors, Locks and Drawers/door_close_003.wav","door_close_003wav|doors, locks and drawers|3maze"
"door_open_004.wav","Doors, Locks and Drawers","3maze","http://www.sonniss.com/sound-effects/doors-locks-drawers/","/Sonniss - GDC 2016 - Game Audio Bundle/3maze -  Doors, Locks and Drawers/door_open_004.wav","door_open_004wav|doors, locks and drawers|3maze"
"draw_close_005.wav","Doors, Locks and Drawers","3maze","http://www.sonniss.com/sound-effects/doors-locks-drawers/","/Sonniss - GDC 2016 - Game Audio Bundle/3maze -  Doors, Locks and Drawers/draw_close_005.wav","draw_close_005wav|doors, locks and drawers|3maze"
"squeaky_closet_door_open_001.wav","Doors, Locks and Drawers","3maze","http://www.sonniss.com/sound-effects/doors-locks-drawers/","/Sonniss - GDC 2016 - Game Audio Bundle/3maze -  Doors, Locks and Drawers/squeaky_closet_door_open_001.wav","squeaky_closet_door_open_001wav|doors, locks and drawers|3maze"
"axe_ice_005.wav","ICE BLOCK","3maze","http://www.sonniss.com/sound-effects/ice-block/","/Sonniss - GDC 2016 - Game Audio Bundle/3maze -  ICE BLOCK/axe_ice_005.wav","axe_ice_005wav|ice block|3maze"
"burn_ice_001.wav","ICE BLOCK","3maze","http://www.sonniss.com/sound-effects/ice-block/","/Sonniss - GDC 2016 - Game Audio Bundle/3maze -  ICE BLOCK/burn_ice_001.wav","burn_ice_001wav|ice block|3maze"
"debris_ice_001.wav","ICE BLOCK","3maze","http://www.sonniss.com/sound-effects/ice-block/","/Sonniss - GDC 2016 - Game Audio Bundle/3maze -  ICE BLOCK/debris_ice_001.wav","debris_ice_001wav|ice block|3maze"
"saw_ice_003.wav","ICE BLOCK","3maze","http://www.sonniss.com/sound-effects/ice-block/","/Sonniss - GDC 2016 - Game Audio Bundle/3maze -  ICE BLOCK/saw_ice_003.wav","saw_ice_003wav|ice block|3maze"
"kitchen_roomtone_with_refrigerator_002.wav","ROOMS","3maze","http://www.sonniss.com/sound-effects/rooms/","/Sonniss - GDC 2016 - Game Audio Bundle/3maze -  ROOMS/kitchen_roomtone_with_refrigerator_002.wav","snote=room|tone|roomtone|home|domestic|kitchen|sound|fridge|refigerator|noise|apartment|house|atmosphere|ambience|kitchen_roomtone_with_refrigerator_002wav|rooms|3maze"
"roomtone_overhead_fan_002.wav","ROOMS","3maze","http://www.sonniss.com/sound-effects/rooms/","/Sonniss - GDC 2016 - Game Audio Bundle/3maze -  ROOMS/roomtone_overhead_fan_002.wav","snote=room|tone|roomtone|home|domestic|bedroom|hotel|atmosphere|ambience|fan|roomtone_overhead_fan_002wav|rooms|3maze"
"nails_on_ceramic_tile_single_001.wav","Multi-Surface Fingernail Scratches","3maze","http://www.sonniss.com/sound-effects/scratch-multi-surface-fingernail-scratches/","/Sonniss - GDC 2016 - Game Audio Bundle/3maze -  Scratch - Multi-Surface Fingernail Scratches/nails_on_ceramic_tile_single_001.wav","nails_on_ceramic_tile_single_001wav|multi-surface fingernail scratches|3maze"
"nails_on_metal_single_001.wav","Multi-Surface Fingernail Scratches","3maze","http://www.sonniss.com/sound-effects/scratch-multi-surface-fingernail-scratches/","/Sonniss - GDC 2016 - Game Audio Bundle/3maze -  Scratch - Multi-Surface Fingernail Scratches/nails_on_metal_single_001.wav","nails_on_metal_single_001wav|multi-surface fingernail scratches|3maze"
"nails_on_towel_single_003.wav","Multi-Surface Fingernail Scratches","3maze","http://www.sonniss.com/sound-effects/scratch-multi-surface-fingernail-scratches/","/Sonniss - GDC 2016 - Game Audio Bundle/3maze -  Scratch - Multi-Surface Fingernail Scratches/nails_on_towel_single_003.wav","nails_on_towel_single_003wav|multi-surface fingernail scratches|3maze"
"nails_on_velvet_single_002.wav","Multi-Surface Fingernail Scratches","3maze","http://www.sonniss.com/sound-effects/scratch-multi-surface-fingernail-scratches/","/Sonniss - GDC 2016 - Game Audio Bundle/3maze -  Scratch - Multi-Surface Fingernail Scratches/nails_on_velvet_single_002.wav","nails_on_velvet_single_002wav|multi-surface fingernail scratches|3maze"
"handbag_fasten_003.wav","The Closet","3maze","http://www.sonniss.com/sound-effects/closet/","/Sonniss - GDC 2016 - Game Audio Bundle/3maze -  The Closet/handbag_fasten_003.wav","handbag_fasten_003wav|the closet|3maze"
"moving_metal_hangers_002.wav","The Closet","3maze","http://www.sonniss.com/sound-effects/closet/","/Sonniss - GDC 2016 - Game Audio Bundle/3maze -  The Closet/moving_metal_hangers_002.wav","moving_metal_hangers_002wav|the closet|3maze"
"person_removing_jacket_001.wav","The Closet","3maze","http://www.sonniss.com/sound-effects/closet/","/Sonniss - GDC 2016 - Game Audio Bundle/3maze -  The Closet/person_removing_jacket_001.wav","person_removing_jacket_001wav|the closet|3maze"
"shake_clothing_001.wav","The Closet","3maze","http://www.sonniss.com/sound-effects/closet/","/Sonniss - GDC 2016 - Game Audio Bundle/3maze -  The Closet/shake_clothing_001.wav","shake_clothing_001wav|the closet|3maze"
"light_frying_loop_001.wav","The Kitchen","3maze","http://www.sonniss.com/sound-effects/kitchen/","/Sonniss - GDC 2016 - Game Audio Bundle/3maze -  The Kitchen/light_frying_loop_001.wav","light_frying_loop_001wav|the kitchen|3maze"
"moving_china_plates_002.wav","The Kitchen","3maze","http://www.sonniss.com/sound-effects/kitchen/","/Sonniss - GDC 2016 - Game Audio Bundle/3maze -  The Kitchen/moving_china_plates_002.wav","moving_china_plates_002wav|the kitchen|3maze"
"pouring_wine_002.wav","The Kitchen","3maze","http://www.sonniss.com/sound-effects/kitchen/","/Sonniss - GDC 2016 - Game Audio Bundle/3maze -  The Kitchen/pouring_wine_002.wav","pouring_wine_002wav|the kitchen|3maze"
"sprinkle_flour_on_surface_001.wav","The Kitchen","3maze","http://www.sonniss.com/sound-effects/kitchen/","/Sonniss - GDC 2016 - Game Audio Bundle/3maze -  The Kitchen/sprinkle_flour_on_surface_001.wav","sprinkle_flour_on_surface_001wav|the kitchen|3maze"
"crush_chocolate_box_001.wav","Trash","3maze","http://www.sonniss.com/sound-effects/trash-hd-trash-disposal/","/Sonniss - GDC 2016 - Game Audio Bundle/3maze -  Trash/crush_chocolate_box_001.wav","crush_chocolate_box_001wav|trash|3maze"
"crushing_empty_cigarette_box_001.wav","Trash","3maze","http://www.sonniss.com/sound-effects/trash-hd-trash-disposal/","/Sonniss - GDC 2016 - Game Audio Bundle/3maze -  Trash/crushing_empty_cigarette_box_001.wav","crushing_empty_cigarette_box_001wav|trash|3maze"
"crushing_paper_bag_002.wav","Trash","3maze","http://www.sonniss.com/sound-effects/trash-hd-trash-disposal/","/Sonniss - GDC 2016 - Game Audio Bundle/3maze -  Trash/crushing_paper_bag_002.wav","crushing_paper_bag_002wav|trash|3maze"
"drop_trashbag_with_bottles_002.wav","Trash","3maze","http://www.sonniss.com/sound-effects/trash-hd-trash-disposal/","/Sonniss - GDC 2016 - Game Audio Bundle/3maze -  Trash/drop_trashbag_with_bottles_002.wav","drop_trashbag_with_bottles_002wav|trash|3maze"
"hollow_drone_001.wav","Ultra Drones","3maze","http://www.sonniss.com/sound-effects/ultra-drones/","/Sonniss - GDC 2016 - Game Audio Bundle/3maze -  Ultra Drones/hollow_drone_001.wav","snote=drone|scifi|sound|design|designed|sfx|texture|ambience|ambient|bed|alien|ufo|space|spacecraft|spaceship|slow|moving|hollow_drone_001wav|ultra drones|3maze"
"manifest_drone_002.wav","Ultra Drones","3maze","http://www.sonniss.com/sound-effects/ultra-drones/","/Sonniss - GDC 2016 - Game Audio Bundle/3maze -  Ultra Drones/manifest_drone_002.wav","snote=drone|scifi|sound|design|designed|sfx|texture|ambience|ambient|bed|alien|ufo|space|spacecraft|spaceship|slow|moving|manifest_drone_002wav|ultra drones|3maze"
"busy_road_003.wav","Urban Environments","3maze","http://www.sonniss.com/sound-effects/urban-environments/","/Sonniss - GDC 2016 - Game Audio Bundle/3maze -  Urban Environments/busy_road_003.wav","busy_road_003wav|urban environments|3maze"
"street_traffic_vietnam_004.wav","Urban Environments","3maze","http://www.sonniss.com/sound-effects/urban-environments/","/Sonniss - GDC 2016 - Game Audio Bundle/3maze -  Urban Environments/street_traffic_vietnam_004.wav","street_traffic_vietnam_004wav|urban environments|3maze"
"long_metal_005.wav","High Impact","3maze","http://www.sonniss.com/sound-effects/high-impact/","/Sonniss - GDC 2016 - Game Audio Bundle/3maze - High Impact/long_metal_005.wav","long_metal_005wav|high impact|3maze"
"med_dark_001.wav","High Impact","3maze","http://www.sonniss.com/sound-effects/high-impact/","/Sonniss - GDC 2016 - Game Audio Bundle/3maze - High Impact/med_dark_001.wav","med_dark_001wav|high impact|3maze"
"short_bright_004.wav","High Impact","3maze","http://www.sonniss.com/sound-effects/high-impact/","/Sonniss - GDC 2016 - Game Audio Bundle/3maze - High Impact/short_bright_004.wav","short_bright_004wav|high impact|3maze"
"short_med_003.wav","High Impact","3maze","http://www.sonniss.com/sound-effects/high-impact/","/Sonniss - GDC 2016 - Game Audio Bundle/3maze - High Impact/short_med_003.wav","short_med_003wav|high impact|3maze"