"FILENAME","LIBRARY","SUPPLIER","URL","DOWNLOAD","TAGS"
"birds_outside_002_wide.wav","European Ambiances","3maze","http://www.sonniss.com/sound-effects/european-ambiances/","/Sonniss - GDC 2017 - Game Audio Bundle/3maze - European Ambiances	/birds_outside_002_wide.wav","snote=birds|outside|nature|trees|environment|wild|wildlife|birds_outside_002_widewav|european ambiances|3maze"
"busy_dining_room_002.wav","European Ambiances","3maze","http://www.sonniss.com/sound-effects/european-ambiances/","/Sonniss - GDC 2017 - Game Audio Bundle/3maze - European Ambiances	/busy_dining_room_002.wav","snote=roomtone|room|tone|atmosphere|ambience|food|dining|people|public|busy_dining_room_002wav|european ambiances|3maze"
"madrid_food_market_busy_001.wav","European Ambiances","3maze","http://www.sonniss.com/sound-effects/european-ambiances/","/Sonniss - GDC 2017 - Game Audio Bundle/3maze - European Ambiances	/madrid_food_market_busy_001.wav","snote=market|food|madrid|busy|people|space|ambience|crowd|public|chatter|talking|noise|movement|madrid_food_market_busy_001wav|european ambiances|3maze"
"rain_umbrella_001_wide.wav","European Ambiances","3maze","http://www.sonniss.com/sound-effects/european-ambiances/","/Sonniss - GDC 2017 - Game Audio Bundle/3maze - European Ambiances	/rain_umbrella_001_wide.wav","snote=weather|rain|environment|outside|exterior|water|raining|nature|umbrella|brolly|rain_umbrella_001_widewav|european ambiances|3maze"
"50s_elevator_ride_down_001.wav","The Elevator","3maze","http://www.sonniss.com/sound-effects/elevator/","/Sonniss - GDC 2017 - Game Audio Bundle/3maze - The Elevator/50s_elevator_ride_down_001.wav","snote=elevator|floors|descend|down|mechanical|1950s|1950|50s|retro|vintage|50s_elevator_ride_down_001wav|the elevator|3maze"
"elevator_mechanism_002_wide.wav","The Elevator","3maze","http://www.sonniss.com/sound-effects/elevator/","/Sonniss - GDC 2017 - Game Audio Bundle/3maze - The Elevator/elevator_mechanism_002_wide.wav","snote=elevator|mechanical|mechanism|metal|gears|electric|electrical|wires|lift|moving|machine|machinery|elevator_mechanism_002_widewav|the elevator|3maze"
"elevator_mechanism_005_wide.wav","The Elevator","3maze","http://www.sonniss.com/sound-effects/elevator/","/Sonniss - GDC 2017 - Game Audio Bundle/3maze - The Elevator/elevator_mechanism_005_wide.wav","snote=elevator|mechanical|mechanism|metal|gears|electric|electrical|wires|lift|moving|machine|machinery|elevator_mechanism_005_widewav|the elevator|3maze"
"soviet_elevator_door_close_001.wav","The Elevator","3maze","http://www.sonniss.com/sound-effects/elevator/","/Sonniss - GDC 2017 - Game Audio Bundle/3maze - The Elevator/soviet_elevator_door_close_001.wav","snote=elevator|door|close|manual|mechanical|soviet|1960s|1960|60s|retro|vintage|soviet_elevator_door_close_001wav|the elevator|3maze"
"Magic Effect-000.wav","Groats Part1","Alexander Ahura","http://www.sonniss.com/sound-effects/groats-part1/","/Sonniss - GDC 2017 - Game Audio Bundle/Alexander Ahura -  Groats Part1/Magic Effect-000.wav","foley|groat|magic|effect000wav|groats part1|alexander ahura"
"Pearl Barley Open Package-001.wav","Groats Part1","Alexander Ahura","http://www.sonniss.com/sound-effects/groats-part1/","/Sonniss - GDC 2017 - Game Audio Bundle/Alexander Ahura -  Groats Part1/Pearl Barley Open Package-001.wav","foley|groat|pearl|barley|open|package001wav|groats part1|alexander ahura"
"Peas Into Glass Cup-019.wav","Groats Part1","Alexander Ahura","http://www.sonniss.com/sound-effects/groats-part1/","/Sonniss - GDC 2017 - Game Audio Bundle/Alexander Ahura -  Groats Part1/Peas Into Glass Cup-019.wav","foley|groat|peas|into|glass|cup019wav|groats part1|alexander ahura"
"Sugar Into Cardboard Cup-012.wav","Groats Part1","Alexander Ahura","http://www.sonniss.com/sound-effects/groats-part1/","/Sonniss - GDC 2017 - Game Audio Bundle/Alexander Ahura -  Groats Part1/Sugar Into Cardboard Cup-012.wav","foley|groat|sugar|into|cardboard|cup012wav|groats part1|alexander ahura"
"Lock01_outdoor_opening_lite03.wav","Locks & Keys","Alexander Ahura","http://www.sonniss.com/sound-effects/lockskeys/","/Sonniss - GDC 2017 - Game Audio Bundle/Alexander Ahura - Locks & Keys/Lock01_outdoor_opening_lite03.wav","lock01_outdoor_opening_lite03wav|locks & keys|alexander ahura"
"Lock02_scratch02.wav","Locks & Keys","Alexander Ahura","http://www.sonniss.com/sound-effects/lockskeys/","/Sonniss - GDC 2017 - Game Audio Bundle/Alexander Ahura - Locks & Keys/Lock02_scratch02.wav","lock02_scratch02wav|locks & keys|alexander ahura"
"Lock03_outdoor_opening_solid03.wav","Locks & Keys","Alexander Ahura","http://www.sonniss.com/sound-effects/lockskeys/","/Sonniss - GDC 2017 - Game Audio Bundle/Alexander Ahura - Locks & Keys/Lock03_outdoor_opening_solid03.wav","lock03_outdoor_opening_solid03wav|locks & keys|alexander ahura"
"Lock04_outdoor_opening_lite04.wav","Locks & Keys","Alexander Ahura","http://www.sonniss.com/sound-effects/lockskeys/","/Sonniss - GDC 2017 - Game Audio Bundle/Alexander Ahura - Locks & Keys/Lock04_outdoor_opening_lite04.wav","lock04_outdoor_opening_lite04wav|locks & keys|alexander ahura"
"dry hard metal grind 09.wav","Black Metal","Alexander Kopeikin","http://www.sonniss.com/sound-effects/black-metal/","/Sonniss - GDC 2017 - Game Audio Bundle/Alexander Kopeikin - Black Metal/dry hard metal grind 09.wav","metal|hard|grind|closeup|dry|09wav|black metal|alexander kopeikin"
"dry hard sheet metal movement 05.wav","Black Metal","Alexander Kopeikin","http://www.sonniss.com/sound-effects/black-metal/","/Sonniss - GDC 2017 - Game Audio Bundle/Alexander Kopeikin - Black Metal/dry hard sheet metal movement 05.wav","sheet|metal|movement|heavy|hard|closeup|dry|05wav|black metal|alexander kopeikin"
"metal, heavy creaks, shipwreck, ship scraping its broadside 02.wav","Black Metal","Alexander Kopeikin","http://www.sonniss.com/sound-effects/black-metal/","/Sonniss - GDC 2017 - Game Audio Bundle/Alexander Kopeikin - Black Metal/metal, heavy creaks, shipwreck, ship scraping its broadside 02.wav","metal|heavy|creaks|shipwreck|ship|scraping|its|broadside|02wav|black metal|alexander kopeikin"
"steel frame dragged long 03.wav","Black Metal","Alexander Kopeikin","http://www.sonniss.com/sound-effects/black-metal/","/Sonniss - GDC 2017 - Game Audio Bundle/Alexander Kopeikin - Black Metal/steel frame dragged long 03.wav","metal|movement|steel|frame|dragged|continuous|long|03wav|black metal|alexander kopeikin"
"DOOR_Closet_rattle_squeak_open_close.wav","Shakes and Rattles","Antisample","http://www.sonniss.com/sound-effects/shakes-rattles/","/Sonniss - GDC 2017 - Game Audio Bundle/Antisample - Shakes and Rattles/DOOR_Closet_rattle_squeak_open_close.wav","closet|door|shake|rattle|squeak|open|close|mic|position|stereo|door_closet_rattle_squeak_open_closewav|shakes and rattles|antisample"
"DRAWER_RUNNER_SLIDES_shake_short_medium_long.wav","Shakes and Rattles","Antisample","http://www.sonniss.com/sound-effects/shakes-rattles/","/Sonniss - GDC 2017 - Game Audio Bundle/Antisample - Shakes and Rattles/DRAWER_RUNNER_SLIDES_shake_short_medium_long.wav","drawer|runner|slides|shake|rattle|short|medium|long|filter|close|mic|position|stereo|drawer_runner_slides_shake_short_medium_longwav|shakes and rattles|antisample"
"LOCK_Metal_shake_rattle_short_medium.wav","Shakes and Rattles","Antisample","http://www.sonniss.com/sound-effects/shakes-rattles/","/Sonniss - GDC 2017 - Game Audio Bundle/Antisample - Shakes and Rattles/LOCK_Metal_shake_rattle_short_medium.wav","lock|metal|wood|door|basement|shake|rattle|short|medium|close|mic|position|stereo|lock_metal_shake_rattle_short_mediumwav|shakes and rattles|antisample"
"SCREWS_Box_plastic_metal_shake_rattle_short_medium_long.wav","Shakes and Rattles","Antisample","http://www.sonniss.com/sound-effects/shakes-rattles/","/Sonniss - GDC 2017 - Game Audio Bundle/Antisample - Shakes and Rattles/SCREWS_Box_plastic_metal_shake_rattle_short_medium_long.wav","screw|screws|plastic|box|full|shake|rattle|short|medium|long|close|mic|position|stereo|screws_box_plastic_metal_shake_rattle_short_medium_longwav|shakes and rattles|antisample"
"FOUNTAIN Large, Splasher Spray at Playground, 3m Far.wav","100 Fountains","Articulated Sounds","http://www.sonniss.com/sound-effects/100-fountains/","/Sonniss - GDC 2017 - Game Audio Bundle/Articulated Sounds - 100 Fountains/FOUNTAIN Large, Splasher Spray at Playground, 3m Far.wav","large|size|3m|far|perspective|water|spray|rubber|floor|playground|stereo|m/s|decoded|loop|fountain|splasher|at|farwav|100 fountains|articulated sounds"
"FOUNTAIN Medium, Invigorating Network of Dribbles, Close.wav","100 Fountains","Articulated Sounds","http://www.sonniss.com/sound-effects/100-fountains/","/Sonniss - GDC 2017 - Game Audio Bundle/Articulated Sounds - 100 Fountains/FOUNTAIN Medium, Invigorating Network of Dribbles, Close.wav","medium|size|close|perspective|water|pour|sand/gravel/concrete|garden|stereo|m/s|decoded|loop|fountain|invigorating|network|of|dribbles|closewav|100 fountains|articulated sounds"
"FOUNTAIN Small, Splashes of Multiple Squirts on the Ground, Close.wav","100 Fountains","Articulated Sounds","http://www.sonniss.com/sound-effects/100-fountains/","/Sonniss - GDC 2017 - Game Audio Bundle/Articulated Sounds - 100 Fountains/FOUNTAIN Small, Splashes of Multiple Squirts on the Ground, Close.wav","small|size|close|perspective|water|jets|concrete|ground|city|plaza|stereo|m/s|decoded|loop|fountain|splashes|of|multiple|squirts|on|the|closewav|100 fountains|articulated sounds"
"FOUNTAIN Underwater, Generous Gushing Flow.wav","100 Fountains","Articulated Sounds","http://www.sonniss.com/sound-effects/100-fountains/","/Sonniss - GDC 2017 - Game Audio Bundle/Articulated Sounds - 100 Fountains/FOUNTAIN Underwater, Generous Gushing Flow.wav","underwater|flow|pool|jet|stereo|hydrophone|loop|fountain|generous|gushing|flowwav|100 fountains|articulated sounds"
"DICE on Felt, Throw and Roll, Standard, 5 Five Dice, v2.wav","Dice","Articulated Sounds","http://www.sonniss.com/sound-effects/dice/","/Sonniss - GDC 2017 - Game Audio Bundle/Articulated Sounds - Dice/DICE on Felt, Throw and Roll, Standard, 5 Five Dice, v2.wav","throwing|and|rolling|dice|on|felt|five|(5)|standard|dice|throw|roll|5|v2wav|articulated sounds"
"DICE on Felt, Throw and Roll, Standard, 16 Sixteen Dice, v1.wav","Dice","Articulated Sounds","http://www.sonniss.com/sound-effects/dice/","/Sonniss - GDC 2017 - Game Audio Bundle/Articulated Sounds - Dice/DICE on Felt, Throw and Roll, Standard, 16 Sixteen Dice, v1.wav","throwing|and|rolling|dice|on|felt|sixteen|(16)|standard|dice|throw|roll|16|v1wav|articulated sounds"
"DICE on Hard Wood, Throw and Roll , Standard, 2 Two Dice, v1.wav","Dice","Articulated Sounds","http://www.sonniss.com/sound-effects/dice/","/Sonniss - GDC 2017 - Game Audio Bundle/Articulated Sounds - Dice/DICE on Hard Wood, Throw and Roll , Standard, 2 Two Dice, v1.wav","throwing|and|rolling|dice|on|hard|wood|two|(2)|standard|dice|throw|roll|2|v1wav|articulated sounds"
"DICE on Neoprene, Throw and Roll, Mini, 1 One Die, v2.wav","Dice","Articulated Sounds","http://www.sonniss.com/sound-effects/dice/","/Sonniss - GDC 2017 - Game Audio Bundle/Articulated Sounds - Dice/DICE on Neoprene, Throw and Roll, Mini, 1 One Die, v2.wav","throwing|and|rolling|dice|on|neoprene|one|(1)|mini|die|dice|throw|roll|1|v2wav|articulated sounds"
"GHOSTS Atmosphere Pishacha Turmoil.LR.wav","Ghosts","Articulated Sounds","http://www.sonniss.com/sound-effects/ghosts-ambisonics-stereo/","/Sonniss - GDC 2017 - Game Audio Bundle/Articulated Sounds - Ghosts/GHOSTS Atmosphere Pishacha Turmoil.LR.wav","ghosts|sound|library|atmosphere|pishacha|turmoillrwav|ghosts|articulated sounds"
"GHOSTS Pass-By Witchery Shiver.LR.wav","Ghosts","Articulated Sounds","http://www.sonniss.com/sound-effects/ghosts-ambisonics-stereo/","/Sonniss - GDC 2017 - Game Audio Bundle/Articulated Sounds - Ghosts/GHOSTS Pass-By Witchery Shiver.LR.wav","ghosts|sound|library|passby|witchery|shiverlrwav|ghosts|articulated sounds"
"GHOSTS Spell Hocus Pocus 2.LR.wav","Ghosts","Articulated Sounds","http://www.sonniss.com/sound-effects/ghosts-ambisonics-stereo/","/Sonniss - GDC 2017 - Game Audio Bundle/Articulated Sounds - Ghosts/GHOSTS Spell Hocus Pocus 2.LR.wav","ghosts|sound|library|spell|hocus|pocus|2lrwav|ghosts|articulated sounds"
"GHOSTS Tremor Disturbed Aura.LR.wav","Ghosts","Articulated Sounds","http://www.sonniss.com/sound-effects/ghosts-ambisonics-stereo/","/Sonniss - GDC 2017 - Game Audio Bundle/Articulated Sounds - Ghosts/GHOSTS Tremor Disturbed Aura.LR.wav","ghosts|sound|library|tremor|disturbed|auralrwav|ghosts|articulated sounds"
"ICE Hockey stick medium long scrape 22.wav","Ice Skating","Articulated Sounds","http://www.sonniss.com/sound-effects/ice-skating/","/Sonniss - GDC 2017 - Game Audio Bundle/Articulated Sounds - Ice Skating/ICE Hockey stick medium long scrape 22.wav","ice|skating|sfx|library|ice|hockey|stick|medium|long|scrape|22wav|ice skating|articulated sounds"
"ICE Hockey stick short scrape 87.wav","Ice Skating","Articulated Sounds","http://www.sonniss.com/sound-effects/ice-skating/","/Sonniss - GDC 2017 - Game Audio Bundle/Articulated Sounds - Ice Skating/ICE Hockey stick short scrape 87.wav","ice|skating|sfx|library|ice|hockey|stick|short|scrape|87wav|ice skating|articulated sounds"
"ICE Skate move combination 13.wav","Ice Skating","Articulated Sounds","http://www.sonniss.com/sound-effects/ice-skating/","/Sonniss - GDC 2017 - Game Audio Bundle/Articulated Sounds - Ice Skating/ICE Skate move combination 13.wav","ice|skating|sfx|library|ice|skate|move|combination|13wav|ice skating|articulated sounds"
"ICE Skater cloth move 10.wav","Ice Skating","Articulated Sounds","http://www.sonniss.com/sound-effects/ice-skating/","/Sonniss - GDC 2017 - Game Audio Bundle/Articulated Sounds - Ice Skating/ICE Skater cloth move 10.wav","ice|skating|sfx|library|ice|skater|cloth|move|10wav|ice skating|articulated sounds"
"QUIET STREET Back alley, people chatting, ST.wav","Quiet Streets","Articulated Sounds","http://www.sonniss.com/sound-effects/quiet-streets/","/Sonniss - GDC 2017 - Game Audio Bundle/Articulated Sounds - Quiet Streets/QUIET STREET Back alley, people chatting, ST.wav","city|ambience|back|alley|people|chatters|constant|fuzzy|noise|loop|quiet|street|alley|people|chatting|stwav|quiet streets|articulated sounds"
"QUIET STREET Night fast chirp crickets, distant activities, slight wind, ST.wav","Quiet Streets","Articulated Sounds","http://www.sonniss.com/sound-effects/quiet-streets/","/Sonniss - GDC 2017 - Game Audio Bundle/Articulated Sounds - Quiet Streets/QUIET STREET Night fast chirp crickets, distant activities, slight wind, ST.wav","city|ambience|quiet|street|fast|chirps|night|crickets|distant|activities|slight|wind|loop|quiet|street|fast|chirp|crickets|distant|activities|slight|wind|stwav|quiet streets|articulated sounds"
"QUIET STREET Rain near sewer, ST.wav","Quiet Streets","Articulated Sounds","http://www.sonniss.com/sound-effects/quiet-streets/","/Sonniss - GDC 2017 - Game Audio Bundle/Articulated Sounds - Quiet Streets/QUIET STREET Rain near sewer, ST.wav","city|ambience|rain|near|sewer|loop|quiet|street|sewer|stwav|quiet streets|articulated sounds"
"QUIET STREET Wet air, wind, sparse birds, ST.wav","Quiet Streets","Articulated Sounds","http://www.sonniss.com/sound-effects/quiet-streets/","/Sonniss - GDC 2017 - Game Audio Bundle/Articulated Sounds - Quiet Streets/QUIET STREET Wet air, wind, sparse birds, ST.wav","city|ambience|calm|atmosphere|wet|air|few|birds|chirps|distant|traffic|loop|quiet|street|air|wind|sparse|birds|stwav|quiet streets|articulated sounds"
"ICE Thin Cracked Crust on Lake 16.wav","Thin Ice","Articulated Sounds","http://www.sonniss.com/sound-effects/thin-ice/","/Sonniss - GDC 2017 - Game Audio Bundle/Articulated Sounds - Thin Ice/ICE Thin Cracked Crust on Lake 16.wav","thin|ice|crust|on|lake|tension|crackles|fracture|fissures|and|ruptures|ice|cracked|16wav|thin ice|articulated sounds"
"ICE Thin Crushed Crust by Foot 13.wav","Thin Ice","Articulated Sounds","http://www.sonniss.com/sound-effects/thin-ice/","/Sonniss - GDC 2017 - Game Audio Bundle/Articulated Sounds - Thin Ice/ICE Thin Crushed Crust by Foot 13.wav","thin|ice|crunchy|fragments|foot|crush|grind|and|crumble|brittle|chunks|ice|crushed|crust|by|13wav|thin ice|articulated sounds"
"ICE Thin Scrubbed Blocks Friction 04.wav","Thin Ice","Articulated Sounds","http://www.sonniss.com/sound-effects/thin-ice/","/Sonniss - GDC 2017 - Game Audio Bundle/Articulated Sounds - Thin Ice/ICE Thin Scrubbed Blocks Friction 04.wav","thin|ice|bocks|scrub|coarse|rub|friction|ice|scrubbed|blocks|04wav|thin ice|articulated sounds"
"ICE Thin Smashed Brittle Fragments 55.wav","Thin Ice","Articulated Sounds","http://www.sonniss.com/sound-effects/thin-ice/","/Sonniss - GDC 2017 - Game Audio Bundle/Articulated Sounds - Thin Ice/ICE Thin Smashed Brittle Fragments 55.wav","thin|ice|fragments|smash|impact|brittle|chunks|strike|crispy|debris|ice|smashed|55wav|thin ice|articulated sounds"
"TROPICAL Mangrove at dusk mysterious grainy atmosphere.wav","Tropical Ambiences","Articulated Sounds","http://www.sonniss.com/sound-effects/tropical-ambiences/","/Sonniss - GDC 2017 - Game Audio Bundle/Articulated Sounds - Tropical Ambiences/TROPICAL Mangrove at dusk mysterious grainy atmosphere.wav","tropical|ambience|mangrove|dark|forest|floor|at|dusk|wildlife|includes|frogs|crickets|distant|toucans|and|strange|sounds|loop|tropical|mysterious|grainy|atmospherewav|tropical ambiences|articulated sounds"
"TROPICAL Rainforest morning sheltered fresh woods under the canopy.wav","Tropical Ambiences","Articulated Sounds","http://www.sonniss.com/sound-effects/tropical-ambiences/","/Sonniss - GDC 2017 - Game Audio Bundle/Articulated Sounds - Tropical Ambiences/TROPICAL Rainforest morning sheltered fresh woods under the canopy.wav","tropical|ambience|rainforest|morning|under|the|canopy|with|bird|calls|wildlife|includes|whitetipped|dove|various|birds|loop|tropical|sheltered|fresh|woods|canopywav|tropical ambiences|articulated sounds"
"TROPICAL Rainforest night sleep with soft sparse bird calls.wav","Tropical Ambiences","Articulated Sounds","http://www.sonniss.com/sound-effects/tropical-ambiences/","/Sonniss - GDC 2017 - Game Audio Bundle/Articulated Sounds - Tropical Ambiences/TROPICAL Rainforest night sleep with soft sparse bird calls.wav","tropical|ambience|rainforest|night|quiet|soft|sparse|bird|calls|wildlife|includes|common|pauraque|crickets|some|flies|loop|tropical|sleep|with|callswav|tropical ambiences|articulated sounds"
"TROPICAL Wetland swamp evening foaming frog dusk chorus.wav","Tropical Ambiences","Articulated Sounds","http://www.sonniss.com/sound-effects/tropical-ambiences/","/Sonniss - GDC 2017 - Game Audio Bundle/Articulated Sounds - Tropical Ambiences/TROPICAL Wetland swamp evening foaming frog dusk chorus.wav","tropical|ambience|swamp|evening|frogs|chorus|in|the|dusk|wildlife|includes|tink|cicadas|and|various|birds|loop|tropical|wetland|foaming|frog|choruswav|tropical ambiences|articulated sounds"
"Bluezone-BC0226-hit-impact-004.wav","Cinematic Trailer Sound Effects","Bluezone","http://www.sonniss.com/sound-effects/cinematic-trailer-sound-effects/","/Sonniss - GDC 2017 - Game Audio Bundle/Bluezone Corporation - Cinematic Trailer Sound Effects/Bluezone-BC0226-hit-impact-004.wav","bluezonebc0226hitimpact004wav|cinematic trailer sound effects|bluezone"
"Bluezone-BC0226-sound-effect-009.wav","Cinematic Trailer Sound Effects","Bluezone","http://www.sonniss.com/sound-effects/cinematic-trailer-sound-effects/","/Sonniss - GDC 2017 - Game Audio Bundle/Bluezone Corporation - Cinematic Trailer Sound Effects/Bluezone-BC0226-sound-effect-009.wav","bluezonebc0226soundeffect009wav|cinematic trailer sound effects|bluezone"
"Bluezone-BC0226-whoosh-impact-005.wav","Cinematic Trailer Sound Effects","Bluezone","http://www.sonniss.com/sound-effects/cinematic-trailer-sound-effects/","/Sonniss - GDC 2017 - Game Audio Bundle/Bluezone Corporation - Cinematic Trailer Sound Effects/Bluezone-BC0226-whoosh-impact-005.wav","bluezonebc0226whooshimpact005wav|cinematic trailer sound effects|bluezone"
"Bluezone-BC0226-whoosh-impact-012.wav","Cinematic Trailer Sound Effects","Bluezone","http://www.sonniss.com/sound-effects/cinematic-trailer-sound-effects/","/Sonniss - GDC 2017 - Game Audio Bundle/Bluezone Corporation - Cinematic Trailer Sound Effects/Bluezone-BC0226-whoosh-impact-012.wav","bluezonebc0226whooshimpact012wav|cinematic trailer sound effects|bluezone"
"Bluezone-BC0223-modulation-long-signal-tuning-016.wav","Signal Communication","Bluezone","http://www.sonniss.com/sound-effects/signal-communication/","/Sonniss - GDC 2017 - Game Audio Bundle/Bluezone Corporation - Signal Communication/Bluezone-BC0223-modulation-long-signal-tuning-016.wav","bluezonebc0223modulationlongsignaltuning016wav|signal communication|bluezone"
"Bluezone-BC0223-noise-cracke-014.wav","Signal Communication","Bluezone","http://www.sonniss.com/sound-effects/signal-communication/","/Sonniss - GDC 2017 - Game Audio Bundle/Bluezone Corporation - Signal Communication/Bluezone-BC0223-noise-cracke-014.wav","bluezonebc0223noisecracke014wav|signal communication|bluezone"
"Bluezone-BC0223-noise-radio-signal-025.wav","Signal Communication","Bluezone","http://www.sonniss.com/sound-effects/signal-communication/","/Sonniss - GDC 2017 - Game Audio Bundle/Bluezone Corporation - Signal Communication/Bluezone-BC0223-noise-radio-signal-025.wav","bluezonebc0223noiseradiosignal025wav|signal communication|bluezone"
"Bluezone-BC0223-noise-radio-signal-029.wav","Signal Communication","Bluezone","http://www.sonniss.com/sound-effects/signal-communication/","/Sonniss - GDC 2017 - Game Audio Bundle/Bluezone Corporation - Signal Communication/Bluezone-BC0223-noise-radio-signal-029.wav","bluezonebc0223noiseradiosignal029wav|signal communication|bluezone"
"Bluezone_BC0230_ambience_009.wav","Spectral Line - Cinematic Trailer Sounds","Bluezone","http://www.sonniss.com/sound-effects/spectral-line-cinematic-trailer-sounds/","/Sonniss - GDC 2017 - Game Audio Bundle/Bluezone Corporation - Spectral Line - Cinematic Trailer Sounds/Bluezone_BC0230_ambience_009.wav","bluezone_bc0230_ambience_009wav|spectral line - cinematic trailer sounds|bluezone"
"Bluezone_BC0230_ambience_tonal_synth_014.wav","Spectral Line - Cinematic Trailer Sounds","Bluezone","http://www.sonniss.com/sound-effects/spectral-line-cinematic-trailer-sounds/","/Sonniss - GDC 2017 - Game Audio Bundle/Bluezone Corporation - Spectral Line - Cinematic Trailer Sounds/Bluezone_BC0230_ambience_tonal_synth_014.wav","bluezone_bc0230_ambience_tonal_synth_014wav|spectral line - cinematic trailer sounds|bluezone"
"Bluezone_BC0230_sound_effect_006.wav","Spectral Line - Cinematic Trailer Sounds","Bluezone","http://www.sonniss.com/sound-effects/spectral-line-cinematic-trailer-sounds/","/Sonniss - GDC 2017 - Game Audio Bundle/Bluezone Corporation - Spectral Line - Cinematic Trailer Sounds/Bluezone_BC0230_sound_effect_006.wav","bluezone_bc0230_sound_effect_006wav|spectral line - cinematic trailer sounds|bluezone"
"Bluezone_BC0230_synth_texture_022.wav","Spectral Line - Cinematic Trailer Sounds","Bluezone","http://www.sonniss.com/sound-effects/spectral-line-cinematic-trailer-sounds/","/Sonniss - GDC 2017 - Game Audio Bundle/Bluezone Corporation - Spectral Line - Cinematic Trailer Sounds/Bluezone_BC0230_synth_texture_022.wav","bluezone_bc0230_synth_texture_022wav|spectral line - cinematic trailer sounds|bluezone"
"Bluezone-BC0227-synthetic-liquid-long-texture-016.wav","Synthetic Liquid Textures","Bluezone","http://www.sonniss.com/sound-effects/synthetic-liquid-textures/","/Sonniss - GDC 2017 - Game Audio Bundle/Bluezone Corporation - Synthetic Liquid Textures/Bluezone-BC0227-synthetic-liquid-long-texture-016.wav","bluezonebc0227syntheticliquidlongtexture016wav|synthetic liquid textures|bluezone"
"Bluezone-BC0227-synthetic-liquid-short-texture-047.wav","Synthetic Liquid Textures","Bluezone","http://www.sonniss.com/sound-effects/synthetic-liquid-textures/","/Sonniss - GDC 2017 - Game Audio Bundle/Bluezone Corporation - Synthetic Liquid Textures/Bluezone-BC0227-synthetic-liquid-short-texture-047.wav","bluezonebc0227syntheticliquidshorttexture047wav|synthetic liquid textures|bluezone"
"Bluezone-BC0227-synthetic-liquid-short-texture-057.wav","Synthetic Liquid Textures","Bluezone","http://www.sonniss.com/sound-effects/synthetic-liquid-textures/","/Sonniss - GDC 2017 - Game Audio Bundle/Bluezone Corporation - Synthetic Liquid Textures/Bluezone-BC0227-synthetic-liquid-short-texture-057.wav","bluezonebc0227syntheticliquidshorttexture057wav|synthetic liquid textures|bluezone"
"Bluezone-BC0227-synthetic-liquid-short-texture-073.wav","Synthetic Liquid Textures","Bluezone","http://www.sonniss.com/sound-effects/synthetic-liquid-textures/","/Sonniss - GDC 2017 - Game Audio Bundle/Bluezone Corporation - Synthetic Liquid Textures/Bluezone-BC0227-synthetic-liquid-short-texture-073.wav","bluezonebc0227syntheticliquidshorttexture073wav|synthetic liquid textures|bluezone"
"Bluezone-BC0224-impact-003.wav","Titanium - Cinematic Trailer Samples","Bluezone","http://www.sonniss.com/sound-effects/titanium-cinematic-trailer-samples/","/Sonniss - GDC 2017 - Game Audio Bundle/Bluezone Corporation - Titanium - Cinematic Trailer Samples/Bluezone-BC0224-impact-003.wav","bluezonebc0224impact003wav|titanium - cinematic trailer samples|bluezone"
"Bluezone-BC0224-impact-016.wav","Titanium - Cinematic Trailer Samples","Bluezone","http://www.sonniss.com/sound-effects/titanium-cinematic-trailer-samples/","/Sonniss - GDC 2017 - Game Audio Bundle/Bluezone Corporation - Titanium - Cinematic Trailer Samples/Bluezone-BC0224-impact-016.wav","bluezonebc0224impact016wav|titanium - cinematic trailer samples|bluezone"
"Bluezone-BC0224-rise-001.wav","Titanium - Cinematic Trailer Samples","Bluezone","http://www.sonniss.com/sound-effects/titanium-cinematic-trailer-samples/","/Sonniss - GDC 2017 - Game Audio Bundle/Bluezone Corporation - Titanium - Cinematic Trailer Samples/Bluezone-BC0224-rise-001.wav","bluezonebc0224rise001wav|titanium - cinematic trailer samples|bluezone"
"Bluezone-BC0224-sequence-001.wav","Titanium - Cinematic Trailer Samples","Bluezone","http://www.sonniss.com/sound-effects/titanium-cinematic-trailer-samples/","/Sonniss - GDC 2017 - Game Audio Bundle/Bluezone Corporation - Titanium - Cinematic Trailer Samples/Bluezone-BC0224-sequence-001.wav","bluezonebc0224sequence001wav|titanium - cinematic trailer samples|bluezone"
"Bluezone-BC0214-beep-mine-explosion-002.wav","War Zone (Designed Explosions)","Bluezone","http://www.sonniss.com/sound-effects/war-zone-designed-explosion-sound-effects/","/Sonniss - GDC 2017 - Game Audio Bundle/Bluezone Corporation - War Zone (Designed Explosions)/Bluezone-BC0214-beep-mine-explosion-002.wav","bluezonebc0214beepmineexplosion002wav|war zone (designed explosions)|bluezone"
"Bluezone-BC0214-beep-mine-explosion-007.wav","War Zone (Designed Explosions)","Bluezone","http://www.sonniss.com/sound-effects/war-zone-designed-explosion-sound-effects/","/Sonniss - GDC 2017 - Game Audio Bundle/Bluezone Corporation - War Zone (Designed Explosions)/Bluezone-BC0214-beep-mine-explosion-007.wav","bluezonebc0214beepmineexplosion007wav|war zone (designed explosions)|bluezone"
"Bluezone-BC0214-explosion-whooshe-003.wav","War Zone (Designed Explosions)","Bluezone","http://www.sonniss.com/sound-effects/war-zone-designed-explosion-sound-effects/","/Sonniss - GDC 2017 - Game Audio Bundle/Bluezone Corporation - War Zone (Designed Explosions)/Bluezone-BC0214-explosion-whooshe-003.wav","bluezonebc0214explosionwhooshe003wav|war zone (designed explosions)|bluezone"
"Bluezone-BC0214-explosion-whooshe-020.wav","War Zone (Designed Explosions)","Bluezone","http://www.sonniss.com/sound-effects/war-zone-designed-explosion-sound-effects/","/Sonniss - GDC 2017 - Game Audio Bundle/Bluezone Corporation - War Zone (Designed Explosions)/Bluezone-BC0214-explosion-whooshe-020.wav","bluezonebc0214explosionwhooshe020wav|war zone (designed explosions)|bluezone"
"Gym, Boxing, Punching bag hits, chain perspective.wav","Gym weights","Borg Sound","http://www.sonniss.com/sound-effects/gym-weights/","/Sonniss - GDC 2017 - Game Audio Bundle/Borg Sound - Gym weights/Gym, Boxing, Punching bag hits, chain perspective.wav","gym|boxing|punching|bag|hits|chain|perspective|sports|impact|bag|hits|chain|perspectivewav|gym weights|borg sound"
"Gym, Foley, Barbell steel bar, place back in metal stand.wav","Gym weights","Borg Sound","http://www.sonniss.com/sound-effects/gym-weights/","/Sonniss - GDC 2017 - Game Audio Bundle/Borg Sound - Gym weights/Gym, Foley, Barbell steel bar, place back in metal stand.wav","gym|foley|barbell|steel|bar|place|back|in|metal|stand|sports|exercise|fitness|steel|bar|place|back|in|metal|standwav|gym weights|borg sound"
"Gym, Foley, Barbell weight 10kg steel, add and remove from bar.wav","Gym weights","Borg Sound","http://www.sonniss.com/sound-effects/gym-weights/","/Sonniss - GDC 2017 - Game Audio Bundle/Borg Sound - Gym weights/Gym, Foley, Barbell weight 10kg steel, add and remove from bar.wav","gym|foley|barbell|weight|10kg|steel|add|and|remove|from|bar|sports|exercise|fitness|metal|weight|10kg|steel|add|and|remove|from|barwav|gym weights|borg sound"
"Gym, Foley, Drop metal handle on floor.wav","Gym weights","Borg Sound","http://www.sonniss.com/sound-effects/gym-weights/","/Sonniss - GDC 2017 - Game Audio Bundle/Borg Sound - Gym weights/Gym, Foley, Drop metal handle on floor.wav","gym|foley|drop|metal|handle|on|floor|impact|small|metal|handle|on|floorwav|gym weights|borg sound"
"HD Sportster Iron 883, False start 2 and 3, L-Exhaust, R-Motor.wav","Harley Davidson Sportster Iron 883","Borg Sound","http://www.sonniss.com/sound-effects/harley-davidson-sportster-iron-883/","/Sonniss - GDC 2017 - Game Audio Bundle/Borg Sound - Harley Davidson Sportster Iron 883/HD Sportster Iron 883, False start 2 and 3, L-Exhaust, R-Motor.wav","motorcycle|harley|davidson|false|starts|exhaust|oktava|mk012|to|l|motor|sm57|r|hd|sportster|iron|883|start|2|and|3|lexhaust|rmotorwav|harley davidson sportster iron 883|borg sound"
"HD Sportster Iron 883, Passby 100kmph, Asphalt surface, 2 variations.wav","Harley Davidson Sportster Iron 883","Borg Sound","http://www.sonniss.com/sound-effects/harley-davidson-sportster-iron-883/","/Sonniss - GDC 2017 - Game Audio Bundle/Borg Sound - Harley Davidson Sportster Iron 883/HD Sportster Iron 883, Passby 100kmph, Asphalt surface, 2 variations.wav","motorcycle|harley|davidson|passby|100kmph|asphalt|surface|2|variations|close|and|medium|distance|hd|sportster|iron|883|100kmph|surface|variationswav|harley davidson sportster iron 883|borg sound"
"HD Sportster Iron 883, Start, Accelerate on the spot, shut down, Beside vehicle.wav","Harley Davidson Sportster Iron 883","Borg Sound","http://www.sonniss.com/sound-effects/harley-davidson-sportster-iron-883/","/Sonniss - GDC 2017 - Game Audio Bundle/Borg Sound - Harley Davidson Sportster Iron 883/HD Sportster Iron 883, Start, Accelerate on the spot, shut down, Beside vehicle.wav","motorcycle|harley|davidson|start|accelerate|on|the|spot|shut|down|beside|vehicle|neumann|km185|ortf|hd|sportster|iron|883|on|the|spot|shut|down|vehiclewav|harley davidson sportster iron 883|borg sound"
"HD Sportster Iron 883, Start, long idle, shut down, Beside vehicle.wav","Harley Davidson Sportster Iron 883","Borg Sound","http://www.sonniss.com/sound-effects/harley-davidson-sportster-iron-883/","/Sonniss - GDC 2017 - Game Audio Bundle/Borg Sound - Harley Davidson Sportster Iron 883/HD Sportster Iron 883, Start, long idle, shut down, Beside vehicle.wav","motorcycle|harley|davidson|start|long|idle|shut|down|beside|vehicle|close|distance|neumann|km185|ortf|pair|hd|sportster|iron|883|long|idle|shut|down|vehiclewav|harley davidson sportster iron 883|borg sound"
"01_Campana_Iglesia.wav","365 SFX","Byron Abadía","http://www.sonniss.com/sound-effects/365-sfx/","/Sonniss - GDC 2017 - Game Audio Bundle/Byron Abadía - 365 SFX/01_Campana_Iglesia.wav","01_campana_iglesiawav|365 sfx|byron abadía"
"057_ Cocina_Organico_Fuego.wav","365 SFX","Byron Abadía","http://www.sonniss.com/sound-effects/365-sfx/","/Sonniss - GDC 2017 - Game Audio Bundle/Byron Abadía - 365 SFX/057_ Cocina_Organico_Fuego.wav","057_|cocina_organico_fuegowav|365 sfx|byron abadía"
"068_Cable_Whoosh.wav","365 SFX","Byron Abadía","http://www.sonniss.com/sound-effects/365-sfx/","/Sonniss - GDC 2017 - Game Audio Bundle/Byron Abadía - 365 SFX/068_Cable_Whoosh.wav","068_cable_whooshwav|365 sfx|byron abadía"
"338_Tambores.wav","365 SFX","Byron Abadía","http://www.sonniss.com/sound-effects/365-sfx/","/Sonniss - GDC 2017 - Game Audio Bundle/Byron Abadía - 365 SFX/338_Tambores.wav","338_tamboreswav|365 sfx|byron abadía"
"City street large light voices and traffic rumble_02120215_120215_02.wav","Indonesia sound library by Faunethic","Charlie Atanasyan","http://www.sonniss.com/sound-effects/indonesia-sound-library-faunethic/","/Sonniss - GDC 2017 - Game Audio Bundle/Charlie Atanasyan - Indonesia sound library by Faunethic/City street large light voices and traffic rumble_02120215_120215_02.wav","city|street|large|light|voices|and|traffic|rumble_02120215_120215_02wav|indonesia sound library by faunethic|charlie atanasyan"
"Forest cold wind in alitude the morning_120208_00.wav","Indonesia sound library by Faunethic","Charlie Atanasyan","http://www.sonniss.com/sound-effects/indonesia-sound-library-faunethic/","/Sonniss - GDC 2017 - Game Audio Bundle/Charlie Atanasyan - Indonesia sound library by Faunethic/Forest cold wind in alitude the morning_120208_00.wav","forest|cold|wind|in|alitude|the|morning_120208_00wav|indonesia sound library by faunethic|charlie atanasyan"
"Music ceremony of galungan in street percussion bel ad cymbal - moving 2_120210_03.wav","Indonesia sound library by Faunethic","Charlie Atanasyan","http://www.sonniss.com/sound-effects/indonesia-sound-library-faunethic/","/Sonniss - GDC 2017 - Game Audio Bundle/Charlie Atanasyan - Indonesia sound library by Faunethic/Music ceremony of galungan in street percussion bel ad cymbal - moving 2_120210_03.wav","music|ceremony|of|galungan|in|street|percussion|bel|ad|cymbal|moving|2_120210_03wav|indonesia sound library by faunethic|charlie atanasyan"
"Village quiet children voices hen chicken and light traffic away_120202_01.wav","Indonesia sound library by Faunethic","Charlie Atanasyan","http://www.sonniss.com/sound-effects/indonesia-sound-library-faunethic/","/Sonniss - GDC 2017 - Game Audio Bundle/Charlie Atanasyan - Indonesia sound library by Faunethic/Village quiet children voices hen chicken and light traffic away_120202_01.wav","village|quiet|children|voices|hen|chicken|and|light|traffic|away_120202_01wav|indonesia sound library by faunethic|charlie atanasyan"
"Desert canyon quiet, light birds and wind, large reverb_160821_006.wav","Jordan sound library by Faunethic","Charlie Atanasyan","http://www.sonniss.com/sound-effects/jordan-sound-library-faunethic/","/Sonniss - GDC 2017 - Game Audio Bundle/Charlie Atanasyan - Jordan sound library by Faunethic/Desert canyon quiet, light birds and wind, large reverb_160821_006.wav","desert|canyon|quiet|light|birds|and|wind|large|reverb_160821_006wav|jordan sound library by faunethic|charlie atanasyan"
"Market souk medium voices activity and vendor shout _160818_005.wav","Jordan sound library by Faunethic","Charlie Atanasyan","http://www.sonniss.com/sound-effects/jordan-sound-library-faunethic/","/Sonniss - GDC 2017 - Game Audio Bundle/Charlie Atanasyan - Jordan sound library by Faunethic/Market souk medium voices activity and vendor shout _160818_005.wav","market|souk|medium|voices|activity|and|vendor|shout|_160818_005wav|jordan sound library by faunethic|charlie atanasyan"
"Muezzin from city very quiet at night from a roof top, wide reverb_160819_001.wav","Jordan sound library by Faunethic","Charlie Atanasyan","http://www.sonniss.com/sound-effects/jordan-sound-library-faunethic/","/Sonniss - GDC 2017 - Game Audio Bundle/Charlie Atanasyan - Jordan sound library by Faunethic/Muezzin from city very quiet at night from a roof top, wide reverb_160819_001.wav","muezzin|from|city|very|quiet|at|night|a|roof|top|wide|reverb_160819_001wav|jordan sound library by faunethic|charlie atanasyan"
"Village medium in a canyon voices activity and horses, wide reverb_160822_001.wav","Jordan sound library by Faunethic","Charlie Atanasyan","http://www.sonniss.com/sound-effects/jordan-sound-library-faunethic/","/Sonniss - GDC 2017 - Game Audio Bundle/Charlie Atanasyan - Jordan sound library by Faunethic/Village medium in a canyon voices activity and horses, wide reverb_160822_001.wav","village|medium|in|a|canyon|voices|activity|and|horses|wide|reverb_160822_001wav|jordan sound library by faunethic|charlie atanasyan"
"City place large music voices and light traffic away, taken from a roof top _160611_001.wav","Morocco sound library by Faunethic","Charlie Atanasyan","http://www.sonniss.com/sound-effects/morocco-sound-library-faunethic/","/Sonniss - GDC 2017 - Game Audio Bundle/Charlie Atanasyan - Morocco sound library by Faunethic/City place large music voices and light traffic away, taken from a roof top _160611_001.wav","city|place|large|music|voices|and|light|traffic|away|taken|from|a|roof|top|_160611_001wav|morocco sound library by faunethic|charlie atanasyan"
"Market for chicken hen and bird outdoor, voices and activity_160612_004.wav","Morocco sound library by Faunethic","Charlie Atanasyan","http://www.sonniss.com/sound-effects/morocco-sound-library-faunethic/","/Sonniss - GDC 2017 - Game Audio Bundle/Charlie Atanasyan - Morocco sound library by Faunethic/Market for chicken hen and bird outdoor, voices and activity_160612_004.wav","market|for|chicken|hen|and|bird|outdoor|voices|activity_160612_004wav|morocco sound library by faunethic|charlie atanasyan"
"MUS Flute traditionnel rita with tambourine_160618_008.wav","Morocco sound library by Faunethic","Charlie Atanasyan","http://www.sonniss.com/sound-effects/morocco-sound-library-faunethic/","/Sonniss - GDC 2017 - Game Audio Bundle/Charlie Atanasyan - Morocco sound library by Faunethic/MUS Flute traditionnel rita with tambourine_160618_008.wav","mus|flute|traditionnel|rita|with|tambourine_160618_008wav|morocco sound library by faunethic|charlie atanasyan"
"Village early the morning birds and insects from a palm farm_160615_001.wav","Morocco sound library by Faunethic","Charlie Atanasyan","http://www.sonniss.com/sound-effects/morocco-sound-library-faunethic/","/Sonniss - GDC 2017 - Game Audio Bundle/Charlie Atanasyan - Morocco sound library by Faunethic/Village early the morning birds and insects from a palm farm_160615_001.wav","village|early|the|morning|birds|and|insects|from|a|palm|farm_160615_001wav|morocco sound library by faunethic|charlie atanasyan"
"City park birds traffic bell of a temple and muezzin from a mosque the evening_120513_02.wav","North India sound library by Faunethic","Charlie Atanasyan","http://www.sonniss.com/sound-effects/north-india-sound-library-faunethic/","/Sonniss - GDC 2017 - Game Audio Bundle/Charlie Atanasyan - North India sound library by Faunethic/City park birds traffic bell of a temple and muezzin from a mosque the evening_120513_02.wav","city|park|birds|traffic|bell|of|a|temple|and|muezzin|from|mosque|the|evening_120513_02wav|north india sound library by faunethic|charlie atanasyan"
"Temple Hinduism indoor song singer and bells_120504_09.wav","North India sound library by Faunethic","Charlie Atanasyan","http://www.sonniss.com/sound-effects/north-india-sound-library-faunethic/","/Sonniss - GDC 2017 - Game Audio Bundle/Charlie Atanasyan - North India sound library by Faunethic/Temple Hinduism indoor song singer and bells_120504_09.wav","temple|hinduism|indoor|song|singer|and|bells_120504_09wav|north india sound library by faunethic|charlie atanasyan"
"Train station announcement train horn and crowd away wide_120502_00.wav","North India sound library by Faunethic","Charlie Atanasyan","http://www.sonniss.com/sound-effects/north-india-sound-library-faunethic/","/Sonniss - GDC 2017 - Game Audio Bundle/Charlie Atanasyan - North India sound library by Faunethic/Train station announcement train horn and crowd away wide_120502_00.wav","trainstation|very|large|announcement|and|crowd|away|train|station|train|horn|wide_120502_00wav|north india sound library by faunethic|charlie atanasyan"
"Village mountain very quiet and birds_120521_02.wav","North India sound library by Faunethic","Charlie Atanasyan","http://www.sonniss.com/sound-effects/north-india-sound-library-faunethic/","/Sonniss - GDC 2017 - Game Audio Bundle/Charlie Atanasyan - North India sound library by Faunethic/Village mountain very quiet and birds_120521_02.wav","village|mountain|very|quiet|and|birds_120521_02wav|north india sound library by faunethic|charlie atanasyan"
"City Skyline rumble light voices and traffic away from a roof at night_140226_00.wav","Philippines sound library by Faunethic","Charlie Atanasyan","http://www.sonniss.com/sound-effects/philippines-sound-library-faunethic/","/Sonniss - GDC 2017 - Game Audio Bundle/Charlie Atanasyan - Philippines sound library by Faunethic/City Skyline rumble light voices and traffic away from a roof at night_140226_00.wav","city|skyline|rumble|light|voices|and|traffic|away|from|a|roof|at|night_140226_00wav|philippines sound library by faunethic|charlie atanasyan"
"Forest quiet birds and wind the morning_140313_00.wav","Philippines sound library by Faunethic","Charlie Atanasyan","http://www.sonniss.com/sound-effects/philippines-sound-library-faunethic/","/Sonniss - GDC 2017 - Game Audio Bundle/Charlie Atanasyan - Philippines sound library by Faunethic/Forest quiet birds and wind the morning_140313_00.wav","forest|quiet|birds|and|wind|the|morning_140313_00wav|philippines sound library by faunethic|charlie atanasyan"
"Village quiet chicken hen symphony early the morning_140306_01.wav","Philippines sound library by Faunethic","Charlie Atanasyan","http://www.sonniss.com/sound-effects/philippines-sound-library-faunethic/","/Sonniss - GDC 2017 - Game Audio Bundle/Charlie Atanasyan - Philippines sound library by Faunethic/Village quiet chicken hen symphony early the morning_140306_01.wav","village|quiet|chicken|hen|symphony|early|the|morning_140306_01wav|philippines sound library by faunethic|charlie atanasyan"
"Village quiet insects birds dogs and light activity away_140301_04.wav","Philippines sound library by Faunethic","Charlie Atanasyan","http://www.sonniss.com/sound-effects/philippines-sound-library-faunethic/","/Sonniss - GDC 2017 - Game Audio Bundle/Charlie Atanasyan - Philippines sound library by Faunethic/Village quiet insects birds dogs and light activity away_140301_04.wav","village|quiet|insects|birds|dogs|and|light|activity|away_140301_04wav|philippines sound library by faunethic|charlie atanasyan"
"City place quiet birds bell light activity and animals 410.wav","South India sound library by Faunethic","Charlie Atanasyan","http://www.sonniss.com/sound-effects/south-india-sound-library-faunethic/","/Sonniss - GDC 2017 - Game Audio Bundle/Charlie Atanasyan - South India sound library by Faunethic/City place quiet birds bell light activity and animals 410.wav","place|quiet|birds|bell|and|animals|wide|city|place|light|activity|410wav|south india sound library by faunethic|charlie atanasyan"
"Forest frogs insects birds the morning 390.wav","South India sound library by Faunethic","Charlie Atanasyan","http://www.sonniss.com/sound-effects/south-india-sound-library-faunethic/","/Sonniss - GDC 2017 - Game Audio Bundle/Charlie Atanasyan - South India sound library by Faunethic/Forest frogs insects birds the morning 390.wav","forest|frogs|insect|birds|and|music|very|far|away|insects|the|morning|390wav|south india sound library by faunethic|charlie atanasyan"
"Jungle insects and birds passing wide the evening 313.wav","South India sound library by Faunethic","Charlie Atanasyan","http://www.sonniss.com/sound-effects/south-india-sound-library-faunethic/","/Sonniss - GDC 2017 - Game Audio Bundle/Charlie Atanasyan - South India sound library by Faunethic/Jungle insects and birds passing wide the evening 313.wav","jungle|birds|and|insects|wide|with|reverb|passing|the|evening|313wav|south india sound library by faunethic|charlie atanasyan"
"Rice field frogs and insects close, wide at night 376.wav","South India sound library by Faunethic","Charlie Atanasyan","http://www.sonniss.com/sound-effects/south-india-sound-library-faunethic/","/Sonniss - GDC 2017 - Game Audio Bundle/Charlie Atanasyan - South India sound library by Faunethic/Rice field frogs and insects close, wide at night 376.wav","rice|field|frogs|and|insects|close|the|night|wide|at|376wav|south india sound library by faunethic|charlie atanasyan"
"City park of temple birds and light  traffic away_120401_03.wav","Thailand sound library by Faunethic","Charlie Atanasyan","http://www.sonniss.com/sound-effects/thailand-sound-library-faunethic/","/Sonniss - GDC 2017 - Game Audio Bundle/Charlie Atanasyan - Thailand sound library by Faunethic/City park of temple birds and light  traffic away_120401_03.wav","city|park|of|temple|birds|and|light|traffic|away_120401_03wav|thailand sound library by faunethic|charlie atanasyan"
"Forest  cicadas insects and birds at night_120113_01.wav","Thailand sound library by Faunethic","Charlie Atanasyan","http://www.sonniss.com/sound-effects/thailand-sound-library-faunethic/","/Sonniss - GDC 2017 - Game Audio Bundle/Charlie Atanasyan - Thailand sound library by Faunethic/Forest  cicadas insects and birds at night_120113_01.wav","forest|cicadas|insects|and|birds|at|night_120113_01wav|thailand sound library by faunethic|charlie atanasyan"
"Jungle quiet insects and birds wide _120407_11.wav","Thailand sound library by Faunethic","Charlie Atanasyan","http://www.sonniss.com/sound-effects/thailand-sound-library-faunethic/","/Sonniss - GDC 2017 - Game Audio Bundle/Charlie Atanasyan - Thailand sound library by Faunethic/Jungle quiet insects and birds wide _120407_11.wav","jungle|quiet|insects|and|birds|wide|_120407_11wav|thailand sound library by faunethic|charlie atanasyan"
"Rain in forest the day_120118_13.wav","Thailand sound library by Faunethic","Charlie Atanasyan","http://www.sonniss.com/sound-effects/thailand-sound-library-faunethic/","/Sonniss - GDC 2017 - Game Audio Bundle/Charlie Atanasyan - Thailand sound library by Faunethic/Rain in forest the day_120118_13.wav","rain|in|forest|the|day_120118_13wav|thailand sound library by faunethic|charlie atanasyan"
"City Protest in street voices shouting and megaphone speech_140628_03.wav","Turkey sound library by Faunethic","Charlie Atanasyan","http://www.sonniss.com/sound-effects/turkey-sound-library-faunethic/","/Sonniss - GDC 2017 - Game Audio Bundle/Charlie Atanasyan - Turkey sound library by Faunethic/City Protest in street voices shouting and megaphone speech_140628_03.wav","city|protest|in|street|voices|shouting|and|megaphone|speech_140628_03wav|turkey sound library by faunethic|charlie atanasyan"
"City street commercial medium voices vendors and pedestrian activity_140627_05.wav","Turkey sound library by Faunethic","Charlie Atanasyan","http://www.sonniss.com/sound-effects/turkey-sound-library-faunethic/","/Sonniss - GDC 2017 - Game Audio Bundle/Charlie Atanasyan - Turkey sound library by Faunethic/City street commercial medium voices vendors and pedestrian activity_140627_05.wav","city|street|commercial|medium|voices|vendors|and|pedestrian|activity_140627_05wav|turkey sound library by faunethic|charlie atanasyan"
"City street large voices light birds and many muezzin away_140628_06.wav","Turkey sound library by Faunethic","Charlie Atanasyan","http://www.sonniss.com/sound-effects/turkey-sound-library-faunethic/","/Sonniss - GDC 2017 - Game Audio Bundle/Charlie Atanasyan - Turkey sound library by Faunethic/City street large voices light birds and many muezzin away_140628_06.wav","city|street|large|voices|light|birds|and|many|muezzin|away_140628_06wav|turkey sound library by faunethic|charlie atanasyan"
"Market big bazard indoor street voices and light activity_140711_05.wav","Turkey sound library by Faunethic","Charlie Atanasyan","http://www.sonniss.com/sound-effects/turkey-sound-library-faunethic/","/Sonniss - GDC 2017 - Game Audio Bundle/Charlie Atanasyan - Turkey sound library by Faunethic/Market big bazard indoor street voices and light activity_140711_05.wav","market|big|bazard|indoor|street|voices|and|light|activity_140711_05wav|turkey sound library by faunethic|charlie atanasyan"
"Glass,Bottle,Break,Smash,Messy.wav","Shards Broken Glass","Chris Skyes","http://www.sonniss.com/sound-effects/shards-broken-glass/","/Sonniss - GDC 2017 - Game Audio Bundle/Chris Skyes - Shards Broken Glass/Glass,Bottle,Break,Smash,Messy.wav","glass|bottle|break|smash|messy|messywav|shards broken glass|chris skyes"
"Glass,Shards,Smash,Medium Impact,Lots of Large Shards.wav","Shards Broken Glass","Chris Skyes","http://www.sonniss.com/sound-effects/shards-broken-glass/","/Sonniss - GDC 2017 - Game Audio Bundle/Chris Skyes - Shards Broken Glass/Glass,Shards,Smash,Medium Impact,Lots of Large Shards.wav","glass|shards|smash|medium|impact|lots|of|large|shardswav|shards broken glass|chris skyes"
"Window,Small,Break,Medium Impact,Large Amount of Clinking Pieces.wav","Shards Broken Glass","Chris Skyes","http://www.sonniss.com/sound-effects/shards-broken-glass/","/Sonniss - GDC 2017 - Game Audio Bundle/Chris Skyes - Shards Broken Glass/Window,Small,Break,Medium Impact,Large Amount of Clinking Pieces.wav","window|small|break|medium|impact|large|amount|of|clinking|pieces|pieceswav|shards broken glass|chris skyes"
"Window,Small,Crack,Medium Impact,Bright.wav","Shards Broken Glass","Chris Skyes","http://www.sonniss.com/sound-effects/shards-broken-glass/","/Sonniss - GDC 2017 - Game Audio Bundle/Chris Skyes - Shards Broken Glass/Window,Small,Crack,Medium Impact,Bright.wav","window|small|crack|medium|impact|bright|brightwav|shards broken glass|chris skyes"
"AMBIENCE Huge Waves 1m Away From Impact Point 2.wav","The Black Sea","Chris Skyes","http://www.sonniss.com/sound-effects/black-sea/","/Sonniss - GDC 2017 - Game Audio Bundle/Chris Skyes - The Black Sea/AMBIENCE Huge Waves 1m Away From Impact Point 2.wav","snote=natural|ambience|of|huge|waves|hitting|rocks|1|meter|away|from|the|microphone|these|sound|effects|were|recorded|at|black|sea|over|a|period|three|days|using|tascam|dr600mkii|and|rode|nt4|ambience|huge|waves|1m|away|from|impact|point|2wav|the black sea|chris skyes"
"AMBIENCE Huge Waves 2m Away From Impact Point 1.wav","The Black Sea","Chris Skyes","http://www.sonniss.com/sound-effects/black-sea/","/Sonniss - GDC 2017 - Game Audio Bundle/Chris Skyes - The Black Sea/AMBIENCE Huge Waves 2m Away From Impact Point 1.wav","snote=natural|ambience|of|huge|waves|hitting|rocks|2|meters|away|from|the|microphone|these|sound|effects|were|recorded|at|black|sea|over|a|period|three|days|using|tascam|dr600mkii|and|rode|nt4|ambience|huge|waves|2m|away|from|impact|point|1wav|the black sea|chris skyes"
"SFX Large Wave Splash on Rocks 21.wav","The Black Sea","Chris Skyes","http://www.sonniss.com/sound-effects/black-sea/","/Sonniss - GDC 2017 - Game Audio Bundle/Chris Skyes - The Black Sea/SFX Large Wave Splash on Rocks 21.wav","sfx|large|wave|splash|on|rocks|21wav|the black sea|chris skyes"
"SFX Medium Wave Splash on Rocks 12.wav","The Black Sea","Chris Skyes","http://www.sonniss.com/sound-effects/black-sea/","/Sonniss - GDC 2017 - Game Audio Bundle/Chris Skyes - The Black Sea/SFX Medium Wave Splash on Rocks 12.wav","sfx|medium|wave|splash|on|rocks|12wav|the black sea|chris skyes"
"SFX_Dot_Matrix_Vintage_Printer_Long_Burst_06.wav","Vintage Dot Matrix Printer","Chris Skyes","http://www.sonniss.com/sound-effects/vintage-dot-matrix-printer/","/Sonniss - GDC 2017 - Game Audio Bundle/Chris Skyes - Vintage Dot Matrix Printer/SFX_Dot_Matrix_Vintage_Printer_Long_Burst_06.wav","snote=vintage|epson|lq|570|dot|matrix|printer|long|burstsrecorded|on|a|tascam|dr60d|mkii|with|rode|ntg2|shotgun|microphone|sfx_dot_matrix_vintage_printer_long_burst_06wav|vintage dot matrix printer|chris skyes"
"SFX_Dot_Matrix_Vintage_Printer_Long_Burst_27.wav","Vintage Dot Matrix Printer","Chris Skyes","http://www.sonniss.com/sound-effects/vintage-dot-matrix-printer/","/Sonniss - GDC 2017 - Game Audio Bundle/Chris Skyes - Vintage Dot Matrix Printer/SFX_Dot_Matrix_Vintage_Printer_Long_Burst_27.wav","snote=vintage|epson|lq|570|dot|matrix|printer|long|burstsrecorded|on|a|tascam|dr60d|mkii|with|rode|ntg2|shotgun|microphone|sfx_dot_matrix_vintage_printer_long_burst_27wav|vintage dot matrix printer|chris skyes"
"SFX_Dot_Matrix_Vintage_Printer_Servo_47.wav","Vintage Dot Matrix Printer","Chris Skyes","http://www.sonniss.com/sound-effects/vintage-dot-matrix-printer/","/Sonniss - GDC 2017 - Game Audio Bundle/Chris Skyes - Vintage Dot Matrix Printer/SFX_Dot_Matrix_Vintage_Printer_Servo_47.wav","snote=vintage|epson|lq|570|dot|matrix|printer|servo|burstsrecorded|on|a|tascam|dr60d|mkii|with|rode|ntg2|shotgun|microphone|sfx_dot_matrix_vintage_printer_servo_47wav|vintage dot matrix printer|chris skyes"
"SFX_Dot_Matrix_Vintage_Printer_Short_Burst_024.wav","Vintage Dot Matrix Printer","Chris Skyes","http://www.sonniss.com/sound-effects/vintage-dot-matrix-printer/","/Sonniss - GDC 2017 - Game Audio Bundle/Chris Skyes - Vintage Dot Matrix Printer/SFX_Dot_Matrix_Vintage_Printer_Short_Burst_024.wav","snote=vintage|epson|lq|570|dot|matrix|printer|short|burstsrecorded|on|a|tascam|dr60d|mkii|with|rode|ntg2|shotgun|microphone|sfx_dot_matrix_vintage_printer_short_burst_024wav|vintage dot matrix printer|chris skyes"
"ALY04_AMBIENCE_ALLEY_Downtown_HVAC_Distant traffic.wav","Diffuse City","Collected Transients","http://www.sonniss.com/sound-effects/diffuse-city/","/Sonniss - GDC 2017 - Game Audio Bundle/Collected Transients - Diffuse City/ALY04_AMBIENCE_ALLEY_Downtown_HVAC_Distant traffic.wav","aly04|||alley|ambience|downtown|hvac|rumble|buzz|distant|city|traffic|light|voices|siren|united|states|america|aly04_ambience_alley_downtown_hvac_distant|trafficwav|diffuse city|collected transients"
"CNT01_EXTRA_TRAIN PASS BY_Arrival and departure_L train.wav","Diffuse City","Collected Transients","http://www.sonniss.com/sound-effects/diffuse-city/","/Sonniss - GDC 2017 - Game Audio Bundle/Collected Transients - Diffuse City/CNT01_EXTRA_TRAIN PASS BY_Arrival and departure_L train.wav","cnt01|||l|train|pass|by|arrival|and|departure|resonant|glass|contact|mic|cnt01_extra_train|pass|by_arrival|departure_l|trainwav|diffuse city|collected transients"
"RMB10_AMBIENCE_CITY RUMBLE_Large city_Light wind debris.wav","Diffuse City","Collected Transients","http://www.sonniss.com/sound-effects/diffuse-city/","/Sonniss - GDC 2017 - Game Audio Bundle/Collected Transients - Diffuse City/RMB10_AMBIENCE_CITY RUMBLE_Large city_Light wind debris.wav","rmb10|||city|rumble|ambience|large|city|low|hum|buzz|distant|traffic|light|debris|in|wind|urban|environment|empty|rmb10_ambience_city|rumble_large|city_light|debriswav|diffuse city|collected transients"
"UDG05_EXTRA_V2_CAR PASS BYS_Medium speed_Truck approach and depart.wav","Diffuse City","Collected Transients","http://www.sonniss.com/sound-effects/diffuse-city/","/Sonniss - GDC 2017 - Game Audio Bundle/Collected Transients - Diffuse City/UDG05_EXTRA_V2_CAR PASS BYS_Medium speed_Truck approach and depart.wav","udg05|||car|pass|bys|medium|speed|truck|approach|and|depart|small|tire|bumps|auto|udg05_extra_v2_car|pass|bys_medium|speed_truck|departwav|diffuse city|collected transients"
"Eulers Disk Spin_Sharp Edge_Mirror_ST.wav","rOtation","Collected Transients","http://www.sonniss.com/sound-effects/rotation/","/Sonniss - GDC 2017 - Game Audio Bundle/Collected Transients - rOtation/Eulers Disk Spin_Sharp Edge_Mirror_ST.wav","eulers|disk|spin|sharp|edge|||slicing|low|metallic|rotation|speed|up|zipping|snappy|stop|spin_sharp|edge_mirror_stwav|rotation|collected transients"
"Firework Spin_Helicopter Spinner_ST.wav","rOtation","Collected Transients","http://www.sonniss.com/sound-effects/rotation/","/Sonniss - GDC 2017 - Game Audio Bundle/Collected Transients - rOtation/Firework Spin_Helicopter Spinner_ST.wav","fireworks|spin|helicopter|spinner|||rocket|hiss|launch|firework|spin_helicopter|spinner_stwav|rotation|collected transients"
"Hurricane Balls Spin_1.0in_Glass Surface_Top_M.wav","rOtation","Collected Transients","http://www.sonniss.com/sound-effects/rotation/","/Sonniss - GDC 2017 - Game Audio Bundle/Collected Transients - rOtation/Hurricane Balls Spin_1.0in_Glass Surface_Top_M.wav","hurricane|balls|spin|10|in|glass|surface|top|||buzz|chatter|fast|to|slow|stop|balls|spin_10in_glass|surface_top_mwav|rotation|collected transients"
"Water Swirl_Metal Trashcan_Light_Medium_ST.wav","rOtation","Collected Transients","http://www.sonniss.com/sound-effects/rotation/","/Sonniss - GDC 2017 - Game Audio Bundle/Collected Transients - rOtation/Water Swirl_Metal Trashcan_Light_Medium_ST.wav","water|swirl|metal|trash|can|light|medium|speed|contact|||liquid|fluid|tank|slosh|swirl_metal|trashcan_light_medium_stwav|rotation|collected transients"
"DAYTIME, JUNCTION WITH BUSY TRAFFIC, CARS, MOTORBIKES, TRUCKS, HORNING, PEOPLE ON THE STREET, BIG CITY LIFE, BOMBAY, MUMBAI_INCREDIBLE_INDIA_VOL_II_14.WAV","INCREDIBLE SOUNDS OF INDIA COLLECTION","Creative Audio Pool","http://www.sonniss.com/sound-effects/incredible-sounds-india-collection/","/Sonniss - GDC 2017 - Game Audio Bundle/Creative Audio Pool - INCREDIBLE SOUNDS OF INDIA COLLECTION/DAYTIME, JUNCTION WITH BUSY TRAFFIC, CARS, MOTORBIKES, TRUCKS, HORNING, PEOPLE ON THE STREET, BIG CITY LIFE, BOMBAY, MUMBAI_INCREDIBLE_INDIA_VOL_II_14.WAV","daytime|junction|with|busy|traffic|cars|motorbikes|trucks|horning|people|on|the|street|big|city|life|bombay|mumbai_incredible_india_vol_ii_14|mumbai_incredible_india_vol_ii_14wav|incredible sounds of india collection|creative audio pool"
"DAYTIME, MORNING, BIRDS SINGING, BOAT PASSING IN DISTANCE, BUS HORNING, KALIPUR, ANDAMAN ISLANDS_INCREDIBLE_INDIA_VOL_I_31.WAV","INCREDIBLE SOUNDS OF INDIA COLLECTION","Creative Audio Pool","http://www.sonniss.com/sound-effects/incredible-sounds-india-collection/","/Sonniss - GDC 2017 - Game Audio Bundle/Creative Audio Pool - INCREDIBLE SOUNDS OF INDIA COLLECTION/DAYTIME, MORNING, BIRDS SINGING, BOAT PASSING IN DISTANCE, BUS HORNING, KALIPUR, ANDAMAN ISLANDS_INCREDIBLE_INDIA_VOL_I_31.WAV","daytime|morning|birds|singing|boat|passing|in|distance|bus|horning|kalipur|andaman|islands_incredible_india_vol_i_31wav|incredible sounds of india collection|creative audio pool"
"DAYTIME, MUSLIM PRAYER OVER CITY, TRAFFIC, PEOPLE, HORNING, GENERAL AMBIENCE IN JODPUR, RAJASTHAN_INCREDIBLE_INDIA_VOL_II_18.WAV","INCREDIBLE SOUNDS OF INDIA COLLECTION","Creative Audio Pool","http://www.sonniss.com/sound-effects/incredible-sounds-india-collection/","/Sonniss - GDC 2017 - Game Audio Bundle/Creative Audio Pool - INCREDIBLE SOUNDS OF INDIA COLLECTION/DAYTIME, MUSLIM PRAYER OVER CITY, TRAFFIC, PEOPLE, HORNING, GENERAL AMBIENCE IN JODPUR, RAJASTHAN_INCREDIBLE_INDIA_VOL_II_18.WAV","daytime|muslim|prayer|over|city|traffic|people|horning|general|ambience|in|jodpur|rajasthan_incredible_india_vol_ii_18|rajasthan_incredible_india_vol_ii_18wav|incredible sounds of india collection|creative audio pool"
"ROOMTONE IN BAMBOO HUT, MORNING, AT SUNRISE, BIRDS, NATURE, ROOSTER, WAVES IN BG, NEIL ISLAND ANDAMAN ISLANDS_INCREDIBLE_INDIA_VOL_I_58.WAV","INCREDIBLE SOUNDS OF INDIA COLLECTION","Creative Audio Pool","http://www.sonniss.com/sound-effects/incredible-sounds-india-collection/","/Sonniss - GDC 2017 - Game Audio Bundle/Creative Audio Pool - INCREDIBLE SOUNDS OF INDIA COLLECTION/ROOMTONE IN BAMBOO HUT, MORNING, AT SUNRISE, BIRDS, NATURE, ROOSTER, WAVES IN BG, NEIL ISLAND ANDAMAN ISLANDS_INCREDIBLE_INDIA_VOL_I_58.WAV","roomtone|in|bamboo|hut|morning|at|sunrise|birds|nature|rooster|waves|bg|neil|island|andaman|islands_incredible_india_vol_i_58|islands_incredible_india_vol_i_58wav|incredible sounds of india collection|creative audio pool"
"DAYTIME, ETIOPIAN FOOD MARKED, PEOPLE BARGAINING, CHATTING, WALLA MARKET_MOTHERLAND ETHIOPIA_05.WAV","MOTHERLAND ETHIOPIA","Creative Audio Pool","http://www.sonniss.com/sound-effects/motherland-ethiopia/","/Sonniss - GDC 2017 - Game Audio Bundle/Creative Audio Pool - MOTHERLAND ETHIOPIA/DAYTIME, ETIOPIAN FOOD MARKED, PEOPLE BARGAINING, CHATTING, WALLA MARKET_MOTHERLAND ETHIOPIA_05.WAV","daytime|etiopian|food|marked|people|bargaining|chatting|walla|market_motherland|ethiopia|ethiopia_05wav|motherland ethiopia|creative audio pool"
"DAYTIME, SMALL TOWN, BACKYARD, BIRDS, TRAFFIC IN DISTANCE, LEAVES IN WIND, MOJO_MOTHERLAND ETHIOPIA_10.WAV","MOTHERLAND ETHIOPIA","Creative Audio Pool","http://www.sonniss.com/sound-effects/motherland-ethiopia/","/Sonniss - GDC 2017 - Game Audio Bundle/Creative Audio Pool - MOTHERLAND ETHIOPIA/DAYTIME, SMALL TOWN, BACKYARD, BIRDS, TRAFFIC IN DISTANCE, LEAVES IN WIND, MOJO_MOTHERLAND ETHIOPIA_10.WAV","daytime|small|town|backyard|birds|traffic|in|distance|leaves|wind|mojo_motherland|ethiopia|ethiopia_10wav|motherland ethiopia|creative audio pool"
"DAYTIME, TREE MOVING IN WIND VERY CLOSE, WOOD CREAKING IN WIND, SMALL TOWN BACKYARD, BIRDS DECENT IN BG, THUNDER, CARS IN DISTANCE_MOTHERLAND ETHIOPIA_14.WAV","MOTHERLAND ETHIOPIA","Creative Audio Pool","http://www.sonniss.com/sound-effects/motherland-ethiopia/","/Sonniss - GDC 2017 - Game Audio Bundle/Creative Audio Pool - MOTHERLAND ETHIOPIA/DAYTIME, TREE MOVING IN WIND VERY CLOSE, WOOD CREAKING IN WIND, SMALL TOWN BACKYARD, BIRDS DECENT IN BG, THUNDER, CARS IN DISTANCE_MOTHERLAND ETHIOPIA_14.WAV","daytime|tree|moving|in|wind|very|close|wood|creaking|small|town|backyard|birds|decent|bg|thunder|cars|distance_motherland|ethiopia|ethiopia_14wav|motherland ethiopia|creative audio pool"
"NIGHTTIME, COUNTRYSIDE, VILLAGE LIFE, CICADES, FEMALES WORK IN KITCHEN INSIDE, RECORDED FROM PORCH, BACKGROUND TALKING IN AMHARIC, SHASHAMENE_MOTHERLAND ETHIOPIA_19.WAV","MOTHERLAND ETHIOPIA","Creative Audio Pool","http://www.sonniss.com/sound-effects/motherland-ethiopia/","/Sonniss - GDC 2017 - Game Audio Bundle/Creative Audio Pool - MOTHERLAND ETHIOPIA/NIGHTTIME, COUNTRYSIDE, VILLAGE LIFE, CICADES, FEMALES WORK IN KITCHEN INSIDE, RECORDED FROM PORCH, BACKGROUND TALKING IN AMHARIC, SHASHAMENE_MOTHERLAND ETHIOPIA_19.WAV","nighttime|countryside|village|life|cicades|females|work|in|kitchen|inside|recorded|from|porch|background|talking|amharic|shashamene_motherland|ethiopia|ethiopia_19wav|motherland ethiopia|creative audio pool"
"BERLIN_HARDWARE STORE_CASH AREA NEAR ESCALATOR_TYPICAL BUSINESS_ANNOUNCEMENT_VOICES_VERS11, UB01-023.wav","URBAN BERLIN VOL. 1","Creative Audio Pool","http://www.sonniss.com/sound-effects/urban-berlin-vol-1/","/Sonniss - GDC 2017 - Game Audio Bundle/Creative Audio Pool - URBAN BERLIN VOL. 1/BERLIN_HARDWARE STORE_CASH AREA NEAR ESCALATOR_TYPICAL BUSINESS_ANNOUNCEMENT_VOICES_VERS11, UB01-023.wav","berlin_hardware|store_cash|area|near|escalator_typical|business_announcement_voices_vers11|ub01023wav|urban berlin vol. 1|creative audio pool"
"BERLIN_HARDWARE STORE_WOOD SHOP AREA_CIRCULAR SAW 2 TIMES MID DISTANT_VOICES_VERS7, UB01-039.wav","URBAN BERLIN VOL. 1","Creative Audio Pool","http://www.sonniss.com/sound-effects/urban-berlin-vol-1/","/Sonniss - GDC 2017 - Game Audio Bundle/Creative Audio Pool - URBAN BERLIN VOL. 1/BERLIN_HARDWARE STORE_WOOD SHOP AREA_CIRCULAR SAW 2 TIMES MID DISTANT_VOICES_VERS7, UB01-039.wav","berlin_hardware|store_wood|shop|area_circular|saw|2|times|mid|distant_voices_vers7|ub01039wav|urban berlin vol. 1|creative audio pool"
"BERLIN_HAUPTBAHNHOF_STATION HALL CLOSE TO ELEVATOR_UNDERGROND LEVEL_DISTANT TRAINS INCOMING AND OUTGOING_PEOPLE WALK BY_ANNOUNCEMENTS_WALLA4, UB01-044.wav","URBAN BERLIN VOL. 1","Creative Audio Pool","http://www.sonniss.com/sound-effects/urban-berlin-vol-1/","/Sonniss - GDC 2017 - Game Audio Bundle/Creative Audio Pool - URBAN BERLIN VOL. 1/BERLIN_HAUPTBAHNHOF_STATION HALL CLOSE TO ELEVATOR_UNDERGROND LEVEL_DISTANT TRAINS INCOMING AND OUTGOING_PEOPLE WALK BY_ANNOUNCEMENTS_WALLA4, UB01-044.wav","berlin_hauptbahnhof_station|hall|close|to|elevator_undergrond|level_distant|trains|incoming|and|outgoing_people|walk|by_announcements_walla4|ub01044wav|urban berlin vol. 1|creative audio pool"
"BERLIN_KREUZBERG_HOHNESTAUFFENPLATZ_PLAYGROUND_KIDS PLAYING_DISTANT TRAFFIC1, UB01-054.wav","URBAN BERLIN VOL. 1","Creative Audio Pool","http://www.sonniss.com/sound-effects/urban-berlin-vol-1/","/Sonniss - GDC 2017 - Game Audio Bundle/Creative Audio Pool - URBAN BERLIN VOL. 1/BERLIN_KREUZBERG_HOHNESTAUFFENPLATZ_PLAYGROUND_KIDS PLAYING_DISTANT TRAFFIC1, UB01-054.wav","berlin_kreuzberg_hohnestauffenplatz_playground_kids|playing_distant|traffic1|ub01054wav|urban berlin vol. 1|creative audio pool"
"BERLIN, BACKYARD KOTTBUSSER TOR, ADALBERTSTR, CITY RUMBLE, CARS AND TRAIN IN DISTANCE, BIRDS IN DISTANCE, KIDS, CHATTING OF MEN PASSING, KREUZBERG BERLIN, UB02-09.wav","URBAN BERLIN VOL. 2","Creative Audio Pool","http://www.sonniss.com/sound-effects/urban-berlin-vol-2/","/Sonniss - GDC 2017 - Game Audio Bundle/Creative Audio Pool - URBAN BERLIN VOL. 2/BERLIN, BACKYARD KOTTBUSSER TOR, ADALBERTSTR, CITY RUMBLE, CARS AND TRAIN IN DISTANCE, BIRDS IN DISTANCE, KIDS, CHATTING OF MEN PASSING, KREUZBERG BERLIN, UB02-09.wav","berlin|backyard|kottbusser|tor|adalbertstr|city|rumble|cars|and|train|in|distance|birds|kids|chatting|of|men|passing|kreuzberg|ub0209wav|urban berlin vol. 2|creative audio pool"
"BERLIN, EUROPA CENTER GROUND FLOOR NEAR ELEVATOR, CALM SHOPPING MALL, SOME TOURISTS, PEOPLE TALKING WALLA, UB02-23.wav","URBAN BERLIN VOL. 2","Creative Audio Pool","http://www.sonniss.com/sound-effects/urban-berlin-vol-2/","/Sonniss - GDC 2017 - Game Audio Bundle/Creative Audio Pool - URBAN BERLIN VOL. 2/BERLIN, EUROPA CENTER GROUND FLOOR NEAR ELEVATOR, CALM SHOPPING MALL, SOME TOURISTS, PEOPLE TALKING WALLA, UB02-23.wav","berlin|europa|center|ground|floor|near|elevator|calm|shopping|mall|some|tourists|people|talking|walla|ub0223wav|urban berlin vol. 2|creative audio pool"
"BERLIN, NIKOLAI CHURCH ROOMTONE, PEOPLE CHATTING, BIG ROOM REVERB, MIC TO THE ENTRY, UB02-37.wav","URBAN BERLIN VOL. 2","Creative Audio Pool","http://www.sonniss.com/sound-effects/urban-berlin-vol-2/","/Sonniss - GDC 2017 - Game Audio Bundle/Creative Audio Pool - URBAN BERLIN VOL. 2/BERLIN, NIKOLAI CHURCH ROOMTONE, PEOPLE CHATTING, BIG ROOM REVERB, MIC TO THE ENTRY, UB02-37.wav","berlin|nikolai|church|roomtone|people|chatting|big|room|reverb|mic|to|the|entry|ub0237wav|urban berlin vol. 2|creative audio pool"
"BERLIN, PLATTFORM U-BAHN STATION KOTTBUSSER TOR, TRAIN STOPS MOVES ON, SIGNAL. VOICES, CAR HORN IN DIST, UB02-44.wav","URBAN BERLIN VOL. 2","Creative Audio Pool","http://www.sonniss.com/sound-effects/urban-berlin-vol-2/","/Sonniss - GDC 2017 - Game Audio Bundle/Creative Audio Pool - URBAN BERLIN VOL. 2/BERLIN, PLATTFORM U-BAHN STATION KOTTBUSSER TOR, TRAIN STOPS MOVES ON, SIGNAL. VOICES, CAR HORN IN DIST, UB02-44.wav","berlin|plattform|ubahn|station|kottbusser|tor|train|stops|moves|on|signal|voices|car|horn|in|dist|ub0244wav|urban berlin vol. 2|creative audio pool"
"MKH3040_chain rattle close 1.wav","Chain Ferry","Detunized","http://www.sonniss.com/sound-effects/chain-ferry/","/Sonniss - GDC 2017 - Game Audio Bundle/Detunized - Chain Ferry/MKH3040_chain rattle close 1.wav","ferry|departures|intense|chain|rattling|mkh3040_chain|rattle|close|1wav|chain ferry|detunized"
"MKH3040_ferry engine start and departure, chain rattling.wav","Chain Ferry","Detunized","http://www.sonniss.com/sound-effects/chain-ferry/","/Sonniss - GDC 2017 - Game Audio Bundle/Detunized - Chain Ferry/MKH3040_ferry engine start and departure, chain rattling.wav","ambience|engine|start|departure|to|opposite|river|side|chain|rattling|closeup|rumble|from|ship|body|mkh3040_ferry|and|rattlingwav|chain ferry|detunized"
"Detunized-Infinite-North-38.wav","Infinite","Detunized","http://www.sonniss.com/sound-effects/infinite/","/Sonniss - GDC 2017 - Game Audio Bundle/Detunized - Infinite/Detunized-Infinite-North-38.wav","detunizedinfinitenorth38wav|infinite|detunized"
"Detunized-Infinite-North-88.wav","Infinite","Detunized","http://www.sonniss.com/sound-effects/infinite/","/Sonniss - GDC 2017 - Game Audio Bundle/Detunized - Infinite/Detunized-Infinite-North-88.wav","detunizedinfinitenorth88wav|infinite|detunized"
"Detunized-Infinite-South-10.wav","Infinite","Detunized","http://www.sonniss.com/sound-effects/infinite/","/Sonniss - GDC 2017 - Game Audio Bundle/Detunized - Infinite/Detunized-Infinite-South-10.wav","detunizedinfinitesouth10wav|infinite|detunized"
"Detunized-Infinite-South-24.wav","Infinite","Detunized","http://www.sonniss.com/sound-effects/infinite/","/Sonniss - GDC 2017 - Game Audio Bundle/Detunized - Infinite/Detunized-Infinite-South-24.wav","detunizedinfinitesouth24wav|infinite|detunized"
"LM1 - Crank Handle - Full Run 01 - LS3.wav","Laundry Mangles","Detunized","http://www.sonniss.com/sound-effects/laundry-mangles/","/Sonniss - GDC 2017 - Game Audio Bundle/Detunized - Laundry Mangles/LM1 - Crank Handle - Full Run 01 - LS3.wav","close|to|crank|handle|moving|laundry|mangle|several|metallic|hits|decelerating|stop|lm1|crank|handle|full|run|01|ls3wav|laundry mangles|detunized"
"LM4 - Crank Handle - Various Rev 13 - EDU172-AB.wav","Laundry Mangles","Detunized","http://www.sonniss.com/sound-effects/laundry-mangles/","/Sonniss - GDC 2017 - Game Audio Bundle/Detunized - Laundry Mangles/LM4 - Crank Handle - Various Rev 13 - EDU172-AB.wav","various|crank|operations|handle|groans|squeaks|from|wood|metallic|clunk|at|the|end|lm4|crank|handle|various|rev|13|edu172abwav|laundry mangles|detunized"
"LM4 - Crank Handle - Various Rev 15 - EDU172-AB.wav","Laundry Mangles","Detunized","http://www.sonniss.com/sound-effects/laundry-mangles/","/Sonniss - GDC 2017 - Game Audio Bundle/Detunized - Laundry Mangles/LM4 - Crank Handle - Various Rev 15 - EDU172-AB.wav","various|crank|operations|groans|clunks|squeaks|lm4|crank|handle|various|rev|15|edu172abwav|laundry mangles|detunized"
"LM4 - Electric Belt Drive - Full Run 06 - 60AKG-MS.wav","Laundry Mangles","Detunized","http://www.sonniss.com/sound-effects/laundry-mangles/","/Sonniss - GDC 2017 - Game Audio Bundle/Detunized - Laundry Mangles/LM4 - Electric Belt Drive - Full Run 06 - 60AKG-MS.wav","full|run|with|belt|drive|motor|start|idle|closing|of|the|protective|grating|squeaks|and|creaks|power|off|lm4|electric|belt|drive|full|run|06|60akgmswav|laundry mangles|detunized"
"RT_office, heater tone 2.wav","Room Tones - Office Building","Detunized","http://www.sonniss.com/sound-effects/room-tones-office-building/","/Sonniss - GDC 2017 - Game Audio Bundle/Detunized - Room Tones - Office Building/RT_office, heater tone 2.wav","office|steady|tone|and|some|plops|from|water|rising|in|heater|rt_office|2wav|room tones - office building|detunized"
"RT_office, turn on off computers.wav","Room Tones - Office Building","Detunized","http://www.sonniss.com/sound-effects/room-tones-office-building/","/Sonniss - GDC 2017 - Game Audio Bundle/Detunized - Room Tones - Office Building/RT_office, turn on off computers.wav","office|room|neon|light|hum|boot|and|shut|down|of|two|computers|rt_office|turn|on|off|computerswav|room tones - office building|detunized"
"RT_sanitary rooms, windows tilted, rustling plastic in trash can.wav","Room Tones - Office Building","Detunized","http://www.sonniss.com/sound-effects/room-tones-office-building/","/Sonniss - GDC 2017 - Game Audio Bundle/Detunized - Room Tones - Office Building/RT_sanitary rooms, windows tilted, rustling plastic in trash can.wav","sanitary|room|windows|tilted|outside|ambience|distant|voices|in|backyard|rt_sanitary|rooms|rustling|plastic|trash|canwav|room tones - office building|detunized"
"RT_stairhead A, loading elevator.wav","Room Tones - Office Building","Detunized","http://www.sonniss.com/sound-effects/room-tones-office-building/","/Sonniss - GDC 2017 - Game Audio Bundle/Detunized - Room Tones - Office Building/RT_stairhead A, loading elevator.wav","stairhead|4th|floor|service|person|laods|elevator|rt_stairhead|a|loading|elevatorwav|room tones - office building|detunized"
"06_brush_1shots_A_acoustic.wav","The Keyless Piano Body","Detunized","http://www.sonniss.com/sound-effects/keyless-piano-body/","/Sonniss - GDC 2017 - Game Audio Bundle/Detunized - The Keyless Piano Body/06_brush_1shots_A_acoustic.wav","06_brush_1shots_a_acousticwav|the keyless piano body|detunized"
"29_brush_1shots_B_contact1.wav","The Keyless Piano Body","Detunized","http://www.sonniss.com/sound-effects/keyless-piano-body/","/Sonniss - GDC 2017 - Game Audio Bundle/Detunized - The Keyless Piano Body/29_brush_1shots_B_contact1.wav","29_brush_1shots_b_contact1wav|the keyless piano body|detunized"
"EDUcon__B3.wav","The Keyless Piano Body","Detunized","http://www.sonniss.com/sound-effects/keyless-piano-body/","/Sonniss - GDC 2017 - Game Audio Bundle/Detunized - The Keyless Piano Body/EDUcon__B3.wav","educon__b3wav|the keyless piano body|detunized"
"Rolfing_Piano_glas_along_strings_18_looped.wav","The Keyless Piano Body","Detunized","http://www.sonniss.com/sound-effects/keyless-piano-body/","/Sonniss - GDC 2017 - Game Audio Bundle/Detunized - The Keyless Piano Body/Rolfing_Piano_glas_along_strings_18_looped.wav","rolfing_piano_glas_along_strings_18_loopedwav|the keyless piano body|detunized"
"Interior_Tones_05.wav","Abstract Interior Tones","Digital Rain Lab","http://www.sonniss.com/sound-effects/abstract-interior-tones/","/Sonniss - GDC 2017 - Game Audio Bundle/Digital Rain Lab - Abstract Interior Tones/Interior_Tones_05.wav","ambience|bg|background|room|tone|drone|space|scifi|science|fiction|soundscape|static|digital|rain|lab|interior_tones_05wav|abstract interior tones|digital rain lab"
"Interior_Tones_12.wav","Abstract Interior Tones","Digital Rain Lab","http://www.sonniss.com/sound-effects/abstract-interior-tones/","/Sonniss - GDC 2017 - Game Audio Bundle/Digital Rain Lab - Abstract Interior Tones/Interior_Tones_12.wav","ambience|bg|background|room|tone|drone|space|scifi|science|fiction|soundscape|static|digital|rain|lab|interior_tones_12wav|abstract interior tones|digital rain lab"
"Interior_Tones_31.wav","Abstract Interior Tones","Digital Rain Lab","http://www.sonniss.com/sound-effects/abstract-interior-tones/","/Sonniss - GDC 2017 - Game Audio Bundle/Digital Rain Lab - Abstract Interior Tones/Interior_Tones_31.wav","ambience|bg|background|room|tone|drone|space|scifi|science|fiction|soundscape|static|digital|rain|lab|interior_tones_31wav|abstract interior tones|digital rain lab"
"Interior_Tones_66.wav","Abstract Interior Tones","Digital Rain Lab","http://www.sonniss.com/sound-effects/abstract-interior-tones/","/Sonniss - GDC 2017 - Game Audio Bundle/Digital Rain Lab - Abstract Interior Tones/Interior_Tones_66.wav","ambience|bg|background|room|tone|drone|space|scifi|science|fiction|soundscape|static|digital|rain|lab|interior_tones_66wav|abstract interior tones|digital rain lab"
"Essential 13 high rpm.wav","Driving Forces","Digital Rain Lab","http://www.sonniss.com/sound-effects/driving-forces/","/Sonniss - GDC 2017 - Game Audio Bundle/Digital Rain Lab - Driving Forces/Essential 13 high rpm.wav","essential|engine|scifi|tone|static|vehicle|spacecraft|spaceship|layer|high|rpm|essential|13|rpmwav|driving forces|digital rain lab"
"Gas Burner Stereo 4.wav","Driving Forces","Digital Rain Lab","http://www.sonniss.com/sound-effects/driving-forces/","/Sonniss - GDC 2017 - Game Audio Bundle/Digital Rain Lab - Driving Forces/Gas Burner Stereo 4.wav","gas|burner|flames|fire|ripping|recording|stutter|bright|gas|burner|stereo|4wav|driving forces|digital rain lab"
"Mothership 5.wav","Driving Forces","Digital Rain Lab","http://www.sonniss.com/sound-effects/driving-forces/","/Sonniss - GDC 2017 - Game Audio Bundle/Digital Rain Lab - Driving Forces/Mothership 5.wav","mothership|spaceship|spacecraft|vehicle|scifi|engine|levitation|tone|layer|low|huge|mothership|5wav|driving forces|digital rain lab"
"Power Core 3.wav","Driving Forces","Digital Rain Lab","http://www.sonniss.com/sound-effects/driving-forces/","/Sonniss - GDC 2017 - Game Audio Bundle/Digital Rain Lab - Driving Forces/Power Core 3.wav","power|core|electricity|engine|force|scifi|vehicle|spaceship|futuristic|pulsating|power|core|3wav|driving forces|digital rain lab"
"CNC milling machine working 4 stereo .wav","Woodwork","Digital Rain Lab","http://www.sonniss.com/sound-effects/woodwork/","/Sonniss - GDC 2017 - Game Audio Bundle/Digital Rain Lab - Woodwork/CNC milling machine working 4 stereo .wav","cnc|computer|servo|automatic|machine|milling|mill|wood|woodwork|working|stereo|cnc|4|wav|woodwork|digital rain lab"
"drill drilling woodblock mono.wav","Woodwork","Digital Rain Lab","http://www.sonniss.com/sound-effects/woodwork/","/Sonniss - GDC 2017 - Game Audio Bundle/Digital Rain Lab - Woodwork/drill drilling woodblock mono.wav","drill|wood|industrial|machine|drilling|woodblock|working|construction|mono|monowav|woodwork|digital rain lab"
"hand sawing metal 2 stereo .wav","Woodwork","Digital Rain Lab","http://www.sonniss.com/sound-effects/woodwork/","/Sonniss - GDC 2017 - Game Audio Bundle/Digital Rain Lab - Woodwork/hand sawing metal 2 stereo .wav","saw|sawing|manual|woodwork|carpentry|construction|craft|metal|stereo|hand|2|wav|woodwork|digital rain lab"
"screwdriver screwing 4 mono.wav","Woodwork","Digital Rain Lab","http://www.sonniss.com/sound-effects/woodwork/","/Sonniss - GDC 2017 - Game Audio Bundle/Digital Rain Lab - Woodwork/screwdriver screwing 4 mono.wav","screwdriver|servo|electric|wood|woodwork|screwing|working|mono|4|monowav|woodwork|digital rain lab"
"CEFA - Drone Bass Front Belt Rattle 01.wav","Cement Factory","Double Trouble Audio","http://www.sonniss.com/sound-effects/cement-factory/","/Sonniss - GDC 2017 - Game Audio Bundle/Double Trouble Audio - Cement Factory/CEFA - Drone Bass Front Belt Rattle 01.wav","factory|industrial|machine|ambience|drone;|drone|bass|front|belt|rattle|cefa|01wav|cement factory|double trouble audio"
"CEFA - Drone Bass Squeaky Cog Close 01.wav","Cement Factory","Double Trouble Audio","http://www.sonniss.com/sound-effects/cement-factory/","/Sonniss - GDC 2017 - Game Audio Bundle/Double Trouble Audio - Cement Factory/CEFA - Drone Bass Squeaky Cog Close 01.wav","factory|industrial|machine|ambience|drone;|drone|bass|squeaky|cog|close|cefa|01wav|cement factory|double trouble audio"
"CEFA - Engine and Rock Rattle Hard 02.wav","Cement Factory","Double Trouble Audio","http://www.sonniss.com/sound-effects/cement-factory/","/Sonniss - GDC 2017 - Game Audio Bundle/Double Trouble Audio - Cement Factory/CEFA - Engine and Rock Rattle Hard 02.wav","factory|industrial|machine|ambience|drone;|engine|and|rock|rattle|hard|cefa|02wav|cement factory|double trouble audio"
"CEFA - Machines With Clanky Bright Background 01.wav","Cement Factory","Double Trouble Audio","http://www.sonniss.com/sound-effects/cement-factory/","/Sonniss - GDC 2017 - Game Audio Bundle/Double Trouble Audio - Cement Factory/CEFA - Machines With Clanky Bright Background 01.wav","factory|industrial|machine|ambience|drone;|machines|with|clanky|bright|background|cefa|01wav|cement factory|double trouble audio"
"FLWA 07 - Creek, water, flowing, splashing.wav","Flowing Water","Double Trouble Audio","http://www.sonniss.com/sound-effects/flowing-water/","/Sonniss - GDC 2017 - Game Audio Bundle/Double Trouble Audio - Flowing Water/FLWA 07 - Creek, water, flowing, splashing.wav","water|flowing|movement;|creek|water|flowing|splashing|flwa|07|splashingwav|flowing water|double trouble audio"
"FLWA 74 - Dam, water, flowing, splashing, waves, clucking, movement.wav","Flowing Water","Double Trouble Audio","http://www.sonniss.com/sound-effects/flowing-water/","/Sonniss - GDC 2017 - Game Audio Bundle/Double Trouble Audio - Flowing Water/FLWA 74 - Dam, water, flowing, splashing, waves, clucking, movement.wav","water|flowing|movement;|dam|water|flowing|splashing|waves|clucking|movement|flwa|74|movementwav|flowing water|double trouble audio"
"FLWA 92 - Dam, water, flowing, steady flow, close, rumble.wav","Flowing Water","Double Trouble Audio","http://www.sonniss.com/sound-effects/flowing-water/","/Sonniss - GDC 2017 - Game Audio Bundle/Double Trouble Audio - Flowing Water/FLWA 92 - Dam, water, flowing, steady flow, close, rumble.wav","water|flowing|movement;|dam|water|flowing|steady|flow|close|rumble|flwa|92|rumblewav|flowing water|double trouble audio"
"FLWA 110 - Dam, water, flowing, close, small, steady flow.wav","Flowing Water","Double Trouble Audio","http://www.sonniss.com/sound-effects/flowing-water/","/Sonniss - GDC 2017 - Game Audio Bundle/Double Trouble Audio - Flowing Water/FLWA 110 - Dam, water, flowing, close, small, steady flow.wav","water|flowing|movement;|dam|water|flowing|close|small|steady|flow|flwa|110|flowwav|flowing water|double trouble audio"
"Cans and Small Containers - Aluminum Cans, Rustle, Drop 03.wav","Junk and Debris","Double Trouble Audio","http://www.sonniss.com/sound-effects/junk-debris/","/Sonniss - GDC 2017 - Game Audio Bundle/Double Trouble Audio - Junk and Debris/Cans and Small Containers - Aluminum Cans, Rustle, Drop 03.wav","debris|junk|foley;|aluminium|cans|in|paper|bag|rustle|small|container|drop|cans|and|small|containers|aluminum|drop|03wav|junk and debris|double trouble audio"
"Cans and Small Containers - Processed (Tape) Junk, Metal, Aluminum Cans, Rustle, Long Tail 01.wav","Junk and Debris","Double Trouble Audio","http://www.sonniss.com/sound-effects/junk-debris/","/Sonniss - GDC 2017 - Game Audio Bundle/Double Trouble Audio - Junk and Debris/Cans and Small Containers - Processed (Tape) Junk, Metal, Aluminum Cans, Rustle, Long Tail 01.wav","debris|junk|foley;|junk|metal|aluminium|cans|rustle|small|containers|long|tail|cans|and|small|containers|processed|(tape)|metal|aluminum|rustle|long|tail|01wav|junk and debris|double trouble audio"
"Pile of Scrap Metal - Metal Scrap Pile, Rustle, Drop, Long Tail 03.wav","Junk and Debris","Double Trouble Audio","http://www.sonniss.com/sound-effects/junk-debris/","/Sonniss - GDC 2017 - Game Audio Bundle/Double Trouble Audio - Junk and Debris/Pile of Scrap Metal - Metal Scrap Pile, Rustle, Drop, Long Tail 03.wav","debris|junk|foley;|pile|of|metal|scrap|rustle|drop|long|tail|scrap|metal|drop|long|tail|03wav|junk and debris|double trouble audio"
"Styrofoam - Pile of Styrofoam, Handling, Drop, Long Tail 07.wav","Junk and Debris","Double Trouble Audio","http://www.sonniss.com/sound-effects/junk-debris/","/Sonniss - GDC 2017 - Game Audio Bundle/Double Trouble Audio - Junk and Debris/Styrofoam - Pile of Styrofoam, Handling, Drop, Long Tail 07.wav","debris|junk|foley;|pile|of|styrofoam|drop|dropping|handling|long|tail|styrofoam|handling|drop|long|tail|07wav|junk and debris|double trouble audio"
"Close Up - Machine, Air Compressor, Crackling, Servo 01.wav","Machine Hall","Double Trouble Audio","http://www.sonniss.com/sound-effects/machine-hall/","/Sonniss - GDC 2017 - Game Audio Bundle/Double Trouble Audio - Machine Hall/Close Up - Machine, Air Compressor, Crackling, Servo 01.wav","industry|machine|ambience|busy;|multiple|machines|working|busy|industry|floor|air|release|valves|robot|arm|hydraulics|close|up|machine|air|compressor|crackling|servo|01wav|machine hall|double trouble audio"
"Distant - Machine Hall, Ambiance, Big Motors 01.wav","Machine Hall","Double Trouble Audio","http://www.sonniss.com/sound-effects/machine-hall/","/Sonniss - GDC 2017 - Game Audio Bundle/Double Trouble Audio - Machine Hall/Distant - Machine Hall, Ambiance, Big Motors 01.wav","industry|machine|ambience|busy;|busy|industry|floor|lots|of|machines|in|background|heavy|with|hydraulics|distant|machine|hall|ambiance|big|motors|01wav|machine hall|double trouble audio"
"Medium Distance - Machine Hall, Ambiance, Air Compressor, Hydraulics 01.wav","Machine Hall","Double Trouble Audio","http://www.sonniss.com/sound-effects/machine-hall/","/Sonniss - GDC 2017 - Game Audio Bundle/Double Trouble Audio - Machine Hall/Medium Distance - Machine Hall, Ambiance, Air Compressor, Hydraulics 01.wav","industry|machine|ambience|calm;|air|pressure|release|valves|with|general|machine|ambiance|in|background|hydraulic|lifts|medium|distance|machine|hall|ambiance|compressor|hydraulics|01wav|machine hall|double trouble audio"
"Medium Distance - Machine, Clicking, Air Compressor 01.wav","Machine Hall","Double Trouble Audio","http://www.sonniss.com/sound-effects/machine-hall/","/Sonniss - GDC 2017 - Game Audio Bundle/Double Trouble Audio - Machine Hall/Medium Distance - Machine, Clicking, Air Compressor 01.wav","industry|machine|ambience|calm;|calm|industry|floor|ambience|with|air|clanking|machinery|hydraulics|and|pressure|release|valves|medium|distance|machine|clicking|air|compressor|01wav|machine hall|double trouble audio"
"Chainmail_Impact_Hard_03.wav","Medieval Armor and Impacts","Double Trouble Audio","http://www.sonniss.com/sound-effects/medieval-armor-impacts/","/Sonniss - GDC 2017 - Game Audio Bundle/Double Trouble Audio - Medieval Armor and Impacts/Chainmail_Impact_Hard_03.wav","medieval|armor|chainmail|impact|hard;|very|hard|single|impact|on|chain|mail|armor|chainmail_impact_hard_03wav|medieval armor and impacts|double trouble audio"
"LeatherArmor_Rustle_03.wav","Medieval Armor and Impacts","Double Trouble Audio","http://www.sonniss.com/sound-effects/medieval-armor-impacts/","/Sonniss - GDC 2017 - Game Audio Bundle/Double Trouble Audio - Medieval Armor and Impacts/LeatherArmor_Rustle_03.wav","medieval|armor|leather|movement|rustle;|rolling|movement|and|rustle|type|sound|from|a|leather|armor|movement|no|footsteps|leatherarmor_rustle_03wav|medieval armor and impacts|double trouble audio"
"Plate_Impact_Hard_02.wav","Medieval Armor and Impacts","Double Trouble Audio","http://www.sonniss.com/sound-effects/medieval-armor-impacts/","/Sonniss - GDC 2017 - Game Audio Bundle/Double Trouble Audio - Medieval Armor and Impacts/Plate_Impact_Hard_02.wav","medieval|armor|plate|impact|hard;|very|hard|single|impact|on|plate|armor|plate_impact_hard_02wav|medieval armor and impacts|double trouble audio"
"Weapon_Impact_Parry_01.wav","Medieval Armor and Impacts","Double Trouble Audio","http://www.sonniss.com/sound-effects/medieval-armor-impacts/","/Sonniss - GDC 2017 - Game Audio Bundle/Double Trouble Audio - Medieval Armor and Impacts/Weapon_Impact_Parry_01.wav","medieval|armor|weapon|impact|parry;|metal|weapon|impacts|another|metal|ringing|parrying|parry|weapon_impact_parry_01wav|medieval armor and impacts|double trouble audio"
"MR - Large Metal Air Drum C, Dark Resonance, Creaking, Metal [192 kHz].wav","Metal Resonances","Double Trouble Audio","http://www.sonniss.com/sound-effects/metal-resonances/","/Sonniss - GDC 2017 - Game Audio Bundle/Double Trouble Audio - Metal Resonances/MR - Large Metal Air Drum C, Dark Resonance, Creaking, Metal [192 kHz].wav","metal|resonances|dry|ice;|large|metal|air|drum|c|dark|resonance|creaking|mr|[192|khz]wav|metal resonances|double trouble audio"
"MR - Medium Long Metal Square B, Bright Harsh Squeaking, Tonal Feedback, Ringing [96 kHz].wav","Metal Resonances","Double Trouble Audio","http://www.sonniss.com/sound-effects/metal-resonances/","/Sonniss - GDC 2017 - Game Audio Bundle/Double Trouble Audio - Metal Resonances/MR - Medium Long Metal Square B, Bright Harsh Squeaking, Tonal Feedback, Ringing [96 kHz].wav","metal|resonances|dry|ice;|medium|long|metal|square|b|bright|harsh|squeaking|tonal|feedback|ringing|mr|[96|khz]wav|metal resonances|double trouble audio"
"MR - Metal Shelf D, Bright Tonal Creak, Harsh, Friction, Crackling [96 kHz].wav","Metal Resonances","Double Trouble Audio","http://www.sonniss.com/sound-effects/metal-resonances/","/Sonniss - GDC 2017 - Game Audio Bundle/Double Trouble Audio - Metal Resonances/MR - Metal Shelf D, Bright Tonal Creak, Harsh, Friction, Crackling [96 kHz].wav","metal|resonances|dry|ice;|metal|shelf|d|bright|tonal|creak|harsh|friction|crackling|mr|[96|khz]wav|metal resonances|double trouble audio"
"MR - Small Metal Box, Bright Creaking, Tonal, Dragging [96 kHz].wav","Metal Resonances","Double Trouble Audio","http://www.sonniss.com/sound-effects/metal-resonances/","/Sonniss - GDC 2017 - Game Audio Bundle/Double Trouble Audio - Metal Resonances/MR - Small Metal Box, Bright Creaking, Tonal, Dragging [96 kHz].wav","metal|resonances|dry|ice;|small|metal|box|bright|creaking|tonal|dragging|mr|[96|khz]wav|metal resonances|double trouble audio"
"Cardboard Gnarl 03 Grattle.wav","Punchy Cardboard","Double Trouble Audio","http://www.sonniss.com/sound-effects/punchy-cardboard/","/Sonniss - GDC 2017 - Game Audio Bundle/Double Trouble Audio - Punchy Cardboard/Cardboard Gnarl 03 Grattle.wav","cardboard|paper|punch;|cardboard|chump|low|mid|thump|gnarl|03|grattlewav|punchy cardboard|double trouble audio"
"Cardboard Rumble 04 Crumbling.wav","Punchy Cardboard","Double Trouble Audio","http://www.sonniss.com/sound-effects/punchy-cardboard/","/Sonniss - GDC 2017 - Game Audio Bundle/Double Trouble Audio - Punchy Cardboard/Cardboard Rumble 04 Crumbling.wav","cardboard|paper|punch;|cardboard|hard|crumble|bright|rumble|04|crumblingwav|punchy cardboard|double trouble audio"
"Cardboard Tearing 01 Continious.wav","Punchy Cardboard","Double Trouble Audio","http://www.sonniss.com/sound-effects/punchy-cardboard/","/Sonniss - GDC 2017 - Game Audio Bundle/Double Trouble Audio - Punchy Cardboard/Cardboard Tearing 01 Continious.wav","cardboard|paper|punch;|cardboard|slow|tearing|punch|end|tearing|01|continiouswav|punchy cardboard|double trouble audio"
"Cardboard Tearing 02 Slow.wav","Punchy Cardboard","Double Trouble Audio","http://www.sonniss.com/sound-effects/punchy-cardboard/","/Sonniss - GDC 2017 - Game Audio Bundle/Double Trouble Audio - Punchy Cardboard/Cardboard Tearing 02 Slow.wav","cardboard|paper|punch;|cardboard|slow|tearing|bright|punch|end|tearing|02|slowwav|punchy cardboard|double trouble audio"
"RATH - Rain and Distant Thunder Loop 01.wav","Rain and Thunder","Double Trouble Audio","http://www.sonniss.com/sound-effects/rain-thunder/","/Sonniss - GDC 2017 - Game Audio Bundle/Double Trouble Audio - Rain and Thunder/RATH - Rain and Distant Thunder Loop 01.wav","rain|thunder|loop;|soft|rain|patter|distant|thunder|rath|rain|and|distant|thunder|loop|01wav|rain and thunder|double trouble audio"
"RATH - Rain Hard Loop 08.wav","Rain and Thunder","Double Trouble Audio","http://www.sonniss.com/sound-effects/rain-thunder/","/Sonniss - GDC 2017 - Game Audio Bundle/Double Trouble Audio - Rain and Thunder/RATH - Rain Hard Loop 08.wav","rain|loop;|hard|rain|midrange|blasting|noise|rath|rain|loop|08wav|rain and thunder|double trouble audio"
"RATH - Rain on Plastic Outside Loop.wav","Rain and Thunder","Double Trouble Audio","http://www.sonniss.com/sound-effects/rain-thunder/","/Sonniss - GDC 2017 - Game Audio Bundle/Double Trouble Audio - Rain and Thunder/RATH - Rain on Plastic Outside Loop.wav","rain|loop;|rain|on|plastic|patter|outside|rath|plastic|outside|loopwav|rain and thunder|double trouble audio"
"RATH - Rain, Distant Thunder and Bird Loop.wav","Rain and Thunder","Double Trouble Audio","http://www.sonniss.com/sound-effects/rain-thunder/","/Sonniss - GDC 2017 - Game Audio Bundle/Double Trouble Audio - Rain and Thunder/RATH - Rain, Distant Thunder and Bird Loop.wav","rain|thunder|loop;|soft|rain|thunder|in|the|middle|and|rumble|afterwards|bird|background|rath|rain|distant|thunder|bird|loopwav|rain and thunder|double trouble audio"
"SHARDS [LD Mono] 02 - Impact, Glass, Shatter, Small.wav","Shards","Double Trouble Audio","http://www.sonniss.com/sound-effects/shards/","/Sonniss - GDC 2017 - Game Audio Bundle/Double Trouble Audio - Shards/SHARDS [LD Mono] 02 - Impact, Glass, Shatter, Small.wav","impact|glass|debree;|mono|very|quiet|impacts|of|some|small|glass|debree|shards|[ld|mono]|02|impact|glass|shatter|smallwav|shards|double trouble audio"
"SHARDS [LD Mono] 16 - Drop, Glass, Small Shards.wav","Shards","Double Trouble Audio","http://www.sonniss.com/sound-effects/shards/","/Sonniss - GDC 2017 - Game Audio Bundle/Double Trouble Audio - Shards/SHARDS [LD Mono] 16 - Drop, Glass, Small Shards.wav","drop|glass|debree;|mono|glass|debree|being|dropped|on|a|small|table|shards|[ld|mono]|16|drop|small|shardswav|shards|double trouble audio"
"SHARDS [LD Mono] 24 - Trickle, Glass, Metal, Debree.wav","Shards","Double Trouble Audio","http://www.sonniss.com/sound-effects/shards/","/Sonniss - GDC 2017 - Game Audio Bundle/Double Trouble Audio - Shards/SHARDS [LD Mono] 24 - Trickle, Glass, Metal, Debree.wav","trickle|glass|metal|debree;|mono|trickling|on|top|of|a|nonringing|metal|container|shards|[ld|mono]|24|trickle|glass|metal|debreewav|shards|double trouble audio"
"SHARDS [MS Stereo] 19 - Drop, Glass, Table, Metal, Debree.wav","Shards","Double Trouble Audio","http://www.sonniss.com/sound-effects/shards/","/Sonniss - GDC 2017 - Game Audio Bundle/Double Trouble Audio - Shards/SHARDS [MS Stereo] 19 - Drop, Glass, Table, Metal, Debree.wav","drop|glass|debree;|stereo|glass|being|dropped|and|thrown|against|a|wall|general|glass|debree|sounds|shards|[ms|stereo]|19|drop|table|metal|debreewav|shards|double trouble audio"
"SPDR - Jupiter - Massive, Heavy Wind, Big.wav","Space Drones","Double Trouble Audio","http://www.sonniss.com/sound-effects/space-drones/","/Sonniss - GDC 2017 - Game Audio Bundle/Double Trouble Audio - Space Drones/SPDR - Jupiter - Massive, Heavy Wind, Big.wav","space|drones|interstellar;|jupiter|massive|heavy|wind|big|spdr|bigwav|space drones|double trouble audio"
"SPDR - Mercury - Solar Wind, Eruption, Pulsating.wav","Space Drones","Double Trouble Audio","http://www.sonniss.com/sound-effects/space-drones/","/Sonniss - GDC 2017 - Game Audio Bundle/Double Trouble Audio - Space Drones/SPDR - Mercury - Solar Wind, Eruption, Pulsating.wav","space|drones|interstellar;|mercury|solar|wind|eruption|pulsating|spdr|pulsatingwav|space drones|double trouble audio"
"SPDR - Space Chatter 4 - Radio, Mission Control.wav","Space Drones","Double Trouble Audio","http://www.sonniss.com/sound-effects/space-drones/","/Sonniss - GDC 2017 - Game Audio Bundle/Double Trouble Audio - Space Drones/SPDR - Space Chatter 4 - Radio, Mission Control.wav","space|drones|interstellar;|space|chatter|4|radio|mission|control|spdr|controlwav|space drones|double trouble audio"
"SPDR - Venus - Evil, Harsh Winds, Extreme Weather.wav","Space Drones","Double Trouble Audio","http://www.sonniss.com/sound-effects/space-drones/","/Sonniss - GDC 2017 - Game Audio Bundle/Double Trouble Audio - Space Drones/SPDR - Venus - Evil, Harsh Winds, Extreme Weather.wav","space|drones|interstellar;|venus|evil|harsh|winds|extreme|weather|spdr|weatherwav|space drones|double trouble audio"
"TAJ - Jas Gripen Repeated Flyover [XY Stereo]-005.wav","Tanks and Jet","Double Trouble Audio","http://www.sonniss.com/sound-effects/tanks-jet/","/Sonniss - GDC 2017 - Game Audio Bundle/Double Trouble Audio - Tanks and Jet/TAJ - Jas Gripen Repeated Flyover [XY Stereo]-005.wav","jet|war|plane;|jas|gripen|repeated|flyover|recorded|in|xy|stereo|taj|[xy|stereo]005wav|tanks and jet|double trouble audio"
"TAJ - Tank Battle Cannon Fire [XY Stereo]-001.wav","Tanks and Jet","Double Trouble Audio","http://www.sonniss.com/sound-effects/tanks-jet/","/Sonniss - GDC 2017 - Game Audio Bundle/Double Trouble Audio - Tanks and Jet/TAJ - Tank Battle Cannon Fire [XY Stereo]-001.wav","tank|war|vehicle;|tank|battle|cannon|fire|recorded|in|xy|stereo|taj|[xy|stereo]001wav|tanks and jet|double trouble audio"
"TAJ - Tank Battle Machine Guns (7.62 & 50 cal), Walkie Talkie Chatter [XY Stereo].wav","Tanks and Jet","Double Trouble Audio","http://www.sonniss.com/sound-effects/tanks-jet/","/Sonniss - GDC 2017 - Game Audio Bundle/Double Trouble Audio - Tanks and Jet/TAJ - Tank Battle Machine Guns (7.62 & 50 cal), Walkie Talkie Chatter [XY Stereo].wav","tank|war|vehicle;|tank|battle|machine|guns|(762|&|50|cal)|walkie|talkie|chatter|recorded|in|xy|stereo|taj|[xy|stereo]wav|tanks and jet|double trouble audio"
"TAJ - Tank Driving and Stopping, Revving, Close To Far [MS Stereo].wav","Tanks and Jet","Double Trouble Audio","http://www.sonniss.com/sound-effects/tanks-jet/","/Sonniss - GDC 2017 - Game Audio Bundle/Double Trouble Audio - Tanks and Jet/TAJ - Tank Driving and Stopping, Revving, Close To Far [MS Stereo].wav","tank|war|vehicle;|tank|driving|and|stopping|revving|close|to|far|recorded|in|ms|stereo|taj|[ms|stereo]wav|tanks and jet|double trouble audio"
"Old Lock Fiddling.wav","Tools and Wood","Double Trouble Audio","http://www.sonniss.com/sound-effects/tools-wood/","/Sonniss - GDC 2017 - Game Audio Bundle/Double Trouble Audio - Tools and Wood/Old Lock Fiddling.wav","metal|tool|handling;|fiddling|with|an|old|iron|lock|old|lock|fiddlingwav|tools and wood|double trouble audio"
"Sawblade Drop.wav","Tools and Wood","Double Trouble Audio","http://www.sonniss.com/sound-effects/tools-wood/","/Sonniss - GDC 2017 - Game Audio Bundle/Double Trouble Audio - Tools and Wood/Sawblade Drop.wav","metal|tool|handling;|a|piece|of|sawblade|being|dropped|on|the|ground|sawblade|dropwav|tools and wood|double trouble audio"
"Small Wood Pile, Smash.wav","Tools and Wood","Double Trouble Audio","http://www.sonniss.com/sound-effects/tools-wood/","/Sonniss - GDC 2017 - Game Audio Bundle/Double Trouble Audio - Tools and Wood/Small Wood Pile, Smash.wav","wood|pile;|a|smashing|hit|impact|in|a|small|pile|of|wooden|sticks|smash|small|wood|pile|smashwav|tools and wood|double trouble audio"
"Wooden Tearing 09.wav","Tools and Wood","Double Trouble Audio","http://www.sonniss.com/sound-effects/tools-wood/","/Sonniss - GDC 2017 - Game Audio Bundle/Double Trouble Audio - Tools and Wood/Wooden Tearing 09.wav","wood|tear|rip;|sequence|of|tearing|wood|cracking|crack|tear|rip|wooden|tearing|09wav|tools and wood|double trouble audio"
"Drop Soft - Single Plank, Drop 02.wav","Wood Impacts and Debris","Double Trouble Audio","http://www.sonniss.com/sound-effects/wood-impacts-debris/","/Sonniss - GDC 2017 - Game Audio Bundle/Double Trouble Audio - Wood Impacts and Debris/Drop Soft - Single Plank, Drop 02.wav","wood|drop|plank|soft;|one|drop|of|hollow|plank|on|floor|bouncy|bounces|drop|soft|single|plank|02wav|wood impacts and debris|double trouble audio"
"Impacts Hard - Short Wobbly Tail 01.wav","Wood Impacts and Debris","Double Trouble Audio","http://www.sonniss.com/sound-effects/wood-impacts-debris/","/Sonniss - GDC 2017 - Game Audio Bundle/Double Trouble Audio - Wood Impacts and Debris/Impacts Hard - Short Wobbly Tail 01.wav","wood|impacts|plank|hard;|impact|on|a|wooden|plank|has|short|bouncing|tail|impacts|hard|short|wobbly|tail|01wav|wood impacts and debris|double trouble audio"
"Impacts Soft - Short, Crack.wav","Wood Impacts and Debris","Double Trouble Audio","http://www.sonniss.com/sound-effects/wood-impacts-debris/","/Sonniss - GDC 2017 - Game Audio Bundle/Double Trouble Audio - Wood Impacts and Debris/Impacts Soft - Short, Crack.wav","wood|impacts|plank|soft;|impact|that|results|in|wooden|cracking|impacts|soft|short|crackwav|wood impacts and debris|double trouble audio"
"Rustles - Pile, Debris 22.wav","Wood Impacts and Debris","Double Trouble Audio","http://www.sonniss.com/sound-effects/wood-impacts-debris/","/Sonniss - GDC 2017 - Game Audio Bundle/Double Trouble Audio - Wood Impacts and Debris/Rustles - Pile, Debris 22.wav","wood|rustle|pile;|small|plank|being|dragged|across|pile|of|wooden|debris|rustles|pile|debris|22wav|wood impacts and debris|double trouble audio"
"Anarchy,motorcycle,FatBoy,100year,horn,short,random,eight,5ft,distantreflections.wav","Anarchy","Eiravaein Sound","http://www.sonniss.com/sound-effects/anarchy/","/Sonniss - GDC 2017 - Game Audio Bundle/Eiravaein Sound - Anarchy/Anarchy,motorcycle,FatBoy,100year,horn,short,random,eight,5ft,distantreflections.wav","anarchy|motorcycle|fatboy|100year|horn|short|random|eight|5ft|distantreflections|distantreflectionswav|eiravaein sound"
"Anarchy,motorcycle,FatBoy,100year,straightpipes,tunedengine,parked,far,revdown,throttling,sporadic,cutengine.wav","Anarchy","Eiravaein Sound","http://www.sonniss.com/sound-effects/anarchy/","/Sonniss - GDC 2017 - Game Audio Bundle/Eiravaein Sound - Anarchy/Anarchy,motorcycle,FatBoy,100year,straightpipes,tunedengine,parked,far,revdown,throttling,sporadic,cutengine.wav","anarchy|motorcycle|fatboy|100year|straightpipes|tunedengine|parked|far|revdown|throttling|sporadic|cutengine|cutenginewav|eiravaein sound"
"Anarchy,motorcycle,FatBoy,100year,straightpipes,tunedengine,passby,MidSideRaw,fast,misshift.wav","Anarchy","Eiravaein Sound","http://www.sonniss.com/sound-effects/anarchy/","/Sonniss - GDC 2017 - Game Audio Bundle/Eiravaein Sound - Anarchy/Anarchy,motorcycle,FatBoy,100year,straightpipes,tunedengine,passby,MidSideRaw,fast,misshift.wav","anarchy|motorcycle|fatboy|100year|straightpipes|tunedengine|passby|midsideraw|fast|misshift|misshiftwav|eiravaein sound"
"Anarchy,motorcycle,FatBoy,100year,straightpipes,tunedengine,pipeside,throttling,high.wav","Anarchy","Eiravaein Sound","http://www.sonniss.com/sound-effects/anarchy/","/Sonniss - GDC 2017 - Game Audio Bundle/Eiravaein Sound - Anarchy/Anarchy,motorcycle,FatBoy,100year,straightpipes,tunedengine,pipeside,throttling,high.wav","anarchy|motorcycle|fatboy|100year|straightpipes|tunedengine|pipeside|throttling|high|highwav|eiravaein sound"
"BigBlock,Corvette,1967,driving,burnout,forward,squeal,6ftheight,ORTF.wav","BigBlock","Eiravaein Sound","http://www.sonniss.com/sound-effects/bigblock/","/Sonniss - GDC 2017 - Game Audio Bundle/Eiravaein Sound - BigBlock/BigBlock,Corvette,1967,driving,burnout,forward,squeal,6ftheight,ORTF.wav","bigblock|corvette|1967|driving|burnout|forward|squeal|6ftheight|ortf|ortfwav|eiravaein sound"
"BigBlock,Corvette,1967,driving,passby,reverse,whirring,burst,quick,6ftheight,ORTF.wav","BigBlock","Eiravaein Sound","http://www.sonniss.com/sound-effects/bigblock/","/Sonniss - GDC 2017 - Game Audio Bundle/Eiravaein Sound - BigBlock/BigBlock,Corvette,1967,driving,passby,reverse,whirring,burst,quick,6ftheight,ORTF.wav","bigblock|corvette|1967|driving|passby|reverse|whirring|burst|quick|6ftheight|ortf|ortfwav|eiravaein sound"
"BigBlock,Corvette,1967,engine,partialthrottling,hold,release,cut,6ftheight,ORTF.wav","BigBlock","Eiravaein Sound","http://www.sonniss.com/sound-effects/bigblock/","/Sonniss - GDC 2017 - Game Audio Bundle/Eiravaein Sound - BigBlock/BigBlock,Corvette,1967,engine,partialthrottling,hold,release,cut,6ftheight,ORTF.wav","bigblock|corvette|1967|engine|partialthrottling|hold|release|cut|6ftheight|ortf|ortfwav|eiravaein sound"
"BigBlock,Corvette,1967,exterior,driverpipe,engine,crank,idle,cut,windowsdown,hooddown,gutteral,rumble,soft,alt.wav","BigBlock","Eiravaein Sound","http://www.sonniss.com/sound-effects/bigblock/","/Sonniss - GDC 2017 - Game Audio Bundle/Eiravaein Sound - BigBlock/BigBlock,Corvette,1967,exterior,driverpipe,engine,crank,idle,cut,windowsdown,hooddown,gutteral,rumble,soft,alt.wav","bigblock|corvette|1967|exterior|driverpipe|engine|crank|idle|cut|windowsdown|hooddown|gutteral|rumble|soft|alt|altwav|eiravaein sound"
"Burst,glass,release,2bottles,pour,fizz,cistern,low,marble,jostle,gurgle,wavering.wav","Burst","Eiravaein Sound","http://www.sonniss.com/sound-effects/burst/","/Sonniss - GDC 2017 - Game Audio Bundle/Eiravaein Sound - Burst/Burst,glass,release,2bottles,pour,fizz,cistern,low,marble,jostle,gurgle,wavering.wav","burst|glass|release|2bottles|pour|fizz|cistern|low|marble|jostle|gurgle|wavering|waveringwav|eiravaein sound"
"Burst,glass,release,bottle,pour,fizz,cistern,empty,marble,slosh.wav","Burst","Eiravaein Sound","http://www.sonniss.com/sound-effects/burst/","/Sonniss - GDC 2017 - Game Audio Bundle/Eiravaein Sound - Burst/Burst,glass,release,bottle,pour,fizz,cistern,empty,marble,slosh.wav","burst|glass|release|bottle|pour|fizz|cistern|empty|marble|slosh|sloshwav|eiravaein sound"
"Burst,glass,release,bottle,pour,fizz,cistern,midlevel,choppy,marble,rattle.wav","Burst","Eiravaein Sound","http://www.sonniss.com/sound-effects/burst/","/Sonniss - GDC 2017 - Game Audio Bundle/Eiravaein Sound - Burst/Burst,glass,release,bottle,pour,fizz,cistern,midlevel,choppy,marble,rattle.wav","burst|glass|release|bottle|pour|fizz|cistern|midlevel|choppy|marble|rattle|rattlewav|eiravaein sound"
"Burst,glass,release,bottle,spray,jet,fizz,cistern,full,stifle.wav","Burst","Eiravaein Sound","http://www.sonniss.com/sound-effects/burst/","/Sonniss - GDC 2017 - Game Audio Bundle/Eiravaein Sound - Burst/Burst,glass,release,bottle,spray,jet,fizz,cistern,full,stifle.wav","burst|glass|release|bottle|spray|jet|fizz|cistern|full|stiffle|stiflewav|eiravaein sound"
"Dx,diagnostic,noise,green,9624,10sec.wav","Dx","Eiravaein Sound","http://www.sonniss.com/sound-effects/dx/","/Sonniss - GDC 2017 - Game Audio Bundle/Eiravaein Sound - Dx/Dx,diagnostic,noise,green,9624,10sec.wav","diagnostic|audio|for|audiometric|cognitive|acoustic|design|and|signal|processing|tests;|procedurally|generated|the|purest|shortest|digital|path|dx|diagnostic|noise|green|9624|10secwav|eiravaein sound"
"Dx,sweep,down,audiometric,44116,1sec.wav","Dx","Eiravaein Sound","http://www.sonniss.com/sound-effects/dx/","/Sonniss - GDC 2017 - Game Audio Bundle/Eiravaein Sound - Dx/Dx,sweep,down,audiometric,44116,1sec.wav","diagnostic|audio|for|audiometric|cognitive|acoustic|design|and|signal|processing|tests;|procedurally|generated|the|purest|shortest|digital|path|dx|sweep|down|44116|1secwav|eiravaein sound"
"Dx,test,phase,alternating,voice,4824,8sec.wav","Dx","Eiravaein Sound","http://www.sonniss.com/sound-effects/dx/","/Sonniss - GDC 2017 - Game Audio Bundle/Eiravaein Sound - Dx/Dx,test,phase,alternating,voice,4824,8sec.wav","diagnostic|audio|for|audiometric|cognitive|acoustic|design|and|signal|processing|tests;|procedurally|generated|the|purest|shortest|digital|path|dx|test|phase|alternating|voice|4824|8secwav|eiravaein sound"
"Dx,test,spatialization,stereo,emerge,movement,fiddle,through,4824.wav","Dx","Eiravaein Sound","http://www.sonniss.com/sound-effects/dx/","/Sonniss - GDC 2017 - Game Audio Bundle/Eiravaein Sound - Dx/Dx,test,spatialization,stereo,emerge,movement,fiddle,through,4824.wav","diagnostic|audio|for|audiometric|cognitive|acoustic|design|and|signal|processing|tests;|procedurally|generated|the|purest|shortest|digital|path|dx|test|spatialization|stereo|emerge|movement|fiddle|through|4824wav|eiravaein sound"
"Gravitas,bridge,stomp,average,arched,wood,metal,lightiron,gully,stream,forest,strong,rattle,hum,XY.wav","Gravitas","Eiravaein Sound","http://www.sonniss.com/sound-effects/gravitas/","/Sonniss - GDC 2017 - Game Audio Bundle/Eiravaein Sound - Gravitas/Gravitas,bridge,stomp,average,arched,wood,metal,lightiron,gully,stream,forest,strong,rattle,hum,XY.wav","gravitas|bridge|stomp|medium|arched|wood|metal|lightiron|gully|stream|forest|strong|rattle|hum|xy|average|xywav|eiravaein sound"
"Gravitas,bridge,stomp,large,arched,wood,metal,heavyiron,deepstream,greenway,strong,resonant,loose,XY.wav","Gravitas","Eiravaein Sound","http://www.sonniss.com/sound-effects/gravitas/","/Sonniss - GDC 2017 - Game Audio Bundle/Eiravaein Sound - Gravitas/Gravitas,bridge,stomp,large,arched,wood,metal,heavyiron,deepstream,greenway,strong,resonant,loose,XY.wav","gravitas|bridge|stomp|large|arched|wood|metal|heavyiron|deepstream|greenway|strong|resonant|loose|xy|xywav|eiravaein sound"
"Gravitas,bridge,stomp,small,flat,wood,gully,streamlet,dry,ruralpark,strong,rattle,gritty,top.wav","Gravitas","Eiravaein Sound","http://www.sonniss.com/sound-effects/gravitas/","/Sonniss - GDC 2017 - Game Audio Bundle/Eiravaein Sound - Gravitas/Gravitas,bridge,stomp,small,flat,wood,gully,streamlet,dry,ruralpark,strong,rattle,gritty,top.wav","gravitas|bridge|stomp|small|flat|wood|gully|streamlet|dry|ruralpark|strong|rattle|gritty|top|topwav|eiravaein sound"
"Gravitas,bridge,stomp,xlarge,arched,wood,heavyiron,stream,urbanpark,strong,clatter,staggered,XY.wav","Gravitas","Eiravaein Sound","http://www.sonniss.com/sound-effects/gravitas/","/Sonniss - GDC 2017 - Game Audio Bundle/Eiravaein Sound - Gravitas/Gravitas,bridge,stomp,xlarge,arched,wood,heavyiron,stream,urbanpark,strong,clatter,staggered,XY.wav","gravitas|bridge|stomp|xlarge|arched|wood|heavyiron|stream|urbanpark|strong|clatter|staggered|xy|xywav|eiravaein sound"
"Latchlocker,aluminum,link,jostle,slide,click,out,over.wav","Latchlocker","Eiravaein Sound","http://www.sonniss.com/sound-effects/latchlocker/","/Sonniss - GDC 2017 - Game Audio Bundle/Eiravaein Sound - Latchlocker/Latchlocker,aluminum,link,jostle,slide,click,out,over.wav","latchlocker|aluminum|link|jostle|slide|click|out|over|overwav|eiravaein sound"
"Latchlocker,cable,steel,wood,room,channel,slide,catch,alt2.wav","Latchlocker","Eiravaein Sound","http://www.sonniss.com/sound-effects/latchlocker/","/Sonniss - GDC 2017 - Game Audio Bundle/Eiravaein Sound - Latchlocker/Latchlocker,cable,steel,wood,room,channel,slide,catch,alt2.wav","latchlocker|cable|steel|wood|room|channel|slide|catch|alt2|alt2wav|eiravaein sound"
"Latchlocker,design,FutureLoot,score,plunder.wav","Latchlocker","Eiravaein Sound","http://www.sonniss.com/sound-effects/latchlocker/","/Sonniss - GDC 2017 - Game Audio Bundle/Eiravaein Sound - Latchlocker/Latchlocker,design,FutureLoot,score,plunder.wav","latchlocker|design|futureloot|score|plunder|plunderwav|eiravaein sound"
"Latchlocker,steel,lever,small,close,release,squeak,snap,ring.wav","Latchlocker","Eiravaein Sound","http://www.sonniss.com/sound-effects/latchlocker/","/Sonniss - GDC 2017 - Game Audio Bundle/Eiravaein Sound - Latchlocker/Latchlocker,steel,lever,small,close,release,squeak,snap,ring.wav","latchlocker|steel|lever|small|close|release|squeak|snap|ring|ringwav|eiravaein sound"
"Meridian,ASMR,loop,breathing,mouth,inhale,exhale,rumble,varyingstrength,mono.wav","Meridian","Eiravaein Sound","http://www.sonniss.com/sound-effects/meridian/","/Sonniss - GDC 2017 - Game Audio Bundle/Eiravaein Sound - Meridian/Meridian,ASMR,loop,breathing,mouth,inhale,exhale,rumble,varyingstrength,mono.wav","meridian|asmr|loop|breathing|mouth|inhale|exhale|rumble|varyingstrength|mono|monowav|eiravaein sound"
"Meridian,ASMR,loop,buzzing,clippers,hum,moving,bare,extended,mono.wav","Meridian","Eiravaein Sound","http://www.sonniss.com/sound-effects/meridian/","/Sonniss - GDC 2017 - Game Audio Bundle/Eiravaein Sound - Meridian/Meridian,ASMR,loop,buzzing,clippers,hum,moving,bare,extended,mono.wav","meridian|asmr|loop|buzzing|clippers|hum|moving|bare|extended|mono|monowav|eiravaein sound"
"Meridian,ASMR,loop,pageturning,book,standardweight,paper,medium,stiff,crispy,peeling,sliding,flip,mono.wav","Meridian","Eiravaein Sound","http://www.sonniss.com/sound-effects/meridian/","/Sonniss - GDC 2017 - Game Audio Bundle/Eiravaein Sound - Meridian/Meridian,ASMR,loop,pageturning,book,standardweight,paper,medium,stiff,crispy,peeling,sliding,flip,mono.wav","meridian|asmr|loop|pageturning|book|standardweight|paper|medium|stiff|crispy|peeling|sliding|flip|mono|monowav|eiravaein sound"
"Meridian,ASMR,loop,scratching,matches,wood,flint,flicks,scrapes,snap,ignite,burn,brief,sudden,mono.wav","Meridian","Eiravaein Sound","http://www.sonniss.com/sound-effects/meridian/","/Sonniss - GDC 2017 - Game Audio Bundle/Eiravaein Sound - Meridian/Meridian,ASMR,loop,scratching,matches,wood,flint,flicks,scrapes,snap,ignite,burn,brief,sudden,mono.wav","meridian|asmr|loop|scratching|matches|wood|flint|flicks|scrapes|snap|ignite|burn|brief|sudden|mono|monowav|eiravaein sound"
"Mouthy,cheek,press,squirt,squish,spurt,mouthfart,strong.wav","Mouthy","Eiravaein Sound","http://www.sonniss.com/sound-effects/mouthy/","/Sonniss - GDC 2017 - Game Audio Bundle/Eiravaein Sound - Mouthy/Mouthy,cheek,press,squirt,squish,spurt,mouthfart,strong.wav","mouthy|cheek|press|squirt|squish|spurt|mouthfart|strong|strongwav|eiravaein sound"
"Mouthy,chomping,crushing,ice,slush,wet,thick,opening.wav","Mouthy","Eiravaein Sound","http://www.sonniss.com/sound-effects/mouthy/","/Sonniss - GDC 2017 - Game Audio Bundle/Eiravaein Sound - Mouthy/Mouthy,chomping,crushing,ice,slush,wet,thick,opening.wav","mouthy|chomping|crushing|ice|slush|wet|thick|opening|openingwav|eiravaein sound"
"Mouthy,growl,sustained,low,steady.wav","Mouthy","Eiravaein Sound","http://www.sonniss.com/sound-effects/mouthy/","/Sonniss - GDC 2017 - Game Audio Bundle/Eiravaein Sound - Mouthy/Mouthy,growl,sustained,low,steady.wav","mouthy|growl|sustained|low|steady|steadywav|eiravaein sound"
"Mouthy,suck,kiss,inhale,quick,chirp,single,alt.wav","Mouthy","Eiravaein Sound","http://www.sonniss.com/sound-effects/mouthy/","/Sonniss - GDC 2017 - Game Audio Bundle/Eiravaein Sound - Mouthy/Mouthy,suck,kiss,inhale,quick,chirp,single,alt.wav","mouthy|suck|kiss|inhale|quick|chirp|single|alt|altwav|eiravaein sound"
"Parched,drawing,crisp,paper,notebook,crumpling.wav","Parched","Eiravaein Sound","http://www.sonniss.com/sound-effects/parched/","/Sonniss - GDC 2017 - Game Audio Bundle/Eiravaein Sound - Parched/Parched,drawing,crisp,paper,notebook,crumpling.wav","parched|drawing|crisp|paper|notebook|crumpling|crumplingwav|eiravaein sound"
"Parched,drawing,crisp,paper,notebook,pen,stroke,scribble,short,steady.wav","Parched","Eiravaein Sound","http://www.sonniss.com/sound-effects/parched/","/Sonniss - GDC 2017 - Game Audio Bundle/Eiravaein Sound - Parched/Parched,drawing,crisp,paper,notebook,pen,stroke,scribble,short,steady.wav","parched|drawing|crisp|paper|notebook|pen|stroke|scribble|short|steady|steadywav|eiravaein sound"
"Parched,drawing,dense,paper,cotton,eraser,rubbing,short,smooth,alt2.wav","Parched","Eiravaein Sound","http://www.sonniss.com/sound-effects/parched/","/Sonniss - GDC 2017 - Game Audio Bundle/Eiravaein Sound - Parched/Parched,drawing,dense,paper,cotton,eraser,rubbing,short,smooth,alt2.wav","parched|drawing|dense|paper|cotton|eraser|rubbing|short|smooth|alt2|alt2wav|eiravaein sound"
"Parched,paper,movement,linen,shake,crimp,wobble.wav","Parched","Eiravaein Sound","http://www.sonniss.com/sound-effects/parched/","/Sonniss - GDC 2017 - Game Audio Bundle/Eiravaein Sound - Parched/Parched,paper,movement,linen,shake,crimp,wobble.wav","parched|paper|movement|linen|shake|crimp|wobble|wobblewav|eiravaein sound"
"1 Into the Deep.wav","DARK DEEPSEA DRONES","Eneas Mentzel","http://www.sonniss.com/sound-effects/dark-deepsea-drones/","/Sonniss - GDC 2017 - Game Audio Bundle/Eneas Mentzel - DARK DEEPSEA DRONES/1 Into the Deep.wav","dark|atmospheric|drone|eerie|sound|with|aquatic|inspiration|1|into|the|deepwav|dark deepsea drones|eneas mentzel"
"6 Lost in the Abyss.wav","DARK DEEPSEA DRONES","Eneas Mentzel","http://www.sonniss.com/sound-effects/dark-deepsea-drones/","/Sonniss - GDC 2017 - Game Audio Bundle/Eneas Mentzel - DARK DEEPSEA DRONES/6 Lost in the Abyss.wav","dark|atmospheric|drone|eerie|sound|with|aquatic|inspiration|6|lost|in|the|abysswav|dark deepsea drones|eneas mentzel"
"Crowd Lutte .wav","SOUNDS OF SENEGAL","Eneas Mentzel","http://www.sonniss.com/sound-effects/sounds-senegal/","/Sonniss - GDC 2017 - Game Audio Bundle/Eneas Mentzel - SOUNDS OF SENEGAL/Crowd Lutte .wav","large|crowd|event|lutte|chants|percussion|crowd|lutte|wav|sounds of senegal|eneas mentzel"
"Ile Ngor Rooftop .wav","SOUNDS OF SENEGAL","Eneas Mentzel","http://www.sonniss.com/sound-effects/sounds-senegal/","/Sonniss - GDC 2017 - Game Audio Bundle/Eneas Mentzel - SOUNDS OF SENEGAL/Ile Ngor Rooftop .wav","ambience|seagulls|sea|ocean|island|senegal|ngor|ile|ngor|rooftop|wav|sounds of senegal|eneas mentzel"
"Touba Amb Night 2.wav","SOUNDS OF SENEGAL","Eneas Mentzel","http://www.sonniss.com/sound-effects/sounds-senegal/","/Sonniss - GDC 2017 - Game Audio Bundle/Eneas Mentzel - SOUNDS OF SENEGAL/Touba Amb Night 2.wav","ambience|chants|crowd|car|alarm|cheering|bicycle|bells|senegal|touba|touba|amb|night|2wav|sounds of senegal|eneas mentzel"
"Yoff Amb Alley Night.wav","SOUNDS OF SENEGAL","Eneas Mentzel","http://www.sonniss.com/sound-effects/sounds-senegal/","/Sonniss - GDC 2017 - Game Audio Bundle/Eneas Mentzel - SOUNDS OF SENEGAL/Yoff Amb Alley Night.wav","ambience|traffic|percussion|people|children|senegal|yoff|yoff|amb|alley|nightwav|sounds of senegal|eneas mentzel"
"Compressed Air 06 Hiss and Spurt.wav","Scene Shop Tool Box","Fascinated Sound","http://www.sonniss.com/sound-effects/scene-shop-tool-box/","/Sonniss - GDC 2017 - Game Audio Bundle/Fascinated Sound - Scene Shop Tool Box/Compressed Air 06 Hiss and Spurt.wav","compressed|air|06|hiss|and|spurtwav|scene shop tool box|fascinated sound"
"Impact Nail Gun 01 Single Shot Compressed Air and Action.wav","Scene Shop Tool Box","Fascinated Sound","http://www.sonniss.com/sound-effects/scene-shop-tool-box/","/Sonniss - GDC 2017 - Game Audio Bundle/Fascinated Sound - Scene Shop Tool Box/Impact Nail Gun 01 Single Shot Compressed Air and Action.wav","impact|nail|gun|01|single|shot|compressed|air|and|actionwav|scene shop tool box|fascinated sound"
"Scissors 16 Slow Snip.wav","Scene Shop Tool Box","Fascinated Sound","http://www.sonniss.com/sound-effects/scene-shop-tool-box/","/Sonniss - GDC 2017 - Game Audio Bundle/Fascinated Sound - Scene Shop Tool Box/Scissors 16 Slow Snip.wav","scissors|16|slow|snipwav|scene shop tool box|fascinated sound"
"Velcro 04 Unfastening.wav","Scene Shop Tool Box","Fascinated Sound","http://www.sonniss.com/sound-effects/scene-shop-tool-box/","/Sonniss - GDC 2017 - Game Audio Bundle/Fascinated Sound - Scene Shop Tool Box/Velcro 04 Unfastening.wav","velcro|04|unfasteningwav|scene shop tool box|fascinated sound"
"G4F SFX06 - HORSES - Galloping outside in sand.wav","Horses","Game Audio Factory","http://www.sonniss.com/sound-effects/gaf-sfx06-horses/","/Sonniss - GDC 2017 - Game Audio Bundle/G4F SFX - Horses/G4F SFX06 - HORSES - Galloping outside in sand.wav","horse|galloping|in|manege|wet|sand|birds|passing|by|breaths|g4f|sfx06|horses|galloping|outside|sandwav|horses|game audio factory"
"G4F SFX06 - HORSES - Snort 03.wav","Horses","Game Audio Factory","http://www.sonniss.com/sound-effects/gaf-sfx06-horses/","/Sonniss - GDC 2017 - Game Audio Bundle/G4F SFX - Horses/G4F SFX06 - HORSES - Snort 03.wav","horse|snorts|very|quickly|neigh|g4f|sfx06|horses|snort|03wav|horses|game audio factory"
"G4F SFX06 - HORSES - Walking on stone 03.wav","Horses","Game Audio Factory","http://www.sonniss.com/sound-effects/gaf-sfx06-horses/","/Sonniss - GDC 2017 - Game Audio Bundle/G4F SFX - Horses/G4F SFX06 - HORSES - Walking on stone 03.wav","horse|walking|on|pavement|going|away|g4f|sfx06|horses|walking|stone|03wav|horses|game audio factory"
"G4F SFX06 - HORSES - Whinny distant 01.wav","Horses","Game Audio Factory","http://www.sonniss.com/sound-effects/gaf-sfx06-horses/","/Sonniss - GDC 2017 - Game Audio Bundle/G4F SFX - Horses/G4F SFX06 - HORSES - Whinny distant 01.wav","horse|whinny|in|distance|stable|birds|rut|g4f|sfx06|horses|whinny|distant|01wav|horses|game audio factory"
"01_Barcelona_CoffeeShop_SantsStation.wav","Barcelona Ambiences","GainWalkers","http://www.sonniss.com/sound-effects/barcelona-ambiences/","/Sonniss - GDC 2017 - Game Audio Bundle/GainWalkers - Barcelona Ambiences/01_Barcelona_CoffeeShop_SantsStation.wav","01_barcelona_coffeeshop_santsstationwav|barcelona ambiences|gainwalkers"
"09_Barcelona_RoomTone_Fan_02.wav","Barcelona Ambiences","GainWalkers","http://www.sonniss.com/sound-effects/barcelona-ambiences/","/Sonniss - GDC 2017 - Game Audio Bundle/GainWalkers - Barcelona Ambiences/09_Barcelona_RoomTone_Fan_02.wav","09_barcelona_roomtone_fan_02wav|barcelona ambiences|gainwalkers"
"13_Barcelona_Metro_Platform_Crowd_Walla_PAAnnounce_Bleep.wav","Barcelona Ambiences","GainWalkers","http://www.sonniss.com/sound-effects/barcelona-ambiences/","/Sonniss - GDC 2017 - Game Audio Bundle/GainWalkers - Barcelona Ambiences/13_Barcelona_Metro_Platform_Crowd_Walla_PAAnnounce_Bleep.wav","13_barcelona_metro_platform_crowd_walla_paannounce_bleepwav|barcelona ambiences|gainwalkers"
"35_Barcelona_BurgerBar_ManyTourists_Crowd_Walla.wav","Barcelona Ambiences","GainWalkers","http://www.sonniss.com/sound-effects/barcelona-ambiences/","/Sonniss - GDC 2017 - Game Audio Bundle/GainWalkers - Barcelona Ambiences/35_Barcelona_BurgerBar_ManyTourists_Crowd_Walla.wav","35_barcelona_burgerbar_manytourists_crowd_wallawav|barcelona ambiences|gainwalkers"
"bullet_flyby_fast_05.wav","Bullet Impact Sounds","Gamemaster Audio","http://www.sonniss.com/sound-effects/bullet-impact-sounds/","/Sonniss - GDC 2017 - Game Audio Bundle/Gamemaster Audio -  Bullet Impact Sounds/bullet_flyby_fast_05.wav","bullet_flyby_fast_05wav|bullet impact sounds|gamemaster audio"
"bullet_impact_body_thump_02.wav","Bullet Impact Sounds","Gamemaster Audio","http://www.sonniss.com/sound-effects/bullet-impact-sounds/","/Sonniss - GDC 2017 - Game Audio Bundle/Gamemaster Audio -  Bullet Impact Sounds/bullet_impact_body_thump_02.wav","bullet_impact_body_thump_02wav|bullet impact sounds|gamemaster audio"
"bullet_impact_concrete_brick_01.wav","Bullet Impact Sounds","Gamemaster Audio","http://www.sonniss.com/sound-effects/bullet-impact-sounds/","/Sonniss - GDC 2017 - Game Audio Bundle/Gamemaster Audio -  Bullet Impact Sounds/bullet_impact_concrete_brick_01.wav","bullet_impact_concrete_brick_01wav|bullet impact sounds|gamemaster audio"
"bullet_impact_metal_heavy_08.wav","Bullet Impact Sounds","Gamemaster Audio","http://www.sonniss.com/sound-effects/bullet-impact-sounds/","/Sonniss - GDC 2017 - Game Audio Bundle/Gamemaster Audio -  Bullet Impact Sounds/bullet_impact_metal_heavy_08.wav","bullet_impact_metal_heavy_08wav|bullet impact sounds|gamemaster audio"
"explosion_far_distant_02.wav","Explosion Sound Pack","Gamemaster Audio","http://www.sonniss.com/sound-effects/explosion-sound-pack/","/Sonniss - GDC 2017 - Game Audio Bundle/Gamemaster Audio -  Explosion Sound Pack/explosion_far_distant_02.wav","explosion_far_distant_02wav|explosion sound pack|gamemaster audio"
"explosion_large_08.wav","Explosion Sound Pack","Gamemaster Audio","http://www.sonniss.com/sound-effects/explosion-sound-pack/","/Sonniss - GDC 2017 - Game Audio Bundle/Gamemaster Audio -  Explosion Sound Pack/explosion_large_08.wav","explosion_large_08wav|explosion sound pack|gamemaster audio"
"explosion_large_no_tail_03.wav","Explosion Sound Pack","Gamemaster Audio","http://www.sonniss.com/sound-effects/explosion-sound-pack/","/Sonniss - GDC 2017 - Game Audio Bundle/Gamemaster Audio -  Explosion Sound Pack/explosion_large_no_tail_03.wav","explosion_large_no_tail_03wav|explosion sound pack|gamemaster audio"
"explosion_med_long_tail_01.wav","Explosion Sound Pack","Gamemaster Audio","http://www.sonniss.com/sound-effects/explosion-sound-pack/","/Sonniss - GDC 2017 - Game Audio Bundle/Gamemaster Audio -  Explosion Sound Pack/explosion_med_long_tail_01.wav","explosion_med_long_tail_01wav|explosion sound pack|gamemaster audio"
"collect_item_14.wav","Fun Casual Sounds","Gamemaster Audio","http://www.sonniss.com/sound-effects/fun-casual-sounds/","/Sonniss - GDC 2017 - Game Audio Bundle/Gamemaster Audio -  Fun Casual Sounds/collect_item_14.wav","collect_item_14wav|fun casual sounds|gamemaster audio"
"collect_item_hurry_out_of_time_01.wav","Fun Casual Sounds","Gamemaster Audio","http://www.sonniss.com/sound-effects/fun-casual-sounds/","/Sonniss - GDC 2017 - Game Audio Bundle/Gamemaster Audio -  Fun Casual Sounds/collect_item_hurry_out_of_time_01.wav","collect_item_hurry_out_of_time_01wav|fun casual sounds|gamemaster audio"
"comedy_siren_whistle_fun_sounds_09.wav","Fun Casual Sounds","Gamemaster Audio","http://www.sonniss.com/sound-effects/fun-casual-sounds/","/Sonniss - GDC 2017 - Game Audio Bundle/Gamemaster Audio -  Fun Casual Sounds/comedy_siren_whistle_fun_sounds_09.wav","comedy_siren_whistle_fun_sounds_09wav|fun casual sounds|gamemaster audio"
"retro_jump_collect_bonus_03.wav","Fun Casual Sounds","Gamemaster Audio","http://www.sonniss.com/sound-effects/fun-casual-sounds/","/Sonniss - GDC 2017 - Game Audio Bundle/Gamemaster Audio -  Fun Casual Sounds/retro_jump_collect_bonus_03.wav","retro_jump_collect_bonus_03wav|fun casual sounds|gamemaster audio"
"voice_fun_character_cute_cartoon_23.wav","Fun Character Voices","Gamemaster Audio","http://www.sonniss.com/sound-effects/fun-character-voices/","/Sonniss - GDC 2017 - Game Audio Bundle/Gamemaster Audio -  Fun Character Voices/voice_fun_character_cute_cartoon_23.wav","voice_fun_character_cute_cartoon_23wav|fun character voices|gamemaster audio"
"voice_fun_man_character_deep_laugh_11.wav","Fun Character Voices","Gamemaster Audio","http://www.sonniss.com/sound-effects/fun-character-voices/","/Sonniss - GDC 2017 - Game Audio Bundle/Gamemaster Audio -  Fun Character Voices/voice_fun_man_character_deep_laugh_11.wav","voice_fun_man_character_deep_laugh_11wav|fun character voices|gamemaster audio"
"voice_fun_small_character_emote_interested_09.wav","Fun Character Voices","Gamemaster Audio","http://www.sonniss.com/sound-effects/fun-character-voices/","/Sonniss - GDC 2017 - Game Audio Bundle/Gamemaster Audio -  Fun Character Voices/voice_fun_small_character_emote_interested_09.wav","voice_fun_small_character_emote_interested_09wav|fun character voices|gamemaster audio"
"voice_fun_small_character_emote_sad_02.wav","Fun Character Voices","Gamemaster Audio","http://www.sonniss.com/sound-effects/fun-character-voices/","/Sonniss - GDC 2017 - Game Audio Bundle/Gamemaster Audio -  Fun Character Voices/voice_fun_small_character_emote_sad_02.wav","voice_fun_small_character_emote_sad_02wav|fun character voices|gamemaster audio"
"gun_revolver_pistol_shot_04.wav","Gun Sound Pack","Gamemaster Audio","http://www.sonniss.com/sound-effects/gun-sound-pack/","/Sonniss - GDC 2017 - Game Audio Bundle/Gamemaster Audio -  Gun Sound Pack/gun_revolver_pistol_shot_04.wav","gun_revolver_pistol_shot_04wav|gun sound pack|gamemaster audio"
"gun_rifle_sniper_shot_01.wav","Gun Sound Pack","Gamemaster Audio","http://www.sonniss.com/sound-effects/gun-sound-pack/","/Sonniss - GDC 2017 - Game Audio Bundle/Gamemaster Audio -  Gun Sound Pack/gun_rifle_sniper_shot_01.wav","gun_rifle_sniper_shot_01wav|gun sound pack|gamemaster audio"
"gun_semi_auto_rifle_cock_02.wav","Gun Sound Pack","Gamemaster Audio","http://www.sonniss.com/sound-effects/gun-sound-pack/","/Sonniss - GDC 2017 - Game Audio Bundle/Gamemaster Audio -  Gun Sound Pack/gun_semi_auto_rifle_cock_02.wav","gun_semi_auto_rifle_cock_02wav|gun sound pack|gamemaster audio"
"gun_submachine_auto_shot_00_automatic_preview_01.wav","Gun Sound Pack","Gamemaster Audio","http://www.sonniss.com/sound-effects/gun-sound-pack/","/Sonniss - GDC 2017 - Game Audio Bundle/Gamemaster Audio -  Gun Sound Pack/gun_submachine_auto_shot_00_automatic_preview_01.wav","gun_submachine_auto_shot_00_automatic_preview_01wav|gun sound pack|gamemaster audio"
"voice_female_a_attack_02.wav","Human Vocalizations","Gamemaster Audio","http://www.sonniss.com/sound-effects/human-vocalizations/","/Sonniss - GDC 2017 - Game Audio Bundle/Gamemaster Audio -  Human Vocalizations/voice_female_a_attack_02.wav","voice_female_a_attack_02wav|human vocalizations|gamemaster audio"
"voice_female_a_cough_03.wav","Human Vocalizations","Gamemaster Audio","http://www.sonniss.com/sound-effects/human-vocalizations/","/Sonniss - GDC 2017 - Game Audio Bundle/Gamemaster Audio -  Human Vocalizations/voice_female_a_cough_03.wav","voice_female_a_cough_03wav|human vocalizations|gamemaster audio"
"voice_male_b_battle_shout_short_09.wav","Human Vocalizations","Gamemaster Audio","http://www.sonniss.com/sound-effects/human-vocalizations/","/Sonniss - GDC 2017 - Game Audio Bundle/Gamemaster Audio -  Human Vocalizations/voice_male_b_battle_shout_short_09.wav","voice_male_b_battle_shout_short_09wav|human vocalizations|gamemaster audio"
"voice_male_b_death_low_09.wav","Human Vocalizations","Gamemaster Audio","http://www.sonniss.com/sound-effects/human-vocalizations/","/Sonniss - GDC 2017 - Game Audio Bundle/Gamemaster Audio -  Human Vocalizations/voice_male_b_death_low_09.wav","voice_male_b_death_low_09wav|human vocalizations|gamemaster audio"
"punch_blocked_02.wav","Punch Sound Pack","Gamemaster Audio","http://www.sonniss.com/sound-effects/punch-sound-pack/","/Sonniss - GDC 2017 - Game Audio Bundle/Gamemaster Audio -  Punch Sound Pack/punch_blocked_02.wav","punch_blocked_02wav|punch sound pack|gamemaster audio"
"punch_general_body_impact_03.wav","Punch Sound Pack","Gamemaster Audio","http://www.sonniss.com/sound-effects/punch-sound-pack/","/Sonniss - GDC 2017 - Game Audio Bundle/Gamemaster Audio -  Punch Sound Pack/punch_general_body_impact_03.wav","punch_general_body_impact_03wav|punch sound pack|gamemaster audio"
"punch_grit_wet_impact_05.wav","Punch Sound Pack","Gamemaster Audio","http://www.sonniss.com/sound-effects/punch-sound-pack/","/Sonniss - GDC 2017 - Game Audio Bundle/Gamemaster Audio -  Punch Sound Pack/punch_grit_wet_impact_05.wav","punch_grit_wet_impact_05wav|punch sound pack|gamemaster audio"
"punch_heavy_huge_distorted_01.wav","Punch Sound Pack","Gamemaster Audio","http://www.sonniss.com/sound-effects/punch-sound-pack/","/Sonniss - GDC 2017 - Game Audio Bundle/Gamemaster Audio -  Punch Sound Pack/punch_heavy_huge_distorted_01.wav","punch_heavy_huge_distorted_01wav|punch sound pack|gamemaster audio"
"troll_monster_death_01.wav","Troll Monster Vocalizations","Gamemaster Audio","http://www.sonniss.com/sound-effects/troll-monster-vocalizations/","/Sonniss - GDC 2017 - Game Audio Bundle/Gamemaster Audio - Troll Monster Vocalizations/troll_monster_death_01.wav","troll_monster_death_01wav|troll monster vocalizations|gamemaster audio"
"troll_monster_growl_long_05.wav","Troll Monster Vocalizations","Gamemaster Audio","http://www.sonniss.com/sound-effects/troll-monster-vocalizations/","/Sonniss - GDC 2017 - Game Audio Bundle/Gamemaster Audio - Troll Monster Vocalizations/troll_monster_growl_long_05.wav","troll_monster_growl_long_05wav|troll monster vocalizations|gamemaster audio"
"troll_monster_hurt_pain_01.wav","Troll Monster Vocalizations","Gamemaster Audio","http://www.sonniss.com/sound-effects/troll-monster-vocalizations/","/Sonniss - GDC 2017 - Game Audio Bundle/Gamemaster Audio - Troll Monster Vocalizations/troll_monster_hurt_pain_01.wav","troll_monster_hurt_pain_01wav|troll monster vocalizations|gamemaster audio"
"troll_monster_taunt_03.wav","Troll Monster Vocalizations","Gamemaster Audio","http://www.sonniss.com/sound-effects/troll-monster-vocalizations/","/Sonniss - GDC 2017 - Game Audio Bundle/Gamemaster Audio - Troll Monster Vocalizations/troll_monster_taunt_03.wav","troll_monster_taunt_03wav|troll monster vocalizations|gamemaster audio"
"Flashback of Fear 04.wav","Atmosfear","Glitchedtones","http://www.sonniss.com/sound-effects/atmosfear/","/Sonniss - GDC 2017 - Game Audio Bundle/Glitchedtones - Atmosfear/Flashback of Fear 04.wav","atmosphere|soundscape|horror|tension|haunted|surreal|flashback|of|fear|04wav|atmosfear|glitchedtones"
"Slaughter Swell 03.wav","Atmosfear","Glitchedtones","http://www.sonniss.com/sound-effects/atmosfear/","/Sonniss - GDC 2017 - Game Audio Bundle/Glitchedtones - Atmosfear/Slaughter Swell 03.wav","atmosphere|soundscape|horror|tension|haunted|surreal|swell|slaughter|03wav|atmosfear|glitchedtones"
"Terror Approach 03.wav","Atmosfear","Glitchedtones","http://www.sonniss.com/sound-effects/atmosfear/","/Sonniss - GDC 2017 - Game Audio Bundle/Glitchedtones - Atmosfear/Terror Approach 03.wav","atmosphere|soundscape|horror|tension|haunted|surreal|terror|approach|03wav|atmosfear|glitchedtones"
"The Calling 03.wav","Atmosfear","Glitchedtones","http://www.sonniss.com/sound-effects/atmosfear/","/Sonniss - GDC 2017 - Game Audio Bundle/Glitchedtones - Atmosfear/The Calling 03.wav","atmosphere|soundscape|horror|tension|haunted|surreal|ghost|the|calling|03wav|atmosfear|glitchedtones"
"Alien Spacecraft Electrical Drone 03.wav","Drones","Glitchedtones","http://www.sonniss.com/sound-effects/drones/","/Sonniss - GDC 2017 - Game Audio Bundle/Glitchedtones - Drones/Alien Spacecraft Electrical Drone 03.wav","drone|industrial|science|fiction|horror|dystopian|mothership|hub|generator|alien|technology|machine|atmosphere|electrical|spacecraft|ambience|noise|soundscape|bed|03wav|drones|glitchedtones"
"Alien Spacecraft Electrical Drone 09.wav","Drones","Glitchedtones","http://www.sonniss.com/sound-effects/drones/","/Sonniss - GDC 2017 - Game Audio Bundle/Glitchedtones - Drones/Alien Spacecraft Electrical Drone 09.wav","drone|industrial|science|fiction|horror|dystopian|mothership|hub|generator|alien|technology|machine|atmosphere|electrical|spacecraft|ambience|noise|soundscape|bed|09wav|drones|glitchedtones"
"Atmospheric Drone 03.wav","Drones","Glitchedtones","http://www.sonniss.com/sound-effects/drones/","/Sonniss - GDC 2017 - Game Audio Bundle/Glitchedtones - Drones/Atmospheric Drone 03.wav","drone|industrial|science|fiction|horror|dystopian|mothership|hub|generator|alien|technology|machine|atmosphere|spacecraft|ambience|dream|sequence|flashback|soundscape|bed|atmospheric|03wav|drones|glitchedtones"
"Planetary Exterior Drone 06.wav","Drones","Glitchedtones","http://www.sonniss.com/sound-effects/drones/","/Sonniss - GDC 2017 - Game Audio Bundle/Glitchedtones - Drones/Planetary Exterior Drone 06.wav","drone|industrial|science|fiction|horror|dystopian|atmosphere|ambience|spaceport|planetary|soundscape|bed|exterior|06wav|drones|glitchedtones"
"High Frequency Feedback 14.wav","Feedback Loop FX & Atmospheres","Glitchedtones","http://www.sonniss.com/sound-effects/feedback-loop-fx-atmospheres/","/Sonniss - GDC 2017 - Game Audio Bundle/Glitchedtones - Feedback Loop FX & Atmospheres/High Frequency Feedback 14.wav","noinput|mixer|feedback|loop|interference|glitch|malfunction|high|frequency|14wav|feedback loop fx & atmospheres|glitchedtones"
"Hum 08.wav","Feedback Loop FX & Atmospheres","Glitchedtones","http://www.sonniss.com/sound-effects/feedback-loop-fx-atmospheres/","/Sonniss - GDC 2017 - Game Audio Bundle/Glitchedtones - Feedback Loop FX & Atmospheres/Hum 08.wav","noinput|mixer|feedback|loop|interference|glitch|malfunction|hum|08wav|feedback loop fx & atmospheres|glitchedtones"
"Interference 18.wav","Feedback Loop FX & Atmospheres","Glitchedtones","http://www.sonniss.com/sound-effects/feedback-loop-fx-atmospheres/","/Sonniss - GDC 2017 - Game Audio Bundle/Glitchedtones - Feedback Loop FX & Atmospheres/Interference 18.wav","noinput|mixer|feedback|loop|interference|glitch|malfunction|18wav|feedback loop fx & atmospheres|glitchedtones"
"Pedal FX 02.wav","Feedback Loop FX & Atmospheres","Glitchedtones","http://www.sonniss.com/sound-effects/feedback-loop-fx-atmospheres/","/Sonniss - GDC 2017 - Game Audio Bundle/Glitchedtones - Feedback Loop FX & Atmospheres/Pedal FX 02.wav","noinput|mixer|feedback|loop|interference|glitch|malfunction|pedal|fx|02wav|feedback loop fx & atmospheres|glitchedtones"
"Granular Texture Ambient Atmosphere 01.wav","Granular Textures","Glitchedtones","http://www.sonniss.com/sound-effects/granular-textures/","/Sonniss - GDC 2017 - Game Audio Bundle/Glitchedtones - Granular Textures/Granular Texture Ambient Atmosphere 01.wav","ambience|atmosphere|granular|texture|soundscape|bed|sound|design|element|processed|acoustic|guitar|fade|in|out|ambient|01wav|granular textures|glitchedtones"
"Granular Texture Gritty Noisy Atmosphere.wav","Granular Textures","Glitchedtones","http://www.sonniss.com/sound-effects/granular-textures/","/Sonniss - GDC 2017 - Game Audio Bundle/Glitchedtones - Granular Textures/Granular Texture Gritty Noisy Atmosphere.wav","atmosphere|granular|texture|soundscape|bed|sound|design|element|fade|in|out|gritty|noisy|atmospherewav|granular textures|glitchedtones"
"Granular Texture Tension Zither 02.wav","Granular Textures","Glitchedtones","http://www.sonniss.com/sound-effects/granular-textures/","/Sonniss - GDC 2017 - Game Audio Bundle/Glitchedtones - Granular Textures/Granular Texture Tension Zither 02.wav","atmosphere|granular|texture|soundscape|bed|sound|design|element|horror|science|fiction|scifi|dystopian|processed|autoharp|zither|tension|02wav|granular textures|glitchedtones"
"Granular Texture UI Glitch 02.wav","Granular Textures","Glitchedtones","http://www.sonniss.com/sound-effects/granular-textures/","/Sonniss - GDC 2017 - Game Audio Bundle/Glitchedtones - Granular Textures/Granular Texture UI Glitch 02.wav","atmosphere|granular|texture|soundscape|bed|sound|design|element|horror|science|fiction|scifi|dystopian|glitch|processing|user|interface|ui|control|panel|malfunction|02wav|granular textures|glitchedtones"
"Process Malfunction - Computer Glitch 02.wav","Process Malfunction","Glitchedtones","http://www.sonniss.com/sound-effects/process-malfunction/","/Sonniss - GDC 2017 - Game Audio Bundle/Glitchedtones - Process Malfunction/Process Malfunction - Computer Glitch 02.wav","glitch|computer|technology|future|user|interface|science|fiction|scifi|alien|error|crash|broken|failure|hack|mainframe|corrupt|data|stream|processing|malfunction|process|malfunction|computer|glitch|02wav|process malfunction|glitchedtones"
"Process Malfunction - Computer Glitch 18.wav","Process Malfunction","Glitchedtones","http://www.sonniss.com/sound-effects/process-malfunction/","/Sonniss - GDC 2017 - Game Audio Bundle/Glitchedtones - Process Malfunction/Process Malfunction - Computer Glitch 18.wav","glitch|computer|technology|future|user|interface|science|fiction|scifi|alien|error|crash|broken|failure|hack|mainframe|corrupt|data|stream|processing|malfunction|process|malfunction|computer|glitch|18wav|process malfunction|glitchedtones"
"Process Malfunction - Computer Glitch 36.wav","Process Malfunction","Glitchedtones","http://www.sonniss.com/sound-effects/process-malfunction/","/Sonniss - GDC 2017 - Game Audio Bundle/Glitchedtones - Process Malfunction/Process Malfunction - Computer Glitch 36.wav","glitch|computer|technology|future|user|interface|science|fiction|scifi|alien|error|crash|broken|failure|hack|mainframe|corrupt|data|stream|processing|malfunction|process|malfunction|computer|glitch|36wav|process malfunction|glitchedtones"
"Process Malfunction - Computer Glitch 40.wav","Process Malfunction","Glitchedtones","http://www.sonniss.com/sound-effects/process-malfunction/","/Sonniss - GDC 2017 - Game Audio Bundle/Glitchedtones - Process Malfunction/Process Malfunction - Computer Glitch 40.wav","glitch|computer|technology|future|user|interface|science|fiction|scifi|alien|error|crash|broken|failure|hack|mainframe|corrupt|data|stream|processing|malfunction|process|malfunction|computer|glitch|40wav|process malfunction|glitchedtones"
"Signal Interference 05.wav","Signal Interference","Glitchedtones","http://www.sonniss.com/sound-effects/signal-interference/","/Sonniss - GDC 2017 - Game Audio Bundle/Glitchedtones - Signal Interference/Signal Interference 05.wav","noinput|mixer|feedback|loop|interference|glitch|malfunction|signal|05wav|signal interference|glitchedtones"
"Signal Interference 14.wav","Signal Interference","Glitchedtones","http://www.sonniss.com/sound-effects/signal-interference/","/Sonniss - GDC 2017 - Game Audio Bundle/Glitchedtones - Signal Interference/Signal Interference 14.wav","noinput|mixer|feedback|loop|interference|glitch|malfunction|signal|14wav|signal interference|glitchedtones"
"Signal Interference 19.wav","Signal Interference","Glitchedtones","http://www.sonniss.com/sound-effects/signal-interference/","/Sonniss - GDC 2017 - Game Audio Bundle/Glitchedtones - Signal Interference/Signal Interference 19.wav","noinput|mixer|feedback|loop|interference|glitch|malfunction|signal|19wav|signal interference|glitchedtones"
"Signal Interference 38.wav","Signal Interference","Glitchedtones","http://www.sonniss.com/sound-effects/signal-interference/","/Sonniss - GDC 2017 - Game Audio Bundle/Glitchedtones - Signal Interference/Signal Interference 38.wav","noinput|mixer|feedback|loop|interference|glitch|malfunction|signal|38wav|signal interference|glitchedtones"
"Whoosh Transition 049.wav","Whooshes & Transitions","Glitchedtones","http://www.sonniss.com/sound-effects/whooshes-transitions/","/Sonniss - GDC 2017 - Game Audio Bundle/Glitchedtones - Whooshes & Transitions/Whoosh Transition 049.wav","whoosh|transition|passby|science|fiction|scifi|movement|whoosh|transition|049wav|whooshes & transitions|glitchedtones"
"Whoosh Transition 066.wav","Whooshes & Transitions","Glitchedtones","http://www.sonniss.com/sound-effects/whooshes-transitions/","/Sonniss - GDC 2017 - Game Audio Bundle/Glitchedtones - Whooshes & Transitions/Whoosh Transition 066.wav","whoosh|transition|passby|science|fiction|scifi|movement|whoosh|transition|066wav|whooshes & transitions|glitchedtones"
"Whoosh Transition Doppler FX 002.wav","Whooshes & Transitions","Glitchedtones","http://www.sonniss.com/sound-effects/whooshes-transitions/","/Sonniss - GDC 2017 - Game Audio Bundle/Glitchedtones - Whooshes & Transitions/Whoosh Transition Doppler FX 002.wav","whoosh|transition|passby|science|fiction|scifi|movement|doppler|whoosh|transition|doppler|fx|002wav|whooshes & transitions|glitchedtones"
"Whoosh Transition Doppler FX 017.wav","Whooshes & Transitions","Glitchedtones","http://www.sonniss.com/sound-effects/whooshes-transitions/","/Sonniss - GDC 2017 - Game Audio Bundle/Glitchedtones - Whooshes & Transitions/Whoosh Transition Doppler FX 017.wav","whoosh|transition|passby|science|fiction|scifi|movement|doppler|whoosh|transition|doppler|fx|017wav|whooshes & transitions|glitchedtones"
"L_TRAIN_by_moderate_speed_under_tracks_persp_004.wav","Chicago Rapid Transit - The L","Griffin Sound Design","http://www.sonniss.com/sound-effects/chicago-rapid-transit/","/Sonniss - GDC 2017 - Game Audio Bundle/Griffin Sound Design - Chicago Rapid Transit - The L/L_TRAIN_by_moderate_speed_under_tracks_persp_004.wav","l|train|library||||chicago|train|loop|commuter|transit|rail|elevated|audiotechnica|bp4025|sound|devices|722|ssl|eq|l_train_by_moderate_speed_under_tracks_persp_004wav|chicago rapid transit - the l|griffin sound design"
"L_TRAIN_by_open_air_track_center_of_expressway_under_tracks_persp002.wav","Chicago Rapid Transit - The L","Griffin Sound Design","http://www.sonniss.com/sound-effects/chicago-rapid-transit/","/Sonniss - GDC 2017 - Game Audio Bundle/Griffin Sound Design - Chicago Rapid Transit - The L/L_TRAIN_by_open_air_track_center_of_expressway_under_tracks_persp002.wav","l|train|library||||chicago|train|loop|commuter|transit|rail|open|air|tracks|along|highway|from|underneath|zoom|h5|ssl|eq|l_train_by_open_air_track_center_of_expressway_under_tracks_persp002wav|chicago rapid transit - the l|griffin sound design"
"L_TRAIN_by_with_alert_horn_Underground_sidewalkgratePersp-noEQ.wav","Chicago Rapid Transit - The L","Griffin Sound Design","http://www.sonniss.com/sound-effects/chicago-rapid-transit/","/Sonniss - GDC 2017 - Game Audio Bundle/Griffin Sound Design - Chicago Rapid Transit - The L/L_TRAIN_by_with_alert_horn_Underground_sidewalkgratePersp-noEQ.wav","l|train|library||||chicago|train|loop|commuter|transit|rail|underground|recorded|through|sidewalk|grate|horn|sounds|audiotechnica|bp4025|sound|devices|722|no|eq|l_train_by_with_alert_horn_underground_sidewalkgrateperspnoeqwav|chicago rapid transit - the l|griffin sound design"
"L_TRAIN_INT_passenger_cabin_in_motion_slow_door_open_at_end.wav","Chicago Rapid Transit - The L","Griffin Sound Design","http://www.sonniss.com/sound-effects/chicago-rapid-transit/","/Sonniss - GDC 2017 - Game Audio Bundle/Griffin Sound Design - Chicago Rapid Transit - The L/L_TRAIN_INT_passenger_cabin_in_motion_slow_door_open_at_end.wav","l|train|library||||chicago|train|loop|commuter|transit|rail|open|air|zoom|h5|ssl|eq|l_train_int_passenger_cabin_in_motion_slow_door_open_at_endwav|chicago rapid transit - the l|griffin sound design"
"MUG_Dull_Wood_Surface_Drop_Series.wav","Mugs","Griffin Sound Design","http://www.sonniss.com/sound-effects/mugs/","/Sonniss - GDC 2017 - Game Audio Bundle/Griffin Sound Design - Mugs/MUG_Dull_Wood_Surface_Drop_Series.wav","stoneware|coffee|mug|drop|onto|wood|surface|series|||mug|tea|ceramic|break|impact|shatter|foley|mug_dull_wood_surface_drop_serieswav|mugs|griffin sound design"
"MUG_KitchenCounter_Spins_Top_Series.wav","Mugs","Griffin Sound Design","http://www.sonniss.com/sound-effects/mugs/","/Sonniss - GDC 2017 - Game Audio Bundle/Griffin Sound Design - Mugs/MUG_KitchenCounter_Spins_Top_Series.wav","stoneware|coffee|mug|spin|on|laminated|kitchen|counter|open|end|down|series|||mug|tea|fall|over|foley|mug_kitchencounter_spins_top_serieswav|mugs|griffin sound design"
"MUG_Metal_TV_Tray_Drops_Series002.wav","Mugs","Griffin Sound Design","http://www.sonniss.com/sound-effects/mugs/","/Sonniss - GDC 2017 - Game Audio Bundle/Griffin Sound Design - Mugs/MUG_Metal_TV_Tray_Drops_Series002.wav","stoneware|coffee|mug|drop|onto|metal|tv|tray|series|||mug|tea|ceramic|impact|foley|mug_metal_tv_tray_drops_series002wav|mugs|griffin sound design"
"MUG_Tile_Floor_Drop_and_Break.wav","Mugs","Griffin Sound Design","http://www.sonniss.com/sound-effects/mugs/","/Sonniss - GDC 2017 - Game Audio Bundle/Griffin Sound Design - Mugs/MUG_Tile_Floor_Drop_and_Break.wav","stoneware|coffee|mug|drop|onto|plastic|laminate|tile|floor|series|||mug|tea|ceramic|break|impact|shatter|foley|mug_tile_floor_drop_and_breakwav|mugs|griffin sound design"
"WR_EXT_Start and Away_Fast_Semi-Distant POV_Stereo.wav","Warrior IFV Custom Vehicle Recording","Hammer & Spark Audio Production","http://www.sonniss.com/sound-effects/warrior-ifv-custom-vehicle-recording/","/Sonniss - GDC 2017 - Game Audio Bundle/Hammer & Spark Audio Production - Warrior IFV Custom Vehicle Recording/WR_EXT_Start and Away_Fast_Semi-Distant POV_Stereo.wav","wr_ext_start|and|away_fast_semidistant|pov_stereowav|warrior ifv custom vehicle recording|hammer & spark audio production"
"WR_EXT_Troop Door Open_Mono.wav","Warrior IFV Custom Vehicle Recording","Hammer & Spark Audio Production","http://www.sonniss.com/sound-effects/warrior-ifv-custom-vehicle-recording/","/Sonniss - GDC 2017 - Game Audio Bundle/Hammer & Spark Audio Production - Warrior IFV Custom Vehicle Recording/WR_EXT_Troop Door Open_Mono.wav","wr_ext_troop|door|open_monowav|warrior ifv custom vehicle recording|hammer & spark audio production"
"WR_INT_Turret Movements_Short_Troop Area POV_Mono.wav","Warrior IFV Custom Vehicle Recording","Hammer & Spark Audio Production","http://www.sonniss.com/sound-effects/warrior-ifv-custom-vehicle-recording/","/Sonniss - GDC 2017 - Game Audio Bundle/Hammer & Spark Audio Production - Warrior IFV Custom Vehicle Recording/WR_INT_Turret Movements_Short_Troop Area POV_Mono.wav","wr_int_turret|movements_short_troop|area|pov_monowav|warrior ifv custom vehicle recording|hammer & spark audio production"
"WR_ONBD_Const_Int_Driver Posn_POV_Slow_Stereo.wav","Warrior IFV Custom Vehicle Recording","Hammer & Spark Audio Production","http://www.sonniss.com/sound-effects/warrior-ifv-custom-vehicle-recording/","/Sonniss - GDC 2017 - Game Audio Bundle/Hammer & Spark Audio Production - Warrior IFV Custom Vehicle Recording/WR_ONBD_Const_Int_Driver Posn_POV_Slow_Stereo.wav","wr_onbd_const_int_driver|posn_pov_slow_stereowav|warrior ifv custom vehicle recording|hammer & spark audio production"
"Rotation,Metal,Crank,Gears,Scrape,Squeak,Purposeful,Organic,Loop.wav","Elegant Machines","Hzandbits","http://www.sonniss.com/sound-effects/elegant-machines/","/Sonniss - GDC 2017 - Game Audio Bundle/Hzandbits - Elegant Machines/Rotation,Metal,Crank,Gears,Scrape,Squeak,Purposeful,Organic,Loop.wav","snote=turning|crank|of|antique|coffee|grinder|with|purposeful|organic|loop|squeaking|and|scrapingmechanisms|||hzandbits|sound|effects|rotation|metal|crank|gears|scrape|squeak|purposeful|organic|loopwav|elegant machines"
"Rotation,Metal,Crank,Gears,Squeak,Rattle,Loop,Short.wav","Elegant Machines","Hzandbits","http://www.sonniss.com/sound-effects/elegant-machines/","/Sonniss - GDC 2017 - Game Audio Bundle/Hzandbits - Elegant Machines/Rotation,Metal,Crank,Gears,Squeak,Rattle,Loop,Short.wav","snote=turning|crank|of|antique|coffee|grinder|with|a|squeaky|rattlemechanisms|||hzandbits|sound|effects|rotation|metal|crank|gears|squeak|rattle|loop|shortwav|elegant machines"
"Rotation,Metal,Crank,Woody,Grind,Serrated,Loop,Short.wav","Elegant Machines","Hzandbits","http://www.sonniss.com/sound-effects/elegant-machines/","/Sonniss - GDC 2017 - Game Audio Bundle/Hzandbits - Elegant Machines/Rotation,Metal,Crank,Woody,Grind,Serrated,Loop,Short.wav","snote=turning|crank|of|antique|coffee|grinder|with|a|woody|serrated|sounding|grindmechanisms|||hzandbits|sound|effects|rotation|metal|crank|woody|grind|serrated|loop|shortwav|elegant machines"
"Rotation,Metal,Shallow,Roll,Rattle,Loose,Churning,Steady,Loop.wav","Elegant Machines","Hzandbits","http://www.sonniss.com/sound-effects/elegant-machines/","/Sonniss - GDC 2017 - Game Audio Bundle/Hzandbits - Elegant Machines/Rotation,Metal,Shallow,Roll,Rattle,Loose,Churning,Steady,Loop.wav","snote=marble|rotating|briskly|in|tin|can|lid|with|a|shallow|loose|rolling|rattlemechanisms|||hzandbits|sound|effects|rotation|metal|shallow|roll|rattle|loose|churning|steady|loopwav|elegant machines"
"Hvac,Cooling unit,Refrigerator,Int,Drone,Rattle,Roomtone,Loop.wav","Hvac Elements","Hzandbits","http://www.sonniss.com/sound-effects/hvac-elements/","/Sonniss - GDC 2017 - Game Audio Bundle/Hzandbits - Hvac Elements/Hvac,Cooling unit,Refrigerator,Int,Drone,Rattle,Roomtone,Loop.wav","snote=refrigerator|cooler|drones|and|rattles|with|a|slow|change|in|sound|bit|of|roomtone|||hzandbits|sound|effects|hvac|cooling|unit|refrigerator|int|drone|rattle|roomtone|loopwav|hvac elements"
"Hvac,Heating,Pressure pump,Industrial,Whine,Slight rumble,Loop.wav","Hvac Elements","Hzandbits","http://www.sonniss.com/sound-effects/hvac-elements/","/Sonniss - GDC 2017 - Game Audio Bundle/Hzandbits - Hvac Elements/Hvac,Heating,Pressure pump,Industrial,Whine,Slight rumble,Loop.wav","snote=industrial|pressure|pump|runs|at|fluctuating|speeds|with|a|whine|and|slight|rumble|||hzandbits|sound|effects|hvac|heating|pressure|industrial|whine|slight|loopwav|hvac elements"
"Hvac,Ventilation,Exhaust,Industrial,Drone,Slight rumble,Loop.wav","Hvac Elements","Hzandbits","http://www.sonniss.com/sound-effects/hvac-elements/","/Sonniss - GDC 2017 - Game Audio Bundle/Hzandbits - Hvac Elements/Hvac,Ventilation,Exhaust,Industrial,Drone,Slight rumble,Loop.wav","snote=industrial|exhaust|drones|and|rumbles|slightly|||hzandbits|sound|effects|hvac|ventilation|exhaust|industrial|drone|slight|rumble|loopwav|hvac elements"
"Roomtone,Hvac,Drone,Hum,Low Mids,Loop.wav","Hvac Elements","Hzandbits","http://www.sonniss.com/sound-effects/hvac-elements/","/Sonniss - GDC 2017 - Game Audio Bundle/Hzandbits - Hvac Elements/Roomtone,Hvac,Drone,Hum,Low Mids,Loop.wav","roomtone|hvac|drone|hum|low|mids|loopwav|hvac elements|hzandbits"
"Amb,Industry,Ext,Factory drone,Conveyor belt,Clack,Click,2nd pos.wav","Industrial Exteriors I","Hzandbits","http://www.sonniss.com/sound-effects/industrial-exteriors/","/Sonniss - GDC 2017 - Game Audio Bundle/Hzandbits - Industrial Exteriors I/Amb,Industry,Ext,Factory drone,Conveyor belt,Clack,Click,2nd pos.wav","amb|industry|ext|factory|drone|conveyor|belt|clack|click|2nd|poswav|industrial exteriors i|hzandbits"
"Amb,Industry,Ext,Factory,Churn,Whine,Condensation drops.wav","Industrial Exteriors I","Hzandbits","http://www.sonniss.com/sound-effects/industrial-exteriors/","/Sonniss - GDC 2017 - Game Audio Bundle/Hzandbits - Industrial Exteriors I/Amb,Industry,Ext,Factory,Churn,Whine,Condensation drops.wav","amb|industry|ext|factory|churn|whine|condensation|dropswav|industrial exteriors i|hzandbits"
"Amb,Industry,Industrial drone,Metal,Clinking.wav","Industrial Exteriors I","Hzandbits","http://www.sonniss.com/sound-effects/industrial-exteriors/","/Sonniss - GDC 2017 - Game Audio Bundle/Hzandbits - Industrial Exteriors I/Amb,Industry,Industrial drone,Metal,Clinking.wav","amb|industry|industrial|drone|metal|clinkingwav|industrial exteriors i|hzandbits"
"Amb,Port,Ext,Bulk offload,Engine,Gravel,Clatter,Heavy.wav","Industrial Exteriors I","Hzandbits","http://www.sonniss.com/sound-effects/industrial-exteriors/","/Sonniss - GDC 2017 - Game Audio Bundle/Hzandbits - Industrial Exteriors I/Amb,Port,Ext,Bulk offload,Engine,Gravel,Clatter,Heavy.wav","amb|port|ext|bulk|offload|engine|gravel|clatter|heavywav|industrial exteriors i|hzandbits"
"Money,Bills,Hand,Count,Single,relaxed.wav","Money","Hzandbits","http://www.sonniss.com/sound-effects/money/","/Sonniss - GDC 2017 - Game Audio Bundle/Hzandbits - Money/Money,Bills,Hand,Count,Single,relaxed.wav","snote=sound|of|one|bill|being|counted|or|shuffled|in|a|relaxed|manner|money|bills|hand|count|single|relaxedwav|hzandbits"
"Money,Coins,Drop In Cash Register.wav","Money","Hzandbits","http://www.sonniss.com/sound-effects/money/","/Sonniss - GDC 2017 - Game Audio Bundle/Hzandbits - Money/Money,Coins,Drop In Cash Register.wav","snote=coins|dropped|in|cash|register|drawer|money|coins|drop|in|cash|registerwav|hzandbits"
"Money,Coins,Hand,Count,x4.wav","Money","Hzandbits","http://www.sonniss.com/sound-effects/money/","/Sonniss - GDC 2017 - Game Audio Bundle/Hzandbits - Money/Money,Coins,Hand,Count,x4.wav","snote=4|coins|counted|by|dropping|into|hand|money|coins|hand|count|x4wav|hzandbits"
"Money,Coins,Handle.wav","Money","Hzandbits","http://www.sonniss.com/sound-effects/money/","/Sonniss - GDC 2017 - Game Audio Bundle/Hzandbits - Money/Money,Coins,Handle.wav","snote=handling|coins|in|hands|money|coins|handlewav|hzandbits"
"Wind,Ext,Alley,Whoosh,Fluctuating slightly,Wire flapping.wav","Urban Winds II","Hzandbits","http://www.sonniss.com/sound-effects/urban-winds-ii/","/Sonniss - GDC 2017 - Game Audio Bundle/Hzandbits - Urban Winds II/Wind,Ext,Alley,Whoosh,Fluctuating slightly,Wire flapping.wav","wind|ext|alley|whoosh|fluctuating|slightly|wire|flappingwav|urban winds ii|hzandbits"
"Wind,Ext,Marina,Masts,Wires,Buffeting,Whistle,Clank.wav","Urban Winds II","Hzandbits","http://www.sonniss.com/sound-effects/urban-winds-ii/","/Sonniss - GDC 2017 - Game Audio Bundle/Hzandbits - Urban Winds II/Wind,Ext,Marina,Masts,Wires,Buffeting,Whistle,Clank.wav","wind|ext|marina|masts|wires|buffeting|whistle|clankwav|urban winds ii|hzandbits"
"Wind,Ext,Marina,Masts,Wires,Whistle,Clank.wav","Urban Winds II","Hzandbits","http://www.sonniss.com/sound-effects/urban-winds-ii/","/Sonniss - GDC 2017 - Game Audio Bundle/Hzandbits - Urban Winds II/Wind,Ext,Marina,Masts,Wires,Whistle,Clank.wav","wind|ext|marina|masts|wires|whistle|clankwav|urban winds ii|hzandbits"
"Wind,Ext,Whoosh,Whistle,Howl,Ringing.wav","Urban Winds II","Hzandbits","http://www.sonniss.com/sound-effects/urban-winds-ii/","/Sonniss - GDC 2017 - Game Audio Bundle/Hzandbits - Urban Winds II/Wind,Ext,Whoosh,Whistle,Howl,Ringing.wav","wind|ext|whoosh|whistle|howl|ringingwav|urban winds ii|hzandbits"
"Wind,Ext,Breeze,Grass,Tall,Rustle,Buffeting.wav","Wind In Trees","Hzandbits","http://www.sonniss.com/sound-effects/wind-trees/","/Sonniss - GDC 2017 - Game Audio Bundle/Hzandbits - Wind In Trees/Wind,Ext,Breeze,Grass,Tall,Rustle,Buffeting.wav","wind|ext|breeze|grass|tall|rustle|buffetingwav|wind in trees|hzandbits"
"Wind,Ext,Breeze,Reeds,Rustle,Howl,Whip,Whistle.wav","Wind In Trees","Hzandbits","http://www.sonniss.com/sound-effects/wind-trees/","/Sonniss - GDC 2017 - Game Audio Bundle/Hzandbits - Wind In Trees/Wind,Ext,Breeze,Reeds,Rustle,Howl,Whip,Whistle.wav","wind|ext|breeze|reeds|rustle|howl|whip|whistlewav|wind in trees|hzandbits"
"Wind,Ext,Breeze,Treeline,Whoosh,Noise,Constant.wav","Wind In Trees","Hzandbits","http://www.sonniss.com/sound-effects/wind-trees/","/Sonniss - GDC 2017 - Game Audio Bundle/Hzandbits - Wind In Trees/Wind,Ext,Breeze,Treeline,Whoosh,Noise,Constant.wav","wind|ext|breeze|treeline|whoosh|noise|constantwav|wind in trees|hzandbits"
"Wind,Ext,Gust,Grasslands,Rustle,Buffeting.wav","Wind In Trees","Hzandbits","http://www.sonniss.com/sound-effects/wind-trees/","/Sonniss - GDC 2017 - Game Audio Bundle/Hzandbits - Wind In Trees/Wind,Ext,Gust,Grasslands,Rustle,Buffeting.wav","wind|ext|gust|grasslands|rustle|buffetingwav|wind in trees|hzandbits"
"Pony Blow_03.wav","Shetland Pony Vox","Jack Powell","http://www.sonniss.com/sound-effects/shetland-pony-vox/","/Sonniss - GDC 2017 - Game Audio Bundle/Jack Powell - Shetland Pony Vox/Pony Blow_03.wav","shetland|pony|blow|mouth|nose|creature|pony|blow_03wav|shetland pony vox|jack powell"
"Pony Nicker Heavy_08.wav","Shetland Pony Vox","Jack Powell","http://www.sonniss.com/sound-effects/shetland-pony-vox/","/Sonniss - GDC 2017 - Game Audio Bundle/Jack Powell - Shetland Pony Vox/Pony Nicker Heavy_08.wav","shetland|pony|nicker|heavy|grunt|vocal|creature|pony|nicker|heavy_08wav|shetland pony vox|jack powell"
"Pony Nicker Soft_07.wav","Shetland Pony Vox","Jack Powell","http://www.sonniss.com/sound-effects/shetland-pony-vox/","/Sonniss - GDC 2017 - Game Audio Bundle/Jack Powell - Shetland Pony Vox/Pony Nicker Soft_07.wav","shetland|pony|nicker|soft|grunt|vocal|creature|pony|nicker|soft_07wav|shetland pony vox|jack powell"
"Pony Whinny Heavy_05.wav","Shetland Pony Vox","Jack Powell","http://www.sonniss.com/sound-effects/shetland-pony-vox/","/Sonniss - GDC 2017 - Game Audio Bundle/Jack Powell - Shetland Pony Vox/Pony Whinny Heavy_05.wav","shetland|pony|whinny|heavy|neigh|vocal|creature|pony|whinny|heavy_05wav|shetland pony vox|jack powell"
"hell ambiance 01.wav","Breathing In Hell","JC Audio","http://www.sonniss.com/sound-effects/breathing-hell/","/Sonniss - GDC 2017 - Game Audio Bundle/JC Audio - Breathing In Hell/hell ambiance 01.wav","hell|ambiance|01wav|breathing in hell|jc audio"
"scared breath 12.wav","Breathing In Hell","JC Audio","http://www.sonniss.com/sound-effects/breathing-hell/","/Sonniss - GDC 2017 - Game Audio Bundle/JC Audio - Breathing In Hell/scared breath 12.wav","scared|breath|12wav|breathing in hell|jc audio"
"Galactic Wind.wav","Deep Galaxy","JC Audio","http://www.sonniss.com/sound-effects/deep-galaxy/","/Sonniss - GDC 2017 - Game Audio Bundle/JC Audio - Deep Galaxy/Galactic Wind.wav","galactic|windwav|deep galaxy|jc audio"
"One-shot-B2.wav","Deep Galaxy","JC Audio","http://www.sonniss.com/sound-effects/deep-galaxy/","/Sonniss - GDC 2017 - Game Audio Bundle/JC Audio - Deep Galaxy/One-shot-B2.wav","oneshotb2wav|deep galaxy|jc audio"
"One-shot-C4.wav","Deep Galaxy","JC Audio","http://www.sonniss.com/sound-effects/deep-galaxy/","/Sonniss - GDC 2017 - Game Audio Bundle/JC Audio - Deep Galaxy/One-shot-C4.wav","oneshotc4wav|deep galaxy|jc audio"
"One-shot-F3.wav","Deep Galaxy","JC Audio","http://www.sonniss.com/sound-effects/deep-galaxy/","/Sonniss - GDC 2017 - Game Audio Bundle/JC Audio - Deep Galaxy/One-shot-F3.wav","oneshotf3wav|deep galaxy|jc audio"
"Ball Hit Net.wav","Tennis Balls And Ambience","JC Audio","http://www.sonniss.com/sound-effects/tennis-balls-ambience/","/Sonniss - GDC 2017 - Game Audio Bundle/JC Audio - Tennis Balls And Ambience/Ball Hit Net.wav","ball|hit|netwav|tennis balls and ambience|jc audio"
"Overhand Serve.wav","Tennis Balls And Ambience","JC Audio","http://www.sonniss.com/sound-effects/tennis-balls-ambience/","/Sonniss - GDC 2017 - Game Audio Bundle/JC Audio - Tennis Balls And Ambience/Overhand Serve.wav","overhand|servewav|tennis balls and ambience|jc audio"
"Six Rally Shots.wav","Tennis Balls And Ambience","JC Audio","http://www.sonniss.com/sound-effects/tennis-balls-ambience/","/Sonniss - GDC 2017 - Game Audio Bundle/JC Audio - Tennis Balls And Ambience/Six Rally Shots.wav","six|rally|shotswav|tennis balls and ambience|jc audio"
"Take Your Sits VOX.wav","Tennis Balls And Ambience","JC Audio","http://www.sonniss.com/sound-effects/tennis-balls-ambience/","/Sonniss - GDC 2017 - Game Audio Bundle/JC Audio - Tennis Balls And Ambience/Take Your Sits VOX.wav","take|your|sits|voxwav|tennis balls and ambience|jc audio"
"ALE SPIT HIT FACE_02*.wav","Ultimate Eats and Drinks","Joshua Reinhardt","http://www.sonniss.com/sound-effects/ultimate-eats-drinks/","/Sonniss - GDC 2017 - Game Audio Bundle/Joshua Reinhardt -  Ultimate Eats and Drinks/ALE SPIT HIT FACE_02*.wav","misc|vomits|spits|chokes|ale|spit|hit|face_02*wav|ultimate eats and drinks|joshua reinhardt"
"CHIP GRAB AND EAT CHILD_02*.wav","Ultimate Eats and Drinks","Joshua Reinhardt","http://www.sonniss.com/sound-effects/ultimate-eats-drinks/","/Sonniss - GDC 2017 - Game Audio Bundle/Joshua Reinhardt -  Ultimate Eats and Drinks/CHIP GRAB AND EAT CHILD_02*.wav","chews|eats|forks|plate|moves|chip|grab|and|eat|child_02*wav|ultimate eats and drinks|joshua reinhardt"
"PUKE ON GUY_03_04_01*.wav","Ultimate Eats and Drinks","Joshua Reinhardt","http://www.sonniss.com/sound-effects/ultimate-eats-drinks/","/Sonniss - GDC 2017 - Game Audio Bundle/Joshua Reinhardt -  Ultimate Eats and Drinks/PUKE ON GUY_03_04_01*.wav","misc|vomits|spits|chokes|puke|on|guy_03_04_01*wav|ultimate eats and drinks|joshua reinhardt"
"WT PEE_01*.wav","Ultimate Eats and Drinks","Joshua Reinhardt","http://www.sonniss.com/sound-effects/ultimate-eats-drinks/","/Sonniss - GDC 2017 - Game Audio Bundle/Joshua Reinhardt -  Ultimate Eats and Drinks/WT PEE_01*.wav","misc|vomits|spits|chokes|wt|pee_01*wav|ultimate eats and drinks|joshua reinhardt"
"PR ARMY GEAR ROOM_WALK_C414.wav","Ultimate Cloth and Prop Collection","Joshua Reinhardt","http://www.sonniss.com/sound-effects/ultimate-cloth-prop-collection/","/Sonniss - GDC 2017 - Game Audio Bundle/Joshua Reinhardt - Ultimate Cloth and Prop Collection/PR ARMY GEAR ROOM_WALK_C414.wav","pr|army|gear|room_walk_c414wav|ultimate cloth and prop collection|joshua reinhardt"
"PR CHAINS_SCRAPE 4_416.L.wav","Ultimate Cloth and Prop Collection","Joshua Reinhardt","http://www.sonniss.com/sound-effects/ultimate-cloth-prop-collection/","/Sonniss - GDC 2017 - Game Audio Bundle/Joshua Reinhardt - Ultimate Cloth and Prop Collection/PR CHAINS_SCRAPE 4_416.L.wav","pr|chains_scrape|4_416lwav|ultimate cloth and prop collection|joshua reinhardt"
"PR LEATHER BACKPACK_JOG_416.L.wav","Ultimate Cloth and Prop Collection","Joshua Reinhardt","http://www.sonniss.com/sound-effects/ultimate-cloth-prop-collection/","/Sonniss - GDC 2017 - Game Audio Bundle/Joshua Reinhardt - Ultimate Cloth and Prop Collection/PR LEATHER BACKPACK_JOG_416.L.wav","pr|leather|backpack_jog_416lwav|ultimate cloth and prop collection|joshua reinhardt"
"PR PURSE LEATHER_SCRAPE 2_416.L.wav","Ultimate Cloth and Prop Collection","Joshua Reinhardt","http://www.sonniss.com/sound-effects/ultimate-cloth-prop-collection/","/Sonniss - GDC 2017 - Game Audio Bundle/Joshua Reinhardt - Ultimate Cloth and Prop Collection/PR PURSE LEATHER_SCRAPE 2_416.L.wav","pr|purse|leather_scrape|2_416lwav|ultimate cloth and prop collection|joshua reinhardt"
"hydrophone_river 2.wav.wav","Essential Water Sounds Vol. 2","Kevin Durr","http://www.sonniss.com/sound-effects/essential-water-sounds-vol-2/","/Sonniss - GDC 2017 - Game Audio Bundle/Kevin Durr - Essential Water Sounds Vol. 2/hydrophone_river 2.wav.wav","hydrophone_river|2wavwav|essential water sounds vol. 2|kevin durr"
"Lake 3.wav","Essential Water Sounds Vol. 2","Kevin Durr","http://www.sonniss.com/sound-effects/essential-water-sounds-vol-2/","/Sonniss - GDC 2017 - Game Audio Bundle/Kevin Durr - Essential Water Sounds Vol. 2/Lake 3.wav","sspeed=023976ndstake=241subits=$06221641sswver=267sproject=sscene=sfilename=t241wavstape=160622strk1=track|astrk2=track|bsnote=|lake|3wav|essential water sounds vol. 2|kevin durr"
"stream 4.wav","Essential Water Sounds Vol. 2","Kevin Durr","http://www.sonniss.com/sound-effects/essential-water-sounds-vol-2/","/Sonniss - GDC 2017 - Game Audio Bundle/Kevin Durr - Essential Water Sounds Vol. 2/stream 4.wav","stream|4wav|essential water sounds vol. 2|kevin durr"
"Water Tunnel 2.wav","Essential Water Sounds Vol. 2","Kevin Durr","http://www.sonniss.com/sound-effects/essential-water-sounds-vol-2/","/Sonniss - GDC 2017 - Game Audio Bundle/Kevin Durr - Essential Water Sounds Vol. 2/Water Tunnel 2.wav","sspeed=023976ndstake=83subits=$01251683sswver=267sproject=sscene=kev1sfilename=kev1t83wavstape=16y01m25strk1=track|astrk2=track|bsnote=|water|tunnel|2wav|essential water sounds vol. 2|kevin durr"
"Freight Train_Oakland 2_NKU100.wav","Freight Trains Vol. 2 - Binaural Recordings","Kevin Durr","http://www.sonniss.com/sound-effects/freight-trains-vol-2-binaural-recordings/","/Sonniss - GDC 2017 - Game Audio Bundle/Kevin Durr - Freight Trains Vol. 2 - Binaural Recordings/Freight Train_Oakland 2_NKU100.wav","sspeed=023976ndstake=85subits=$01011185sswver=267sproject=sscene=sfilename=t85wavstape=110101strk1=track|astrk2=track|bsnote=|freight|train_oakland|2_nku100wav|freight trains vol. 2 - binaural recordings|kevin durr"
"Freight Train_Richmond 7_NKU100.wav","Freight Trains Vol. 2 - Binaural Recordings","Kevin Durr","http://www.sonniss.com/sound-effects/freight-trains-vol-2-binaural-recordings/","/Sonniss - GDC 2017 - Game Audio Bundle/Kevin Durr - Freight Trains Vol. 2 - Binaural Recordings/Freight Train_Richmond 7_NKU100.wav","sspeed=023976ndstake=56subits=$09301656sswver=267sproject=sscene=sfilename=t56wavstape=160930strk1=track|astrk2=track|bsnote=|freight|train_richmond|7_nku100wav|freight trains vol. 2 - binaural recordings|kevin durr"
"train 2_Richmond.wav","Rusty Old Freight Trains Up Close","Kevin Durr","http://www.sonniss.com/sound-effects/rusty-freight-trains-close/","/Sonniss - GDC 2017 - Game Audio Bundle/Kevin Durr - Rusty Old Freight Trains Up Close/train 2_Richmond.wav","train|2_richmondwav|rusty old freight trains up close|kevin durr"
"train 4_San Francisco.wav","Rusty Old Freight Trains Up Close","Kevin Durr","http://www.sonniss.com/sound-effects/rusty-freight-trains-close/","/Sonniss - GDC 2017 - Game Audio Bundle/Kevin Durr - Rusty Old Freight Trains Up Close/train 4_San Francisco.wav","sspeed=023976ndstake=231subits=$06141631sswver=267sproject=sscene=sfilename=t231wavstape=160614strk1=track|astrk2=track|bsnote=|train|4_san|franciscowav|rusty old freight trains up close|kevin durr"
"Crumbling Printer Paper 9.wav","Victor 1920's Adding Machine","Kevin Durr","http://www.sonniss.com/sound-effects/victor-1920s-adding-machine/","/Sonniss - GDC 2017 - Game Audio Bundle/Kevin Durr - Victor 1920's Adding Machine/Crumbling Printer Paper 9.wav","crumbling|printer|paper|9wav|victor 1920's adding machine|kevin durr"
"Hand Crank 5.wav","Victor 1920's Adding Machine","Kevin Durr","http://www.sonniss.com/sound-effects/victor-1920s-adding-machine/","/Sonniss - GDC 2017 - Game Audio Bundle/Kevin Durr - Victor 1920's Adding Machine/Hand Crank 5.wav","hand|crank|5wav|victor 1920's adding machine|kevin durr"
"Pressing Buttons 6.wav","Victor 1920's Adding Machine","Kevin Durr","http://www.sonniss.com/sound-effects/victor-1920s-adding-machine/","/Sonniss - GDC 2017 - Game Audio Bundle/Kevin Durr - Victor 1920's Adding Machine/Pressing Buttons 6.wav","pressing|buttons|6wav|victor 1920's adding machine|kevin durr"
"Printer 17.wav","Victor 1920's Adding Machine","Kevin Durr","http://www.sonniss.com/sound-effects/victor-1920s-adding-machine/","/Sonniss - GDC 2017 - Game Audio Bundle/Kevin Durr - Victor 1920's Adding Machine/Printer 17.wav","printer|17wav|victor 1920's adding machine|kevin durr"
"Creature_Alien_Death_01.wav","CREATURES ZONE","MatiasMacSD","http://www.sonniss.com/sound-effects/creatures-zone/","/Sonniss - GDC 2017 - Game Audio Bundle/MatiasMacSD - CREATURES ZONE/Creature_Alien_Death_01.wav","creature|monster|alien|death|die|suffering|creature_alien_death_01wav|creatures zone|matiasmacsd"
"Creature_Dragon_Roar_01.wav","CREATURES ZONE","MatiasMacSD","http://www.sonniss.com/sound-effects/creatures-zone/","/Sonniss - GDC 2017 - Game Audio Bundle/MatiasMacSD - CREATURES ZONE/Creature_Dragon_Roar_01.wav","creature|monster|dragon|angry|aggressive|roar|creature_dragon_roar_01wav|creatures zone|matiasmacsd"
"Creature_Monster_Attack_09.wav","CREATURES ZONE","MatiasMacSD","http://www.sonniss.com/sound-effects/creatures-zone/","/Sonniss - GDC 2017 - Game Audio Bundle/MatiasMacSD - CREATURES ZONE/Creature_Monster_Attack_09.wav","creature|monster|angry|aggressive|attack|creature_monster_attack_09wav|creatures zone|matiasmacsd"
"Creature_Monster_Pain_01.wav","CREATURES ZONE","MatiasMacSD","http://www.sonniss.com/sound-effects/creatures-zone/","/Sonniss - GDC 2017 - Game Audio Bundle/MatiasMacSD - CREATURES ZONE/Creature_Monster_Pain_01.wav","creature|monster|pain|hurt|suffering|creature_monster_pain_01wav|creatures zone|matiasmacsd"
"Glitch_Error_Malfunction_018.wav","INACCURACY (GLITCHES)","MatiasMacSD","http://www.sonniss.com/sound-effects/inaccuracy_glitches/","/Sonniss - GDC 2017 - Game Audio Bundle/MatiasMacSD - INACCURACY (GLITCHES)/Glitch_Error_Malfunction_018.wav","glitch|error|fail|failure|crash|malfunction|irregularity|inaccuracy|bug|wrong|computer|system|equipment|glitch_error_malfunction_018wav|inaccuracy (glitches)|matiasmacsd"
"Glitch_Error_Malfunction_045.wav","INACCURACY (GLITCHES)","MatiasMacSD","http://www.sonniss.com/sound-effects/inaccuracy_glitches/","/Sonniss - GDC 2017 - Game Audio Bundle/MatiasMacSD - INACCURACY (GLITCHES)/Glitch_Error_Malfunction_045.wav","glitch|error|fail|failure|crash|malfunction|irregularity|inaccuracy|bug|wrong|computer|system|equipment|glitch_error_malfunction_045wav|inaccuracy (glitches)|matiasmacsd"
"Glitch_Error_Malfunction_090.wav","INACCURACY (GLITCHES)","MatiasMacSD","http://www.sonniss.com/sound-effects/inaccuracy_glitches/","/Sonniss - GDC 2017 - Game Audio Bundle/MatiasMacSD - INACCURACY (GLITCHES)/Glitch_Error_Malfunction_090.wav","glitch|error|fail|failure|crash|malfunction|irregularity|inaccuracy|bug|wrong|computer|system|equipment|glitch_error_malfunction_090wav|inaccuracy (glitches)|matiasmacsd"
"Glitch_Error_Malfunction_120.wav","INACCURACY (GLITCHES)","MatiasMacSD","http://www.sonniss.com/sound-effects/inaccuracy_glitches/","/Sonniss - GDC 2017 - Game Audio Bundle/MatiasMacSD - INACCURACY (GLITCHES)/Glitch_Error_Malfunction_120.wav","glitch|error|fail|failure|crash|malfunction|irregularity|inaccuracy|bug|wrong|computer|system|equipment|glitch_error_malfunction_120wav|inaccuracy (glitches)|matiasmacsd"
"Drone_Atmosphere_Mystery_06.wav","INSIDE ATMOSPHERIC ELEMENTS","MatiasMacSD","http://www.sonniss.com/sound-effects/atmospheric-elements/","/Sonniss - GDC 2017 - Game Audio Bundle/MatiasMacSD - INSIDE ATMOSPHERIC ELEMENTS/Drone_Atmosphere_Mystery_06.wav","drone|atmosphere|atmospheric|element|mystery|mystique|wonder|search|suspense|uncertainty|doubt|drone_atmosphere_mystery_06wav|inside atmospheric elements|matiasmacsd"
"Drone_Atmosphere_Sci-fi_06.wav","INSIDE ATMOSPHERIC ELEMENTS","MatiasMacSD","http://www.sonniss.com/sound-effects/atmospheric-elements/","/Sonniss - GDC 2017 - Game Audio Bundle/MatiasMacSD - INSIDE ATMOSPHERIC ELEMENTS/Drone_Atmosphere_Sci-fi_06.wav","drone|atmosphere|atmospheric|element|scifi|science|fiction|space|tension|drone_atmosphere_scifi_06wav|inside atmospheric elements|matiasmacsd"
"Musical Element_Flute_Melodies_01.wav","INSIDE ATMOSPHERIC ELEMENTS","MatiasMacSD","http://www.sonniss.com/sound-effects/atmospheric-elements/","/Sonniss - GDC 2017 - Game Audio Bundle/MatiasMacSD - INSIDE ATMOSPHERIC ELEMENTS/Musical Element_Flute_Melodies_01.wav","musical|element|instrument|production|atmospheric|flute|tin|whistle|melodies|melodic|lines|emotive|sensitive|reverb|element_flute_melodies_01wav|inside atmospheric elements|matiasmacsd"
"Production Element_Transition_05.wav","INSIDE ATMOSPHERIC ELEMENTS","MatiasMacSD","http://www.sonniss.com/sound-effects/atmospheric-elements/","/Sonniss - GDC 2017 - Game Audio Bundle/MatiasMacSD - INSIDE ATMOSPHERIC ELEMENTS/Production Element_Transition_05.wav","production|element|atmospheric|transition|change|movement|element_transition_05wav|inside atmospheric elements|matiasmacsd"
"Upright Piano_Drone_Tension-03.wav","PIANO ZONE_ATMOSPHERIC ELEMENTS","MatiasMacSD","http://www.sonniss.com/sound-effects/piano-zone_atmospheric-elements/","/Sonniss - GDC 2017 - Game Audio Bundle/MatiasMacSD - PIANO ZONE_ATMOSPHERIC ELEMENTS/Upright Piano_Drone_Tension-03.wav","musical|instrument|upright|piano|vertical|production|element|drone|atmosphere|atmospheric|tension|mystery|piano_drone_tension03wav|piano zone_atmospheric elements|matiasmacsd"
"Upright Piano_Drone_Tension-08.wav","PIANO ZONE_ATMOSPHERIC ELEMENTS","MatiasMacSD","http://www.sonniss.com/sound-effects/piano-zone_atmospheric-elements/","/Sonniss - GDC 2017 - Game Audio Bundle/MatiasMacSD - PIANO ZONE_ATMOSPHERIC ELEMENTS/Upright Piano_Drone_Tension-08.wav","musical|instrument|upright|piano|vertical|production|element|drone|atmosphere|atmospheric|tension|spooky|mystery|piano_drone_tension08wav|piano zone_atmospheric elements|matiasmacsd"
"Upright Piano_Transition-08.wav","PIANO ZONE_ATMOSPHERIC ELEMENTS","MatiasMacSD","http://www.sonniss.com/sound-effects/piano-zone_atmospheric-elements/","/Sonniss - GDC 2017 - Game Audio Bundle/MatiasMacSD - PIANO ZONE_ATMOSPHERIC ELEMENTS/Upright Piano_Transition-08.wav","musical|instrument|upright|piano|vertical|production|element|transition|whoosh|atmospheric|piano_transition08wav|piano zone_atmospheric elements|matiasmacsd"
"Upright Piano_Transition-13.wav","PIANO ZONE_ATMOSPHERIC ELEMENTS","MatiasMacSD","http://www.sonniss.com/sound-effects/piano-zone_atmospheric-elements/","/Sonniss - GDC 2017 - Game Audio Bundle/MatiasMacSD - PIANO ZONE_ATMOSPHERIC ELEMENTS/Upright Piano_Transition-13.wav","musical|instrument|upright|piano|vertical|production|element|transition|whoosh|atmospheric|piano_transition13wav|piano zone_atmospheric elements|matiasmacsd"
"InterfaceBleep-16.wav","PRESS - INTERFACE SOUNDS","MatiasMacSD","http://www.sonniss.com/sound-effects/press-interface-sounds/","/Sonniss - GDC 2017 - Game Audio Bundle/MatiasMacSD - PRESS - INTERFACE SOUNDS/InterfaceBleep-16.wav","interface|interaction|bleep|interfacebleep16wav|press - interface sounds|matiasmacsd"
"InterfaceBleepGlitch-11.wav","PRESS - INTERFACE SOUNDS","MatiasMacSD","http://www.sonniss.com/sound-effects/press-interface-sounds/","/Sonniss - GDC 2017 - Game Audio Bundle/MatiasMacSD - PRESS - INTERFACE SOUNDS/InterfaceBleepGlitch-11.wav","interface|interaction|bleep|glitch|interfacebleepglitch11wav|press - interface sounds|matiasmacsd"
"InterfaceButtonDigital-06.wav","PRESS - INTERFACE SOUNDS","MatiasMacSD","http://www.sonniss.com/sound-effects/press-interface-sounds/","/Sonniss - GDC 2017 - Game Audio Bundle/MatiasMacSD - PRESS - INTERFACE SOUNDS/InterfaceButtonDigital-06.wav","interface|interaction|button|digital|interfacebuttondigital06wav|press - interface sounds|matiasmacsd"
"InterfaceGlitchInteractionData-32.wav","PRESS - INTERFACE SOUNDS","MatiasMacSD","http://www.sonniss.com/sound-effects/press-interface-sounds/","/Sonniss - GDC 2017 - Game Audio Bundle/MatiasMacSD - PRESS - INTERFACE SOUNDS/InterfaceGlitchInteractionData-32.wav","interface|interaction|glitch|data|interfaceglitchinteractiondata32wav|press - interface sounds|matiasmacsd"
"Reverse_Production Element_Bells-001.wav","REVERSE_PRODUCTION ELEMENTS","MatiasMacSD","http://www.sonniss.com/sound-effects/reverse_production-elements/","/Sonniss - GDC 2017 - Game Audio Bundle/MatiasMacSD - REVERSE_PRODUCTION ELEMENTS/Reverse_Production Element_Bells-001.wav","reverse|production|element|"source|little|bells"|sound|design|metallic|atmospheric|reverse_production|element_bells001wav|reverse_production elements|matiasmacsd"
"Reverse_Production Element_Guitar-Piano-Thunder Drum-Bullet Shell-001.wav","REVERSE_PRODUCTION ELEMENTS","MatiasMacSD","http://www.sonniss.com/sound-effects/reverse_production-elements/","/Sonniss - GDC 2017 - Game Audio Bundle/MatiasMacSD - REVERSE_PRODUCTION ELEMENTS/Reverse_Production Element_Guitar-Piano-Thunder Drum-Bullet Shell-001.wav","reverse|production|element|"source|clean|electric|guitar|detuned|upright|piano|thunder|drum|and|bullet|shell"|sound|design|strange|craziness|surreal|atmospheric|reverse_production|element_guitarpianothunder|drumbullet|shell001wav|reverse_production elements|matiasmacsd"
"Reverse_Production Element_Piano-001.wav","REVERSE_PRODUCTION ELEMENTS","MatiasMacSD","http://www.sonniss.com/sound-effects/reverse_production-elements/","/Sonniss - GDC 2017 - Game Audio Bundle/MatiasMacSD - REVERSE_PRODUCTION ELEMENTS/Reverse_Production Element_Piano-001.wav","reverse|production|element|"source|detuned|upright|piano"|sound|design|calm|melancholy|atmospheric|reverse_production|element_piano001wav|reverse_production elements|matiasmacsd"
"Reverse_Production Element_Sigh-Piano-Guitar-Bells-003.wav","REVERSE_PRODUCTION ELEMENTS","MatiasMacSD","http://www.sonniss.com/sound-effects/reverse_production-elements/","/Sonniss - GDC 2017 - Game Audio Bundle/MatiasMacSD - REVERSE_PRODUCTION ELEMENTS/Reverse_Production Element_Sigh-Piano-Guitar-Bells-003.wav","reverse|production|element|"source|sigh|detuned|upright|piano|clean|electric|guitar|and|little|bells"|sound|design|strange|craziness|surreal|drone|atmospheric|reverse_production|element_sighpianoguitarbells003wav|reverse_production elements|matiasmacsd"
"Robot_Footstep_Single_v2_01.wav","THE MACHINES 2_ROBOTIC SOUNDS","MatiasMacSD","http://www.sonniss.com/sound-effects/machines-2_robotic-sounds/","/Sonniss - GDC 2017 - Game Audio Bundle/MatiasMacSD - THE MACHINES 2_ROBOTIC SOUNDS/Robot_Footstep_Single_v2_01.wav","robot|robotic|machines|single|footstep|movement|robot_footstep_single_v2_01wav|the machines 2_robotic sounds|matiasmacsd"
"Robot_Footstep_Single_v3_02.wav","THE MACHINES 2_ROBOTIC SOUNDS","MatiasMacSD","http://www.sonniss.com/sound-effects/machines-2_robotic-sounds/","/Sonniss - GDC 2017 - Game Audio Bundle/MatiasMacSD - THE MACHINES 2_ROBOTIC SOUNDS/Robot_Footstep_Single_v3_02.wav","robot|robotic|machines|single|footstep|movement|robot_footstep_single_v3_02wav|the machines 2_robotic sounds|matiasmacsd"
"Robot_Movement_Mechanical Parts_14.wav","THE MACHINES 2_ROBOTIC SOUNDS","MatiasMacSD","http://www.sonniss.com/sound-effects/machines-2_robotic-sounds/","/Sonniss - GDC 2017 - Game Audio Bundle/MatiasMacSD - THE MACHINES 2_ROBOTIC SOUNDS/Robot_Movement_Mechanical Parts_14.wav","robot|robotic|machines|movement|mechanical|parts|robot_movement_mechanical|parts_14wav|the machines 2_robotic sounds|matiasmacsd"
"Robot_Power On_03.wav","THE MACHINES 2_ROBOTIC SOUNDS","MatiasMacSD","http://www.sonniss.com/sound-effects/machines-2_robotic-sounds/","/Sonniss - GDC 2017 - Game Audio Bundle/MatiasMacSD - THE MACHINES 2_ROBOTIC SOUNDS/Robot_Power On_03.wav","robot|robotic|machines|power|energy|on|robot_power|on_03wav|the machines 2_robotic sounds|matiasmacsd"
"Weapon Bomb Explosion Sci-Fi Plasma-04.wav","THE WEAPONS - SCI-FI WEAPONS","MatiasMacSD","http://www.sonniss.com/sound-effects/weapons_sci-fi-weapons/","/Sonniss - GDC 2017 - Game Audio Bundle/MatiasMacSD - THE WEAPONS - SCI-FI WEAPONS/Weapon Bomb Explosion Sci-Fi Plasma-04.wav","weapon|bomb|explosion|scifi|plasma|plasma04wav|the weapons - sci-fi weapons|matiasmacsd"
"Weapon Reload-16.wav","THE WEAPONS - SCI-FI WEAPONS","MatiasMacSD","http://www.sonniss.com/sound-effects/weapons_sci-fi-weapons/","/Sonniss - GDC 2017 - Game Audio Bundle/MatiasMacSD - THE WEAPONS - SCI-FI WEAPONS/Weapon Reload-16.wav","weapon|reload|mechanical|movements|scifi|reload16wav|the weapons - sci-fi weapons|matiasmacsd"
"Weapon Shot Blaster-06.wav","THE WEAPONS - SCI-FI WEAPONS","MatiasMacSD","http://www.sonniss.com/sound-effects/weapons_sci-fi-weapons/","/Sonniss - GDC 2017 - Game Audio Bundle/MatiasMacSD - THE WEAPONS - SCI-FI WEAPONS/Weapon Shot Blaster-06.wav","weapon|shot|blaster|laser|plasma|scifi|blaster06wav|the weapons - sci-fi weapons|matiasmacsd"
"Weapon Shot Spaceship Super Blaster-04.wav","THE WEAPONS - SCI-FI WEAPONS","MatiasMacSD","http://www.sonniss.com/sound-effects/weapons_sci-fi-weapons/","/Sonniss - GDC 2017 - Game Audio Bundle/MatiasMacSD - THE WEAPONS - SCI-FI WEAPONS/Weapon Shot Spaceship Super Blaster-04.wav","weapon|shot|spaceship|super|blaster|laser|plasma|scifi|blaster04wav|the weapons - sci-fi weapons|matiasmacsd"
"Ice,Block,Crack,Distant,Medium_03.wav","Glacier Ice","Mattia Cellotto","http://www.sonniss.com/sound-effects/glacier-ice/","/Sonniss - GDC 2017 - Game Audio Bundle/Mattia Cellotto - Glacier Ice/Ice,Block,Crack,Distant,Medium_03.wav","ice|block|crack|distant|medium_03wav|glacier ice|mattia cellotto"
"Ice,Impact,Large,Slide_18.wav","Glacier Ice","Mattia Cellotto","http://www.sonniss.com/sound-effects/glacier-ice/","/Sonniss - GDC 2017 - Game Audio Bundle/Mattia Cellotto - Glacier Ice/Ice,Impact,Large,Slide_18.wav","ice|impact|large|slide_18wav|glacier ice|mattia cellotto"
"Ice,Impact,Medium,Slide_04.wav","Glacier Ice","Mattia Cellotto","http://www.sonniss.com/sound-effects/glacier-ice/","/Sonniss - GDC 2017 - Game Audio Bundle/Mattia Cellotto - Glacier Ice/Ice,Impact,Medium,Slide_04.wav","ice|impact|medium|slide_04wav|glacier ice|mattia cellotto"
"Iceberg,Designed,Impact,Crack,Shatter,Huge_08.wav","Glacier Ice","Mattia Cellotto","http://www.sonniss.com/sound-effects/glacier-ice/","/Sonniss - GDC 2017 - Game Audio Bundle/Mattia Cellotto - Glacier Ice/Iceberg,Designed,Impact,Crack,Shatter,Huge_08.wav","iceberg|designed|impact|crack|shatter|huge_08wav|glacier ice|mattia cellotto"
"Acid,Drop,Harsh,Sizzle,Burn,Melt,Corrosion_03.wav","Water Volumes","Mattia Cellotto","http://www.sonniss.com/sound-effects/water-volumes/","/Sonniss - GDC 2017 - Game Audio Bundle/Mattia Cellotto - Water Volumes/Acid,Drop,Harsh,Sizzle,Burn,Melt,Corrosion_03.wav","acid|drop|harsh|sizzle|burn|melt|corrosion_03wav|water volumes|mattia cellotto"
"Dry,Ice,Bubbling,Medium,Intensity,Liquid,Loop_01.wav","Water Volumes","Mattia Cellotto","http://www.sonniss.com/sound-effects/water-volumes/","/Sonniss - GDC 2017 - Game Audio Bundle/Mattia Cellotto - Water Volumes/Dry,Ice,Bubbling,Medium,Intensity,Liquid,Loop_01.wav","dry|ice|bubbling|medium|intensity|liquid|loop_01wav|water volumes|mattia cellotto"
"Sci-fi,Water,Hit,Punch,Impact,Bubbles,Granular,Set-B_16.wav","Water Volumes","Mattia Cellotto","http://www.sonniss.com/sound-effects/water-volumes/","/Sonniss - GDC 2017 - Game Audio Bundle/Mattia Cellotto - Water Volumes/Sci-fi,Water,Hit,Punch,Impact,Bubbles,Granular,Set-B_16.wav","scifi|water|hit|punch|impact|bubbles|granular|setb_16wav|water volumes|mattia cellotto"
"Water,Inlet,Wash,Bubbling,Between,Rocks,Liquid,Bubbles,Loop_01.wav","Water Volumes","Mattia Cellotto","http://www.sonniss.com/sound-effects/water-volumes/","/Sonniss - GDC 2017 - Game Audio Bundle/Mattia Cellotto - Water Volumes/Water,Inlet,Wash,Bubbling,Between,Rocks,Liquid,Bubbles,Loop_01.wav","water|inlet|wash|bubbling|between|rocks|liquid|bubbles|loop_01wav|water volumes|mattia cellotto"
"Crumbling Rock Slide_RBDII 07.wav","Rock,Brick and Dirt - Part 02","Mechanical Wave","http://www.sonniss.com/sound-effects/rockbrick-and-dirt-part-02/","/Sonniss - GDC 2017 - Game Audio Bundle/Mechanical Wave - Rock,Brick and Dirt - Part 02/Crumbling Rock Slide_RBDII 07.wav","rock|stone|dirt|hit|impact|ground|debris|scree|rockfall|slide|crumbling|slide_rbdii|07wav|rock,brick and dirt - part 02|mechanical wave"
"Hit Rock into Gravel_RBDII 06.wav","Rock,Brick and Dirt - Part 02","Mechanical Wave","http://www.sonniss.com/sound-effects/rockbrick-and-dirt-part-02/","/Sonniss - GDC 2017 - Game Audio Bundle/Mechanical Wave - Rock,Brick and Dirt - Part 02/Hit Rock into Gravel_RBDII 06.wav","rock|stone|dirt|hit|impact|cinematic|ground|debris|into|gravel_rbdii|06wav|rock,brick and dirt - part 02|mechanical wave"
"Multiple Rock Hit Dirt_RBDII 07.wav","Rock,Brick and Dirt - Part 02","Mechanical Wave","http://www.sonniss.com/sound-effects/rockbrick-and-dirt-part-02/","/Sonniss - GDC 2017 - Game Audio Bundle/Mechanical Wave - Rock,Brick and Dirt - Part 02/Multiple Rock Hit Dirt_RBDII 07.wav","rock|stone|dirt|hit|impact|cinematic|multiple|dirt_rbdii|07wav|rock,brick and dirt - part 02|mechanical wave"
"Rock Hit and Bounce Dirt_RBDII 06.wav","Rock,Brick and Dirt - Part 02","Mechanical Wave","http://www.sonniss.com/sound-effects/rockbrick-and-dirt-part-02/","/Sonniss - GDC 2017 - Game Audio Bundle/Mechanical Wave - Rock,Brick and Dirt - Part 02/Rock Hit and Bounce Dirt_RBDII 06.wav","rock|stone|dirt|hit|impact|cinematic|bouncing|ground|and|bounce|dirt_rbdii|06wav|rock,brick and dirt - part 02|mechanical wave"
"large gear 02 metal wood slow 8040.wav","Elements - Gears","Mindful Audio","http://www.sonniss.com/sound-effects/elements-gears/","/Sonniss - GDC 2017 - Game Audio Bundle/Mindful Audio - Elements - Gears/large gear 02 metal wood slow 8040.wav","large|gear|metal|wood|slow|mechanism|machine|cog|ratchet|pinion|02|8040wav|elements - gears|mindful audio"
"large gear 03 metal slow 8040.wav","Elements - Gears","Mindful Audio","http://www.sonniss.com/sound-effects/elements-gears/","/Sonniss - GDC 2017 - Game Audio Bundle/Mindful Audio - Elements - Gears/large gear 03 metal slow 8040.wav","large|gear|metal|slow|mechanism|cog|ratchet|pinion|drawbridge|03|8040wav|elements - gears|mindful audio"
"small gear 13 plastic metal slow.wav","Elements - Gears","Mindful Audio","http://www.sonniss.com/sound-effects/elements-gears/","/Sonniss - GDC 2017 - Game Audio Bundle/Mindful Audio - Elements - Gears/small gear 13 plastic metal slow.wav","small|gear|plastic|metal|slow|mechanism|cog|ratchet|pinion|13|slowwav|elements - gears|mindful audio"
"small gear 15 plastic fast.wav","Elements - Gears","Mindful Audio","http://www.sonniss.com/sound-effects/elements-gears/","/Sonniss - GDC 2017 - Game Audio Bundle/Mindful Audio - Elements - Gears/small gear 15 plastic fast.wav","small|gear|plastic|fast|mechanism|cog|ratchet|pinion|creaky|squeaky|15|fastwav|elements - gears|mindful audio"
"ice blocks movement dragging 01.wav","Elements - Ice","Mindful Audio","http://www.sonniss.com/sound-effects/elements-ice/","/Sonniss - GDC 2017 - Game Audio Bundle/Mindful Audio - Elements - Ice/ice blocks movement dragging 01.wav","ice|blocks|movement|dragging|bricks|creaks|snow|01wav|elements - ice|mindful audio"
"thick ice hits impacts debris bright 03.wav","Elements - Ice","Mindful Audio","http://www.sonniss.com/sound-effects/elements-ice/","/Sonniss - GDC 2017 - Game Audio Bundle/Mindful Audio - Elements - Ice/thick ice hits impacts debris bright 03.wav","thick|ice|snow|rocks|hits|impacts|debris|bits|bright|03wav|elements - ice|mindful audio"
"thin ice cracks crunchy 06.wav","Elements - Ice","Mindful Audio","http://www.sonniss.com/sound-effects/elements-ice/","/Sonniss - GDC 2017 - Game Audio Bundle/Mindful Audio - Elements - Ice/thin ice cracks crunchy 06.wav","thin|ice|cracks|break|crunchy|crackly|crackle|crusty|glassy|06wav|elements - ice|mindful audio"
"thin ice creaks.wav","Elements - Ice","Mindful Audio","http://www.sonniss.com/sound-effects/elements-ice/","/Sonniss - GDC 2017 - Game Audio Bundle/Mindful Audio - Elements - Ice/thin ice creaks.wav","thin|ice|creakswav|elements - ice|mindful audio"
"MAFX005 wire fence contact mic wind 19.WAV","Metal Atmosphere","Mindful Audio","http://www.sonniss.com/sound-effects/metal-atmosphere/","/Sonniss - GDC 2017 - Game Audio Bundle/Mindful Audio - Metal Atmosphere/MAFX005 wire fence contact mic wind 19.WAV","contact|mic|metal|rails|wind|hits|impacts|tonal|ambience|mafx005|wire|fence|19wav|metal atmosphere|mindful audio"
"MAFX005 wire fence contact mic wind 23.WAV","Metal Atmosphere","Mindful Audio","http://www.sonniss.com/sound-effects/metal-atmosphere/","/Sonniss - GDC 2017 - Game Audio Bundle/Mindful Audio - Metal Atmosphere/MAFX005 wire fence contact mic wind 23.WAV","contact|mic|metal|rails|wind|gusts|hits|impacts|ambience|mafx005|wire|fence|23wav|metal atmosphere|mindful audio"
"MEDIEVAL, Smithy - 08 - Anvil hits - Tree hits.wav","MEDIEVAL, Smithy","Mononeshot","http://www.sonniss.com/sound-effects/medieval-smithy/","/Sonniss - GDC 2017 - Game Audio Bundle/Mononeshot - MEDIEVAL, Smithy/MEDIEVAL, Smithy - 08 - Anvil hits - Tree hits.wav","medieval|smithy|anvil|hits|hammer|resonance|loud|metal|fast|distant|approx|1m|three|medieval|smithy|08|anvil|tree|hitswav|medieval, smithy|mononeshot"
"MEDIEVAL, Smithy - 24 - Bellows - Fire, oven accent.wav","MEDIEVAL, Smithy","Mononeshot","http://www.sonniss.com/sound-effects/medieval-smithy/","/Sonniss - GDC 2017 - Game Audio Bundle/Mononeshot - MEDIEVAL, Smithy/MEDIEVAL, Smithy - 24 - Bellows - Fire, oven accent.wav","medieval|smithy|bellows|fire|close|accent|on|oven|distant|approx|1m|medieval|smithy|24|bellows|fire|accentwav|medieval, smithy|mononeshot"
"AMBIENCE-CITY-SPAIN-BARCELONA-EXT-DAY-SAGRADA FAMILIA-CHURCH-BELLS MUSIC.WAV","Barcelona City Ambiences","Monte Sound","http://www.sonniss.com/sound-effects/barcelona-city-ambiences/","/Sonniss - GDC 2017 - Game Audio Bundle/Monte Sound -  Barcelona City Ambiences/AMBIENCE-CITY-SPAIN-BARCELONA-EXT-DAY-SAGRADA FAMILIA-CHURCH-BELLS MUSIC.WAV","ambiences|backgrounds|spain|barcelona|exterior|day|sagrada|familia|church|noon|bells|tourists|voices|children|walla|bell|music|ambiencecityspainbarcelonaextdaysagrada|familiachurchbells|musicwav|barcelona city ambiences|monte sound"
"AMBIENCE-CITY-SPAIN-BARCELONA-EXT-EARLY MORNING DAY-BACK ALLEY.WAV","Barcelona City Ambiences","Monte Sound","http://www.sonniss.com/sound-effects/barcelona-city-ambiences/","/Sonniss - GDC 2017 - Game Audio Bundle/Monte Sound -  Barcelona City Ambiences/AMBIENCE-CITY-SPAIN-BARCELONA-EXT-EARLY MORNING DAY-BACK ALLEY.WAV","ambiences|backgrounds|spain|barcelona|exterior|morning|day|back|alley|birds|skyline|distant|traffic|seagull|ambiencecityspainbarcelonaextearly|morning|dayback|alleywav|barcelona city ambiences|monte sound"
"AMBIENCE-AUSTRIA-VIENNA-EXT-DAY-OUTDOOR SUBWAY ARRIVES IN DISTANCE.wav","Vienna City Ambiences","Monte Sound","http://www.sonniss.com/sound-effects/vienna-city-ambiences/","/Sonniss - GDC 2017 - Game Audio Bundle/Monte Sound -  Vienna City Ambiences/AMBIENCE-AUSTRIA-VIENNA-EXT-DAY-OUTDOOR SUBWAY ARRIVES IN DISTANCE.wav","ambience|backgrounds|austria|vienna|exterior|day|open|cut|outdoor|subway|arrvies|street|traffic|background|cars|pass|by|auto|honking|horn|motorcycle|pedestrians|light|voices|ambienceaustriaviennaextdayoutdoor|subway|arrives|in|distancewav|vienna city ambiences|monte sound"
"AMBIENCE-AUSTRIA-VIENNA-EXT-DAY-SIDE STREET-01.wav","Vienna City Ambiences","Monte Sound","http://www.sonniss.com/sound-effects/vienna-city-ambiences/","/Sonniss - GDC 2017 - Game Audio Bundle/Monte Sound -  Vienna City Ambiences/AMBIENCE-AUSTRIA-VIENNA-EXT-DAY-SIDE STREET-01.wav","ambience|backgrounds|austria|vienna|exterior|day|outdoor|side|street|background|traffic|distant|light|voices|pedestrians|people|cars|passy|by|auto|activity|ambienceaustriaviennaextdayside|street01wav|vienna city ambiences|monte sound"
"AMBIENCE-AUSTRIA-VIENNA-INT-DAY-SUBWAY RIDE.wav","Vienna City Ambiences","Monte Sound","http://www.sonniss.com/sound-effects/vienna-city-ambiences/","/Sonniss - GDC 2017 - Game Audio Bundle/Monte Sound -  Vienna City Ambiences/AMBIENCE-AUSTRIA-VIENNA-INT-DAY-SUBWAY RIDE.wav","ambience|backgrounds|austria|vienna|interior|day|subway|ride|metro|door|close|beeping|rattle|arrive|leaves|station|pa|annoucement|light|voices|people|footsteps|ambienceaustriaviennaintdaysubway|ridewav|vienna city ambiences|monte sound"
"AMBIENCE-AUSTRIA-VIENNA-INT-DAY-SUBWAY STATION-03.wav","Vienna City Ambiences","Monte Sound","http://www.sonniss.com/sound-effects/vienna-city-ambiences/","/Sonniss - GDC 2017 - Game Audio Bundle/Monte Sound -  Vienna City Ambiences/AMBIENCE-AUSTRIA-VIENNA-INT-DAY-SUBWAY STATION-03.wav","ambience|backgrounds|austria|vienna|interior|day|subway|station|metro|crowd|train|pass|by|light|voices|walla|people|woman|high|heels|footsteps|pedestrians|arrives|departs|door|opens|closes|ambienceaustriaviennaintdaysubway|station03wav|vienna city ambiences|monte sound"
"_017_AMB_INT_LISBON_BUS RIDET.wav","Atmospheres of Lisbon","Monte Sound","http://www.sonniss.com/sound-effects/atmospheres-lisbon/","/Sonniss - GDC 2017 - Game Audio Bundle/Monte Sound - Atmospheres of Lisbon/_017_AMB_INT_LISBON_BUS RIDET.wav","sscene=_017_amb_int_lisbon_bus|ridesfilename=_017_amb_int_lisbon_bus|ridetwav|_017_amb_int_lisbon_bus|atmospheres of lisbon|monte sound"
"_020_AMB_EXT_LISBON_CROWD_CONSTRUCTIONT.wav","Atmospheres of Lisbon","Monte Sound","http://www.sonniss.com/sound-effects/atmospheres-lisbon/","/Sonniss - GDC 2017 - Game Audio Bundle/Monte Sound - Atmospheres of Lisbon/_020_AMB_EXT_LISBON_CROWD_CONSTRUCTIONT.wav","sscene=_020_amb_ext_lisbon_crowd_constructionsfilename=_020_amb_ext_lisbon_crowd_constructiontwav|_020_amb_ext_lisbon_crowd_constructiontwav|atmospheres of lisbon|monte sound"
"_029_AMB_INT_LISBON_MUSEUM RECEPTIONT.wav","Atmospheres of Lisbon","Monte Sound","http://www.sonniss.com/sound-effects/atmospheres-lisbon/","/Sonniss - GDC 2017 - Game Audio Bundle/Monte Sound - Atmospheres of Lisbon/_029_AMB_INT_LISBON_MUSEUM RECEPTIONT.wav","sscene=_029_amb_int_lisbon_museum|receptionsfilename=_029_amb_int_lisbon_museum|receptiontwav|_029_amb_int_lisbon_museum|atmospheres of lisbon|monte sound"
"_039_AMB_EXT_LISBON_SMALL NEIGHBOURHOOD_TALKING LADIEST.wav","Atmospheres of Lisbon","Monte Sound","http://www.sonniss.com/sound-effects/atmospheres-lisbon/","/Sonniss - GDC 2017 - Game Audio Bundle/Monte Sound - Atmospheres of Lisbon/_039_AMB_EXT_LISBON_SMALL NEIGHBOURHOOD_TALKING LADIEST.wav","sscene=_039_amb_ext_lisbon_small|neighbourhood_talking|ladiessfilename=_039_amb_ext_lisbon_small|ladiestwav|_039_amb_ext_lisbon_small|atmospheres of lisbon|monte sound"
"FRST - Amb Forest 2.wav","Colombia, Caribbean Coast","Nikkö Barrera-Amaya","http://www.sonniss.com/sound-effects/colombia-caribbean-coast/","/Sonniss - GDC 2017 - Game Audio Bundle/Nikkö Barrera-Amaya - Colombia, Caribbean Coast/FRST - Amb Forest 2.wav","frst|amb|forest|2wav|colombia, caribbean coast|nikkö barrera-amaya"
"FRST - Cave River 1.wav","Colombia, Caribbean Coast","Nikkö Barrera-Amaya","http://www.sonniss.com/sound-effects/colombia-caribbean-coast/","/Sonniss - GDC 2017 - Game Audio Bundle/Nikkö Barrera-Amaya - Colombia, Caribbean Coast/FRST - Cave River 1.wav","frst|cave|river|1wav|colombia, caribbean coast|nikkö barrera-amaya"
"WAVES - Beach Medium Waves Near.wav","Colombia, Caribbean Coast","Nikkö Barrera-Amaya","http://www.sonniss.com/sound-effects/colombia-caribbean-coast/","/Sonniss - GDC 2017 - Game Audio Bundle/Nikkö Barrera-Amaya - Colombia, Caribbean Coast/WAVES - Beach Medium Waves Near.wav","waves|beach|medium|waves|nearwav|colombia, caribbean coast|nikkö barrera-amaya"
"WAVES - Beach Waves in Hole.wav","Colombia, Caribbean Coast","Nikkö Barrera-Amaya","http://www.sonniss.com/sound-effects/colombia-caribbean-coast/","/Sonniss - GDC 2017 - Game Audio Bundle/Nikkö Barrera-Amaya - Colombia, Caribbean Coast/WAVES - Beach Waves in Hole.wav","waves|beach|waves|in|holewav|colombia, caribbean coast|nikkö barrera-amaya"
"BREAK_HIT_Celery_2.wav","Vegetable Madness","Nikkö Barrera-Amaya","http://www.sonniss.com/sound-effects/vegetable-madness/","/Sonniss - GDC 2017 - Game Audio Bundle/Nikkö Barrera-Amaya - Vegetable Madness/BREAK_HIT_Celery_2.wav","sfilename=break_hit_celery_2_1wavstrk1=|break_hit_celery_2wav|vegetable madness|nikkö barrera-amaya"
"BREAK_Spatula_Cabbage_3.wav","Vegetable Madness","Nikkö Barrera-Amaya","http://www.sonniss.com/sound-effects/vegetable-madness/","/Sonniss - GDC 2017 - Game Audio Bundle/Nikkö Barrera-Amaya - Vegetable Madness/BREAK_Spatula_Cabbage_3.wav","sfilename=break_spatula_cabbage_3_1wavstrk1=|break_spatula_cabbage_3wav|vegetable madness|nikkö barrera-amaya"
"SQUEEZE_Egg_2.wav","Vegetable Madness","Nikkö Barrera-Amaya","http://www.sonniss.com/sound-effects/vegetable-madness/","/Sonniss - GDC 2017 - Game Audio Bundle/Nikkö Barrera-Amaya - Vegetable Madness/SQUEEZE_Egg_2.wav","sfilename=squeeze_egg_2_1wavstrk1=|squeeze_egg_2wav|vegetable madness|nikkö barrera-amaya"
"SQUEEZE_Tomato_8.wav","Vegetable Madness","Nikkö Barrera-Amaya","http://www.sonniss.com/sound-effects/vegetable-madness/","/Sonniss - GDC 2017 - Game Audio Bundle/Nikkö Barrera-Amaya - Vegetable Madness/SQUEEZE_Tomato_8.wav","sfilename=squeeze_tomato_8_1wavstrk1=|squeeze_tomato_8wav|vegetable madness|nikkö barrera-amaya"
"Alfa_4C_t11_ext_passbys_gearchanges_approach_stop_RSM191.wav","Alfa Romeo 4C 2016","Pole Position","http://www.sonniss.com/sound-effects/alfa-romeo-4c-2016/","/Sonniss - GDC 2017 - Game Audio Bundle/Pole Position - Alfa Romeo 4C 2016/Alfa_4C_t11_ext_passbys_gearchanges_approach_stop_RSM191.wav","exterior|passbys|gearchanges|approach|stop|neumann|rsm191|at|car|starting|point|wav|alfa_4c_t11_ext_passbys_gearchanges_approach_stop_rsm191wav|alfa romeo 4c 2016|pole position"
"Alfa_4C_t16_onbrd_foley_horn_DPA4061_interior.wav","Alfa Romeo 4C 2017","Pole Position","http://www.sonniss.com/sound-effects/alfa-romeo-4c-2016/","/Sonniss - GDC 2017 - Game Audio Bundle/Pole Position - Alfa Romeo 4C 2016/Alfa_4C_t16_onbrd_foley_horn_DPA4061_interior.wav","onboard|foley|horn|dpa4061|interior|wav|alfa_4c_t16_onbrd_foley_horn_dpa4061_interiorwav|alfa romeo 4c 2017|pole position"
"Alfa_Romeo_159_SW_t1_onboard_startup_idle_blip_steadies_shutdown_Engine_1.wav","Alfa Romeo 4C 2018","Pole Position","http://www.sonniss.com/sound-effects/alfa-romeo-4c-2016/","/Sonniss - GDC 2017 - Game Audio Bundle/Pole Position - Alfa Romeo 4C 2016/Alfa_Romeo_159_SW_t1_onboard_startup_idle_blip_steadies_shutdown_Engine_1.wav","alfa|romeo|159|sportwagon|10|32|liters|v6|260|hp|onboard|startup|idle|blip|steadies|shutdown|engine|1|wav|alfa_romeo_159_sw_t1_onboard_startup_idle_blip_steadies_shutdown_engine_1wav|alfa romeo 4c 2018|pole position"
"VAB_t4_exterior_fast_startup_away_passby_approach_stop_shutdown_CSS5.wav","APC Renault VAB","Pole Position","http://www.sonniss.com/sound-effects/apc-renault-vab/","/Sonniss - GDC 2017 - Game Audio Bundle/Pole Position - APC Renault VAB/VAB_t4_exterior_fast_startup_away_passby_approach_stop_shutdown_CSS5.wav","exterior|fast|startup|away|passby|approach|stop|shutdown|point|exhaust|fr2|sanken|css5|wav|vab_t4_exterior_fast_startup_away_passby_approach_stop_shutdown_css5wav|apc renault vab|pole position"
"VAB_t5_onboard_fast_driving_gearshifts_rear_compartment_interior_MKH8020.wav","APC Renault VAB","Pole Position","http://www.sonniss.com/sound-effects/apc-renault-vab/","/Sonniss - GDC 2017 - Game Audio Bundle/Pole Position - APC Renault VAB/VAB_t5_onboard_fast_driving_gearshifts_rear_compartment_interior_MKH8020.wav","onboard|fast|driving|gearshifts|rear|compartment|interior|sound|devices|788|sennheiser|mkh8020|wav|vab_t5_onboard_fast_driving_gearshifts_rear_compartment_interior_mkh8020wav|apc renault vab|pole position"
"VAB_t8_exterior_fast_distant_forward_reverse_D50.wav","APC Renault VAB","Pole Position","http://www.sonniss.com/sound-effects/apc-renault-vab/","/Sonniss - GDC 2017 - Game Audio Bundle/Pole Position - APC Renault VAB/VAB_t8_exterior_fast_distant_forward_reverse_D50.wav","exterior|fast|distant|forward|reverse|front|turn|d50|wav|vab_t8_exterior_fast_distant_forward_reverse_d50wav|apc renault vab|pole position"
"BMW_Z4_GT3_t1_onboard_startup_exit_pit_warmup_enter_pit_shutdown_engine_1.wav","BMW Z4 GT3 racecar","Pole Position","http://www.sonniss.com/sound-effects/bmw-z4-gt3-racecar/","/Sonniss - GDC 2017 - Game Audio Bundle/Pole Position - BMW Z4 GT3 racecar/BMW_Z4_GT3_t1_onboard_startup_exit_pit_warmup_enter_pit_shutdown_engine_1.wav","bmw|z4|gt3|race|car|44|litres|v8|onboard|startup|exit|pit|warmup|enter|shutdown|dpa4061|engine|wav|bmw_z4_gt3_t1_onboard_startup_exit_pit_warmup_enter_pit_shutdown_engine_1wav|bmw z4 gt3 racecar|pole position"
"BMW_Z4_GT3_t1_onboard_startup_exit_pit_warmup_enter_pit_shutdown_intake.wav","BMW Z4 GT3 racecar","Pole Position","http://www.sonniss.com/sound-effects/bmw-z4-gt3-racecar/","/Sonniss - GDC 2017 - Game Audio Bundle/Pole Position - BMW Z4 GT3 racecar/BMW_Z4_GT3_t1_onboard_startup_exit_pit_warmup_enter_pit_shutdown_intake.wav","bmw|z4|gt3|race|car|44|litres|v8|onboard|startup|exit|pit|warmup|enter|shutdown|dpa4061|intake|wav|bmw_z4_gt3_t1_onboard_startup_exit_pit_warmup_enter_pit_shutdown_intakewav|bmw z4 gt3 racecar|pole position"
"BMW_Z4_GT3_t6_wild_foley_wheel_machine_interior.wav","BMW Z4 GT3 racecar","Pole Position","http://www.sonniss.com/sound-effects/bmw-z4-gt3-racecar/","/Sonniss - GDC 2017 - Game Audio Bundle/Pole Position - BMW Z4 GT3 racecar/BMW_Z4_GT3_t6_wild_foley_wheel_machine_interior.wav","bmw|z4|gt3|race|car|44|litres|v8|wild|foley|wheel|machine|dpa4021|interior|wav|bmw_z4_gt3_t6_wild_foley_wheel_machine_interiorwav|bmw z4 gt3 racecar|pole position"
"mercedes_benz_dropped_1m_on_concrete_ls-5_2.wav","Car Debris, Impacts & Crashes","Pole Position","http://www.sonniss.com/sound-effects/car-debris-impacts-crashes/","/Sonniss - GDC 2017 - Game Audio Bundle/Pole Position - Car Debris, Impacts & Crashes/mercedes_benz_dropped_1m_on_concrete_ls-5_2.wav","mercedes|benz|dropped|on|concrete|ls5|wav|chassi|crash|metal|impact|debris|car|vehicle|mercedes_benz_dropped_1m_on_concrete_ls5_2wav|car debris, impacts & crashes|pole position"
"peugeot_106_dropped_5m_on_metal_plates_zaxcom_holophone_1.wav","Car Debris, Impacts & Crashes","Pole Position","http://www.sonniss.com/sound-effects/car-debris-impacts-crashes/","/Sonniss - GDC 2017 - Game Audio Bundle/Pole Position - Car Debris, Impacts & Crashes/peugeot_106_dropped_5m_on_metal_plates_zaxcom_holophone_1.wav","peugeot|106|dropped|on|metal|plates|zaxcom|holophone|wav|chassi|crash|impact|debris|car|vehicle|peugeot_106_dropped_5m_on_metal_plates_zaxcom_holophone_1wav|car debris, impacts & crashes|pole position"
"peugeot_106_dropped_10m_on_metal_plates_zaxcom_191_1_S.wav","Car Debris, Impacts & Crashes","Pole Position","http://www.sonniss.com/sound-effects/car-debris-impacts-crashes/","/Sonniss - GDC 2017 - Game Audio Bundle/Pole Position - Car Debris, Impacts & Crashes/peugeot_106_dropped_10m_on_metal_plates_zaxcom_191_1_S.wav","peugeot|106|dropped|on|metal|plates|zaxcom|neumann|rsm191|wav|chassi|crash|impact|debris|car|vehicle|peugeot_106_dropped_10m_on_metal_plates_zaxcom_191_1_swav|car debris, impacts & crashes|pole position"
"Chrysler_TC_t1_onboard_startup_various_acceleration_deceleration_gearing_shutdown_interior.wav","Chrysler Town & Country 3.6L VVT","Pole Position","http://www.sonniss.com/sound-effects/chrysler-town-country-3-6l-vvt/","/Sonniss - GDC 2017 - Game Audio Bundle/Pole Position - Chrysler Town & Country 3.6L VVT	/Chrysler_TC_t1_onboard_startup_various_acceleration_deceleration_gearing_shutdown_interior.wav","onboard|startup|various|acceleration|deceleration|gearing|shutdown|interior|neumann|rsm191|sound|devices|788|wav|chrysler_tc_t1_onboard_startup_various_acceleration_deceleration_gearing_shutdown_interiorwav|chrysler town & country 3.6l vvt|pole position"
"Chrysler_TC_t3_exterior_startup_aways_passbys_approaches_stops_shutdowns_various_speeds_shotgun.wav","Chrysler Town & Country 3.6L VVT","Pole Position","http://www.sonniss.com/sound-effects/chrysler-town-country-3-6l-vvt/","/Sonniss - GDC 2017 - Game Audio Bundle/Pole Position - Chrysler Town & Country 3.6L VVT	/Chrysler_TC_t3_exterior_startup_aways_passbys_approaches_stops_shutdowns_various_speeds_shotgun.wav","exterior|startup|aways|passbys|approaches|stops|shutdowns|various|speeds|handheld|shotgun|neumann|rsm191|sound|devices|744|wav|chrysler_tc_t3_exterior_startup_aways_passbys_approaches_stops_shutdowns_various_speeds_shotgunwav|chrysler town & country 3.6l vvt|pole position"
"Chrysler_TC_t4_exterior_startup_away_approach_stop_shutdown_shotgun.wav","Chrysler Town & Country 3.6L VVT","Pole Position","http://www.sonniss.com/sound-effects/chrysler-town-country-3-6l-vvt/","/Sonniss - GDC 2017 - Game Audio Bundle/Pole Position - Chrysler Town & Country 3.6L VVT	/Chrysler_TC_t4_exterior_startup_away_approach_stop_shutdown_shotgun.wav","exterior|startup|away|approach|stop|shutdown|handheld|shotgun|neumann|rsm191|sound|devices|744|wav|chrysler_tc_t4_exterior_startup_away_approach_stop_shutdown_shotgunwav|chrysler town & country 3.6l vvt|pole position"
"Pantera_BMW_t4_onbrd_startup_accels_decels_gearing_shutdown_exhaust_close.wav","De Tomaso Pantera 1972 with BMW Alpina V8","Pole Position","http://www.sonniss.com/sound-effects/de-tomaso-pantera-1972-bmw-alpina-v8/","/Sonniss - GDC 2017 - Game Audio Bundle/Pole Position - De Tomaso Pantera 1972 with BMW Alpina V8/Pantera_BMW_t4_onbrd_startup_accels_decels_gearing_shutdown_exhaust_close.wav","onboard|startup|accelerations|decelerations|gearing|shutdown|dpa4062|exhaust|close|wav|pantera_bmw_t4_onbrd_startup_accels_decels_gearing_shutdown_exhaust_closewav|de tomaso pantera 1972 with bmw alpina v8|pole position"
"Pantera_BMW_t5_onbrd_startup_var_driving_shutdown_engine_back.wav","De Tomaso Pantera 1972 with BMW Alpina V9","Pole Position","http://www.sonniss.com/sound-effects/de-tomaso-pantera-1972-bmw-alpina-v8/","/Sonniss - GDC 2017 - Game Audio Bundle/Pole Position - De Tomaso Pantera 1972 with BMW Alpina V8/Pantera_BMW_t5_onbrd_startup_var_driving_shutdown_engine_back.wav","onboard|startup|various|driving|shutdown|sennheiser|md421|engine|back|wav|pantera_bmw_t5_onbrd_startup_var_driving_shutdown_engine_backwav|de tomaso pantera 1972 with bmw alpina v9|pole position"
"Pantera_BMW_t6_onbrd_horn_interior.wav","De Tomaso Pantera 1972 with BMW Alpina V10","Pole Position","http://www.sonniss.com/sound-effects/de-tomaso-pantera-1972-bmw-alpina-v8/","/Sonniss - GDC 2017 - Game Audio Bundle/Pole Position - De Tomaso Pantera 1972 with BMW Alpina V8/Pantera_BMW_t6_onbrd_horn_interior.wav","onboard|horn|dpa4021|interior|wav|pantera_bmw_t6_onbrd_horn_interiorwav|de tomaso pantera 1972 with bmw alpina v10|pole position"
"Ford_LTD_t2_ext_medium_passbys_forward_stop_reverse_CSS5.wav","Ford Ltd Crown Victoria 1990","Pole Position","http://www.sonniss.com/sound-effects/ford-crown-victoria-1990/","/Sonniss - GDC 2017 - Game Audio Bundle/Pole Position - Ford Ltd Crown Victoria 1990/Ford_LTD_t2_ext_medium_passbys_forward_stop_reverse_CSS5.wav","exterior|medium|passbys|forward|stop|reverse|sanken|css5|wav|ford_ltd_t2_ext_medium_passbys_forward_stop_reverse_css5wav|ford ltd crown victoria 1990|pole position"
"Ford_LTD_t2_onbrd_medium_startup_driving_forward_reverse_shutdown_MKH8020_interior.wav","Ford Ltd Crown Victoria 1990","Pole Position","http://www.sonniss.com/sound-effects/ford-crown-victoria-1990/","/Sonniss - GDC 2017 - Game Audio Bundle/Pole Position - Ford Ltd Crown Victoria 1990/Ford_LTD_t2_onbrd_medium_startup_driving_forward_reverse_shutdown_MKH8020_interior.wav","onboard|medium|startup|driving|forward|reverse|shutdown|sennheiser|mkh8020|interior|wav|ford_ltd_t2_onbrd_medium_startup_driving_forward_reverse_shutdown_mkh8020_interiorwav|ford ltd crown victoria 1990|pole position"
"Ford_LTD_t11_foley_gear_shifter_ext_RSM191_XY.wav","Ford Ltd Crown Victoria 1990","Pole Position","http://www.sonniss.com/sound-effects/ford-crown-victoria-1990/","/Sonniss - GDC 2017 - Game Audio Bundle/Pole Position - Ford Ltd Crown Victoria 1990/Ford_LTD_t11_foley_gear_shifter_ext_RSM191_XY.wav","foley|gear|shifter|exterior|main|position|neumann|rsm191|xy|wav|ford_ltd_t11_foley_gear_shifter_ext_rsm191_xywav|ford ltd crown victoria 1990|pole position"
"Bearcat_t5_onbrd_flybys_cockpit.wav","Grumman F8F Bearcat","Pole Position","http://www.sonniss.com/sound-effects/grumman-f8f-bearcat/","/Sonniss - GDC 2017 - Game Audio Bundle/Pole Position - Grumman F8F Bearcat/Bearcat_t5_onbrd_flybys_cockpit.wav","onboard|flying|cockpit|wav|bearcat_t5_onbrd_flybys_cockpitwav|grumman f8f bearcat|pole position"
"Grumman_F6F_Hellcat_t4_onboard_wild_foley_on_dashboard_R.wav","Grumman F8F Bearcat","Pole Position","http://www.sonniss.com/sound-effects/grumman-f8f-bearcat/","/Sonniss - GDC 2017 - Game Audio Bundle/Pole Position - Grumman F8F Bearcat/Grumman_F6F_Hellcat_t4_onboard_wild_foley_on_dashboard_R.wav","grumman|f6f|hellcat|pratt|&|whitney|r2800|world|war|ii|vintage|american|aircraft|onboard|wild|foley|on|dashboard|wav|grumman_f6f_hellcat_t4_onboard_wild_foley_on_dashboard_rwav|grumman f8f bearcat|pole position"
"Husaberg_500cc_t1_Exterior_Startup_Blips_Idle_Steadies_In_Neutral_Shutdown_Shotgun_XY.wav","Husaberg FE501 500cc 2013 dirtbike","Pole Position","http://www.sonniss.com/sound-effects/husaberg-fe501-500cc-2013-dirtbike/","/Sonniss - GDC 2017 - Game Audio Bundle/Pole Position - Husaberg FE501 500cc 2013 dirtbike/Husaberg_500cc_t1_Exterior_Startup_Blips_Idle_Steadies_In_Neutral_Shutdown_Shotgun_XY.wav","exterior|startup|blips|idle|steadies|in|neutral|shutdown|neumann|rsm191|x/y|handheld|following|wav|motorcycle|bike|offroad|husaberg_500cc_t1_exterior_startup_blips_idle_steadies_in_neutral_shutdown_shotgun_xywav|husaberg fe501 500cc 2013 dirtbike|pole position"
"Husaberg_500cc_t2_Exterior_Startup_Away_Passbys_Approach_Stop_Shutdown_ORTF.wav","Husaberg FE501 500cc 2013 dirtbike","Pole Position","http://www.sonniss.com/sound-effects/husaberg-fe501-500cc-2013-dirtbike/","/Sonniss - GDC 2017 - Game Audio Bundle/Pole Position - Husaberg FE501 500cc 2013 dirtbike/Husaberg_500cc_t2_Exterior_Startup_Away_Passbys_Approach_Stop_Shutdown_ORTF.wav","exterior|startup|away|passbys|approach|stop|shutdown|sennheiser|mkh8040|ortf|wav|motorcycle|bike|offroad|husaberg_500cc_t2_exterior_startup_away_passbys_approach_stop_shutdown_ortfwav|husaberg fe501 500cc 2013 dirtbike|pole position"
"Husaberg_500cc_t3_Onboard_Ramps_Cooler.wav","Husaberg FE501 500cc 2013 dirtbike","Pole Position","http://www.sonniss.com/sound-effects/husaberg-fe501-500cc-2013-dirtbike/","/Sonniss - GDC 2017 - Game Audio Bundle/Pole Position - Husaberg FE501 500cc 2013 dirtbike/Husaberg_500cc_t3_Onboard_Ramps_Cooler.wav","onboard|ramps|dpa4061|cooler|wav|motorcycle|bike|offroad|husaberg_500cc_t3_onboard_ramps_coolerwav|husaberg fe501 500cc 2013 dirtbike|pole position"
"Machine_2_mono_02.wav","Hydraulics & Pneumatics Library","Pole Position","http://www.sonniss.com/sound-effects/hydraulics-pneumatics-library/","/Sonniss - GDC 2017 - Game Audio Bundle/Pole Position - Hydraulics & Pneumatics Library/Machine_2_mono_02.wav","plastic|moulding|machine|workshop|pneumatics|hydraulics|noise|sennheiser|mkh8060|mono|machine_2_mono_02wav|hydraulics & pneumatics library|pole position"
"Machine_6_mono_06.wav","Hydraulics & Pneumatics Library","Pole Position","http://www.sonniss.com/sound-effects/hydraulics-pneumatics-library/","/Sonniss - GDC 2017 - Game Audio Bundle/Pole Position - Hydraulics & Pneumatics Library/Machine_6_mono_06.wav","material|feeding|hall|workshop|pneumatics|hydraulics|noise|sennheiser|mkh8060|mono|machine_6_mono_06wav|hydraulics & pneumatics library|pole position"
"Robot_1_axle_1_speed_-1_MKH8060.wav","Hydraulics & Pneumatics Library","Pole Position","http://www.sonniss.com/sound-effects/hydraulics-pneumatics-library/","/Sonniss - GDC 2017 - Game Audio Bundle/Pole Position - Hydraulics & Pneumatics Library/Robot_1_axle_1_speed_-1_MKH8060.wav","kuka|industrial|robot|1|axle|speed|sennheiser|mkh8060|wav|hydraulics|whine|rpms|robot_1_axle_1_speed_1_mkh8060wav|hydraulics & pneumatics library|pole position"
"M1_Corbitt_t1_onbrd_startup_idle_shutdown_interior_RSM191_XY.wav","M1 Corbitt Prime Mover Cargo Truck","Pole Position","http://www.sonniss.com/sound-effects/m1-corbitt-prime-mover-cargo-truck/","/Sonniss - GDC 2017 - Game Audio Bundle/Pole Position - M1 Corbitt Prime Mover Cargo Truck/M1_Corbitt_t1_onbrd_startup_idle_shutdown_interior_RSM191_XY.wav","onboard|startup|idle|shutdown|interior|sound|devices|788|neumann|rsm191|xy|wav|m1_corbitt_t1_onbrd_startup_idle_shutdown_interior_rsm191_xywav|m1 corbitt prime mover cargo truck|pole position"
"M1_Corbitt_t2_onbrd_startup_blips_shutdown_flatbed_MKH418S_S.wav","M1 Corbitt Prime Mover Cargo Truck","Pole Position","http://www.sonniss.com/sound-effects/m1-corbitt-prime-mover-cargo-truck/","/Sonniss - GDC 2017 - Game Audio Bundle/Pole Position - M1 Corbitt Prime Mover Cargo Truck/M1_Corbitt_t2_onbrd_startup_blips_shutdown_flatbed_MKH418S_S.wav","onboard|startup|blips|shutdown|flatbed|metal|rattle|vibrations|sound|devices|744|sennheiser|mkh418|s|wav|m1_corbitt_t2_onbrd_startup_blips_shutdown_flatbed_mkh418s_swav|m1 corbitt prime mover cargo truck|pole position"
"M1_Corbitt_t11_ext_passby_DPA4011.wav","M1 Corbitt Prime Mover Cargo Truck","Pole Position","http://www.sonniss.com/sound-effects/m1-corbitt-prime-mover-cargo-truck/","/Sonniss - GDC 2017 - Game Audio Bundle/Pole Position - M1 Corbitt Prime Mover Cargo Truck/M1_Corbitt_t11_ext_passby_DPA4011.wav","exterior|passby|right|turning|point|fr2|dpa4011|wav|m1_corbitt_t11_ext_passby_dpa4011wav|m1 corbitt prime mover cargo truck|pole position"
"M8_t2_onbrd_startup_blips_steady_rpms_in_neutral_shutdown_engine_PZM.wav","M8 Greyhound Armored Car","Pole Position","http://www.sonniss.com/sound-effects/m8-greyhound-armored-car/","/Sonniss - GDC 2017 - Game Audio Bundle/Pole Position - M8 Greyhound Armored Car	/M8_t2_onbrd_startup_blips_steady_rpms_in_neutral_shutdown_engine_PZM.wav","onboard|startup|blips|steady|rpm|in|neutral|shutdown|engine|zaxcom|pzm|wav|m8_t2_onbrd_startup_blips_steady_rpms_in_neutral_shutdown_engine_pzmwav|m8 greyhound armored car|pole position"
"M8_t3_ext_passby_stop_turnaround_away_var_speeds_Schoeps.wav","M8 Greyhound Armored Car","Pole Position","http://www.sonniss.com/sound-effects/m8-greyhound-armored-car/","/Sonniss - GDC 2017 - Game Audio Bundle/Pole Position - M8 Greyhound Armored Car	/M8_t3_ext_passby_stop_turnaround_away_var_speeds_Schoeps.wav","exterior|passby|stop|turnaround|away|various|speeds|fostex|fr2|schoeps|cmc6|wav|m8_t3_ext_passby_stop_turnaround_away_var_speeds_schoepswav|m8 greyhound armored car|pole position"
"M8_t8_onbrd_var_driving_engine_DPA4061.wav","M8 Greyhound Armored Car","Pole Position","http://www.sonniss.com/sound-effects/m8-greyhound-armored-car/","/Sonniss - GDC 2017 - Game Audio Bundle/Pole Position - M8 Greyhound Armored Car	/M8_t8_onbrd_var_driving_engine_DPA4061.wav","onboard|various|driving|engine|zaxcom|dpa4061|wav|m8_t8_onbrd_var_driving_engine_dpa4061wav|m8 greyhound armored car|pole position"
"B-25_t1_ext_startup_idle_below_plane.wav","North American B-25 Mitchell","Pole Position","http://www.sonniss.com/sound-effects/north-american-b-25-mitchell/","/Sonniss - GDC 2017 - Game Audio Bundle/Pole Position - North American B-25 Mitchell/B-25_t1_ext_startup_idle_below_plane.wav","exterior|startup|idle|below|plane|wav|sound|devices|788|crown|pzm|b25_t1_ext_startup_idle_below_planewav|north american b-25 mitchell|pole position"
"B-25_t4_int_startup_taxiing_cockpit_front.wav","North American B-25 Mitchell","Pole Position","http://www.sonniss.com/sound-effects/north-american-b-25-mitchell/","/Sonniss - GDC 2017 - Game Audio Bundle/Pole Position - North American B-25 Mitchell/B-25_t4_int_startup_taxiing_cockpit_front.wav","interior|startup|taxiing|cockpit|front|wav|zaxcom|nomad|dpa4025|b25_t4_int_startup_taxiing_cockpit_frontwav|north american b-25 mitchell|pole position"
"B-25_t9_int_foley_bomb_door_open_close_flaps_rear_door_front_door_window_horn_breaks_switches_cockpit_rear.wav","North American B-25 Mitchell","Pole Position","http://www.sonniss.com/sound-effects/north-american-b-25-mitchell/","/Sonniss - GDC 2017 - Game Audio Bundle/Pole Position - North American B-25 Mitchell/B-25_t9_int_foley_bomb_door_open_close_flaps_rear_door_front_door_window_horn_breaks_switches_cockpit_rear.wav","interior|foley|bomb|door|open|close|flaps|rear|front|window|horn|breaks|switches|cockpit|wav|nomad|dpa4011|b25_t9_int_foley_bomb_door_open_close_flaps_rear_door_front_door_window_horn_breaks_switches_cockpit_rearwav|north american b-25 mitchell|pole position"
"Saab_99_t7_ext_fast_approach_stop_reversing_away_passbys_ORTF.wav","SAAB 99 GL 1976","Pole Position","http://www.sonniss.com/sound-effects/saab-99-gl-1976/","/Sonniss - GDC 2017 - Game Audio Bundle/Pole Position - SAAB 99 GL 1976/Saab_99_t7_ext_fast_approach_stop_reversing_away_passbys_ORTF.wav","exterior|fast|approach|stop|reversing|away|passbys|second|position|sennheiser|mkh8040|ortf|wav|saab_99_t7_ext_fast_approach_stop_reversing_away_passbys_ortfwav|saab 99 gl 1976|pole position"
"Saab_99_t9_ext_passbys_gearshifting_ORTF.wav","SAAB 99 GL 1976","Pole Position","http://www.sonniss.com/sound-effects/saab-99-gl-1976/","/Sonniss - GDC 2017 - Game Audio Bundle/Pole Position - SAAB 99 GL 1976/Saab_99_t9_ext_passbys_gearshifting_ORTF.wav","exterior|passbys|gearshifting|second|position|sennheiser|mkh8040|ortf|wav|saab_99_t9_ext_passbys_gearshifting_ortfwav|saab 99 gl 1976|pole position"
"Saab_99_t15_foley_door_open_close_interior_onbrd_engine_right.wav","SAAB 99 GL 1976","Pole Position","http://www.sonniss.com/sound-effects/saab-99-gl-1976/","/Sonniss - GDC 2017 - Game Audio Bundle/Pole Position - SAAB 99 GL 1976/Saab_99_t15_foley_door_open_close_interior_onbrd_engine_right.wav","foley|door|open|close|interior|onboard|dpa4061|engine|right|wav|saab_99_t15_foley_door_open_close_interior_onbrd_engine_rightwav|saab 99 gl 1976|pole position"
"warfare_t1b_cannon_firing_forest_distant_MKH8060_2.wav","The Warfare Library","Pole Position","http://www.sonniss.com/sound-effects/warfare-sound-effects-library/","/Sonniss - GDC 2017 - Game Audio Bundle/Pole Position - The Warfare Library/warfare_t1b_cannon_firing_forest_distant_MKH8060_2.wav","40mm|cannon|firing|forest|distant|sennheiser|mkh8060|zaxcom|warfare_t1b_cannon_firing_forest_distant_mkh8060_2wav|the warfare library|pole position"
"warfare_t2_mg_firing_close_projectile_tail_large_field_Telinga_w_MKH8020_or_MKH8060.wav","The Warfare Library","Pole Position","http://www.sonniss.com/sound-effects/warfare-sound-effects-library/","/Sonniss - GDC 2017 - Game Audio Bundle/Pole Position - The Warfare Library/warfare_t2_mg_firing_close_projectile_tail_large_field_Telinga_w_MKH8020_or_MKH8060.wav","762mm|machine|gun|firing|close|projectile|tail|large|field|zaxcom|telinga|sennheiser|mkh8020|or|mkh8060|warfare_t2_mg_firing_close_projectile_tail_large_field_telinga_w_mkh8020_or_mkh8060wav|the warfare library|pole position"
"warfare_t3_mg_whizzes_ricochets_bullet_cracks_M10.wav","The Warfare Library","Pole Position","http://www.sonniss.com/sound-effects/warfare-sound-effects-library/","/Sonniss - GDC 2017 - Game Audio Bundle/Pole Position - The Warfare Library/warfare_t3_mg_whizzes_ricochets_bullet_cracks_M10.wav","762mm|machine|gun|whizzes|ricochets|bullet|cracks|sony|m10|warfare_t3_mg_whizzes_ricochets_bullet_cracks_m10wav|the warfare library|pole position"
"Ural_4320_t7_ext_startup_away_passby_approach_stop.wav","Ural 4320","Pole Position","http://www.sonniss.com/sound-effects/ural-4320/","/Sonniss - GDC 2017 - Game Audio Bundle/Pole Position - Ural 4320/Ural_4320_t7_ext_startup_away_passby_approach_stop.wav","exterior|startup|away|passby|approach|stop|wav|ural_4320_t7_ext_startup_away_passby_approach_stopwav|ural 4320|pole position"
"Ural_4320_t12_onbrd_various_driving_manouvers_interior.wav","Ural 4320","Pole Position","http://www.sonniss.com/sound-effects/ural-4320/","/Sonniss - GDC 2017 - Game Audio Bundle/Pole Position - Ural 4320/Ural_4320_t12_onbrd_various_driving_manouvers_interior.wav","onboard|various|driving|manouvers|interior|neumann|rsm191|sound|devices|722|wav|ural_4320_t12_onbrd_various_driving_manouvers_interiorwav|ural 4320|pole position"
"Ural_4320_t15_ext_horn_passby_XY.wav","Ural 4320","Pole Position","http://www.sonniss.com/sound-effects/ural-4320/","/Sonniss - GDC 2017 - Game Audio Bundle/Pole Position - Ural 4320/Ural_4320_t15_ext_horn_passby_XY.wav","exterior|horn|passby|xy|sanken|css5|fostex|fr2|wav|ural_4320_t15_ext_horn_passby_xywav|ural 4320|pole position"
"Volvo_dump_truck_t1_ext_startup_idle_blips_steady_rpms_shutdown_RSM191.wav","Volvo A30E dump truck","Pole Position","http://www.sonniss.com/sound-effects/volvo-a30e-dump-truck/","/Sonniss - GDC 2017 - Game Audio Bundle/Pole Position - Volvo A30E dump truck/Volvo_dump_truck_t1_ext_startup_idle_blips_steady_rpms_shutdown_RSM191.wav","exterior|startup|idle|blips|steady|rpms|shutdown|neumann|rsm191|wav|volvo_dump_truck_t1_ext_startup_idle_blips_steady_rpms_shutdown_rsm191wav|volvo a30e dump truck|pole position"
"Volvo_dump_truck_t6_ext_flatbed_tilt_up_and_down_Schoeps.wav","Volvo A30E dump truck","Pole Position","http://www.sonniss.com/sound-effects/volvo-a30e-dump-truck/","/Sonniss - GDC 2017 - Game Audio Bundle/Pole Position - Volvo A30E dump truck/Volvo_dump_truck_t6_ext_flatbed_tilt_up_and_down_Schoeps.wav","exterior|flatbed|tilt|up|and|down|schoeps|cmc6|wav|volvo_dump_truck_t6_ext_flatbed_tilt_up_and_down_schoepswav|volvo a30e dump truck|pole position"
"Volvo_dump_truck_t7_ext_horn_idle_shutdown_Schoeps.wav","Volvo A30E dump truck","Pole Position","http://www.sonniss.com/sound-effects/volvo-a30e-dump-truck/","/Sonniss - GDC 2017 - Game Audio Bundle/Pole Position - Volvo A30E dump truck/Volvo_dump_truck_t7_ext_horn_idle_shutdown_Schoeps.wav","exterior|horn|idle|shutdown|schoeps|cmc6|wav|volvo_dump_truck_t7_ext_horn_idle_shutdown_schoepswav|volvo a30e dump truck|pole position"
"Volvo_F12_truck_t1_exterior_medium_passby_DPA4021.wav","Volvo F12 truck 1992","Pole Position","http://www.sonniss.com/sound-effects/volvo-f12-truck-1992/","/Sonniss - GDC 2017 - Game Audio Bundle/Pole Position - Volvo F12 truck 1992/Volvo_F12_truck_t1_exterior_medium_passby_DPA4021.wav","volvo|f12|1992|truck|straight|6|cylinder|turbocharged|diesel|engine|exterior|medium|passby|dpa4021|wav|volvo_f12_truck_t1_exterior_medium_passby_dpa4021wav|volvo f12 truck 1992|pole position"
"Volvo_F12_truck_t2_onboard_slow_accel_through_gears.Long_decel_Interior.wav","Volvo F12 truck 1992","Pole Position","http://www.sonniss.com/sound-effects/volvo-f12-truck-1992/","/Sonniss - GDC 2017 - Game Audio Bundle/Pole Position - Volvo F12 truck 1992/Volvo_F12_truck_t2_onboard_slow_accel_through_gears.Long_decel_Interior.wav","volvo|f12|1992|truck|straight|6|cylinder|turbocharged|diesel|engine|onboard|slow|accel|through|gears|long|decel|interior|wav|volvo_f12_truck_t2_onboard_slow_accel_through_gearslong_decel_interiorwav|volvo f12 truck 1992|pole position"
"Volvo_F12_truck_t11_exterior_slow_passby_Neumann.RSM191.wav","Volvo F12 truck 1992","Pole Position","http://www.sonniss.com/sound-effects/volvo-f12-truck-1992/","/Sonniss - GDC 2017 - Game Audio Bundle/Pole Position - Volvo F12 truck 1992/Volvo_F12_truck_t11_exterior_slow_passby_Neumann.RSM191.wav","volvo|f12|1992|truck|straight|6|cylinder|turbocharged|diesel|engine|exterior|slow|passby|neumann|rsm191|wav|volvo_f12_truck_t11_exterior_slow_passby_neumannrsm191wav|volvo f12 truck 1992|pole position"
"Scarab_34_t2_ext_startup_approach_away_shutdown_shotgun_M.wav","Wellcraft Scarab 34","Pole Position","http://www.sonniss.com/sound-effects/wellcraft-scarab-34/","/Sonniss - GDC 2017 - Game Audio Bundle/Pole Position - Wellcraft Scarab 34	/Scarab_34_t2_ext_startup_approach_away_shutdown_shotgun_M.wav","exterior|startup|approach|away|shutdown|neumann|rsm191|shotgun|wav|scarab_34_t2_ext_startup_approach_away_shutdown_shotgun_mwav|wellcraft scarab 34|pole position"
"Scarab_34_t2_onbrd_startup_accels_shutdown_engine_back_wall.wav","Wellcraft Scarab 34","Pole Position","http://www.sonniss.com/sound-effects/wellcraft-scarab-34/","/Sonniss - GDC 2017 - Game Audio Bundle/Pole Position - Wellcraft Scarab 34	/Scarab_34_t2_onbrd_startup_accels_shutdown_engine_back_wall.wav","onboard|startup|accelerations|shutdown|engine|back|wall|wav|scarab_34_t2_onbrd_startup_accels_shutdown_engine_back_wallwav|wellcraft scarab 34|pole position"
"Scarab_34_t3_onbrd_startup_blips_fast_accels_shutdown_floorboard_side.wav","Wellcraft Scarab 34","Pole Position","http://www.sonniss.com/sound-effects/wellcraft-scarab-34/","/Sonniss - GDC 2017 - Game Audio Bundle/Pole Position - Wellcraft Scarab 34	/Scarab_34_t3_onbrd_startup_blips_fast_accels_shutdown_floorboard_side.wav","onboard|startup|blips|fast|accels|shutdown|floorboard|side|wav|scarab_34_t3_onbrd_startup_blips_fast_accels_shutdown_floorboard_sidewav|wellcraft scarab 34|pole position"
"Crystal, Glass, Huge, Tone, Rubbing, Musical_04.wav","Crystal Glasses- Tones and Drones","Raconteur Sound","http://www.sonniss.com/sound-effects/crystal-glasses-tones-drones/","/Sonniss - GDC 2017 - Game Audio Bundle/Raconteur Sound - Crystal Glasses- Tones and Drones	/Crystal, Glass, Huge, Tone, Rubbing, Musical_04.wav","crystal|glass|tone|drone|huge|wine|glass|tone|rubbing|musical_04wav|crystal glasses- tones and drones|raconteur sound"
"Crystal, Glass, Red Wine, Tone, Rubbing, Musical_07.wav","Crystal Glasses- Tones and Drones","Raconteur Sound","http://www.sonniss.com/sound-effects/crystal-glasses-tones-drones/","/Sonniss - GDC 2017 - Game Audio Bundle/Raconteur Sound - Crystal Glasses- Tones and Drones	/Crystal, Glass, Red Wine, Tone, Rubbing, Musical_07.wav","crystal|glass|tone|drone|from|red|wine|single|ring|out|glass|red|wine|tone|rubbing|musical_07wav|crystal glasses- tones and drones|raconteur sound"
"Crystal, Glass, Tall Narrow, Tone, Rubbing, Musical_01.wav","Crystal Glasses- Tones and Drones","Raconteur Sound","http://www.sonniss.com/sound-effects/crystal-glasses-tones-drones/","/Sonniss - GDC 2017 - Game Audio Bundle/Raconteur Sound - Crystal Glasses- Tones and Drones	/Crystal, Glass, Tall Narrow, Tone, Rubbing, Musical_01.wav","crystal|glass|tone|drone|from|a|tall|narrow|high|pitched|glass|tall|narrow|tone|rubbing|musical_01wav|crystal glasses- tones and drones|raconteur sound"
"Crystal, Glass, Tall Narrow, Tone, Rubbing, Musical_05.wav","Crystal Glasses- Tones and Drones","Raconteur Sound","http://www.sonniss.com/sound-effects/crystal-glasses-tones-drones/","/Sonniss - GDC 2017 - Game Audio Bundle/Raconteur Sound - Crystal Glasses- Tones and Drones	/Crystal, Glass, Tall Narrow, Tone, Rubbing, Musical_05.wav","crystal|glass|tone|drone|from|a|tall|narrow|high|pitched|glass|tall|narrow|tone|rubbing|musical_05wav|crystal glasses- tones and drones|raconteur sound"
"RS, Human, Fart_07.wav","Odor Free Farts Library Vol. 1","Raconteur Sound","http://www.sonniss.com/sound-effects/odor-free-farts-library-vol-1/","/Sonniss - GDC 2017 - Game Audio Bundle/Raconteur Sound - Odor Free Farts Library Vol. 1/RS, Human, Fart_07.wav","human|fart|a|long|slow|zipper|like|rs|fart_07wav|odor free farts library vol. 1|raconteur sound"
"RS, Human, Fart_17.wav","Odor Free Farts Library Vol. 1","Raconteur Sound","http://www.sonniss.com/sound-effects/odor-free-farts-library-vol-1/","/Sonniss - GDC 2017 - Game Audio Bundle/Raconteur Sound - Odor Free Farts Library Vol. 1/RS, Human, Fart_17.wav","human|fart|a|long|tight|rumbling|rs|fart_17wav|odor free farts library vol. 1|raconteur sound"
"RS, Human, Fart_54.wav","Odor Free Farts Library Vol. 1","Raconteur Sound","http://www.sonniss.com/sound-effects/odor-free-farts-library-vol-1/","/Sonniss - GDC 2017 - Game Audio Bundle/Raconteur Sound - Odor Free Farts Library Vol. 1/RS, Human, Fart_54.wav","human|fart|a|long|leather|squeak|like|rs|fart_54wav|odor free farts library vol. 1|raconteur sound"
"RS, Human, Fart_68.wav","Odor Free Farts Library Vol. 1","Raconteur Sound","http://www.sonniss.com/sound-effects/odor-free-farts-library-vol-1/","/Sonniss - GDC 2017 - Game Audio Bundle/Raconteur Sound - Odor Free Farts Library Vol. 1/RS, Human, Fart_68.wav","human|fart|a|low|energy|rs|fart_68wav|odor free farts library vol. 1|raconteur sound"
"Sound Sculpture, Edge_44.wav","Sound Sculpture Vol. 2","Raconteur Sound","http://www.sonniss.com/sound-effects/sound-sculpture-vol-2/","/Sonniss - GDC 2017 - Game Audio Bundle/Raconteur Sound - Sound Sculpture Vol. 2/Sound Sculpture, Edge_44.wav","a|dragging|metallic|shriek|sound|sculpture|edge_44wav|sound sculpture vol. 2|raconteur sound"
"Sound Sculpture, Hanger_78.wav","Sound Sculpture Vol. 2","Raconteur Sound","http://www.sonniss.com/sound-effects/sound-sculpture-vol-2/","/Sonniss - GDC 2017 - Game Audio Bundle/Raconteur Sound - Sound Sculpture Vol. 2/Sound Sculpture, Hanger_78.wav","a|strained|metallic|groan|sound|sculpture|hanger_78wav|sound sculpture vol. 2|raconteur sound"
"Sound Sculpture, Hanger_109.wav","Sound Sculpture Vol. 2","Raconteur Sound","http://www.sonniss.com/sound-effects/sound-sculpture-vol-2/","/Sonniss - GDC 2017 - Game Audio Bundle/Raconteur Sound - Sound Sculpture Vol. 2/Sound Sculpture, Hanger_109.wav","a|dragging|fluttering|metallic|groan|sound|sculpture|hanger_109wav|sound sculpture vol. 2|raconteur sound"
"Sound Sculpture, Spring_47.wav","Sound Sculpture Vol. 2","Raconteur Sound","http://www.sonniss.com/sound-effects/sound-sculpture-vol-2/","/Sonniss - GDC 2017 - Game Audio Bundle/Raconteur Sound - Sound Sculpture Vol. 2/Sound Sculpture, Spring_47.wav","a|dragging|wandering|metallic|wail|sound|sculpture|spring_47wav|sound sculpture vol. 2|raconteur sound"
"Amb, Field, Birds, Wind, MS_01.wav","Spring in the Pacific Northwest- Ambiences","Raconteur Sound","http://www.sonniss.com/sound-effects/spring-pacific-northwest-ambiences/","/Sonniss - GDC 2017 - Game Audio Bundle/Raconteur Sound - Spring in the Pacific Northwest- Ambiences/Amb, Field, Birds, Wind, MS_01.wav","natural|ambience|birds|and|light|gentle|wind|in|a|field|midside|amb|field|wind|ms_01wav|spring in the pacific northwest- ambiences|raconteur sound"
"Amb, Forest, Birds, Geese, Wind, MS_01.wav","Spring in the Pacific Northwest- Ambiences","Raconteur Sound","http://www.sonniss.com/sound-effects/spring-pacific-northwest-ambiences/","/Sonniss - GDC 2017 - Game Audio Bundle/Raconteur Sound - Spring in the Pacific Northwest- Ambiences/Amb, Forest, Birds, Geese, Wind, MS_01.wav","natural|lake|ambience|geese|birds|and|light|gentle|wind|midside|amb|forest|birds|wind|ms_01wav|spring in the pacific northwest- ambiences|raconteur sound"
"Amb, Forest, Birds, Wind, Water, MS_01.wav","Spring in the Pacific Northwest- Ambiences","Raconteur Sound","http://www.sonniss.com/sound-effects/spring-pacific-northwest-ambiences/","/Sonniss - GDC 2017 - Game Audio Bundle/Raconteur Sound - Spring in the Pacific Northwest- Ambiences/Amb, Forest, Birds, Wind, Water, MS_01.wav","natural|forest|ambience|birds|trickling|stream|and|gentle|wind|midside|amb|forest|wind|water|ms_01wav|spring in the pacific northwest- ambiences|raconteur sound"
"Amb, Forest, Stream, Quiet, MS_02.wav","Spring in the Pacific Northwest- Ambiences","Raconteur Sound","http://www.sonniss.com/sound-effects/spring-pacific-northwest-ambiences/","/Sonniss - GDC 2017 - Game Audio Bundle/Raconteur Sound - Spring in the Pacific Northwest- Ambiences/Amb, Forest, Stream, Quiet, MS_02.wav","wind|in|the|trees|sparse|birds|distant|creek|midside|raw|amb|forest|stream|quiet|ms_02wav|spring in the pacific northwest- ambiences|raconteur sound"
"Drone, Dark, Eerie_08.wav","Subtext Drone Library Vol. 1","Raconteur Sound","http://www.sonniss.com/sound-effects/subtext-drone-library-vol-1/","/Sonniss - GDC 2017 - Game Audio Bundle/Raconteur Sound - Subtext Drone Library Vol. 1/Drone, Dark, Eerie_08.wav","very|low|and|deep|dully|metallic|harmonically|rich|drone|dark|eerie_08wav|subtext drone library vol. 1|raconteur sound"
"Drone, Meditative, Metallic_02.wav","Subtext Drone Library Vol. 1","Raconteur Sound","http://www.sonniss.com/sound-effects/subtext-drone-library-vol-1/","/Sonniss - GDC 2017 - Game Audio Bundle/Raconteur Sound - Subtext Drone Library Vol. 1/Drone, Meditative, Metallic_02.wav","sustained|warm|rich|metallic|tone|drone|meditative|metallic_02wav|subtext drone library vol. 1|raconteur sound"
"Drone, Pulsating, Metallic_01.wav","Subtext Drone Library Vol. 1","Raconteur Sound","http://www.sonniss.com/sound-effects/subtext-drone-library-vol-1/","/Sonniss - GDC 2017 - Game Audio Bundle/Raconteur Sound - Subtext Drone Library Vol. 1/Drone, Pulsating, Metallic_01.wav","rapid|metallic|pulsations|with|low|warm|underlying|undulation|drone|pulsating|metallic_01wav|subtext drone library vol. 1|raconteur sound"
"Drone, Pulsating, Quick_01.wav","Subtext Drone Library Vol. 1","Raconteur Sound","http://www.sonniss.com/sound-effects/subtext-drone-library-vol-1/","/Sonniss - GDC 2017 - Game Audio Bundle/Raconteur Sound - Subtext Drone Library Vol. 1/Drone, Pulsating, Quick_01.wav","rapid|low|pulsations|with|warm|underlying|sustained|undulation|drone|pulsating|quick_01wav|subtext drone library vol. 1|raconteur sound"
"analogue_rotary_dial_telephone_dial_release_0_TLM103.wav","Analogue Rotary Telephone","RedSonic","http://www.sonniss.com/sound-effects/analogue-rotary-telephone/","/Sonniss - GDC 2017 - Game Audio Bundle/RedSonic - Analogue Rotary Telephone/analogue_rotary_dial_telephone_dial_release_0_TLM103.wav","analogue|rotary|dial|telephone|release|0|tlm103|ratchet|machine|clang|gears|analogue_rotary_dial_telephone_dial_release_0_tlm103wav|analogue rotary telephone|redsonic"
"analogue_rotary_dial_telephone_dial_release_no_cover_2_418s.wav","Analogue Rotary Telephone","RedSonic","http://www.sonniss.com/sound-effects/analogue-rotary-telephone/","/Sonniss - GDC 2017 - Game Audio Bundle/RedSonic - Analogue Rotary Telephone/analogue_rotary_dial_telephone_dial_release_no_cover_2_418s.wav","analogue|rotary|dial|telephone|release|no|cover|2|418s|ratchet|machine|clang|gears|analogue_rotary_dial_telephone_dial_release_no_cover_2_418swav|analogue rotary telephone|redsonic"
"analogue_rotary_dial_telephone_put_down_holding_reciever_418s.wav","Analogue Rotary Telephone","RedSonic","http://www.sonniss.com/sound-effects/analogue-rotary-telephone/","/Sonniss - GDC 2017 - Game Audio Bundle/RedSonic - Analogue Rotary Telephone/analogue_rotary_dial_telephone_put_down_holding_reciever_418s.wav","analogue|rotary|dial|telephone|put|down|holding|reciever|418s|analogue_rotary_dial_telephone_put_down_holding_reciever_418swav|analogue rotary telephone|redsonic"
"analogue_rotary_dial_telephone_ring_uk_25hz_418s.wav","Analogue Rotary Telephone","RedSonic","http://www.sonniss.com/sound-effects/analogue-rotary-telephone/","/Sonniss - GDC 2017 - Game Audio Bundle/RedSonic - Analogue Rotary Telephone/analogue_rotary_dial_telephone_ring_uk_25hz_418s.wav","analogue|rotary|dial|telephone|ring|uk|25hz|418s|analogue_rotary_dial_telephone_ring_uk_25hz_418swav|analogue rotary telephone|redsonic"
"amb_crickets_multiple_south_france_01.wav","Crickets and Frogs","RedSonic","http://www.sonniss.com/sound-effects/crickets-frogs/","/Sonniss - GDC 2017 - Game Audio Bundle/RedSonic - Crickets and Frogs/amb_crickets_multiple_south_france_01.wav","cricket|grasshopper|cicada|ambiance|forest|france|night|field|desert|sand|squeak|amb_crickets_multiple_south_france_01wav|crickets and frogs|redsonic"
"amb_crickets_multiple_south_france_04.wav","Crickets and Frogs","RedSonic","http://www.sonniss.com/sound-effects/crickets-frogs/","/Sonniss - GDC 2017 - Game Audio Bundle/RedSonic - Crickets and Frogs/amb_crickets_multiple_south_france_04.wav","cricket|grasshopper|cicada|ambiance|forest|france|night|field|desert|sand|squeak|amb_crickets_multiple_south_france_04wav|crickets and frogs|redsonic"
"water_dropped_on_electric_stove_02.wav","Frying Water","RedSonic","http://www.sonniss.com/sound-effects/frying-water/","/Sonniss - GDC 2017 - Game Audio Bundle/RedSonic - Frying Water/water_dropped_on_electric_stove_02.wav","fry|sizzle|crackle|fizz|burn|hiss|fire|water|hot|magic|spell|kitchen|melt|steam|boil|water_dropped_on_electric_stove_02wav|frying water|redsonic"
"water_in_frying_pan_05.wav","Frying Water","RedSonic","http://www.sonniss.com/sound-effects/frying-water/","/Sonniss - GDC 2017 - Game Audio Bundle/RedSonic - Frying Water/water_in_frying_pan_05.wav","fry|sizzle|crackle|fizz|burn|hiss|fire|water|hot|magic|spell|kitchen|melt|steam|boil|water_in_frying_pan_05wav|frying water|redsonic"
"air_conditioner_unit_exterior_01.wav","Hums Light Machines","RedSonic","http://www.sonniss.com/sound-effects/hums-light-machines/","/Sonniss - GDC 2017 - Game Audio Bundle/RedSonic - Hums Light Machines/air_conditioner_unit_exterior_01.wav","air|conditioner|hum|buzz|rattle|modulate|machine|industrial|circulation|circulator|room|factory|air_conditioner_unit_exterior_01wav|hums light machines|redsonic"
"electric_hum_buzz_01.wav","Hums Light Machines","RedSonic","http://www.sonniss.com/sound-effects/hums-light-machines/","/Sonniss - GDC 2017 - Game Audio Bundle/RedSonic - Hums Light Machines/electric_hum_buzz_01.wav","electric|hum|buzz|hiss|shrill|electric_hum_buzz_01wav|hums light machines|redsonic"
"construction_jackhammer_drill_concrete_wall_01.wav","Jackhammer","RedSonic","http://www.sonniss.com/sound-effects/jackhammer/","/Sonniss - GDC 2017 - Game Audio Bundle/RedSonic - Jackhammer/construction_jackhammer_drill_concrete_wall_01.wav","jackhammer|concrete|asphalt|drill|construction|demolition|bang|destroy|break|work|working|building|smash|redsonic01|construction_jackhammer_drill_concrete_wall_01wav|redsonic"
"water_lapping_sea_waves_sandy_beach_03.wav","Water on Rocks","RedSonic","http://www.sonniss.com/sound-effects/water-rocks/","/Sonniss - GDC 2017 - Game Audio Bundle/RedSonic - Water on Rocks/water_lapping_sea_waves_sandy_beach_03.wav","water|sea|beach|sand|waves|redsonic01|water_lapping_sea_waves_sandy_beach_03wav|water on rocks|redsonic"
"water_lapping_sea_waves_sandy_beach_5_meters_01.wav","Water on Rocks","RedSonic","http://www.sonniss.com/sound-effects/water-rocks/","/Sonniss - GDC 2017 - Game Audio Bundle/RedSonic - Water on Rocks/water_lapping_sea_waves_sandy_beach_5_meters_01.wav","water|sea|beach|sand|waves|redsonic01|water_lapping_sea_waves_sandy_beach_5_meters_01wav|water on rocks|redsonic"
"BATHROOM_CHUNKY_VOMIT_INTO_TOILET.WAV","ASSORTED FOLEY ELEMENTS","Resonance Sound Design","http://www.sonniss.com/sound-effects/assorted-foley-elements/","/Sonniss - GDC 2017 - Game Audio Bundle/Resonance Sound Design - ASSORTED FOLEY ELEMENTS/BATHROOM_CHUNKY_VOMIT_INTO_TOILET.WAV","bathroom_chunky_vomit_into_toiletwav|assorted foley elements|resonance sound design"
"DOORS_MISC_CUPBOARD_OPEN_AND_CLOSE_CREAK_2.wav","ASSORTED FOLEY ELEMENTS","Resonance Sound Design","http://www.sonniss.com/sound-effects/assorted-foley-elements/","/Sonniss - GDC 2017 - Game Audio Bundle/Resonance Sound Design - ASSORTED FOLEY ELEMENTS/DOORS_MISC_CUPBOARD_OPEN_AND_CLOSE_CREAK_2.wav","cupboard|door|opens|and|closes|creaks|doors_misc_cupboard_open_and_close_creak_2wav|assorted foley elements|resonance sound design"
"DOORS_WOOD_GATE_OPEN_2.wav","ASSORTED FOLEY ELEMENTS","Resonance Sound Design","http://www.sonniss.com/sound-effects/assorted-foley-elements/","/Sonniss - GDC 2017 - Game Audio Bundle/Resonance Sound Design - ASSORTED FOLEY ELEMENTS/DOORS_WOOD_GATE_OPEN_2.wav","wooden|gate|opening|doors_wood_gate_open_2wav|assorted foley elements|resonance sound design"
"METAL_RATTLING_1.wav","ASSORTED FOLEY ELEMENTS","Resonance Sound Design","http://www.sonniss.com/sound-effects/assorted-foley-elements/","/Sonniss - GDC 2017 - Game Audio Bundle/Resonance Sound Design - ASSORTED FOLEY ELEMENTS/METAL_RATTLING_1.wav","metal_rattling_1wav|assorted foley elements|resonance sound design"
"Ambience, Zinc Mine, Running Water Distant Cave Underground.wav","The Zinc Mines","Robin Barstow","http://www.sonniss.com/sound-effects/zinc-mines/","/Sonniss - GDC 2017 - Game Audio Bundle/Robin Barstow - The Zinc Mines/Ambience, Zinc Mine, Running Water Distant Cave Underground.wav","ambience|zinc|mine|running|water|distant|cave|undergroundwav|the zinc mines|robin barstow"
"Wind, Gusty Behind Rock Bird.wav","The Zinc Mines","Robin Barstow","http://www.sonniss.com/sound-effects/zinc-mines/","/Sonniss - GDC 2017 - Game Audio Bundle/Robin Barstow - Winds of Dovrefjell/Wind, Gusty Behind Rock Bird.wav","wind|gusty|behind|rock|birdwav|the zinc mines|robin barstow"
"SQUEAKS AND CREAKS TWO 045 Bottle Cork A Squeaks NTG3.wav","Squeaks and Creaks Two","Russell Gorsky","http://www.sonniss.com/sound-effects/rdgsfx010-squeaks-creaks/","/Sonniss - GDC 2017 - Game Audio Bundle/Russell Gorsky - Squeaks and Creaks Two/SQUEAKS AND CREAKS TWO 045 Bottle Cork A Squeaks NTG3.wav","squeaks|and|creaks|two|045|bottle|cork|a|squeaks|ntg3wav|squeaks and creaks two|russell gorsky"
"SQUEAKS AND CREAKS TWO 080 Metal Coathanger Slow 01 NTG3.wav","Squeaks and Creaks Two","Russell Gorsky","http://www.sonniss.com/sound-effects/rdgsfx010-squeaks-creaks/","/Sonniss - GDC 2017 - Game Audio Bundle/Russell Gorsky - Squeaks and Creaks Two/SQUEAKS AND CREAKS TWO 080 Metal Coathanger Slow 01 NTG3.wav","squeaks|and|creaks|two|080|metal|coathanger|slow|01|ntg3wav|squeaks and creaks two|russell gorsky"
"SQUEAKS AND CREAKS TWO 136 Wood Door 03 Creaks 01 D100 XY.wav","Squeaks and Creaks Two","Russell Gorsky","http://www.sonniss.com/sound-effects/rdgsfx010-squeaks-creaks/","/Sonniss - GDC 2017 - Game Audio Bundle/Russell Gorsky - Squeaks and Creaks Two/SQUEAKS AND CREAKS TWO 136 Wood Door 03 Creaks 01 D100 XY.wav","squeaks|and|creaks|two|136|wood|door|03|creaks|01|d100|xywav|squeaks and creaks two|russell gorsky"
"SQUEAKS AND CREAKS TWO 151 Foot Drags on Wood Table 01 D100 XY.wav","Squeaks and Creaks Two","Russell Gorsky","http://www.sonniss.com/sound-effects/rdgsfx010-squeaks-creaks/","/Sonniss - GDC 2017 - Game Audio Bundle/Russell Gorsky - Squeaks and Creaks Two/SQUEAKS AND CREAKS TWO 151 Foot Drags on Wood Table 01 D100 XY.wav","squeaks|and|creaks|two|151|foot|drags|on|wood|table|01|d100|xywav|squeaks and creaks two|russell gorsky"
"Articulations - Reverses - Energy 01.wav","Artificial Life","Sergey Eybog","http://www.sonniss.com/sound-effects/artificial-life/","/Sonniss - GDC 2017 - Game Audio Bundle/Sergey Eybog - Artificial Life/Articulations - Reverses - Energy 01.wav","warm|synth|sound|ending|with|a|bass|drop|articulations|reverses|energy|01wav|artificial life|sergey eybog"
"Impacts and Hits - Sub Zero 02.wav","Artificial Life","Sergey Eybog","http://www.sonniss.com/sound-effects/artificial-life/","/Sonniss - GDC 2017 - Game Audio Bundle/Sergey Eybog - Artificial Life/Impacts and Hits - Sub Zero 02.wav","powerful|freezing|impact|and|creaking|ice|impacts|hits|sub|zero|02wav|artificial life|sergey eybog"
"Interface - Beeps - Deny.wav","Artificial Life","Sergey Eybog","http://www.sonniss.com/sound-effects/artificial-life/","/Sonniss - GDC 2017 - Game Audio Bundle/Sergey Eybog - Artificial Life/Interface - Beeps - Deny.wav","electronic|high|tech|sound|can|be|used|for|telemetry|computers|scifi|machinery|interface|beeps|denywav|artificial life|sergey eybog"
"Textures and Drones - High - Mecha Insects Swarm 01.wav","Artificial Life","Sergey Eybog","http://www.sonniss.com/sound-effects/artificial-life/","/Sonniss - GDC 2017 - Game Audio Bundle/Sergey Eybog - Artificial Life/Textures and Drones - High - Mecha Insects Swarm 01.wav","rustling|and|creaking|metallic|texture|reminding|of|crawling|insects|textures|drones|high|mecha|insects|swarm|01wav|artificial life|sergey eybog"
"SW016_Big_Machines_Coal-Dispatcher_Start_Speed_Up_Stop_Side_MKH8040.wav","BIG MACHINES","Shapingwaves","http://www.sonniss.com/sound-effects/big-machines/","/Sonniss - GDC 2017 - Game Audio Bundle/Shapingwaves - BIG MACHINES/SW016_Big_Machines_Coal-Dispatcher_Start_Speed_Up_Stop_Side_MKH8040.wav","big|industrial|machine|motor|coal|dispatcher|start|run|slow|fast|stop|switch|off|side|perspective|sw016_big_machines_coaldispatcher_start_speed_up_stop_side_mkh8040wav|big machines|shapingwaves"
"SW016_Big_Machines_Exciter_Machine_Siemens_1945_Start-Run-Stop_MKH8040_Take1.wav","BIG MACHINES","Shapingwaves","http://www.sonniss.com/sound-effects/big-machines/","/Sonniss - GDC 2017 - Game Audio Bundle/Shapingwaves - BIG MACHINES/SW016_Big_Machines_Exciter_Machine_Siemens_1945_Start-Run-Stop_MKH8040_Take1.wav","big|industrial|machine|motor|exciter|start|slowly|speeding|up|switch|off|slowing|down|until|stop|sw016_big_machines_exciter_machine_siemens_1945_startrunstop_mkh8040_take1wav|big machines|shapingwaves"
"SON_Quad_City_Berlin_002 - Large Main Road Junction, Cars And Heavy Trucks Passing Slowly, Ambulance Siren At Top, Occasional Car Horns, Big Rattling Truck At Tail (Neue Nationalgalerie) - Front Omni.wav","Quad City Berlin","Sonocaine","http://www.sonniss.com/sound-effects/quad-city-berlin/","/Sonniss - GDC 2017 - Game Audio Bundle/Sonocaine - Quad City Berlin/SON_Quad_City_Berlin_002 - Large Main Road Junction, Cars And Heavy Trucks Passing Slowly, Ambulance Siren At Top, Occasional Car Horns, Big Rattling Truck At Tail (Neue Nationalgalerie) - Front Omni.wav","son_quad_city_berlin_002|large|main|road|junction|cars|and|heavy|trucks|passing|slowly|ambulance|siren|at|top|occasional|car|horns|big|rattling|truck|tail|(neue|nationalgalerie)|front|omniwav|quad city berlin|sonocaine"
"SON_Quad_City_Berlin_027 - Rooftop At Night In Residential Area, Calm, Faint Traffic, Churchbells At Top - Front Omni.wav","Quad City Berlin","Sonocaine","http://www.sonniss.com/sound-effects/quad-city-berlin/","/Sonniss - GDC 2017 - Game Audio Bundle/Sonocaine - Quad City Berlin/SON_Quad_City_Berlin_027 - Rooftop At Night In Residential Area, Calm, Faint Traffic, Churchbells At Top - Front Omni.wav","son_quad_city_berlin_027|rooftop|at|night|in|residential|area|calm|faint|traffic|churchbells|top|front|omniwav|quad city berlin|sonocaine"
"Basketball street game - Basketball hits backboard hoop multiple times and catching it with two hands, outdoors 01.wav","BASKETBALL GAME ULTRA","Sound Ex Machina","http://www.sonniss.com/sound-effects/basketball-game-ultra/","/Sonniss - GDC 2017 - Game Audio Bundle/Sound Ex Machina -  BASKETBALL GAME ULTRA/Basketball street game - Basketball hits backboard hoop multiple times and catching it with two hands, outdoors 01.wav","basketball|street|game|hits|backboard|hoop|multiple|times|and|catching|it|with|two|hands|outdoors|01wav|basketball game ultra|sound ex machina"
"Basketball street game - Multiple middle paced dribbles on cement, shoe scraps 08.wav","BASKETBALL GAME ULTRA","Sound Ex Machina","http://www.sonniss.com/sound-effects/basketball-game-ultra/","/Sonniss - GDC 2017 - Game Audio Bundle/Sound Ex Machina -  BASKETBALL GAME ULTRA/Basketball street game - Multiple middle paced dribbles on cement, shoe scraps 08.wav","basketball|street|game|multiple|middle|paced|dribbles|on|cement|shoe|scraps|08|wav|08wav|basketball game ultra|sound ex machina"
"International basketball game - boo, crowd clapping in unison and chanting, drum beat, shoe scraps.wav","BASKETBALL GAME ULTRA","Sound Ex Machina","http://www.sonniss.com/sound-effects/basketball-game-ultra/","/Sonniss - GDC 2017 - Game Audio Bundle/Sound Ex Machina -  BASKETBALL GAME ULTRA/International basketball game - boo, crowd clapping in unison and chanting, drum beat, shoe scraps.wav","international|basketball|game|boo|crowd|clapping|in|unison|and|chanting|drum|beat|shoe|scraps|scrapswav|basketball game ultra|sound ex machina"
"International basketball game - drum beat, excited crowd clapping in unison 03.wav","BASKETBALL GAME ULTRA","Sound Ex Machina","http://www.sonniss.com/sound-effects/basketball-game-ultra/","/Sonniss - GDC 2017 - Game Audio Bundle/Sound Ex Machina -  BASKETBALL GAME ULTRA/International basketball game - drum beat, excited crowd clapping in unison 03.wav","international|basketball|game|drum|beat|excited|crowd|clapping|in|unison|03wav|basketball game ultra|sound ex machina"
"Boardwalk, crowd passing through, tavern featuring traditional greek music, warm day.wav","Mediterranean Summertime","Sound Ex Machina","http://www.sonniss.com/sound-effects/mediterranean-summertime/","/Sonniss - GDC 2017 - Game Audio Bundle/Sound Ex Machina -  Mediterranean Summertime/Boardwalk, crowd passing through, tavern featuring traditional greek music, warm day.wav","sproject=medfiterranean|summertimesnote=boardwalk|crowd|passing|through|tavern|featuring|traditional|greek|music|warm|day|boardwalk|daywav|mediterranean summertime|sound ex machina"
"Port ambience, small waves hitting boats.wav","Mediterranean Summertime","Sound Ex Machina","http://www.sonniss.com/sound-effects/mediterranean-summertime/","/Sonniss - GDC 2017 - Game Audio Bundle/Sound Ex Machina -  Mediterranean Summertime/Port ambience, small waves hitting boats.wav","sproject=mediterranean|summertimesnote=port|ambience|small|waves|hitting|boats|port|boatswav|mediterranean summertime|sound ex machina"
"Restaurant ambience, walla, conversation in different languages, kids playing.wav","Mediterranean Summertime","Sound Ex Machina","http://www.sonniss.com/sound-effects/mediterranean-summertime/","/Sonniss - GDC 2017 - Game Audio Bundle/Sound Ex Machina -  Mediterranean Summertime/Restaurant ambience, walla, conversation in different languages, kids playing.wav","sproject=mediterranean|summertimesnote=restaurant|ambience|walla|conversation|in|different|languages|kids|playing|restaurant|playingwav|mediterranean summertime|sound ex machina"
"Rural summer with birdsong, distant sea waves, breeze.wav","Mediterranean Summertime","Sound Ex Machina","http://www.sonniss.com/sound-effects/mediterranean-summertime/","/Sonniss - GDC 2017 - Game Audio Bundle/Sound Ex Machina -  Mediterranean Summertime/Rural summer with birdsong, distant sea waves, breeze.wav","sproject=mediterranean|summertimesnote=rural|summer|with|birdsong|distant|sea|waves|breeze|rural|breezewav|mediterranean summertime|sound ex machina"
"Action_Ethnic plugged Indian strings 02.wav","UI SOUNDS - MUSICAL","Sound Ex Machina","http://www.sonniss.com/sound-effects/ui-sounds-musical/","/Sonniss - GDC 2017 - Game Audio Bundle/Sound Ex Machina - UI SOUNDS - MUSICAL/Action_Ethnic plugged Indian strings 02.wav","action_ethnic|plugged|indian|strings|02wav|ui sounds - musical|sound ex machina"
"Action_Exit (Scratch).wav","UI SOUNDS - MUSICAL","Sound Ex Machina","http://www.sonniss.com/sound-effects/ui-sounds-musical/","/Sonniss - GDC 2017 - Game Audio Bundle/Sound Ex Machina - UI SOUNDS - MUSICAL/Action_Exit (Scratch).wav","action_exit|(scratch)wav|ui sounds - musical|sound ex machina"
"Notification_Bridge Operation 01.wav","UI SOUNDS - MUSICAL","Sound Ex Machina","http://www.sonniss.com/sound-effects/ui-sounds-musical/","/Sonniss - GDC 2017 - Game Audio Bundle/Sound Ex Machina - UI SOUNDS - MUSICAL/Notification_Bridge Operation 01.wav","notification_bridge|operation|01wav|ui sounds - musical|sound ex machina"
"Selection_Ukelele chord 04.wav","UI SOUNDS - MUSICAL","Sound Ex Machina","http://www.sonniss.com/sound-effects/ui-sounds-musical/","/Sonniss - GDC 2017 - Game Audio Bundle/Sound Ex Machina - UI SOUNDS - MUSICAL/Selection_Ukelele chord 04.wav","selection_ukelele|chord|04wav|ui sounds - musical|sound ex machina"
"AbstractAmbiences-MIX_ST_13.wav","Abstract Ambiences","SoundBits","http://www.sonniss.com/sound-effects/abstract-ambiences/","/Sonniss - GDC 2017 - Game Audio Bundle/SoundBits - Abstract Ambiences/AbstractAmbiences-MIX_ST_13.wav","abstract|ambience|drone|horror|scifi|dark|doomed|reactor|creatures|rumble|alien|abstractambiencesmix_st_13wav|abstract ambiences|soundbits"
"AbstractAmbiences-MIX_ST_15.wav","Abstract Ambiences","SoundBits","http://www.sonniss.com/sound-effects/abstract-ambiences/","/Sonniss - GDC 2017 - Game Audio Bundle/SoundBits - Abstract Ambiences/AbstractAmbiences-MIX_ST_15.wav","abstract|ambience|pulsating|drone|horror|scifi|dark|doomed|distorted|engines|abstractambiencesmix_st_15wav|abstract ambiences|soundbits"
"AbstractAmbiences-MIX_ST_26.wav","Abstract Ambiences","SoundBits","http://www.sonniss.com/sound-effects/abstract-ambiences/","/Sonniss - GDC 2017 - Game Audio Bundle/SoundBits - Abstract Ambiences/AbstractAmbiences-MIX_ST_26.wav","abstract|ambience|drone|horror|scifi|dark|doomed|dungeon|pulsating|interference|reactor|machine|room|alien|abstractambiencesmix_st_26wav|abstract ambiences|soundbits"
"AbstractAmbiences-Mix_ST_37.wav","Abstract Ambiences","SoundBits","http://www.sonniss.com/sound-effects/abstract-ambiences/","/Sonniss - GDC 2017 - Game Audio Bundle/SoundBits - Abstract Ambiences/AbstractAmbiences-Mix_ST_37.wav","abstract|ambience|drone|horror|scifi|dark|doomed|lost|transmissions|radio|messages|buzzing|alien|abstractambiencesmix_st_37wav|abstract ambiences|soundbits"
"CA1_Ambience_BerlinCity_AlexanderPlatz_Loop.wav","Collected Ambiences","SoundBits","http://www.sonniss.com/sound-effects/collected-ambiences/","/Sonniss - GDC 2017 - Game Audio Bundle/SoundBits - Collected Ambiences/CA1_Ambience_BerlinCity_AlexanderPlatz_Loop.wav","ambience|city|berlin|alexanderplatz|people|walking|by|tram|ca1_ambience_berlincity_alexanderplatz_loopwav|collected ambiences|soundbits"
"CA4_Ambience_FunFair_Day_PeopleScreaming_On_FunRide.wav","Collected Ambiences","SoundBits","http://www.sonniss.com/sound-effects/collected-ambiences/","/Sonniss - GDC 2017 - Game Audio Bundle/SoundBits - Collected Ambiences/CA4_Ambience_FunFair_Day_PeopleScreaming_On_FunRide.wav","ambience|funfair|people|screaming|on|funride|rattles|ca4_ambience_funfair_day_peoplescreaming_on_funridewav|collected ambiences|soundbits"
"CA4_Ambience_SmallTrainstation_PeopleTalking_TrainArriveDepart_Announcement.wav","Collected Ambiences","SoundBits","http://www.sonniss.com/sound-effects/collected-ambiences/","/Sonniss - GDC 2017 - Game Audio Bundle/SoundBits - Collected Ambiences/CA4_Ambience_SmallTrainstation_PeopleTalking_TrainArriveDepart_Announcement.wav","ambience|trainstation|people|takling|trains|arriving|and|departing|man|brooming|german|announcements|ca4_ambience_smalltrainstation_peopletalking_trainarrivedepart_announcementwav|collected ambiences|soundbits"
"CA8_Ambience_Indoor_Swimming_Pool_01.wav","Collected Ambiences","SoundBits","http://www.sonniss.com/sound-effects/collected-ambiences/","/Sonniss - GDC 2017 - Game Audio Bundle/SoundBits - Collected Ambiences/CA8_Ambience_Indoor_Swimming_Pool_01.wav","ambience|indoor|swimming|pool|kids|shouting|and|laughing|water|splashes|ca8_ambience_indoor_swimming_pool_01wav|collected ambiences|soundbits"
"Body_Drag_on_FarmLane_02_06.wav","Drag & Slide","SoundBits","http://www.sonniss.com/sound-effects/drag-slide/","/Sonniss - GDC 2017 - Game Audio Bundle/SoundBits - Drag & Slide/Body_Drag_on_FarmLane_02_06.wav","drag|dragging|body|or|heavy|object|over|farm|lane|gritty|road|slide|push|pull|move|friction|body_drag_on_farmlane_02_06wav|drag & slide|soundbits"
"Heavy_MetalPipe_Scraping_on_Concrete_01_03.wav","Drag & Slide","SoundBits","http://www.sonniss.com/sound-effects/drag-slide/","/Sonniss - GDC 2017 - Game Audio Bundle/SoundBits - Drag & Slide/Heavy_MetalPipe_Scraping_on_Concrete_01_03.wav","dragging|a|heavy|metal|pipe|on|concrete|ringing|scrape|push|pull|move|friction|heavy_metalpipe_scraping_on_concrete_01_03wav|drag & slide|soundbits"
"HeavyWood_Sliding_on_ForestFloor_01_04.wav","Drag & Slide","SoundBits","http://www.sonniss.com/sound-effects/drag-slide/","/Sonniss - GDC 2017 - Game Audio Bundle/SoundBits - Drag & Slide/HeavyWood_Sliding_on_ForestFloor_01_04.wav","dragging|wooden|object|on|forest|floor|slide|tree|branch|push|pull|move|friction|heavywood_sliding_on_forestfloor_01_04wav|drag & slide|soundbits"
"LargeWoodenObject_Sliding_01_04.wav","Drag & Slide","SoundBits","http://www.sonniss.com/sound-effects/drag-slide/","/Sonniss - GDC 2017 - Game Audio Bundle/SoundBits - Drag & Slide/LargeWoodenObject_Sliding_01_04.wav","dragging|a|heavy|wooden|object|drag|slide|scrape|box|crate|push|pull|move|friction|largewoodenobject_sliding_01_04wav|drag & slide|soundbits"
"3006_Movement_Paper-Releae_03.wav","Electric Typewriters","SoundBits","http://www.sonniss.com/sound-effects/electric-typewriters/","/Sonniss - GDC 2017 - Game Audio Bundle/SoundBits - Electric Typewriters/3006_Movement_Paper-Releae_03.wav","electric|typewriter|erika|3006|motor|movement|3006_movement_paperreleae_03wav|electric typewriters|soundbits"
"E501_Head-Movement_Initiate_Malfunction_03.wav","Electric Typewriters","SoundBits","http://www.sonniss.com/sound-effects/electric-typewriters/","/Sonniss - GDC 2017 - Game Audio Bundle/SoundBits - Electric Typewriters/E501_Head-Movement_Initiate_Malfunction_03.wav","electric|typewriter|olivetti|lettera|e501|turn|on|inititate|malfuntion|stuttering|motor|write|head|movement|e501_headmovement_initiate_malfunction_03wav|electric typewriters|soundbits"
"Levers_Sliders_233.wav","Electric Typewriters","SoundBits","http://www.sonniss.com/sound-effects/electric-typewriters/","/Sonniss - GDC 2017 - Game Audio Bundle/SoundBits - Electric Typewriters/Levers_Sliders_233.wav","typewriter|lever|metal|push|pull|large|with|ringing|levers_sliders_233wav|electric typewriters|soundbits"
"R300_Keyboard_Space-Bar_07.wav","Electric Typewriters","SoundBits","http://www.sonniss.com/sound-effects/electric-typewriters/","/Sonniss - GDC 2017 - Game Audio Bundle/SoundBits - Electric Typewriters/R300_Keyboard_Space-Bar_07.wav","electric|typewriter|panasonic|r300|space|bar|three|keystrokes|button|keyboard|r300_keyboard_spacebar_07wav|electric typewriters|soundbits"
"OldElectricWoodPlane_17.wav","Electro-Mechanics ToolKit","SoundBits","http://www.sonniss.com/sound-effects/electro-mechanics-toolkit/","/Sonniss - GDC 2017 - Game Audio Bundle/SoundBits - Electro-Mechanics ToolKit/OldElectricWoodPlane_17.wav","tools|old|electric|wood|plane|start|stop|two|short|bursts|motor|oldelectricwoodplane_17wav|electro-mechanics toolkit|soundbits"
"RotaryCultivator_02.wav","Electro-Mechanics ToolKit","SoundBits","http://www.sonniss.com/sound-effects/electro-mechanics-toolkit/","/Sonniss - GDC 2017 - Game Audio Bundle/SoundBits - Electro-Mechanics ToolKit/RotaryCultivator_02.wav","tools|rotary|cultivator|engine|start|stop|shaping|while|decelerating|rotarycultivator_02wav|electro-mechanics toolkit|soundbits"
"Sewing_Machine_04_03.wav","Electro-Mechanics ToolKit","SoundBits","http://www.sonniss.com/sound-effects/electro-mechanics-toolkit/","/Sonniss - GDC 2017 - Game Audio Bundle/SoundBits - Electro-Mechanics ToolKit/Sewing_Machine_04_03.wav","electric|sewing|machine|idle|start|stop|mechanics|sewing_machine_04_03wav|electro-mechanics toolkit|soundbits"
"TrainDoor_04.wav","Electro-Mechanics ToolKit","SoundBits","http://www.sonniss.com/sound-effects/electro-mechanics-toolkit/","/Sonniss - GDC 2017 - Game Audio Bundle/SoundBits - Electro-Mechanics ToolKit/TrainDoor_04.wav","train|hydraulic|doors|open|close|traindoor_04wav|electro-mechanics toolkit|soundbits"
"Handwriting_FeltPen_Kids_032.wav","Handwriting Sound Effects","SoundBits","http://www.sonniss.com/sound-effects/handwriting-sound-effects/","/Sonniss - GDC 2017 - Game Audio Bundle/SoundBits - Handwriting Sound Effects/Handwriting_FeltPen_Kids_032.wav","handwriting|kids|felt|pen|handwritten|doodle|inscribe|write|handwriting_feltpen_kids_032wav|handwriting sound effects|soundbits"
"Handwriting_FountainPen_023.wav","Handwriting Sound Effects","SoundBits","http://www.sonniss.com/sound-effects/handwriting-sound-effects/","/Sonniss - GDC 2017 - Game Audio Bundle/SoundBits - Handwriting Sound Effects/Handwriting_FountainPen_023.wav","handwriting|fountain|pen|handwritten|doodle|inscribe|write|sign|underwrite|handwriting_fountainpen_023wav|handwriting sound effects|soundbits"
"Handwriting_Marker_Whiteboard_034.wav","Handwriting Sound Effects","SoundBits","http://www.sonniss.com/sound-effects/handwriting-sound-effects/","/Sonniss - GDC 2017 - Game Audio Bundle/SoundBits - Handwriting Sound Effects/Handwriting_Marker_Whiteboard_034.wav","handwriting|whiteboard|marker|squeaky|handwritten|doodle|inscribe|write|handwriting_marker_whiteboard_034wav|handwriting sound effects|soundbits"
"Handwriting_Quill_012.wav","Handwriting Sound Effects","SoundBits","http://www.sonniss.com/sound-effects/handwriting-sound-effects/","/Sonniss - GDC 2017 - Game Audio Bundle/SoundBits - Handwriting Sound Effects/Handwriting_Quill_012.wav","handwriting|feather|quill|handwritten|doodle|inscribe|write|handwriting_quill_012wav|handwriting sound effects|soundbits"
"Metal_Hit_Crash_090.wav","Just Impacts - Extension II","SoundBits","http://www.sonniss.com/sound-effects/impacts-extension-ii/","/Sonniss - GDC 2017 - Game Audio Bundle/SoundBits - Just Impacts - Extension II/Metal_Hit_Crash_090.wav","impact|metal|hit|battle|strike|crash|armor|metal_hit_crash_090wav|just impacts - extension ii|soundbits"
"Metal_Hit_Crash_199.wav","Just Impacts - Extension II","SoundBits","http://www.sonniss.com/sound-effects/impacts-extension-ii/","/Sonniss - GDC 2017 - Game Audio Bundle/SoundBits - Just Impacts - Extension II/Metal_Hit_Crash_199.wav","impact|metal|hit|battle|strike|armor|clank|metal_hit_crash_199wav|just impacts - extension ii|soundbits"
"Metal_Jolt_Rattle_Scrape_52.wav","Just Impacts - Extension II","SoundBits","http://www.sonniss.com/sound-effects/impacts-extension-ii/","/Sonniss - GDC 2017 - Game Audio Bundle/SoundBits - Just Impacts - Extension II/Metal_Jolt_Rattle_Scrape_52.wav","metal|movement|jolt|hit|rattle|hitch|clank|piercing|metal_jolt_rattle_scrape_52wav|just impacts - extension ii|soundbits"
"Misc_Hits_118.wav","Just Impacts - Extension II","SoundBits","http://www.sonniss.com/sound-effects/impacts-extension-ii/","/Sonniss - GDC 2017 - Game Audio Bundle/SoundBits - Just Impacts - Extension II/Misc_Hits_118.wav","wood|impact|hit|strike|battle|crash|drop|misc_hits_118wav|just impacts - extension ii|soundbits"
"Cap_BeerBottle_02_01.wav","Open & Close","SoundBits","http://www.sonniss.com/sound-effects/open-close/","/Sonniss - GDC 2017 - Game Audio Bundle/SoundBits - Open & Close/Cap_BeerBottle_02_01.wav","beer|bottle|open|fizz|whizz|sizzle|cap_beerbottle_02_01wav|open & close|soundbits"
"Door_Basement_04_02.wav","Open & Close","SoundBits","http://www.sonniss.com/sound-effects/open-close/","/Sonniss - GDC 2017 - Game Audio Bundle/SoundBits - Open & Close/Door_Basement_04_02.wav","door|basement|metal|open|and|close|door_basement_04_02wav|open & close|soundbits"
"ScrewCap_PlasticBottle_04_01.wav","Open & Close","SoundBits","http://www.sonniss.com/sound-effects/open-close/","/Sonniss - GDC 2017 - Game Audio Bundle/SoundBits - Open & Close/ScrewCap_PlasticBottle_04_01.wav","screw|cap|plastic|bottle|open|and|close|the|lid|on|off|screwcap_plasticbottle_04_01wav|open & close|soundbits"
"Zipper_SmallBag_01_04.wav","Open & Close","SoundBits","http://www.sonniss.com/sound-effects/open-close/","/Sonniss - GDC 2017 - Game Audio Bundle/SoundBits - Open & Close/Zipper_SmallBag_01_04.wav","zipper|bag|open|and|close|small|medium|speed|zipper_smallbag_01_04wav|open & close|soundbits"
"Metal_Chain_Hit_10.wav","The Blacksmith","SoundBits","http://www.sonniss.com/sound-effects/blacksmith/","/Sonniss - GDC 2017 - Game Audio Bundle/SoundBits - The Blacksmith/Metal_Chain_Hit_10.wav","blacksmith|metal|chain|hit|clank|of|impact|metal_chain_hit_10wav|the blacksmith|soundbits"
"Metal_Plate_Hit_02_06.wav","The Blacksmith","SoundBits","http://www.sonniss.com/sound-effects/blacksmith/","/Sonniss - GDC 2017 - Game Audio Bundle/SoundBits - The Blacksmith/Metal_Plate_Hit_02_06.wav","blacksmith|metal|plate|hit|resonant|crash|impact|metal_plate_hit_02_06wav|the blacksmith|soundbits"
"Smoldering_Metal_In_Water_Bucket_08.wav","The Blacksmith","SoundBits","http://www.sonniss.com/sound-effects/blacksmith/","/Sonniss - GDC 2017 - Game Audio Bundle/SoundBits - The Blacksmith/Smoldering_Metal_In_Water_Bucket_08.wav","blacksmith|smoldering|glowing|metal|in|water|bucket|smoldering_metal_in_water_bucket_08wav|the blacksmith|soundbits"
"Various_Metal_Handling_24.wav","The Blacksmith","SoundBits","http://www.sonniss.com/sound-effects/blacksmith/","/Sonniss - GDC 2017 - Game Audio Bundle/SoundBits - The Blacksmith/Various_Metal_Handling_24.wav","blacksmith|various|metal|handling|random|hits|various_metal_handling_24wav|the blacksmith|soundbits"
"Leather_Creak_11.wav","Unsettling Creaks and Squeaks","SoundBits","http://www.sonniss.com/sound-effects/unsettling-creaks-squeaks-extension/","/Sonniss - GDC 2017 - Game Audio Bundle/SoundBits - Unsettling Creaks and Squeaks/Leather_Creak_11.wav","creak|squeak|creaking|leather|or|rope|tension|leather_creak_11wav|unsettling creaks and squeaks|soundbits"
"Metal_Creak_13.wav","Unsettling Creaks and Squeaks","SoundBits","http://www.sonniss.com/sound-effects/unsettling-creaks-squeaks-extension/","/Sonniss - GDC 2017 - Game Audio Bundle/SoundBits - Unsettling Creaks and Squeaks/Metal_Creak_13.wav","creak|squeak|rubbing|metal|plate|metal_creak_13wav|unsettling creaks and squeaks|soundbits"
"Metal_Door_Squeak_Creak_03.wav","Unsettling Creaks and Squeaks","SoundBits","http://www.sonniss.com/sound-effects/unsettling-creaks-squeaks-extension/","/Sonniss - GDC 2017 - Game Audio Bundle/SoundBits - Unsettling Creaks and Squeaks/Metal_Door_Squeak_Creak_03.wav","creak|squeak|heavy|creaking|and|squeaking|metal|door|metal_door_squeak_creak_03wav|unsettling creaks and squeaks|soundbits"
"Office_Chair_Creak_70.wav","Unsettling Creaks and Squeaks","SoundBits","http://www.sonniss.com/sound-effects/unsettling-creaks-squeaks-extension/","/Sonniss - GDC 2017 - Game Audio Bundle/SoundBits - Unsettling Creaks and Squeaks/Office_Chair_Creak_70.wav","creak|squeak|old|office|chair|creaking|moaning|office_chair_creak_70wav|unsettling creaks and squeaks|soundbits"
"UCnS_BasementDoor_04_Squeaks.wav","Unsettling Creaks and Squeaks – Extension I","SoundBits","http://www.sonniss.com/sound-effects/unsettling-creaks-squeaks-extension/","/Sonniss - GDC 2017 - Game Audio Bundle/SoundBits - Unsettling Creaks and Squeaks – Extension I/UCnS_BasementDoor_04_Squeaks.wav","basement|door|metal|squeak|creak|creepy|horror|ucns_basementdoor_04_squeakswav|unsettling creaks and squeaks – extension i|soundbits"
"UCnS_BlockedDoor_01_Creaks_09.wav","Unsettling Creaks and Squeaks – Extension I","SoundBits","http://www.sonniss.com/sound-effects/unsettling-creaks-squeaks-extension/","/Sonniss - GDC 2017 - Game Audio Bundle/SoundBits - Unsettling Creaks and Squeaks – Extension I/UCnS_BlockedDoor_01_Creaks_09.wav","pushing|a|blocked|door|creak|scraping|on|floor|ucns_blockeddoor_01_creaks_09wav|unsettling creaks and squeaks – extension i|soundbits"
"UCnS_CupboardDoor_01_Squeaks_09.wav","Unsettling Creaks and Squeaks – Extension I","SoundBits","http://www.sonniss.com/sound-effects/unsettling-creaks-squeaks-extension/","/Sonniss - GDC 2017 - Game Audio Bundle/SoundBits - Unsettling Creaks and Squeaks – Extension I/UCnS_CupboardDoor_01_Squeaks_09.wav","wooden|cupboard|door|creak|squeak|contact|mics|open|close|ucns_cupboarddoor_01_squeaks_09wav|unsettling creaks and squeaks – extension i|soundbits"
"UCnS_LeatherGlove_01_Creaks_13.wav","Unsettling Creaks and Squeaks – Extension I","SoundBits","http://www.sonniss.com/sound-effects/unsettling-creaks-squeaks-extension/","/Sonniss - GDC 2017 - Game Audio Bundle/SoundBits - Unsettling Creaks and Squeaks – Extension I/UCnS_LeatherGlove_01_Creaks_13.wav","leather|glover|or|rope|creaking|heavy|creaks|ucns_leatherglove_01_creaks_13wav|unsettling creaks and squeaks – extension i|soundbits"
"Impacts_063.wav","Whooshes & Impacts 2","SoundBits","http://www.sonniss.com/sound-effects/whooshes-impacts-2/","/Sonniss - GDC 2017 - Game Audio Bundle/SoundBits - Whooshes & Impacts 2/Impacts_063.wav","hits|impacts|metal|large|heavy|cinematic|trailer|impacts_063wav|whooshes & impacts 2|soundbits"
"Impacts_082.wav","Whooshes & Impacts 2","SoundBits","http://www.sonniss.com/sound-effects/whooshes-impacts-2/","/Sonniss - GDC 2017 - Game Audio Bundle/SoundBits - Whooshes & Impacts 2/Impacts_082.wav","hits|impacts|ascend|metal|glitch|distort|heavy|cinematic|trailer|impacts_082wav|whooshes & impacts 2|soundbits"
"Whooshes_059.wav","Whooshes & Impacts 2","SoundBits","http://www.sonniss.com/sound-effects/whooshes-impacts-2/","/Sonniss - GDC 2017 - Game Audio Bundle/SoundBits - Whooshes & Impacts 2/Whooshes_059.wav","whoosh|scifi|descend|metallic|glitch|futuristic|short|tail|cinematic|trailer|whooshes_059wav|whooshes & impacts 2|soundbits"
"Whooshes_135.wav","Whooshes & Impacts 2","SoundBits","http://www.sonniss.com/sound-effects/whooshes-impacts-2/","/Sonniss - GDC 2017 - Game Audio Bundle/SoundBits - Whooshes & Impacts 2/Whooshes_135.wav","whoosh|scifi|transition|fast|fly|by|energy|futuristic|cinematic|trailer|whooshes_135wav|whooshes & impacts 2|soundbits"
"SFXW002_Bass And Steam_C#3.wav","SYNTHESIZED MOODS","SoundFxwizard","http://www.sonniss.com/sound-effects/synthesized-moods/","/Sonniss - GDC 2017 - Game Audio Bundle/SoundFxwizard - SYNTHESIZED MOODS/SFXW002_Bass And Steam_C#3.wav","sfxw002_bass|and|steam_c#3wav|synthesized moods|soundfxwizard"
"SFXW002_Crowd Interference_C3.wav","SYNTHESIZED MOODS","SoundFxwizard","http://www.sonniss.com/sound-effects/synthesized-moods/","/Sonniss - GDC 2017 - Game Audio Bundle/SoundFxwizard - SYNTHESIZED MOODS/SFXW002_Crowd Interference_C3.wav","sfxw002_crowd|interference_c3wav|synthesized moods|soundfxwizard"
"Duck.wav","Textrobot","SoundFxwizard","http://www.sonniss.com/sound-effects/textrobot/","/Sonniss - GDC 2017 - Game Audio Bundle/SoundFxwizard - Textrobot/Duck.wav","duckwav|textrobot|soundfxwizard"
"Mouse_press and release.wav","Textrobot","SoundFxwizard","http://www.sonniss.com/sound-effects/textrobot/","/Sonniss - GDC 2017 - Game Audio Bundle/SoundFxwizard - Textrobot/Mouse_press and release.wav","mouse_press|and|releasewav|textrobot|soundfxwizard"
"Radar.wav","Textrobot","SoundFxwizard","http://www.sonniss.com/sound-effects/textrobot/","/Sonniss - GDC 2017 - Game Audio Bundle/SoundFxwizard - Textrobot/Radar.wav","radarwav|textrobot|soundfxwizard"
"Typewriter_02.wav","Textrobot","SoundFxwizard","http://www.sonniss.com/sound-effects/textrobot/","/Sonniss - GDC 2017 - Game Audio Bundle/SoundFxwizard - Textrobot/Typewriter_02.wav","typewriter_02wav|textrobot|soundfxwizard"
"audi a4 allroad 20TFSI engine different rpm ramps mono.wav","Audi A4 Allroad 2.0 TFSI","SoundHolder","http://www.sonniss.com/sound-effects/audi-a4-allroad-2-0-tfsi/","/Sonniss - GDC 2017 - Game Audio Bundle/SoundHolder -  Audi A4 Allroad 2.0 TFSIAudi A4 Allroad 2.0 TFSI/audi a4 allroad 20TFSI engine different rpm ramps mono.wav","vehicle|car|audi|a4|allroad|gas|engine|rpm|rpms|ramps|ramp|20tfsi|different|monowav|audi a4 allroad 2.0 tfsi|soundholder"
"audi a4 allroad 20TFSI engine rpm ramp fast interior mono.wav","Audi A4 Allroad 2.0 TFSI","SoundHolder","http://www.sonniss.com/sound-effects/audi-a4-allroad-2-0-tfsi/","/Sonniss - GDC 2017 - Game Audio Bundle/SoundHolder -  Audi A4 Allroad 2.0 TFSIAudi A4 Allroad 2.0 TFSI/audi a4 allroad 20TFSI engine rpm ramp fast interior mono.wav","vehicle|car|audi|a4|allroad|gas|engine|rpm|ramp|fast|interior|20tfsi|monowav|audi a4 allroad 2.0 tfsi|soundholder"
"audi a4 allroad 20TFSI exterior reverse and sudden acceleration following mono NTG3.wav","Audi A4 Allroad 2.0 TFSI","SoundHolder","http://www.sonniss.com/sound-effects/audi-a4-allroad-2-0-tfsi/","/Sonniss - GDC 2017 - Game Audio Bundle/SoundHolder -  Audi A4 Allroad 2.0 TFSIAudi A4 Allroad 2.0 TFSI/audi a4 allroad 20TFSI exterior reverse and sudden acceleration following mono NTG3.wav","vehicle|car|audi|a4|allroad|gas|engine|exterior|driving|passby|reverse|acceleration|20tfsi|and|sudden|following|mono|ntg3wav|audi a4 allroad 2.0 tfsi|soundholder"
"audi a4 allroad 20TFSI foley window interior open close mono NTG3.wav","Audi A4 Allroad 2.0 TFSI","SoundHolder","http://www.sonniss.com/sound-effects/audi-a4-allroad-2-0-tfsi/","/Sonniss - GDC 2017 - Game Audio Bundle/SoundHolder -  Audi A4 Allroad 2.0 TFSIAudi A4 Allroad 2.0 TFSI/audi a4 allroad 20TFSI foley window interior open close mono NTG3.wav","vehicles|car|audi|a4|allroad|foley|window|electric|open|close|interior|20tfsi|mono|ntg3wav|audi a4 allroad 2.0 tfsi|soundholder"
"bees hive exterior in front of landing zone from 1 meter stereo ORTF 8040.wav","Beehive","SoundHolder","http://www.sonniss.com/sound-effects/beehive/","/Sonniss - GDC 2017 - Game Audio Bundle/SoundHolder -  Beehive/bees hive exterior in front of landing zone from 1 meter stereo ORTF 8040.wav","bees|bee|hive|insect|insects|landing|zone|close|ortf|stereo|exterior|in|front|of|from|1|meter|ortf|8040wav|beehive|soundholder"
"bees hive exterior landing zone very close stereo M10.wav","Beehive","SoundHolder","http://www.sonniss.com/sound-effects/beehive/","/Sonniss - GDC 2017 - Game Audio Bundle/SoundHolder -  Beehive/bees hive exterior landing zone very close stereo M10.wav","bees|bee|hive|insect|insects|landing|zone|close|stereo|exterior|very|m10wav|beehive|soundholder"
"ambient bunker big space inside small room moving noises stereo M10.wav","Bunkers","SoundHolder","http://www.sonniss.com/sound-effects/beehive/","/Sonniss - GDC 2017 - Game Audio Bundle/SoundHolder -  Bunkers/ambient bunker big space inside small room moving noises stereo M10.wav","recorded|inside|a|small|room|in|huge|bunker|ambient|big|space|moving|noises|stereo|m10wav|bunkers|soundholder"
"ambient bunker water dripping wind stereo ORTF 8040.wav","Bunkers","SoundHolder","http://www.sonniss.com/sound-effects/beehive/","/Sonniss - GDC 2017 - Game Audio Bundle/SoundHolder -  Bunkers/ambient bunker water dripping wind stereo ORTF 8040.wav","recorded|in|small|room|with|water|dripping|from|ceiling|ambient|bunker|wind|stereo|ortf|8040wav|bunkers|soundholder"
"camera canon eos 3000n flash charging mono.wav","Cameras","SoundHolder","http://www.sonniss.com/sound-effects/cameras/","/Sonniss - GDC 2017 - Game Audio Bundle/SoundHolder -  Cameras/camera canon eos 3000n flash charging mono.wav","camera|mechanical|mechanic|parts|gears|canon|eos|3000n|flash|charging|pitch|high|monowav|cameras|soundholder"
"camera halina h160 film advance lever mono.wav","Cameras","SoundHolder","http://www.sonniss.com/sound-effects/cameras/","/Sonniss - GDC 2017 - Game Audio Bundle/SoundHolder -  Cameras/camera halina h160 film advance lever mono.wav","camera|mechanical|mechanic|parts|gears|halina|h160|film|advance|lever|clicks|monowav|cameras|soundholder"
"camera kodak coloursnap 35 film advance lever fast mono.wav","Cameras","SoundHolder","http://www.sonniss.com/sound-effects/cameras/","/Sonniss - GDC 2017 - Game Audio Bundle/SoundHolder -  Cameras/camera kodak coloursnap 35 film advance lever fast mono.wav","camera|mechanical|mechanic|parts|gears|kodak|coloursnap|35|film|old|vintage|advance|lever|fast|monowav|cameras|soundholder"
"camera nikon d5500 shutter 1 to 2000s mono.wav","Cameras","SoundHolder","http://www.sonniss.com/sound-effects/cameras/","/Sonniss - GDC 2017 - Game Audio Bundle/SoundHolder -  Cameras/camera nikon d5500 shutter 1 to 2000s mono.wav","camera|mechanical|mechanic|parts|gears|nikon|d5500|modern|dslr|shutter|1|to|2000s|monowav|cameras|soundholder"
"animals cormorants inside nest loud mono DPA4061.wav","Cormorants","SoundHolder","http://www.sonniss.com/sound-effects/cormorants/","/Sonniss - GDC 2017 - Game Audio Bundle/SoundHolder -  Cormorants/animals cormorants inside nest loud mono DPA4061.wav","nature|animal|animals|bird|birds|cormorant|cormorants|nest|colony|inside|loud|mono|dpa4061wav|cormorants|soundholder"
"animals cormorants nest loud seagulls mono DPA4061.wav","Cormorants","SoundHolder","http://www.sonniss.com/sound-effects/cormorants/","/Sonniss - GDC 2017 - Game Audio Bundle/SoundHolder -  Cormorants/animals cormorants nest loud seagulls mono DPA4061.wav","nature|animal|animals|bird|birds|cormorant|cormorants|nest|colony|seagulls|loud|mono|dpa4061wav|cormorants|soundholder"
"animals cormorants nest take off mono.wav","Cormorants","SoundHolder","http://www.sonniss.com/sound-effects/cormorants/","/Sonniss - GDC 2017 - Game Audio Bundle/SoundHolder -  Cormorants/animals cormorants nest take off mono.wav","nature|animal|animals|bird|birds|cormorant|cormorants|nest|colony|take|off|monowav|cormorants|soundholder"
"animals cormorants nestlings short sounds stereoM10.wav","Cormorants","SoundHolder","http://www.sonniss.com/sound-effects/cormorants/","/Sonniss - GDC 2017 - Game Audio Bundle/SoundHolder -  Cormorants/animals cormorants nestlings short sounds stereoM10.wav","nature|animal|animals|bird|birds|cormorant|cormorants|nest|colony|nestlings|young|short|sounds|stereom10wav|cormorants|soundholder"
"excavator MF 860 engine onboard start up idle gas pressing short acceleration turn off mono.wav","Excavator MF 860","SoundHolder","http://www.sonniss.com/sound-effects/excavator-mf-860/","/Sonniss - GDC 2017 - Game Audio Bundle/SoundHolder -  Excavator MF 860/excavator MF 860 engine onboard start up idle gas pressing short acceleration turn off mono.wav","vehicle|excavator|mf|860|engine|diesel|onboard|driving|drive|regular|start|idle|mf|up|gas|pressing|short|acceleration|turn|off|monowav|excavator mf 860|soundholder"
"excavator MF 860 exterior engine passby medium speed constant rpm stereo M10.wav","Excavator MF 860","SoundHolder","http://www.sonniss.com/sound-effects/excavator-mf-860/","/Sonniss - GDC 2017 - Game Audio Bundle/SoundHolder -  Excavator MF 860/excavator MF 860 exterior engine passby medium speed constant rpm stereo M10.wav","vehicle|excavator|mf|860|exterior|engine|passby|constant|rpm|medium|speed|mf|stereo|m10wav|excavator mf 860|soundholder"
"excavator MF 860 exterior engine turn on idle and slowly drive away stereo M10.wav","Excavator MF 860","SoundHolder","http://www.sonniss.com/sound-effects/excavator-mf-860/","/Sonniss - GDC 2017 - Game Audio Bundle/SoundHolder -  Excavator MF 860/excavator MF 860 exterior engine turn on idle and slowly drive away stereo M10.wav","vehicle|excavator|mf|860|exterior|engine|turn|on|idle|drive|away|slow|mf|and|slowly|stereo|m10wav|excavator mf 860|soundholder"
"excavator MF 860 exterior horn stereo M10.wav","Excavator MF 860","SoundHolder","http://www.sonniss.com/sound-effects/excavator-mf-860/","/Sonniss - GDC 2017 - Game Audio Bundle/SoundHolder -  Excavator MF 860/excavator MF 860 exterior horn stereo M10.wav","vehicle|excavator|mf|860|exterior|horn|mf|stereo|m10wav|excavator mf 860|soundholder"
"contact baking sheet moving metal tools shakes mono.wav","Metal Contact","SoundHolder","http://www.sonniss.com/sound-effects/metal-contact/","/Sonniss - GDC 2017 - Game Audio Bundle/SoundHolder -  Metal Contact/contact baking sheet moving metal tools shakes mono.wav","contact|metal|baking|sheet|move|moving|tools|shake|shakes|mono|monowav|metal contact|soundholder"
"contact cast iron lid scraped with blender resonate and muted mono.wav","Metal Contact","SoundHolder","http://www.sonniss.com/sound-effects/metal-contact/","/Sonniss - GDC 2017 - Game Audio Bundle/SoundHolder -  Metal Contact/contact cast iron lid scraped with blender resonate and muted mono.wav","contact|metal|cast|iron|lid|scrape|scrapes|scraping|scraped|with|blender|resonate|and|muted|monowav|metal contact|soundholder"
"contact small metal box lid scrapes with metal muted mono.wav","Metal Contact","SoundHolder","http://www.sonniss.com/sound-effects/metal-contact/","/Sonniss - GDC 2017 - Game Audio Bundle/SoundHolder -  Metal Contact/contact small metal box lid scrapes with metal muted mono.wav","contact|metal|box|lid|scrape|scrapes|scraping|metallic|mono|small|with|muted|monowav|metal contact|soundholder"
"contact small metal box lid subtle hits with finger resonate mono.wav","Metal Contact","SoundHolder","http://www.sonniss.com/sound-effects/metal-contact/","/Sonniss - GDC 2017 - Game Audio Bundle/SoundHolder -  Metal Contact/contact small metal box lid subtle hits with finger resonate mono.wav","contact|metal|box|lid|subtle|hits|hitting|resonate|mono|small|with|finger|monowav|metal contact|soundholder"
"renault kangoo 1.6 16v exterior short reverse and slow drive away stereo M10.wav","Renault Kangoo 1.6 16V","SoundHolder","http://www.sonniss.com/sound-effects/renault-kangoo-1-6-16v/","/Sonniss - GDC 2017 - Game Audio Bundle/SoundHolder -  Renault Kangoo 1.6 16V/renault kangoo 1.6 16v exterior short reverse and slow drive away stereo M10.wav","car|vehicle|renault|kangoo|16|16v|gas|engine|exterior|reverse|slow|drive|away|short|and|stereo|m10wav|renault kangoo 1.6 16v|soundholder"
"renault kangoo 1.6 16v exterior slow passby while slowly accelerating stereo M10.wav","Renault Kangoo 1.6 16V","SoundHolder","http://www.sonniss.com/sound-effects/renault-kangoo-1-6-16v/","/Sonniss - GDC 2017 - Game Audio Bundle/SoundHolder -  Renault Kangoo 1.6 16V/renault kangoo 1.6 16v exterior slow passby while slowly accelerating stereo M10.wav","car|vehicle|renault|kangoo|16|16v|gas|engine|exterior|passby|slow|acceleration|slowly|while|accelerating|stereo|m10wav|renault kangoo 1.6 16v|soundholder"
"renault kangoo 1.6 16v foley rotation switch mono NTG3.wav","Renault Kangoo 1.6 16V","SoundHolder","http://www.sonniss.com/sound-effects/renault-kangoo-1-6-16v/","/Sonniss - GDC 2017 - Game Audio Bundle/SoundHolder -  Renault Kangoo 1.6 16V/renault kangoo 1.6 16v foley rotation switch mono NTG3.wav","car|vehicle|renault|kangoo|16|16v|foley|switch|clicks|button|buttons|rotation|mono|ntg3wav|renault kangoo 1.6 16v|soundholder"
"renault kangoo 1.6 16v onboard engine rpm ramp long interior stereo M10.wav","Renault Kangoo 1.6 16V","SoundHolder","http://www.sonniss.com/sound-effects/renault-kangoo-1-6-16v/","/Sonniss - GDC 2017 - Game Audio Bundle/SoundHolder -  Renault Kangoo 1.6 16V/renault kangoo 1.6 16v onboard engine rpm ramp long interior stereo M10.wav","car|vehicle|renault|kangoo|16|16v|gas|engine|onboard|rpm|ramp|long|interior|stereo|m10wav|renault kangoo 1.6 16v|soundholder"
"Renault Master 28dTi Engine 1_4 Acceleration High Speed Interior StereoM10.wav","Renault Master II 2.8dTi","SoundHolder","http://www.sonniss.com/sound-effects/renault-master-ii-2-8dti/","/Sonniss - GDC 2017 - Game Audio Bundle/SoundHolder -  Renault Master II 2.8dTi/Renault Master 28dTi Engine 1_4 Acceleration High Speed Interior StereoM10.wav","renault|master|diesel|engine|drive|driving|car|vehicle|acceleration|high|speed|interior|renault|master|28dti|engine|1_4|acceleration|high|speed|interior|stereom10wav|renault master ii 2.8dti|soundholder"
"Renault Master 28dTi Exterior Passby Medium Speed StereoM10.wav","Renault Master II 2.8dTi","SoundHolder","http://www.sonniss.com/sound-effects/renault-master-ii-2-8dti/","/Sonniss - GDC 2017 - Game Audio Bundle/SoundHolder -  Renault Master II 2.8dTi/Renault Master 28dTi Exterior Passby Medium Speed StereoM10.wav","renault|master|diesel|passby|exterior|car|vehicle|medium|renault|master|28dti|exterior|passby|medium|speed|stereom10wav|renault master ii 2.8dti|soundholder"
"Renault Master 28dTi Foley Passenger Doors Open Mono.wav","Renault Master II 2.8dTi","SoundHolder","http://www.sonniss.com/sound-effects/renault-master-ii-2-8dti/","/Sonniss - GDC 2017 - Game Audio Bundle/SoundHolder -  Renault Master II 2.8dTi/Renault Master 28dTi Foley Passenger Doors Open Mono.wav","renault|master|diesel|foley|car|vehicle|door|open|renault|master|28dti|foley|passenger|doors|open|monowav|renault master ii 2.8dti|soundholder"
"Renault Master 28dTi RAW Engine 1_3 Accelerations Wind Mono Mic1.wav","Renault Master II 2.8dTi","SoundHolder","http://www.sonniss.com/sound-effects/renault-master-ii-2-8dti/","/Sonniss - GDC 2017 - Game Audio Bundle/SoundHolder -  Renault Master II 2.8dTi/Renault Master 28dTi RAW Engine 1_3 Accelerations Wind Mono Mic1.wav","renault|master|diesel|engine|drive|driving|car|vehicle|acceleration|wind|renault|master|28dti|raw|engine|1_3|accelerations|wind|mono|mic1wav|renault master ii 2.8dti|soundholder"
"Renault Master F3500 dCi135 Engine Acceleration Interior StereoM10.wav","Renault Master III dCi135","SoundHolder","http://www.sonniss.com/sound-effects/renault-master-iii-dci135/","/Sonniss - GDC 2017 - Game Audio Bundle/SoundHolder -  Renault Master III dCi135	/Renault Master F3500 dCi135 Engine Acceleration Interior StereoM10.wav","renault|master|f3500|diesel|engine|acceleration|accelerating|interior|renault|master|f3500|dci135|engine|acceleration|interior|stereom10wav|renault master iii dci135|soundholder"
"Renault Master F3500 dCi135 Engine Start Up Idle Gas Pressing And Shut Down Mono.wav","Renault Master III dCi135","SoundHolder","http://www.sonniss.com/sound-effects/renault-master-iii-dci135/","/Sonniss - GDC 2017 - Game Audio Bundle/SoundHolder -  Renault Master III dCi135	/Renault Master F3500 dCi135 Engine Start Up Idle Gas Pressing And Shut Down Mono.wav","renault|master|f3500|diesel|engine|start|up|idle|gas|pressing|shut|down|renault|master|f3500|dci135|engine|start|up|idle|gas|pressing|and|shut|down|monowav|renault master iii dci135|soundholder"
"Renault Master F3500 dCi135 Exterior Passby High RPM High Speed StereoM10.wav","Renault Master III dCi135","SoundHolder","http://www.sonniss.com/sound-effects/renault-master-iii-dci135/","/Sonniss - GDC 2017 - Game Audio Bundle/SoundHolder -  Renault Master III dCi135	/Renault Master F3500 dCi135 Exterior Passby High RPM High Speed StereoM10.wav","renault|master|f3500|diesel|exterior|passby|high|rpm|speed|renault|master|f3500|dci135|exterior|passby|high|rpm|speed|stereom10wav|renault master iii dci135|soundholder"
"Renault Master F3500 dCi135 Foley Squeaky Door Open Mono.wav","Renault Master III dCi135","SoundHolder","http://www.sonniss.com/sound-effects/renault-master-iii-dci135/","/Sonniss - GDC 2017 - Game Audio Bundle/SoundHolder -  Renault Master III dCi135	/Renault Master F3500 dCi135 Foley Squeaky Door Open Mono.wav","renault|master|f3500|diesel|vehicle|foley|door|squaky|open|opening|renault|master|f3500|dci135|foley|squeaky|door|open|monowav|renault master iii dci135|soundholder"
"tractor Case II CX90 engine rpm ramps engine off mono RAW Mic 2.wav","Tractor Case II CX90","SoundHolder","http://www.sonniss.com/sound-effects/tractor-case-ii-cx90/","/Sonniss - GDC 2017 - Game Audio Bundle/SoundHolder -  Tractor Case II CX90/tractor Case II CX90 engine rpm ramps engine off mono RAW Mic 2.wav","vehicle|car|tractor|case|engine|diesel|rpm|ramps|off|mono|case|ii|cx90|raw|mic|2wav|tractor case ii cx90|soundholder"
"tractor Case II CX90 exterior braking idle and slowly drive away stereo M10.wav","Tractor Case II CX90","SoundHolder","http://www.sonniss.com/sound-effects/tractor-case-ii-cx90/","/Sonniss - GDC 2017 - Game Audio Bundle/SoundHolder -  Tractor Case II CX90/tractor Case II CX90 exterior braking idle and slowly drive away stereo M10.wav","vehicle|car|tractor|case|engine|diesel|braking|idle|exterior|drive|away|stereo|case|ii|cx90|and|slowly|m10wav|tractor case ii cx90|soundholder"
"tractor Case II CX90 exterior engine on idle and off stereo M10.wav","Tractor Case II CX90","SoundHolder","http://www.sonniss.com/sound-effects/tractor-case-ii-cx90/","/Sonniss - GDC 2017 - Game Audio Bundle/SoundHolder -  Tractor Case II CX90/tractor Case II CX90 exterior engine on idle and off stereo M10.wav","vehicle|car|tractor|case|engine|diesel|exterior|idle|off|stereo|case|ii|cx90|on|and|m10wav|tractor case ii cx90|soundholder"
"tractor Case II CX90 exterior medium speed passby stereo M10.wav","Tractor Case II CX90","SoundHolder","http://www.sonniss.com/sound-effects/tractor-case-ii-cx90/","/Sonniss - GDC 2017 - Game Audio Bundle/SoundHolder -  Tractor Case II CX90/tractor Case II CX90 exterior medium speed passby stereo M10.wav","vehicle|car|tractor|case|engine|diesel|exterior|medium|speed|passby|stereo|case|ii|cx90|m10wav|tractor case ii cx90|soundholder"
"water dam white noise and bass rumble closer perspective stereoM10.wav","Water Flow","SoundHolder","http://www.sonniss.com/sound-effects/water-flow/","/Sonniss - GDC 2017 - Game Audio Bundle/SoundHolder -  Water Flow/water dam white noise and bass rumble closer perspective stereoM10.wav","water|dam|noise|white|wide|flow|falling|waterfall|big|rumble|close|stereo|and|bass|closer|perspective|stereom10wav|water flow|soundholder"
"water river Guber small stream detailed close perspective stereoXY.wav","Water Flow","SoundHolder","http://www.sonniss.com/sound-effects/water-flow/","/Sonniss - GDC 2017 - Game Audio Bundle/SoundHolder -  Water Flow/water river Guber small stream detailed close perspective stereoXY.wav","water|river|flow|flowing|flows|stream|small|detailed|close|perspective|stereo|guber|stereoxywav|water flow|soundholder"
"water river Lyna medium flow close perspective and birds stereoORTF.wav","Water Flow","SoundHolder","http://www.sonniss.com/sound-effects/water-flow/","/Sonniss - GDC 2017 - Game Audio Bundle/SoundHolder -  Water Flow/water river Lyna medium flow close perspective and birds stereoORTF.wav","water|river|flow|flowing|flows|stream|birds|stereo|close|lyna|medium|perspective|and|stereoortfwav|water flow|soundholder"
"water underground sewage duct water running medium distance mono.wav","Water Flow","SoundHolder","http://www.sonniss.com/sound-effects/water-flow/","/Sonniss - GDC 2017 - Game Audio Bundle/SoundHolder -  Water Flow/water underground sewage duct water running medium distance mono.wav","water|underground|sewage|duct|run|running|flow|flowing|medium|distance|mono|monowav|water flow|soundholder"
"Energy - defense barrier activation idle&stop.wav","ENERGY","SoundMorph","http://www.sonniss.com/sound-effects/enery/","/Sonniss - GDC 2017 - Game Audio Bundle/SoundMorph - ENERGY/Energy - defense barrier activation idle&stop.wav","energy|defense|barrier|activation|idle&stopwav|energy|soundmorph"
"Energy - electric_fuse-08.wav","ENERGY","SoundMorph","http://www.sonniss.com/sound-effects/enery/","/Sonniss - GDC 2017 - Game Audio Bundle/SoundMorph - ENERGY/Energy - electric_fuse-08.wav","soundmorph|energy|electricity|power|hum|buzz|zap|activate|spark|discharge|fuse|energy|electric_fuse08wav|energy|soundmorph"
"Energy - force_field_5_loop.wav","ENERGY","SoundMorph","http://www.sonniss.com/sound-effects/enery/","/Sonniss - GDC 2017 - Game Audio Bundle/SoundMorph - ENERGY/Energy - force_field_5_loop.wav","soundmorph|energy|electricity|power|hum|buzz|zap|activate|shield|force|field|device|drone|loop|energy|force_field_5_loopwav|energy|soundmorph"
"Energy - handheld generators 6.wav","ENERGY","SoundMorph","http://www.sonniss.com/sound-effects/enery/","/Sonniss - GDC 2017 - Game Audio Bundle/SoundMorph - ENERGY/Energy - handheld generators 6.wav","soundmorph|energy|electricity|power|hum|buzz|zap|armor|activate|shield|force|field|device|generator|energy|handheld|generators|6wav|energy|soundmorph"
"Mechanism -  Designed Mega Steam Lever-001.wav","MECHANISM","SoundMorph","http://www.sonniss.com/sound-effects/mechanism/","/Sonniss - GDC 2017 - Game Audio Bundle/SoundMorph - MECHANISM/Mechanism -  Designed Mega Steam Lever-001.wav","soundmorph|mechanism|gear|crank|rust|steampunk|steam|release|chunk|metal|latch|mechanism|designed|mega|steam|lever001wav|mechanism|soundmorph"
"Mechanism - AssaultRifle_PickUp_004.wav","MECHANISM","SoundMorph","http://www.sonniss.com/sound-effects/mechanism/","/Sonniss - GDC 2017 - Game Audio Bundle/SoundMorph - MECHANISM/Mechanism - AssaultRifle_PickUp_004.wav","soundmorph|mechanism|gear|crank|rust|steampunk|foley|rifle|handle|handling|weapon|mechanism|assaultrifle_pickup_004wav|mechanism|soundmorph"
"Mechanism - Source - Metallic Auto Gun.wav","MECHANISM","SoundMorph","http://www.sonniss.com/sound-effects/mechanism/","/Sonniss - GDC 2017 - Game Audio Bundle/SoundMorph - MECHANISM/Mechanism - Source - Metallic Auto Gun.wav","soundmorph|mechanism|gear|crank|rust|steampunk|gun|weapon|metal|mechanism|source|metallic|auto|gunwav|mechanism|soundmorph"
"Mechanism - WindUp_003.wav","MECHANISM","SoundMorph","http://www.sonniss.com/sound-effects/mechanism/","/Sonniss - GDC 2017 - Game Audio Bundle/SoundMorph - MECHANISM/Mechanism - WindUp_003.wav","soundmorph|mechanism|gear|crank|rust|steampunk|wind|small|servo|mechanism|windup_003wav|mechanism|soundmorph"
"Door - Medieval Open 16.wav","Portals","SoundMorph","http://www.sonniss.com/sound-effects/portals/","/Sonniss - GDC 2017 - Game Audio Bundle/SoundMorph - Portals/Door - Medieval Open 16.wav","soundmorph|mechanism|door|medieval|open|close|portal|designed|door|medieval|open|16wav|portals|soundmorph"
"Door - Sci-Fi - 04.wav","Portals","SoundMorph","http://www.sonniss.com/sound-effects/portals/","/Sonniss - GDC 2017 - Game Audio Bundle/SoundMorph - Portals/Door - Sci-Fi - 04.wav","soundmorph|mechanism|door|sci|fi|open|close|portal|designed|science|fiction|door|scifi|04wav|portals|soundmorph"
"Door - SpaceShip_hatchway_06.wav","Portals","SoundMorph","http://www.sonniss.com/sound-effects/portals/","/Sonniss - GDC 2017 - Game Audio Bundle/SoundMorph - Portals/Door - SpaceShip_hatchway_06.wav","soundmorph|mechanism|door|sci|fi|open|close|portal|designed|science|fiction|solar|sky|space|ship|door|spaceship_hatchway_06wav|portals|soundmorph"
"Door - Stone Long 02.wav","Portals","SoundMorph","http://www.sonniss.com/sound-effects/portals/","/Sonniss - GDC 2017 - Game Audio Bundle/SoundMorph - Portals/Door - Stone Long 02.wav","soundmorph|mechanism|door|stone|open|close|portal|designed|medieval|door|stone|long|02wav|portals|soundmorph"
"Spaces - Alien Soundscape_02.wav","Spaces","SoundMorph","http://www.sonniss.com/sound-effects/spaces/","/Sonniss - GDC 2017 - Game Audio Bundle/SoundMorph - Spaces/Spaces - Alien Soundscape_02.wav","ambience|background|bg|scifi|space|spaces|drone|science|fiction|amb|room|tone|soundmorph|alien|soundscape|spaces|alien|soundscape_02wav|soundmorph"
"Spaces - Deep Space Rumble_01.wav","Spaces","SoundMorph","http://www.sonniss.com/sound-effects/spaces/","/Sonniss - GDC 2017 - Game Audio Bundle/SoundMorph - Spaces/Spaces - Deep Space Rumble_01.wav","ambience|background|bg|scifi|space|spaces|drone|science|fiction|amb|room|tone|soundmorph|rumble|low|spaces|deep|space|rumble_01wav|soundmorph"
"Spaces - Generator_08.wav","Spaces","SoundMorph","http://www.sonniss.com/sound-effects/spaces/","/Sonniss - GDC 2017 - Game Audio Bundle/SoundMorph - Spaces/Spaces - Generator_08.wav","ambience|background|bg|scifi|space|spaces|drone|science|fiction|amb|room|tone|soundmorph|generator|power|spaces|generator_08wav|soundmorph"
"Spaces - Space Explosions_01.wav","Spaces","SoundMorph","http://www.sonniss.com/sound-effects/spaces/","/Sonniss - GDC 2017 - Game Audio Bundle/SoundMorph - Spaces/Spaces - Space Explosions_01.wav","ambience|background|bg|scifi|space|spaces|drone|science|fiction|amb|room|tone|soundmorph|atmostphere|distant|explosion|explode|spaces|space|explosions_01wav|soundmorph"
"SH101_Glass_Break_Pane_702T_Fienup_004.wav","Halloween 101","Soundopolis","http://www.sonniss.com/sound-effects/halloween-101/","/Sonniss - GDC 2017 - Game Audio Bundle/Soundopolis - Halloween 101/SH101_Glass_Break_Pane_702T_Fienup_004.wav","glass|break|shatter|crash|smash|crack|drop|throw|impact|hit|window|pane|sheet|table|soundopolis|sh101_glass_break_pane_702t_fienup_004wav|halloween 101"
"SH101_Human_Female_Scream_Alien_OtherWorldly_Fienup_002.wav","Halloween 101","Soundopolis","http://www.sonniss.com/sound-effects/halloween-101/","/Sonniss - GDC 2017 - Game Audio Bundle/Soundopolis - Halloween 101/SH101_Human_Female_Scream_Alien_OtherWorldly_Fienup_002.wav","human|female|scream|terror|terrified|horror|scared|yell|shout|vocal|soundopolis|sh101_human_female_scream_alien_otherworldly_fienup_002wav|halloween 101"
"SH101_Human_SpeakingInTongues_SmallGroup_Fienup_002.wav","Halloween 101","Soundopolis","http://www.sonniss.com/sound-effects/halloween-101/","/Sonniss - GDC 2017 - Game Audio Bundle/Soundopolis - Halloween 101/SH101_Human_SpeakingInTongues_SmallGroup_Fienup_002.wav","human|mumbling|crazy|vocals|voice|soundopolis|sh101_human_speakingintongues_smallgroup_fienup_002wav|halloween 101"
"SH101_Sword Attack_Hollywood_Fienup_004.wav","Halloween 101","Soundopolis","http://www.sonniss.com/sound-effects/halloween-101/","/Sonniss - GDC 2017 - Game Audio Bundle/Soundopolis - Halloween 101/SH101_Sword Attack_Hollywood_Fienup_004.wav","blade|axe|ax|hatchet|bayonet|machete|sword|knife|hit|impact|strike|metal|combat|fight|battle|war|body|damage|soundopolis|sh101_sword|attack_hollywood_fienup_004wav|halloween 101"
"Chain Movement_On Metal_Variety_Fienup_001.wav","Heavy Metal!","Soundopolis","http://www.sonniss.com/sound-effects/heavy-metal/","/Sonniss - GDC 2017 - Game Audio Bundle/Soundopolis - Heavy Metal!/Chain Movement_On Metal_Variety_Fienup_001.wav","chain|movement|metal|car|door|impact|scrape|grind|scratch|slide|bounce|soundopolis|chain|movement_on|metal_variety_fienup_001wav|heavy metal!"
"Metal Bang_Collins Axe + Chains_MK4_Fienup_002.wav","Heavy Metal!","Soundopolis","http://www.sonniss.com/sound-effects/heavy-metal/","/Sonniss - GDC 2017 - Game Audio Bundle/Soundopolis - Heavy Metal!/Metal Bang_Collins Axe + Chains_MK4_Fienup_002.wav","recorded|with|schoeps|mk4g|matched|pair|chain|collins|axe|hammer|sledge|bang|hit|impact|rattle|metal|car|door|soundopolis|metal|bang_collins|axe|+|chains_mk4_fienup_002wav|heavy metal!"
"Metal Scrape Squeak_Long_NT4_Fienup_003.wav","Heavy Metal!","Soundopolis","http://www.sonniss.com/sound-effects/heavy-metal/","/Sonniss - GDC 2017 - Game Audio Bundle/Soundopolis - Heavy Metal!/Metal Scrape Squeak_Long_NT4_Fienup_003.wav","recorded|with|r/de|nt4|stereo|microphone|grind|squeak|scratch|scrape|dryer|tube|metal|car|door|soundopolis|metal|scrape|squeak_long_nt4_fienup_003wav|heavy metal!"
"Metal Scrape_Medium_Harsh_NT4_Fienup_002.wav","Heavy Metal!","Soundopolis","http://www.sonniss.com/sound-effects/heavy-metal/","/Sonniss - GDC 2017 - Game Audio Bundle/Soundopolis - Heavy Metal!/Metal Scrape_Medium_Harsh_NT4_Fienup_002.wav","recorded|with|r/de|nt4|stereo|microphone|grind|scratch|scrape|dryer|tube|metal|car|door|soundopolis|metal|scrape_medium_harsh_nt4_fienup_002wav|heavy metal!"
"Keeway_Ext_PassBy_2.wav","Keeway TX50 Moped","Soundreorganized","http://www.sonniss.com/sound-effects/keeway-tx50-moped/","/Sonniss - GDC 2017 - Game Audio Bundle/Soundreorganized - Keeway TX50 Moped/Keeway_Ext_PassBy_2.wav","keeway|tx50|moped|sound|effects|library|soundreorganized|2016|keeway_ext_passby_2wav|keeway tx50 moped"
"Keeway_Ext_Start_Idle_WarmingUp_DriveAway.wav","Keeway TX50 Moped","Soundreorganized","http://www.sonniss.com/sound-effects/keeway-tx50-moped/","/Sonniss - GDC 2017 - Game Audio Bundle/Soundreorganized - Keeway TX50 Moped/Keeway_Ext_Start_Idle_WarmingUp_DriveAway.wav","keeway|tx50|moped|sound|effects|library|soundreorganized|2016|keeway_ext_start_idle_warmingup_driveawaywav|keeway tx50 moped"
"Keeway_Foley_Start_Pedal_Fail.wav","Keeway TX50 Moped","Soundreorganized","http://www.sonniss.com/sound-effects/keeway-tx50-moped/","/Sonniss - GDC 2017 - Game Audio Bundle/Soundreorganized - Keeway TX50 Moped/Keeway_Foley_Start_Pedal_Fail.wav","keeway|tx50|moped|sound|effects|library|soundreorganized|2016|keeway_foley_start_pedal_failwav|keeway tx50 moped"
"Keeway_OnBoard_Drive_SpeedUp_SlowDown_Shutdown_Engine.wav","Keeway TX50 Moped","Soundreorganized","http://www.sonniss.com/sound-effects/keeway-tx50-moped/","/Sonniss - GDC 2017 - Game Audio Bundle/Soundreorganized - Keeway TX50 Moped/Keeway_OnBoard_Drive_SpeedUp_SlowDown_Shutdown_Engine.wav","keeway|tx50|moped|sound|effects|library|soundreorganized|2016|keeway_onboard_drive_speedup_slowdown_shutdown_enginewav|keeway tx50 moped"
"Massey_Ext_PassBy_Faded_Short.wav","Massey-Ferguson 3060E","Soundreorganized","http://www.sonniss.com/sound-effects/massey-ferguson-3060e/","/Sonniss - GDC 2017 - Game Audio Bundle/Soundreorganized - Massey-Ferguson 3060E/Massey_Ext_PassBy_Faded_Short.wav","96khz|24bit|masseyferguson_3060e_soundeffectslibrary|soundreorganized|2016|massey_ext_passby_faded_shortwav|massey-ferguson 3060e"
"Massey_Ext_Startup_DriveAway.wav","Massey-Ferguson 3060E","Soundreorganized","http://www.sonniss.com/sound-effects/massey-ferguson-3060e/","/Sonniss - GDC 2017 - Game Audio Bundle/Soundreorganized - Massey-Ferguson 3060E/Massey_Ext_Startup_DriveAway.wav","96khz|24bit|masseyferguson_3060e_soundeffectslibrary|soundreorganized|2016|massey_ext_startup_driveawaywav|massey-ferguson 3060e"
"Massey_Foley_Door_Closing_Int.wav","Massey-Ferguson 3060E","Soundreorganized","http://www.sonniss.com/sound-effects/massey-ferguson-3060e/","/Sonniss - GDC 2017 - Game Audio Bundle/Soundreorganized - Massey-Ferguson 3060E/Massey_Foley_Door_Closing_Int.wav","96khz|24bit|masseyferguson_3060e_soundeffectslibrary|soundreorganized|2016|massey_foley_door_closing_intwav|massey-ferguson 3060e"
"Massey_OnBoard_Static_Idle_Revving_Shutdown_Engine2.wav","Massey-Ferguson 3060E","Soundreorganized","http://www.sonniss.com/sound-effects/massey-ferguson-3060e/","/Sonniss - GDC 2017 - Game Audio Bundle/Soundreorganized - Massey-Ferguson 3060E/Massey_OnBoard_Static_Idle_Revving_Shutdown_Engine2.wav","96khz|24bit|masseyferguson_3060e_soundeffectslibrary|soundreorganized|2016|massey_onboard_static_idle_revving_shutdown_engine2wav|massey-ferguson 3060e"
"BeachWalla.wav","Ultimate Jersey Shore Vol. 1","Stereo Chemistry","http://www.sonniss.com/sound-effects/ultimate-jersey-shore-vol-1/","/Sonniss - GDC 2017 - Game Audio Bundle/Stereo Chemistry - Ultimate Jersey Shore Vol. 1/BeachWalla.wav","beachwallawav|ultimate jersey shore vol. 1|stereo chemistry"
"OutdoorAmusementPark5.wav","Ultimate Jersey Shore Vol. 1","Stereo Chemistry","http://www.sonniss.com/sound-effects/ultimate-jersey-shore-vol-1/","/Sonniss - GDC 2017 - Game Audio Bundle/Stereo Chemistry - Ultimate Jersey Shore Vol. 1/OutdoorAmusementPark5.wav","outdooramusementpark5wav|ultimate jersey shore vol. 1|stereo chemistry"
"EXT_AMBIENCE_Children Playing in Park_2.wav","Ambiences 1","Studio238","http://www.sonniss.com/sound-effects/ambiences-1/","/Sonniss - GDC 2017 - Game Audio Bundle/Studio238 - Ambiences 1/EXT_AMBIENCE_Children Playing in Park_2.wav","ext_ambience_children|playing|in|park_2wav|ambiences 1|studio238"
"EXT_AMBIENCE_Hurricane Winds Through Trees_2.wav","Ambiences 1","Studio238","http://www.sonniss.com/sound-effects/ambiences-1/","/Sonniss - GDC 2017 - Game Audio Bundle/Studio238 - Ambiences 1/EXT_AMBIENCE_Hurricane Winds Through Trees_2.wav","ext_ambience_hurricane|winds|through|trees_2wav|ambiences 1|studio238"
"EXT_AMBIENCE_New York City Emergency Response.wav","Ambiences 1","Studio238","http://www.sonniss.com/sound-effects/ambiences-1/","/Sonniss - GDC 2017 - Game Audio Bundle/Studio238 - Ambiences 1/EXT_AMBIENCE_New York City Emergency Response.wav","ext_ambience_new|york|city|emergency|responsewav|ambiences 1|studio238"
"EXT_AMBIENCE_Street Cafe, Zurich Switzerland.wav","Ambiences 1","Studio238","http://www.sonniss.com/sound-effects/ambiences-1/","/Sonniss - GDC 2017 - Game Audio Bundle/Studio238 - Ambiences 1/EXT_AMBIENCE_Street Cafe, Zurich Switzerland.wav","ext_ambience_street|cafe|zurich|switzerlandwav|ambiences 1|studio238"
"dark-ui computation analog 02.wav","Dark Sci-Fi UI Sounds","The Sound Keeper","http://www.sonniss.com/sound-effects/dark-sci-fi-ui-sounds/","/Sonniss - GDC 2017 - Game Audio Bundle/The Sound Keeper - Dark Sci-Fi UI Sounds/dark-ui computation analog 02.wav","user|interface|ui|analog|computation|telemetry|darkui|02wav|dark sci-fi ui sounds|the sound keeper"
"dark-ui glitch dark 05.wav","Dark Sci-Fi UI Sounds","The Sound Keeper","http://www.sonniss.com/sound-effects/dark-sci-fi-ui-sounds/","/Sonniss - GDC 2017 - Game Audio Bundle/The Sound Keeper - Dark Sci-Fi UI Sounds/dark-ui glitch dark 05.wav","user|interface|ui|dark|glitch|error|movement|darkui|05wav|dark sci-fi ui sounds|the sound keeper"
"dark-ui glitch light 04.wav","Dark Sci-Fi UI Sounds","The Sound Keeper","http://www.sonniss.com/sound-effects/dark-sci-fi-ui-sounds/","/Sonniss - GDC 2017 - Game Audio Bundle/The Sound Keeper - Dark Sci-Fi UI Sounds/dark-ui glitch light 04.wav","user|interface|ui|dark|glitch|error|movement|light|darkui|04wav|dark sci-fi ui sounds|the sound keeper"
"dark-ui power on off dark 02.wav","Dark Sci-Fi UI Sounds","The Sound Keeper","http://www.sonniss.com/sound-effects/dark-sci-fi-ui-sounds/","/Sonniss - GDC 2017 - Game Audio Bundle/The Sound Keeper - Dark Sci-Fi UI Sounds/dark-ui power on off dark 02.wav","user|interface|ui|dark|power|on|off|whoosh|bug|darkui|02wav|dark sci-fi ui sounds|the sound keeper"
"door-household creaks squeaks 06.wav","Normal Doors","The Sound Keeper","http://www.sonniss.com/sound-effects/normal-doors/","/Sonniss - GDC 2017 - Game Audio Bundle/The Sound Keeper - Normal Doors/door-household creaks squeaks 06.wav","household|door|creak|squeak|wood|doorhousehold|creaks|squeaks|06wav|normal doors|the sound keeper"
"door-household open close sliding 02.wav","Normal Doors","The Sound Keeper","http://www.sonniss.com/sound-effects/normal-doors/","/Sonniss - GDC 2017 - Game Audio Bundle/The Sound Keeper - Normal Doors/door-household open close sliding 02.wav","household|door|open|close|sliding|glass|doorhousehold|02wav|normal doors|the sound keeper"
"door-industrial open close large 03.wav","Normal Doors","The Sound Keeper","http://www.sonniss.com/sound-effects/normal-doors/","/Sonniss - GDC 2017 - Game Audio Bundle/The Sound Keeper - Normal Doors/door-industrial open close large 03.wav","industrial|door|open|close|large|unlocking|creaks|squeaks|doorindustrial|03wav|normal doors|the sound keeper"
"door-industrial open close office 03.wav","Normal Doors","The Sound Keeper","http://www.sonniss.com/sound-effects/normal-doors/","/Sonniss - GDC 2017 - Game Audio Bundle/The Sound Keeper - Normal Doors/door-industrial open close office 03.wav","industrial|door|open|close|office|room|doorindustrial|03wav|normal doors|the sound keeper"
"5302 - Electric Starship Door 02.wav","The Sound Pack Tree - Complete Edition","The Sound Pack Tree","http://www.sonniss.com/sound-effects/complete-edition/","/Sonniss - GDC 2017 - Game Audio Bundle/The Sound Pack Tree - The Sound Pack Tree/5302 - Electric Starship Door 02.wav","5302|access|admission|aliens|current|doorway|electricity|electronic|entrance|entry|fiction|flash|frizzle|future|futuristic|gate|knob|passage|rocket|room|scifi|shock|sizzle|space|spacecraft|spaceship|sparkle|starship|tense|unlock|voltage|electric|starship|door|02wav|the sound pack tree - complete edition|the sound pack tree"
"5343 - Rusty Starship Door 05.wav","The Sound Pack Tree - Complete Edition","The Sound Pack Tree","http://www.sonniss.com/sound-effects/complete-edition/","/Sonniss - GDC 2017 - Game Audio Bundle/The Sound Pack Tree - The Sound Pack Tree/5343 - Rusty Starship Door 05.wav","5343|access|admission|aliens|creepy|doorway|entrance|entry|fiction|future|futuristic|gate|knob|machine|metal|metallic|old|out|passage|rocket|room|rustiness|rusty|scifi|space|spacecraft|spaceship|starship|unlock|wear|worn|rusty|starship|door|05wav|the sound pack tree - complete edition|the sound pack tree"
"5366 - Space Lift Door 02.wav","The Sound Pack Tree - Complete Edition","The Sound Pack Tree","http://www.sonniss.com/sound-effects/complete-edition/","/Sonniss - GDC 2017 - Game Audio Bundle/The Sound Pack Tree - The Sound Pack Tree/5366 - Space Lift Door 02.wav","5366|access|admission|atmosphere|cargo|dimension|doorway|down|electric|electronic|elevate|elevator|entrance|entry|extraterrestrial|fiction|future|futuristic|gate|infinity|knob|lift|movement|passage|room|scifi|science|transportation|unlock|up|space|lift|door|02wav|the sound pack tree - complete edition|the sound pack tree"
"5382 - Starship Door Access 04.wav","The Sound Pack Tree - Complete Edition","The Sound Pack Tree","http://www.sonniss.com/sound-effects/complete-edition/","/Sonniss - GDC 2017 - Game Audio Bundle/The Sound Pack Tree - The Sound Pack Tree/5382 - Starship Door Access 04.wav","5382|accept|access|admission|aliens|card|code|doorway|enter|entrance|entry|fiction|future|futuristic|gate|grant|knob|open|passage|permission|permit|rocket|room|scifi|space|spacecraft|spaceship|starship|unlock|starship|door|access|04wav|the sound pack tree - complete edition|the sound pack tree"
"ANTIQUE_MILL_BELL_RING_01.wav","Antique Mills","The Soundcatcher","http://www.sonniss.com/sound-effects/antique-mills/","/Sonniss - GDC 2017 - Game Audio Bundle/The Soundcatcher - Antique Mills/ANTIQUE_MILL_BELL_RING_01.wav","antique|mill|bell|ring|metal|antique_mill_bell_ring_01wav|antique mills|the soundcatcher"
"ANTIQUE_MILL_METAL_WOOD_CLANK_MACHINE_05.wav","Antique Mills","The Soundcatcher","http://www.sonniss.com/sound-effects/antique-mills/","/Sonniss - GDC 2017 - Game Audio Bundle/The Soundcatcher - Antique Mills/ANTIQUE_MILL_METAL_WOOD_CLANK_MACHINE_05.wav","antique|mill|machine|clank|wood|mechanic|leather|rattling|rhythm|antique_mill_metal_wood_clank_machine_05wav|antique mills|the soundcatcher"
"ANTIQUE_MILL_TANNERY_HAMMER_DROP_IMPACT_RHYTHM_08.wav","Antique Mills","The Soundcatcher","http://www.sonniss.com/sound-effects/antique-mills/","/Sonniss - GDC 2017 - Game Audio Bundle/The Soundcatcher - Antique Mills/ANTIQUE_MILL_TANNERY_HAMMER_DROP_IMPACT_RHYTHM_08.wav","antique|tanning|wood|hammer|leather|skin|antique_mill_tannery_hammer_drop_impact_rhythm_08wav|antique mills|the soundcatcher"
"ANTIQUE_MILL_WOOD_MECHANIC_01.wav","Antique Mills","The Soundcatcher","http://www.sonniss.com/sound-effects/antique-mills/","/Sonniss - GDC 2017 - Game Audio Bundle/The Soundcatcher - Antique Mills/ANTIQUE_MILL_WOOD_MECHANIC_01.wav","antique|mill|wood|mechanic|rattling|movement|antique_mill_wood_mechanic_01wav|antique mills|the soundcatcher"
"Cash Register_SANYO ECR 335_Bon_Exchange_Paper_Movement_1_3.wav","Electric Cash Register","The Soundcatcher","http://www.sonniss.com/sound-effects/electric-cash-register/","/Sonniss - GDC 2017 - Game Audio Bundle/The Soundcatcher - Electric Cash Register/Cash Register_SANYO ECR 335_Bon_Exchange_Paper_Movement_1_3.wav","dpa4060|sanyo|ecr|335|cash|register|electronic|electrical|office|shop|till|checkout|box|bon|exchange|paper|movement|register_sanyo|ecr|335_bon_exchange_paper_movement_1_3wav|electric cash register|the soundcatcher"
"Cash Register_SANYO ECR 335_Bon_Print_2_2.wav","Electric Cash Register","The Soundcatcher","http://www.sonniss.com/sound-effects/electric-cash-register/","/Sonniss - GDC 2017 - Game Audio Bundle/The Soundcatcher - Electric Cash Register/Cash Register_SANYO ECR 335_Bon_Print_2_2.wav","mkh|8040|sanyo|ecr|335|cash|register|electronic|electrical|office|shop|till|checkout|box|bon|print|register_sanyo|ecr|335_bon_print_2_2wav|electric cash register|the soundcatcher"
"Cash Register_SANYO ECR 335_Drawer_Open_Close_1_1.wav","Electric Cash Register","The Soundcatcher","http://www.sonniss.com/sound-effects/electric-cash-register/","/Sonniss - GDC 2017 - Game Audio Bundle/The Soundcatcher - Electric Cash Register/Cash Register_SANYO ECR 335_Drawer_Open_Close_1_1.wav","mkh|8040|sanyo|ecr|335|cash|register|electronic|electrical|office|shop|till|checkout|box|drawer|open|close|register_sanyo|ecr|335_drawer_open_close_1_1wav|electric cash register|the soundcatcher"
"Cash Register_SANYO ECR 335_UI_Button_2.wav","Electric Cash Register","The Soundcatcher","http://www.sonniss.com/sound-effects/electric-cash-register/","/Sonniss - GDC 2017 - Game Audio Bundle/The Soundcatcher - Electric Cash Register/Cash Register_SANYO ECR 335_UI_Button_2.wav","mkh|8040|sanyo|ecr|335|cash|register|electronic|electrical|office|shop|till|checkout|box|ui|button|register_sanyo|ecr|335_ui_button_2wav|electric cash register|the soundcatcher"
"Paper_Newspaper_Light_Movement_01.wav","Paperlife","The Soundcatcher","http://www.sonniss.com/sound-effects/paperlife/","/Sonniss - GDC 2017 - Game Audio Bundle/The Soundcatcher - Paperlife/Paper_Newspaper_Light_Movement_01.wav","newspaper|light|paper|movement|swish|move|slide|glide|paper_newspaper_light_movement_01wav|paperlife|the soundcatcher"
"Paper_Pergament_Pages_Turn_Flip_20.wav","Paperlife","The Soundcatcher","http://www.sonniss.com/sound-effects/paperlife/","/Sonniss - GDC 2017 - Game Audio Bundle/The Soundcatcher - Paperlife/Paper_Pergament_Pages_Turn_Flip_20.wav","paper|pergament|pages|turn|flip|turnover|crackle|handling|movement|paper_pergament_pages_turn_flip_20wav|paperlife|the soundcatcher"
"Paper_Rip_Short_03.wav","Paperlife","The Soundcatcher","http://www.sonniss.com/sound-effects/paperlife/","/Sonniss - GDC 2017 - Game Audio Bundle/The Soundcatcher - Paperlife/Paper_Rip_Short_03.wav","paper|rip|tear|split|jerk|wrench|cut|short|paper_rip_short_03wav|paperlife|the soundcatcher"
"Paper_Rustling_Movement_Handling_50.wav","Paperlife","The Soundcatcher","http://www.sonniss.com/sound-effects/paperlife/","/Sonniss - GDC 2017 - Game Audio Bundle/The Soundcatcher - Paperlife/Paper_Rustling_Movement_Handling_50.wav","paper|rustling|movement|handling|book|turnover|sheet|side|paper_rustling_movement_handling_50wav|paperlife|the soundcatcher"
"TM_CASSETTE TONE_Buttons, play, motor on, long, interior perspective.wav","Cassette Tone","Tone Manufacture","http://www.sonniss.com/sound-effects/cassette-tone/","/Sonniss - GDC 2017 - Game Audio Bundle/Tone Manufacture - Cassette Tone/TM_CASSETTE TONE_Buttons, play, motor on, long, interior perspective.wav","motor|machine|tape|rhythmic|smooth|static|old|analogue|tm_cassette|tone_buttons|play|on|long|interior|perspectivewav|cassette tone|tone manufacture"
"TM_CASSETTE TONE_Motor only, pause, counter perspective.wav","Cassette Tone","Tone Manufacture","http://www.sonniss.com/sound-effects/cassette-tone/","/Sonniss - GDC 2017 - Game Audio Bundle/Tone Manufacture - Cassette Tone/TM_CASSETTE TONE_Motor only, pause, counter perspective.wav","motor|machine|tape|rhythmic|rattle|smooth|whine|old|analogue|tm_cassette|tone_motor|only|pause|counter|perspectivewav|cassette tone|tone manufacture"
"TM_CASSETTE TONE_Motor only, rewind, button perspective.wav","Cassette Tone","Tone Manufacture","http://www.sonniss.com/sound-effects/cassette-tone/","/Sonniss - GDC 2017 - Game Audio Bundle/Tone Manufacture - Cassette Tone/TM_CASSETTE TONE_Motor only, rewind, button perspective.wav","motor|machine|tape|rhythmic|click|rattle|old|analogue|tm_cassette|tone_motor|only|rewind|button|perspectivewav|cassette tone|tone manufacture"
"TM_CASSETTE TONE_Tape in out case, with paper, close perspective.wav","Cassette Tone","Tone Manufacture","http://www.sonniss.com/sound-effects/cassette-tone/","/Sonniss - GDC 2017 - Game Audio Bundle/Tone Manufacture - Cassette Tone/TM_CASSETTE TONE_Tape in out case, with paper, close perspective.wav","box|case|plastic|handling|open|shut|squeak|click|rattle|tm_cassette|tone_tape|in|out|with|paper|close|perspectivewav|cassette tone|tone manufacture"
"015_Foley_Footsteps_Asphalt_Boot_Walk_Fast_Run_Jog_Close.wav","Edward – Foleyart Collection Add-On Extended Footsteps","Tovusound","http://www.sonniss.com/sound-effects/edward-foleyart-collection-add-on-extended-footsteps/","/Sonniss - GDC 2017 - Game Audio Bundle/Tovusound - Edward – Foleyart Collection Add-On Extended Footsteps/015_Foley_Footsteps_Asphalt_Boot_Walk_Fast_Run_Jog_Close.wav","015_foley_footsteps_asphalt_boot_walk_fast_run_jog_closewav|edward – foleyart collection add-on extended footsteps|tovusound"
"169_Foley_Footsteps_Grass_Sneaker_Walk_Fast_Run_Jog_Close.wav","Edward – Foleyart Collection Add-On Extended Footsteps","Tovusound","http://www.sonniss.com/sound-effects/edward-foleyart-collection-add-on-extended-footsteps/","/Sonniss - GDC 2017 - Game Audio Bundle/Tovusound - Edward – Foleyart Collection Add-On Extended Footsteps/169_Foley_Footsteps_Grass_Sneaker_Walk_Fast_Run_Jog_Close.wav","169_foley_footsteps_grass_sneaker_walk_fast_run_jog_closewav|edward – foleyart collection add-on extended footsteps|tovusound"
"237_Foley_Footsteps_Metal_Boot_Walk_Normal_Close.wav","Edward – Foleyart Collection Add-On Extended Footsteps","Tovusound","http://www.sonniss.com/sound-effects/edward-foleyart-collection-add-on-extended-footsteps/","/Sonniss - GDC 2017 - Game Audio Bundle/Tovusound - Edward – Foleyart Collection Add-On Extended Footsteps/237_Foley_Footsteps_Metal_Boot_Walk_Normal_Close.wav","237_foley_footsteps_metal_boot_walk_normal_closewav|edward – foleyart collection add-on extended footsteps|tovusound"
"289_Foley_Footsteps_Rocks_Sneaker_Jump_Land_On_Two_Feet_Close.wav","Edward – Foleyart Collection Add-On Extended Footsteps","Tovusound","http://www.sonniss.com/sound-effects/edward-foleyart-collection-add-on-extended-footsteps/","/Sonniss - GDC 2017 - Game Audio Bundle/Tovusound - Edward – Foleyart Collection Add-On Extended Footsteps/289_Foley_Footsteps_Rocks_Sneaker_Jump_Land_On_Two_Feet_Close.wav","289_foley_footsteps_rocks_sneaker_jump_land_on_two_feet_closewav|edward – foleyart collection add-on extended footsteps|tovusound"
"CSS 05 City_14_Streets, Traffic, Busy, Ambience, Siren_14.wav","Cityscapes And Streets","West Wolf","http://www.sonniss.com/sound-effects/cityscapes-streets/","/Sonniss - GDC 2017 - Game Audio Bundle/West Wolf - Cityscapes And Streets/CSS 05 City_14_Streets, Traffic, Busy, Ambience, Siren_14.wav","sproject=cityscapes|and|streeetsstake=14snote=city|streets|traffic|busy|ambience|cars|siren|stereo|xy|strk1=lstrk2=r|css|05|city_14_streets|traffic|busy|ambience|siren_14wav|cityscapes and streets|west wolf"
"CSS 05 City_36_Street, Light, Ambience, Cars, Horn_09.wav","Cityscapes And Streets","West Wolf","http://www.sonniss.com/sound-effects/cityscapes-streets/","/Sonniss - GDC 2017 - Game Audio Bundle/West Wolf - Cityscapes And Streets/CSS 05 City_36_Street, Light, Ambience, Cars, Horn_09.wav","sfilename=css|05|city_36_street|light|ambience|cars|horn_09wavstake=36snote=street|light|ambience|cars|horn|stereo|xy|strk1=lstrk2=r|css|horn_09wav|cityscapes and streets|west wolf"
"CSS 05 City_40_Street, Light, Ambience, Warning Alarm, Far_13.wav","Cityscapes And Streets","West Wolf","http://www.sonniss.com/sound-effects/cityscapes-streets/","/Sonniss - GDC 2017 - Game Audio Bundle/West Wolf - Cityscapes And Streets/CSS 05 City_40_Street, Light, Ambience, Warning Alarm, Far_13.wav","sproject=cityscapes|and|streetsstake=40snote=street|light|ambience|warning|alarm|far|stereo|xy|strk1=lstrk2=r|css|05|city_40_street|light|ambience|warning|alarm|far_13wav|cityscapes and streets|west wolf"
"CSS 05 City_63_Street, Pedestrian, Ambience, Busy_13.wav","Cityscapes And Streets","West Wolf","http://www.sonniss.com/sound-effects/cityscapes-streets/","/Sonniss - GDC 2017 - Game Audio Bundle/West Wolf - Cityscapes And Streets/CSS 05 City_63_Street, Pedestrian, Ambience, Busy_13.wav","sproject=cityscapes|and|streetsstake=63snote=street|pedestrian|ambience|busy|stereo|xy|strk1=lstrk2=r|css|05|city_63_street|pedestrian|ambience|busy_13wav|cityscapes and streets|west wolf"
"DA 03 Dock Ambience_02_ Trucks, Cranes, Loading, Cargo Ship_T02.wav","Dock Ambiences and SFX","West Wolf","http://www.sonniss.com/sound-effects/dock-ambiences-sfx/","/Sonniss - GDC 2017 - Game Audio Bundle/West Wolf - Dock Ambiences and SFX/DA 03 Dock Ambience_02_ Trucks, Cranes, Loading, Cargo Ship_T02.wav","sfilename=da|03|dock|ambience_02_|trucks|cranes|loading|cargo|ship_t02wavsscene=da|ship_stape=xystake=02strk1=lstrk2=rsspeed=025000nd|da|ship_t02wav|dock ambiences and sfx|west wolf"
"DA 03 Dock Ambience_05_ Cranes, Chains, Loading, Iron, Cargo Ship_ T05.wav","Dock Ambiences and SFX","West Wolf","http://www.sonniss.com/sound-effects/dock-ambiences-sfx/","/Sonniss - GDC 2017 - Game Audio Bundle/West Wolf - Dock Ambiences and SFX/DA 03 Dock Ambience_05_ Cranes, Chains, Loading, Iron, Cargo Ship_ T05.wav","sfilename=da|03|dock|ambience_05_|cranes|chains|loading|iron|cargo|ship_|t05wavsspeed=025000ndsproject=dasscene=da|stape=xystake=05strk1=lstrk2=r|da|t05wav|dock ambiences and sfx|west wolf"
"DA 03 Dock Ambience_09_ Boat, Berth, Creak, Port_T09.wav","Dock Ambiences and SFX","West Wolf","http://www.sonniss.com/sound-effects/dock-ambiences-sfx/","/Sonniss - GDC 2017 - Game Audio Bundle/West Wolf - Dock Ambiences and SFX/DA 03 Dock Ambience_09_ Boat, Berth, Creak, Port_T09.wav","sfilename=da|03|dock|ambience_09_|boat|berth|creak|port_t09wavsspeed=025000ndsproject=dasscene=da|port_stape=ortfstake=09snote=sound|effect|exterior|dock|ship|boat|berth|port|strk1=l|da|port_t09wav|dock ambiences and sfx|west wolf"
"DA 03 Dock SFX_16_ Old, Industrial, Barrier, Creak_ T16.wav","Dock Ambiences and SFX","West Wolf","http://www.sonniss.com/sound-effects/dock-ambiences-sfx/","/Sonniss - GDC 2017 - Game Audio Bundle/West Wolf - Dock Ambiences and SFX/DA 03 Dock SFX_16_ Old, Industrial, Barrier, Creak_ T16.wav","sfilename=da|03|dock|sfx_16_|old|industrial|barrier|creak_|t16wavsscene=da|stape=ortfstake=16snote=sound|effect|exterior|industrial|dock|barrier|old|creak|strk1=lstrk2=r|da|t16wav|dock ambiences and sfx|west wolf"
"NS01_002_Nature ambience with seaguls.wav","Nature Sounds","West Wolf","http://www.sonniss.com/sound-effects/nature-sounds/","/Sonniss - GDC 2017 - Game Audio Bundle/West Wolf - Nature Sounds/NS01_002_Nature ambience with seaguls.wav","ns01_002_nature|ambience|with|seagulswav|nature sounds|west wolf"
"NS01_007_Forest birds.wav","Nature Sounds","West Wolf","http://www.sonniss.com/sound-effects/nature-sounds/","/Sonniss - GDC 2017 - Game Audio Bundle/West Wolf - Nature Sounds/NS01_007_Forest birds.wav","ns01_007_forest|birdswav|nature sounds|west wolf"
"W 04 Water_05_Cave, Ambience, Water Drops, River_T05.wav","WATER","West Wolf","http://www.sonniss.com/sound-effects/water/","/Sonniss - GDC 2017 - Game Audio Bundle/West Wolf - WATER/W 04 Water_05_Cave, Ambience, Water Drops, River_T05.wav","sfilename=w|04|water_05_cave|ambience|water|drops|river_t05wavstrk1=lstrk2=rsnote=water|cave|ambience|water|drops|river|stereo|ortfsproject=watersscene=w|river_stape=ortfstake=05|w|river_t05wav|water|west wolf"
"W 04 Water_10_City, Rain, Roof_T04.wav","WATER","West Wolf","http://www.sonniss.com/sound-effects/water/","/Sonniss - GDC 2017 - Game Audio Bundle/West Wolf - WATER/W 04 Water_10_City, Rain, Roof_T04.wav","sfilename=w|04|water_10_city|rain|roof_t04wavsscene=w|roof_stape=xystake=04strk1=lstrk2=rsnote=water|city|rain|roof|raindrops|diferent|surfaces|stereo|xy|w|roof_t04wav|water|west wolf"
"W 04 Water_19_Splashing, Sailing, Ship_T03.wav","WATER","West Wolf","http://www.sonniss.com/sound-effects/water/","/Sonniss - GDC 2017 - Game Audio Bundle/West Wolf - WATER/W 04 Water_19_Splashing, Sailing, Ship_T03.wav","sproject=watersscene=w|04|water_19_splashing|sailing|ship_stape=ortfstake=03snote=water|splashing|sailing|ship|stereo|strk1=lstrk2=rsfilename=w|ship_t03wav|w|water|west wolf"
"W 04 Water_24_Splashing, Sailing, Small, Fishing, Ship_T03.wav","WATER","West Wolf","http://www.sonniss.com/sound-effects/water/","/Sonniss - GDC 2017 - Game Audio Bundle/West Wolf - WATER/W 04 Water_24_Splashing, Sailing, Small, Fishing, Ship_T03.wav","sfilename=w|04|water_24_splashing|sailing|small|fishing|ship_t03wavsscene=w|ship_stape=ortfstake=03snote=water|splashing|sailing|small|fishing|ship|stereo|strk1=lstrk2=r|w|ship_t03wav|water|west wolf"
"Electronic Pass 005.wav","Alien Skies - Cinematic Ambiences 2","Zero-G","http://www.sonniss.com/sound-effects/zero-g-alien-skies-cinematic-ambiences-2/","/Sonniss - GDC 2017 - Game Audio Bundle/Zero-G - Alien Skies - Cinematic Ambiences 2/Electronic Pass 005.wav","electronic|pass|005wav|alien skies - cinematic ambiences 2|zero-g"
"Metallic Noise 004.wav","Alien Skies - Cinematic Ambiences 2","Zero-G","http://www.sonniss.com/sound-effects/zero-g-alien-skies-cinematic-ambiences-2/","/Sonniss - GDC 2017 - Game Audio Bundle/Zero-G - Alien Skies - Cinematic Ambiences 2/Metallic Noise 004.wav","metallic|noise|004wav|alien skies - cinematic ambiences 2|zero-g"
"Sinister Moment 001.wav","Alien Skies - Cinematic Ambiences 2","Zero-G","http://www.sonniss.com/sound-effects/zero-g-alien-skies-cinematic-ambiences-2/","/Sonniss - GDC 2017 - Game Audio Bundle/Zero-G - Alien Skies - Cinematic Ambiences 2/Sinister Moment 001.wav","sinister|moment|001wav|alien skies - cinematic ambiences 2|zero-g"
"Synthetic Hit 002.wav","Alien Skies - Cinematic Ambiences 2","Zero-G","http://www.sonniss.com/sound-effects/zero-g-alien-skies-cinematic-ambiences-2/","/Sonniss - GDC 2017 - Game Audio Bundle/Zero-G - Alien Skies - Cinematic Ambiences 2/Synthetic Hit 002.wav","synthetic|hit|002wav|alien skies - cinematic ambiences 2|zero-g"
"Cinematic - Macabre Iii.wav","Dark Skies - Cinematic Ambiences","Zero-G","http://www.sonniss.com/sound-effects/zero-g-dark-skies-cinematic-ambiences/","/Sonniss - GDC 2017 - Game Audio Bundle/Zero-G - Dark Skies - Cinematic Ambiences/Cinematic - Macabre Iii.wav","cinematic|macabre|iiiwav|dark skies - cinematic ambiences|zero-g"
"Firedrone - Firedrone 3.wav","Dark Skies - Cinematic Ambiences","Zero-G","http://www.sonniss.com/sound-effects/zero-g-dark-skies-cinematic-ambiences/","/Sonniss - GDC 2017 - Game Audio Bundle/Zero-G - Dark Skies - Cinematic Ambiences/Firedrone - Firedrone 3.wav","firedrone|3wav|dark skies - cinematic ambiences|zero-g"
"Horrific - Horror Moment 4.wav","Dark Skies - Cinematic Ambiences","Zero-G","http://www.sonniss.com/sound-effects/zero-g-dark-skies-cinematic-ambiences/","/Sonniss - GDC 2017 - Game Audio Bundle/Zero-G - Dark Skies - Cinematic Ambiences/Horrific - Horror Moment 4.wav","horrific|horror|moment|4wav|dark skies - cinematic ambiences|zero-g"
"Sci Fi - Starship Sub Amb.wav","Dark Skies - Cinematic Ambiences","Zero-G","http://www.sonniss.com/sound-effects/zero-g-dark-skies-cinematic-ambiences/","/Sonniss - GDC 2017 - Game Audio Bundle/Zero-G - Dark Skies - Cinematic Ambiences/Sci Fi - Starship Sub Amb.wav","sci|fi|starship|sub|ambwav|dark skies - cinematic ambiences|zero-g"