"FILENAME","LIBRARY","SUPPLIER","URL","DOWNLOAD","TAGS"
"put_book_on_shelf_013.wav","Books & Magazines","3maze","https://sonniss.com/sound-effects/books-magazines/","/3maze - Books & Magazines/put_book_on_shelf_013.wav","snote=book|paper|shelves|shelf|library|read|reading|put|arrange|move|object|put_book_on_shelf_013wav|books|&|magazines|3maze"
"put_magazine_on_table_002.wav","Books & Magazines","3maze","https://sonniss.com/sound-effects/books-magazines/","/3maze - Books & Magazines/put_magazine_on_table_002.wav","snote=magazine|zine|paper|table|library|read|reading|put|place|down|move|object|put_magazine_on_table_002wav|books|&|magazines|3maze"
"shut_small_book_002.wav","Books & Magazines","3maze","https://sonniss.com/sound-effects/books-magazines/","/3maze - Books & Magazines/shut_small_book_002.wav","snote=book|paper|read|reading|shut|close|slam|impact|shut_small_book_002wav|books|&|magazines|3maze"
"turn_page_thick_magazine_002.wav","Books & Magazines","3maze","https://sonniss.com/sound-effects/books-magazines/","/3maze - Books & Magazines/turn_page_thick_magazine_002.wav","snote=magazine|zine|page|pages|turn|paper|read|reading|turn_page_thick_magazine_002wav|books|&|magazines|3maze"
"crush_box_004.wav","Box Abuse","3maze","https://sonniss.com/sound-effects/box-abuse/","/3maze - Box Abuse/crush_box_004.wav","snote=box|crush|smash|destroy|cardboard|paper|flatten|break|impact|damage|crush_box_004wav|box|abuse|3maze"
"drop_multiple_boxes_003.wav","Box Abuse","3maze","https://sonniss.com/sound-effects/box-abuse/","/3maze - Box Abuse/drop_multiple_boxes_003.wav","snote=box|cardboard|paper|drop|hit|smash|impact|damage|fall|drop_multiple_boxes_003wav|box|abuse|3maze"
"rip_box_002.wav","Box Abuse","3maze","https://sonniss.com/sound-effects/box-abuse/","/3maze - Box Abuse/rip_box_002.wav","snote=box|cardboard|paper|rip|hands|tear|damage|rip_box_002wav|box|abuse|3maze"
"scratch_box_002.wav","Box Abuse","3maze","https://sonniss.com/sound-effects/box-abuse/","/3maze - Box Abuse/scratch_box_002.wav","snote=box|cardboard|paper|nails|scratch|hands|hand|damage|scratch_box_002wav|box|abuse|3maze"
"fm_swell_005.wav","Rise & Swell","3maze","https://sonniss.com/sound-effects/rise-swell/","/3maze - Rise & Swell/fm_swell_005.wav","snote=fm|designed|synth|sci|fi|sound|design|frequency|modulation|rise|swell|effect|transition|riser|fm_swell_005wav|rise|&|swell|3maze"
"swell_mixed_002.wav","Rise & Swell","3maze","https://sonniss.com/sound-effects/rise-swell/","/3maze - Rise & Swell/swell_mixed_002.wav","snote=swell|rise|designed|transition|dark|layered|mixed|swell_mixed_002wav|rise|&|swell|3maze"
"swell_water_010.wav","Rise & Swell","3maze","https://sonniss.com/sound-effects/rise-swell/","/3maze - Rise & Swell/swell_water_010.wav","snote=swell|rise|riser|water|liquid|wet|swell_water_010wav|rise|&|swell|3maze"
"wave_swell_001.wav","Rise & Swell","3maze","https://sonniss.com/sound-effects/rise-swell/","/3maze - Rise & Swell/wave_swell_001.wav","snote=swell|wave|rise|riser|sfx|designed|transition|wave_swell_001wav|rise|&|swell|3maze"
"chewing_nuts_002.wav","Snacks","3maze","https://sonniss.com/sound-effects/snacks/","/3maze - Snacks/chewing_nuts_002.wav","snote=nuts|food|salty|snack|eating|bite|eat|teeth|mouth|chew|chewing|chewing_nuts_002wav|snacks|3maze"
"open_healthy_crackers_packet_001.wav","Snacks","3maze","https://sonniss.com/sound-effects/snacks/","/3maze - Snacks/open_healthy_crackers_packet_001.wav","snote=healthy|cracker|healthy|snack|open|handling|handle|food|package|packaging|packet|hands|open_healthy_crackers_packet_001wav|snacks|3maze"
"replace_lid_pringles_tube_001.wav","Snacks","3maze","https://sonniss.com/sound-effects/snacks/","/3maze - Snacks/replace_lid_pringles_tube_001.wav","snote=pringle|potato|chip|tube|snack|close|lid|handling|handle|food|package|packaging|packet|hands|replace_lid_pringles_tube_001wav|snacks|3maze"
"take_many_popcorn_from_bag_001.wav","Snacks","3maze","https://sonniss.com/sound-effects/snacks/","/3maze - Snacks/take_many_popcorn_from_bag_001.wav","snote=popcorn|food|salty|snack|take|get|grab|remove|take_many_popcorn_from_bag_001wav|snacks|3maze"
"Aerosol Can,Shaving Cream,Squirt,Watery,Long,x3 - bubbly and thin.wav","Bathroom","Airborne Sound","https://sonniss.com/sound-effects/bathroom/","/Airborne Sound - Bathroom/Aerosol Can,Shaving Cream,Squirt,Watery,Long,x3 - bubbly and thin.wav","aerosol|can|shaving|cream|squirt|watery|long|x3|bubbly|and|thin|thinwav|bathroom|airborne|sound"
"Razor,Electric,On,Run,Shake,Gentle,Off.wav","Bathroom","Airborne Sound","https://sonniss.com/sound-effects/bathroom/","/Airborne Sound - Bathroom/Razor,Electric,On,Run,Shake,Gentle,Off.wav","razor|electric|on|run|shake|gentle|off|offwav|bathroom|airborne|sound"
"Toilet,Domestic,Flush,Seat Up,Fill.wav","Bathroom","Airborne Sound","https://sonniss.com/sound-effects/bathroom/","/Airborne Sound - Bathroom/Toilet,Domestic,Flush,Seat Up,Fill.wav","toilet|domestic|flush|seat|up|fill|fillwav|bathroom|airborne|sound"
"Water,Splashes,Bath Tub,Roomy,Dunk,Slow,Hard,x3.wav","Bathroom","Airborne Sound","https://sonniss.com/sound-effects/bathroom/","/Airborne Sound - Bathroom/Water,Splashes,Bath Tub,Roomy,Dunk,Slow,Hard,x3.wav","water|splashes|bath|tub|roomy|dunk|slow|hard|x3|x3wav|bathroom|airborne|sound"
"Beep,Buzz,Clean,Tight,Mid,x3.wav","Beeps and Buzzers","Airborne Sound","https://sonniss.com/sound-effects/beeps-buzzers/","/Airborne Sound - Beeps and Buzzers/Beep,Buzz,Clean,Tight,Mid,x3.wav","beep|buzz|clean|tight|mid|x3|x3wav|beeps|and|buzzers|airborne|sound"
"Beep,Clean,Pure,Simple,High,x4,Fast.wav","Beeps and Buzzers","Airborne Sound","https://sonniss.com/sound-effects/beeps-buzzers/","/Airborne Sound - Beeps and Buzzers/Beep,Clean,Pure,Simple,High,x4,Fast.wav","beep|clean|pure|simple|high|x4|fast|fastwav|beeps|and|buzzers|airborne|sound"
"Beep,Cyber,Buzz,Thin,Tight,Low.wav","Beeps and Buzzers","Airborne Sound","https://sonniss.com/sound-effects/beeps-buzzers/","/Airborne Sound - Beeps and Buzzers/Beep,Cyber,Buzz,Thin,Tight,Low.wav","beep|cyber|buzz|thin|tight|low|lowwav|beeps|and|buzzers|airborne|sound"
"Beeps,Buzz,Coarse,Tight,Muted,Very High,x4,Loop - faint background beeps.wav","Beeps and Buzzers","Airborne Sound","https://sonniss.com/sound-effects/beeps-buzzers/","/Airborne Sound - Beeps and Buzzers/Beeps,Buzz,Coarse,Tight,Muted,Very High,x4,Loop - faint background beeps.wav","beeps|buzz|coarse|tight|muted|very|high|x4|loop|faint|background|beeps|beepswav|beeps|and|buzzers|airborne|sound"
"Whoosh,Sound Design,Blast,Watery,Crash.wav","Eclectic Whooshes","Airborne Sound","https://sonniss.com/sound-effects/eclectic-whooshes/","/Airborne Sound - Eclectic Whooshes/Whoosh,Sound Design,Blast,Watery,Crash.wav","whoosh|sound|design|blast|watery|crash|crashwav|eclectic|whooshes|airborne|sound"
"Whoosh,Sound Design,Logo,Airy to Shiver,Uncertain,Low.wav","Eclectic Whooshes","Airborne Sound","https://sonniss.com/sound-effects/eclectic-whooshes/","/Airborne Sound - Eclectic Whooshes/Whoosh,Sound Design,Logo,Airy to Shiver,Uncertain,Low.wav","whoosh|sound|design|logo|airy|to|shiver|uncertain|low|lowwav|eclectic|whooshes|airborne|sound"
"Whoosh,Sound Design,Power Down,Groan,Choppy,Very High.wav","Eclectic Whooshes","Airborne Sound","https://sonniss.com/sound-effects/eclectic-whooshes/","/Airborne Sound - Eclectic Whooshes/Whoosh,Sound Design,Power Down,Groan,Choppy,Very High.wav","whoosh|sound|design|power|down|groan|choppy|very|high|highwav|eclectic|whooshes|airborne|sound"
"Whoosh,Sound Design,Whip By,Airy to Whine,High.wav","Eclectic Whooshes","Airborne Sound","https://sonniss.com/sound-effects/eclectic-whooshes/","/Airborne Sound - Eclectic Whooshes/Whoosh,Sound Design,Whip By,Airy to Whine,High.wav","whoosh|sound|design|whip|by|airy|to|whine|high|highwav|eclectic|whooshes|airborne|sound"
"Crowd,Bar  Pub,Male,Boo,Aww,Friendly Disappointment.wav","Half & Half Sound FX Pack 1","Airborne Sound","https://sonniss.com/sound-effects/sound-fx-pack-1/","/Airborne Sound - Half & Half Sound FX Pack 1/Crowd,Bar  Pub,Male,Boo,Aww,Friendly Disappointment.wav","crowd|bar|/|pub|male|boo|aww|friendly|disappointment|disappointmentwav|half|&|half|sound|fx|pack|1|airborne|sound"
"Paper,Tear,Check out of Checkbook.wav","Half & Half Sound FX Pack 1","Airborne Sound","https://sonniss.com/sound-effects/sound-fx-pack-1/","/Airborne Sound - Half & Half Sound FX Pack 1/Paper,Tear,Check out of Checkbook.wav","paper|tear|cheque|out|of|chequebook|check|checkbookwav|half|&|half|sound|fx|pack|1|airborne|sound"
"Room Tone,Hospital,Dermatology,Reception,Activity,Light,Set Up - some footsteps.wav","Half & Half Sound FX Pack 1","Airborne Sound","https://sonniss.com/sound-effects/sound-fx-pack-1/","/Airborne Sound - Half & Half Sound FX Pack 1/Room Tone,Hospital,Dermatology,Reception,Activity,Light,Set Up - some footsteps.wav","room|tone|hospital|dermatology|reception|activity|light|set|up|some|footsteps|footstepswav|half|&|half|sound|fx|pack|1|airborne|sound"
"Traffic,Intersection,Streetcar Tracks,Wide POV,Hill,Mid Day,Medium,Trucks,Toil,D50.wav","Half & Half Sound FX Pack 1","Airborne Sound","https://sonniss.com/sound-effects/sound-fx-pack-1/","/Airborne Sound - Half & Half Sound FX Pack 1/Traffic,Intersection,Streetcar Tracks,Wide POV,Hill,Mid Day,Medium,Trucks,Toil,D50.wav","traffic|intersection|streetcar|tracks|wide|pov|hill|mid|day|medium|trucks|toil|d50|d50wav|half|&|half|sound|fx|pack|1|airborne|sound"
"Crowd,Community Centre,Hall,Distant,Airy,Light,Activity - some light activity.wav","Half & Half Sound FX Pack 2","Airborne Sound","https://sonniss.com/sound-effects/sound-fx-pack-2/","/Airborne Sound - Half & Half Sound FX Pack 2/Crowd,Community Centre,Hall,Distant,Airy,Light,Activity - some light activity.wav","crowd|community|centre|hall|distant|airy|light|activity|some|light|activity|activitywav|half|&|half|sound|fx|pack|2|airborne|sound"
"Crowd,Military,Army,Squad,Medium Distant,Light,Milling,Work,Voices,Activity,Drill Sergeant,Shout - distant truck starting, departing midway.wav","Half & Half Sound FX Pack 2","Airborne Sound","https://sonniss.com/sound-effects/sound-fx-pack-2/","/Airborne Sound - Half & Half Sound FX Pack 2/Crowd,Military,Army,Squad,Medium Distant,Light,Milling,Work,Voices,Activity,Drill Sergeant,Shout - distant truck starting, departing midway.wav","crowd|military|army|squad|medium|distant|light|milling|work|voices|activity|drill|sergeant|shout|distant|truck|starting|departing|midway|midwaywav|half|&|half|sound|fx|pack|2|airborne|sound"
"Snow Blower,Mastercraft,10.5 hp,30 inch cut,Idle,Low to High,Off.wav","Half & Half Sound FX Pack 2","Airborne Sound","https://sonniss.com/sound-effects/sound-fx-pack-2/","/Airborne Sound - Half & Half Sound FX Pack 2/Snow Blower,Mastercraft,10.5 hp,30 inch cut,Idle,Low to High,Off.wav","snow|blower|mastercraft|10|5|hp|30|inch|cut|idle|low|to|high|off|105|offwav|half|&|half|sound|fx|pack|2|airborne|sound"
"Work,Hammer,Wall,Concrete Block,Sledgehammers,Pair,Hit,Debris,Patient - very faint background construction.wav","Half & Half Sound FX Pack 2","Airborne Sound","https://sonniss.com/sound-effects/sound-fx-pack-2/","/Airborne Sound - Half & Half Sound FX Pack 2/Work,Hammer,Wall,Concrete Block,Sledgehammers,Pair,Hit,Debris,Patient - very faint background construction.wav","work|hammer|wall|concrete|block|sledgehammers|pair|hit|debris|patient|very|faint|background|construction|constructionwav|half|&|half|sound|fx|pack|2|airborne|sound"
"Chair,Fiberglas,Metal Legs,Slide,Tile,Series.wav","Household","Airborne Sound","https://sonniss.com/sound-effects/household/","/Airborne Sound - Household/Chair,Fiberglas,Metal Legs,Slide,Tile,Series.wav","chair|fiberglas|metal|legs|slide|tile|series|serieswav|household|airborne|sound"
"Door,Wood,Bathroom,Exterior POV,Hit,Pound,x5,Impatient.wav","Household","Airborne Sound","https://sonniss.com/sound-effects/household/","/Airborne Sound - Household/Door,Wood,Bathroom,Exterior POV,Hit,Pound,x5,Impatient.wav","door|wood|bathroom|exterior|pov|hit|pound|x5|impatient|impatientwav|household|airborne|sound"
"Washing Machine,Inglis,Citation,Wash,Lulling.wav","Household","Airborne Sound","https://sonniss.com/sound-effects/household/","/Airborne Sound - Household/Washing Machine,Inglis,Citation,Wash,Lulling.wav","washer|inglis|citation|wash|lulling|bg|furnace|washing|machine|lullingwav|household|airborne|sound"
"Zipper,Bag,Waxwear,Fine,Close,Warble.wav","Household","Airborne Sound","https://sonniss.com/sound-effects/household/","/Airborne Sound - Household/Zipper,Bag,Waxwear,Fine,Close,Warble.wav","zipper|bag|waxwear|fine|close|warble|warblewav|household|airborne|sound"
"Baby,4 Months Old,Cry,Frustrated,Forlorn.wav","Human","Airborne Sound","https://sonniss.com/sound-effects/human-3/","/Airborne Sound - Human/Baby,4 Months Old,Cry,Frustrated,Forlorn.wav","baby|4|months|old|cry|frustrated|forlorn|forlornwav|human|airborne|sound"
"Heartbeat,Sound Design,Pulse,Throb,Steady,Accelerate,Panic,Fear.wav","Human","Airborne Sound","https://sonniss.com/sound-effects/human-3/","/Airborne Sound - Human/Heartbeat,Sound Design,Pulse,Throb,Steady,Accelerate,Panic,Fear.wav","heartbeat|sound|design|pulse|throb|steady|accelerate|panic|fear|fearwav|human|airborne|sound"
"Laugh,Female,Late Twenties,Mwa ha ha,Evil,Strong,Forced.wav","Human","Airborne Sound","https://sonniss.com/sound-effects/human-3/","/Airborne Sound - Human/Laugh,Female,Late Twenties,Mwa ha ha,Evil,Strong,Forced.wav","laugh|female|late|twenties|mwa|ha|evil|strong|forced|forcedwav|human|airborne|sound"
"Scream,Male,Mid Thirties,Mouth Covered,Gasps,Fast,Shriek,Panic.wav","Human","Airborne Sound","https://sonniss.com/sound-effects/human-3/","/Airborne Sound - Human/Scream,Male,Mid Thirties,Mouth Covered,Gasps,Fast,Shriek,Panic.wav","scream|male|late|thirties|mouth|covered|gasps|fast|shriek|panic|mid|panicwav|human|airborne|sound"
"Accent,Interface,UI,Alert,Clean,Metallic,Double,Fast.wav","Interface Accents","Airborne Sound","https://sonniss.com/sound-effects/interface-accents/","/Airborne Sound - Interface Accents/Accent,Interface,UI,Alert,Clean,Metallic,Double,Fast.wav","accent|interface|ui|alert|clean|metallic|double|fast|fastwav|interface|accents|airborne|sound"
"Accent,Interface,UI,Alert,Resonant,Waver.wav","Interface Accents","Airborne Sound","https://sonniss.com/sound-effects/interface-accents/","/Airborne Sound - Interface Accents/Accent,Interface,UI,Alert,Resonant,Waver.wav","accent|interface|ui|alert|resonant|waver|waverwav|interface|accents|airborne|sound"
"Accent,Interface,UI,Data,Chatter,Clean,Crystal,Low.wav","Interface Accents","Airborne Sound","https://sonniss.com/sound-effects/interface-accents/","/Airborne Sound - Interface Accents/Accent,Interface,UI,Data,Chatter,Clean,Crystal,Low.wav","accent|interface|ui|data|chatter|clean|crystal|low|lowwav|interface|accents|airborne|sound"
"Accent,Interface,UI,Data,Chatter,Warble,Resonant,Clean,Pumping,Medium Slow.wav","Interface Accents","Airborne Sound","https://sonniss.com/sound-effects/interface-accents/","/Airborne Sound - Interface Accents/Accent,Interface,UI,Data,Chatter,Warble,Resonant,Clean,Pumping,Medium Slow.wav","accent|interface|ui|data|chatter|warble|resonant|clean|pumping|medium|slow|slowwav|interface|accents|airborne|sound"
"Bottle,Beer,Empty,Remove,Case,Sloppy.wav","Kitchen","Airborne Sound","https://sonniss.com/sound-effects/kitchen/","/Airborne Sound - Kitchen/Bottle,Beer,Empty,Remove,Case,Sloppy.wav","bottle|beer|empty|remove|case|sloppy|sloppywav|kitchen|airborne|sound"
"Coffee Grinder,Prosumer,Baratza,Maestro Plus,On,Run,Medium Grind,Off.wav","Kitchen","Airborne Sound","https://sonniss.com/sound-effects/kitchen/","/Airborne Sound - Kitchen/Coffee Grinder,Prosumer,Baratza,Maestro Plus,On,Run,Medium Grind,Off.wav","coffee|grinder|prosumer|baratza|maestro|plus|on|run|medium|grind|off|offwav|kitchen|airborne|sound"
"Ice Cubes,Glass,Tumbler,Water,Swirl,Rattle.wav","Kitchen","Airborne Sound","https://sonniss.com/sound-effects/kitchen/","/Airborne Sound - Kitchen/Ice Cubes,Glass,Tumbler,Water,Swirl,Rattle.wav","ice|cubes|glass|tumbler|water|swirl|rattle|rattlewav|kitchen|airborne|sound"
"Microwave,Panasonic,The Genius,Keypad,Press,Beeps,Various.wav","Kitchen","Airborne Sound","https://sonniss.com/sound-effects/kitchen/","/Airborne Sound - Kitchen/Microwave,Panasonic,The Genius,Keypad,Press,Beeps,Various.wav","microwave|panasonic|the|genius|keypad|press|beeps|various|variouswav|kitchen|airborne|sound"
"Briefcase,Latch,Open,Release,Close,Squeaky,Series.wav","Office","Airborne Sound","https://sonniss.com/sound-effects/office/","/Airborne Sound - Office/Briefcase,Latch,Open,Release,Close,Squeaky,Series.wav","briefcase|latch|open|release|close|squeaky|series|serieswav|office|airborne|sound"
"CD,Case,Remove,Replace,x2.wav","Office","Airborne Sound","https://sonniss.com/sound-effects/office/","/Airborne Sound - Office/CD,Case,Remove,Replace,x2.wav","cd|case|remove|replace|x2|x2wav|office|airborne|sound"
"Hard Drive Dock,Drive,Insert Drive,Spin Up,Eject.wav","Office","Airborne Sound","https://sonniss.com/sound-effects/office/","/Airborne Sound - Office/Hard Drive Dock,Drive,Insert Drive,Spin Up,Eject.wav","hard|drive|dock|insert|spin|up|eject|ejectwav|office|airborne|sound"
"Scanner,Flatbed,Epson,Perfection,V30,Narrow POV,Preview,2,D50.wav","Office","Airborne Sound","https://sonniss.com/sound-effects/office/","/Airborne Sound - Office/Scanner,Flatbed,Epson,Perfection,V30,Narrow POV,Preview,2,D50.wav","scanner|flatbed|epson|perfection|v30|narrow|pov|preview|2|d50|d50wav|office|airborne|sound"
"Breaths,Male,Exhale,Ghost,Evil,Hostile,Snarl,1.wav","Variety 1 Sound Effects","Airborne Sound","https://sonniss.com/sound-effects/variety-1-sound-effects/","/Airborne Sound - Variety 1 Sound Effects/Breaths,Male,Exhale,Ghost,Evil,Hostile,Snarl,1.wav","breaths|male|exhale|ghost|evil|hostile|snarl|1|1wav|variety|1|sound|effects|airborne|sound"
"Jet,Fighter,F-22,Raptor,By,Slow,Crackle.wav","Variety 1 Sound Effects","Airborne Sound","https://sonniss.com/sound-effects/variety-1-sound-effects/","/Airborne Sound - Variety 1 Sound Effects/Jet,Fighter,F-22,Raptor,By,Slow,Crackle.wav","jet|fighter|f22|raptor|by|slow|crackle|cracklewav|variety|1|sound|effects|airborne|sound"
"Steam Blast,Tube or Pipe,Distant.wav","Variety 1 Sound Effects","Airborne Sound","https://sonniss.com/sound-effects/variety-1-sound-effects/","/Airborne Sound - Variety 1 Sound Effects/Steam Blast,Tube or Pipe,Distant.wav","steam|blast|tube|or|pipe|distant|distantwav|variety|1|sound|effects|airborne|sound"
"Subway,Toronto,By,Stop,Squeal.wav","Variety 1 Sound Effects","Airborne Sound","https://sonniss.com/sound-effects/variety-1-sound-effects/","/Airborne Sound - Variety 1 Sound Effects/Subway,Toronto,By,Stop,Squeal.wav","subway|toronto|by|stop|squeal|squealwav|variety|1|sound|effects|airborne|sound"
"Cork,Pop,Strong,Classic.wav","Variety 2 Sound Effects","Airborne Sound","https://sonniss.com/sound-effects/variety-2-sound-effects/","/Airborne Sound - Variety 2 Sound Effects/Cork,Pop,Strong,Classic.wav","cork|pop|strong|classic|classicwav|variety|2|sound|effects|airborne|sound"
"Crowd,Chinatown,Supermarket,Checkout,Voices,Mandarin,Lively - some shopping cart moves.wav","Variety 2 Sound Effects","Airborne Sound","https://sonniss.com/sound-effects/variety-2-sound-effects/","/Airborne Sound - Variety 2 Sound Effects/Crowd,Chinatown,Supermarket,Checkout,Voices,Mandarin,Lively - some shopping cart moves.wav","crowd|chinatown|supermarket|checkout|voices|mandarin|lively|some|shopping|cart|moves|moveswav|variety|2|sound|effects|airborne|sound"
"Record Player,Needle,Vinyl,Scratch,Abrupt,Hasty.wav","Variety 2 Sound Effects","Airborne Sound","https://sonniss.com/sound-effects/variety-2-sound-effects/","/Airborne Sound - Variety 2 Sound Effects/Record Player,Needle,Vinyl,Scratch,Abrupt,Hasty.wav","record|player|needle|vinyl|scratch|abrupt|hasty|hastywav|variety|2|sound|effects|airborne|sound"
"Steam,Kettle,Whistle,Surge,Strong,Steady,Lift Off Burner,Diminish,D50 - setting down on burner at head.wav","Variety 2 Sound Effects","Airborne Sound","https://sonniss.com/sound-effects/variety-2-sound-effects/","/Airborne Sound - Variety 2 Sound Effects/Steam,Kettle,Whistle,Surge,Strong,Steady,Lift Off Burner,Diminish,D50 - setting down on burner at head.wav","steam|kettle|whistle|surge|strong|steady|lift|off|burner|diminish|d50|setting|down|on|burner|at|head|headwav|variety|2|sound|effects|airborne|sound"
"Drone,Cyber,Deep,Pulse,Disturbing,Invasive,Loop.wav","Light and Dark Drones:","Airborne Sound","https://sonniss.com/sound-effects/light-dark-drones/","/Airborne Sound – Light and Dark Drones/Drone,Cyber,Deep,Pulse,Disturbing,Invasive,Loop.wav","drone|cyber|deep|pulse|disturbing|invasive|loop|loopwav|light|and|dark|drones:|airborne|sound"
"Drone,Musical,Airy,Breathy,Crackles with Chords,Flow,Solemn,Loop - occasional spacious with distant thunder-like panning crackles.wav","Light and Dark Drones:","Airborne Sound","https://sonniss.com/sound-effects/light-dark-drones/","/Airborne Sound – Light and Dark Drones/Drone,Musical,Airy,Breathy,Crackles with Chords,Flow,Solemn,Loop - occasional spacious with distant thunder-like panning crackles.wav","drone|musical|airy|breathy|crackles|with|chords|flow|solemn|loop|occasional|spacious|distant|thunderlike|panning|crackles|crackleswav|light|and|dark|drones:|airborne|sound"
"Drone,Musical,Resonant,Swells,Slow,Forceful,Longing with Flutter,Swells,Resonant,Sporadic,Rattle,Loop.wav","Light and Dark Drones:","Airborne Sound","https://sonniss.com/sound-effects/light-dark-drones/","/Airborne Sound – Light and Dark Drones/Drone,Musical,Resonant,Swells,Slow,Forceful,Longing with Flutter,Swells,Resonant,Sporadic,Rattle,Loop.wav","drone|musical|resonant|swells|slow|forceful|longing|with|flutter|sporadic|rattle|loop|loopwav|light|and|dark|drones:|airborne|sound"
"Drone,Resonant,Bed,Solemn,Mystical with Ring,Accents,Prominent,Squeaky or Gong,Loop.wav","Light and Dark Drones:","Airborne Sound","https://sonniss.com/sound-effects/light-dark-drones/","/Airborne Sound – Light and Dark Drones/Drone,Resonant,Bed,Solemn,Mystical with Ring,Accents,Prominent,Squeaky or Gong,Loop.wav","drone|resonant|bed|solemn|mystical|with|ring|accents|prominent|squeaky|or|gong|loop|loopwav|light|and|dark|drones:|airborne|sound"
"NoInputFeedback_007_loop_deep_low_steady_slightly_fuzzy.wav","No Input Feedbacks:","Alessio Mellina","https://sonniss.com/sound-effects/input-feedbacks/","/Alessio Mellina – No Input Feedbacks/NoInputFeedback_007_loop_deep_low_steady_slightly_fuzzy.wav","loop|deep|low|steady|slightly|fuzzy|no|input|feedback|drone|noinputfeedback_007_loop_deep_low_steady_slightly_fuzzywav|no|input|feedbacks:|alessio|mellina"
"NoInputFeedback_024_loop_thin_ringing_high_irregular_distorted_metallic.wav","No Input Feedbacks:","Alessio Mellina","https://sonniss.com/sound-effects/input-feedbacks/","/Alessio Mellina – No Input Feedbacks/NoInputFeedback_024_loop_thin_ringing_high_irregular_distorted_metallic.wav","loop|thin|ringing|high|irregular|distorted|metallic|no|input|feedback|drone|noinputfeedback_024_loop_thin_ringing_high_irregular_distorted_metallicwav|no|input|feedbacks:|alessio|mellina"
"NoInputFeedback_042_loop_low_deep_pulsating_clean_tonal.wav","No Input Feedbacks:","Alessio Mellina","https://sonniss.com/sound-effects/input-feedbacks/","/Alessio Mellina – No Input Feedbacks/NoInputFeedback_042_loop_low_deep_pulsating_clean_tonal.wav","loop|low|deep|pulsating|clean|tonal|no|input|feedback|drone|noinputfeedback_042_loop_low_deep_pulsating_clean_tonalwav|no|input|feedbacks:|alessio|mellina"
"NoInputFeedback_046_loop_medium_low_soft_slightly_fuzzy_steady_slightly_pulsating.wav","No Input Feedbacks:","Alessio Mellina","https://sonniss.com/sound-effects/input-feedbacks/","/Alessio Mellina – No Input Feedbacks/NoInputFeedback_046_loop_medium_low_soft_slightly_fuzzy_steady_slightly_pulsating.wav","loop|medium|low|soft|slightly|fuzzy|steady|pulsating|no|input|feedback|drone|noinputfeedback_046_loop_medium_low_soft_slightly_fuzzy_steady_slightly_pulsatingwav|no|input|feedbacks:|alessio|mellina"
"Ice Footsteps Hard Packed.wav","Snow Steps","Alexander Fokshtein","https://sonniss.com/sound-effects/snow-steps/","/Alexander Fokshtein - Snow Steps/Ice Footsteps Hard Packed.wav","footsteps|ice|hard|debris|ice|hard|packedwav|snow|steps|alexander|fokshtein"
"Snow Footstep Light Slow.wav","Snow Steps","Alexander Fokshtein","https://sonniss.com/sound-effects/snow-steps/","/Alexander Fokshtein - Snow Steps/Snow Footstep Light Slow.wav","footsteps|snow|light|slow|snow|footstep|light|slowwav|snow|steps|alexander|fokshtein"
"Snow Impact Stomp Hard.wav","Snow Steps","Alexander Fokshtein","https://sonniss.com/sound-effects/snow-steps/","/Alexander Fokshtein - Snow Steps/Snow Impact Stomp Hard.wav","snow|impact|stomp|medium|impact|stomp|hardwav|snow|steps|alexander|fokshtein"
"Snow Slide Medium .wav","Snow Steps","Alexander Fokshtein","https://sonniss.com/sound-effects/snow-steps/","/Alexander Fokshtein - Snow Steps/Snow Slide Medium .wav","snow|movement|slide|medium|slide|medium|wav|snow|steps|alexander|fokshtein"
"02 anxiety descending - tonal immersive drone - stereo.wav","3D Moving Drones","Alexander Kopeikin","https://sonniss.com/sound-effects/alexander-kopeikin-3d-moving-drones/","/Alexander Kopeikin - 3D Moving Drones/02 anxiety descending - tonal immersive drone - stereo.wav","anxiety|descending|tonal|immersive|drone|stereo|02|stereowav|3d|moving|drones|alexander|kopeikin"
"05 black soul growl energy entity drone - quad LR.wav","3D Moving Drones","Alexander Kopeikin","https://sonniss.com/sound-effects/alexander-kopeikin-3d-moving-drones/","/Alexander Kopeikin - 3D Moving Drones/05 black soul growl energy entity drone - quad LR.wav","black|soul|growl|energy|entity|drone|quad|lr|05|lrwav|3d|moving|drones|alexander|kopeikin"
"05 black soul growl energy entity drone - quad LsRs.wav","3D Moving Drones","Alexander Kopeikin","https://sonniss.com/sound-effects/alexander-kopeikin-3d-moving-drones/","/Alexander Kopeikin - 3D Moving Drones/05 black soul growl energy entity drone - quad LsRs.wav","black|soul|growl|energy|entity|drone|quad|lsrs|05|lsrswav|3d|moving|drones|alexander|kopeikin"
"28 death scene pov, exiting body - stereo.wav","3D Moving Drones","Alexander Kopeikin","https://sonniss.com/sound-effects/alexander-kopeikin-3d-moving-drones/","/Alexander Kopeikin - 3D Moving Drones/28 death scene pov, exiting body - stereo.wav","death|scene|pov|exiting|body|stereo|28|stereowav|3d|moving|drones|alexander|kopeikin"
"piano 1805 gesture strings impact heavy metal bar 02 mk-50.wav","Prepared Piano","Alexander Kopeikin","https://sonniss.com/sound-effects/prepared-piano/","/Alexander Kopeikin - Prepared Piano/piano 1805 gesture strings impact heavy metal bar 02 mk-50.wav","piano|1805|gesture|strings|impact|heavy|metal|bar|nevaton|mk50|mics|02|mk50wav|prepared|piano|alexander|kopeikin"
"piano 1805 gesture strings resonant scrape 01 mk-50.wav","Prepared Piano","Alexander Kopeikin","https://sonniss.com/sound-effects/prepared-piano/","/Alexander Kopeikin - Prepared Piano/piano 1805 gesture strings resonant scrape 01 mk-50.wav","piano|1805|gesture|strings|resonant|scrape|nevaton|mk50|mics|01|mk50wav|prepared|piano|alexander|kopeikin"
"piano string low calm pedal impact 01.wav","Prepared Piano","Alexander Kopeikin","https://sonniss.com/sound-effects/prepared-piano/","/Alexander Kopeikin - Prepared Piano/piano string low calm pedal impact 01.wav","piano|soviet|accent|strings|low|calm|sustain|pedal|release|impact|nevaton|mk50|mics|string|01wav|prepared|piano|alexander|kopeikin"
"piano string pick resonant muted 02.wav","Prepared Piano","Alexander Kopeikin","https://sonniss.com/sound-effects/prepared-piano/","/Alexander Kopeikin - Prepared Piano/piano string pick resonant muted 02.wav","piano|soviet|accent|string|pick|resonant|muted|nevaton|mk50|mics|02wav|prepared|piano|alexander|kopeikin"
"09 vineyard evening ambience, hill, very quiet, birds, crickets, take 2, ortf offset 5 m, front - ORTF.wav","Quad ambience of Crimea in summer","Alexander Kopeikin","https://sonniss.com/sound-effects/quad-ambience-crimea-summer/","/Alexander Kopeikin - Quad ambience of Crimea in summer/09 vineyard evening ambience, hill, very quiet, birds, crickets, take 2, ortf offset 5 m, front - ORTF.wav","vineyard|evening|ambience|hill|very|quiet|birds|crickets|take|2|ortf|offset|5|m|front|ortf|09|ortfwav|quad|ambience|of|crimea|in|summer|alexander|kopeikin"
"20 meadow night ambience, crickets, ortf offset by 3 m, front - ORTF.wav","Quad ambience of Crimea in summer","Alexander Kopeikin","https://sonniss.com/sound-effects/quad-ambience-crimea-summer/","/Alexander Kopeikin - Quad ambience of Crimea in summer/20 meadow night ambience, crickets, ortf offset by 3 m, front - ORTF.wav","meadow|night|ambience|crickets|ortf|offset|by|3|m|front|ortf|20|ortfwav|quad|ambience|of|crimea|in|summer|alexander|kopeikin"
"28 lake, high wind in tree tops, birds, daytime - QUAD XY LR.wav","Quad ambience of Crimea in summer","Alexander Kopeikin","https://sonniss.com/sound-effects/quad-ambience-crimea-summer/","/Alexander Kopeikin - Quad ambience of Crimea in summer/28 lake, high wind in tree tops, birds, daytime - QUAD XY LR.wav","lake|high|wind|in|tree|tops|birds|daytime|quad|spaced|pair|lr|28|xy|lrwav|quad|ambience|of|crimea|in|summer|alexander|kopeikin"
"28 lake, high wind in tree tops, birds, daytime - QUAD XY LsRs.wav","Quad ambience of Crimea in summer","Alexander Kopeikin","https://sonniss.com/sound-effects/quad-ambience-crimea-summer/","/Alexander Kopeikin - Quad ambience of Crimea in summer/28 lake, high wind in tree tops, birds, daytime - QUAD XY LsRs.wav","lake|high|wind|in|tree|tops|birds|daytime|quad|spaced|pair|lsrs|28|xy|lsrswav|quad|ambience|of|crimea|in|summer|alexander|kopeikin"
"dry ice -  coins bouncing on a block of dry ice 003.wav","The Dry Ice Library","Alexander Kopeikin","https://sonniss.com/sound-effects/dry-ice-library/","/Alexander Kopeikin - The Dry Ice Library/dry ice -  coins bouncing on a block of dry ice 003.wav","dry|ice|ringing|coins|bouncing|on|a|block|of|003wav|the|dry|ice|library|alexander|kopeikin"
"dry ice shriek - block of dry ice on thin metal plate 002.wav","The Dry Ice Library","Alexander Kopeikin","https://sonniss.com/sound-effects/dry-ice-library/","/Alexander Kopeikin - The Dry Ice Library/dry ice shriek - block of dry ice on thin metal plate 002.wav","dry|ice|shriek|block|of|on|thin|metal|plate|002wav|the|dry|ice|library|alexander|kopeikin"
"dry ice shriek - very hot knife pressed against block of dry ice 003.wav","The Dry Ice Library","Alexander Kopeikin","https://sonniss.com/sound-effects/dry-ice-library/","/Alexander Kopeikin - The Dry Ice Library/dry ice shriek - very hot knife pressed against block of dry ice 003.wav","dry|ice|shriek|very|hot|knife|pressed|against|block|of|003wav|the|dry|ice|library|alexander|kopeikin"
"dry ice sizzle - serrated hot knife blade pressed against block of dry ice 006.wav","The Dry Ice Library","Alexander Kopeikin","https://sonniss.com/sound-effects/dry-ice-library/","/Alexander Kopeikin - The Dry Ice Library/dry ice sizzle - serrated hot knife blade pressed against block of dry ice 006.wav","dry|ice|sizzle|serrated|hot|knife|blade|pressed|against|block|of|006wav|the|dry|ice|library|alexander|kopeikin"
"AMB_BackyardActiveSuburbs_AMS_CA01_004.wav","Cinematic Ambiences 01  - Suburban Sonoma","allmedia sound","https://sonniss.com/sound-effects/cinematic-ambiences-01-suburban-sonoma/","/allmedia sound - Cinematic Ambiences 01 - Suburban Sonoma/AMB_BackyardActiveSuburbs_AMS_CA01_004.wav","backyard|afternoon|ambience|with|audible|outdoor|labor|activity|birds|and|some|vehicle|wash|amb_backyardactivesuburbs_ams_ca01_004wav|cinematic|ambiences|01||-|suburban|sonoma|allmedia|sound"
"AMB_ErieValleyHowl_AMS_CA01_020.wav","Cinematic Ambiences 01  - Suburban Sonoma","allmedia sound","https://sonniss.com/sound-effects/cinematic-ambiences-01-suburban-sonoma/","/allmedia sound - Cinematic Ambiences 01 - Suburban Sonoma/AMB_ErieValleyHowl_AMS_CA01_020.wav","2am|erie|distant|howl|ramps|up|and|down|light|to|medium|crickets|with|occasional|dog|barking|amb_erievalleyhowl_ams_ca01_020wav|cinematic|ambiences|01||-|suburban|sonoma|allmedia|sound"
"AMB_NightParkHighwayWash_AMS_CA01_034.wav","Cinematic Ambiences 01  - Suburban Sonoma","allmedia sound","https://sonniss.com/sound-effects/cinematic-ambiences-01-suburban-sonoma/","/allmedia sound - Cinematic Ambiences 01 - Suburban Sonoma/AMB_NightParkHighwayWash_AMS_CA01_034.wav","evening|park|ambience|faint|occasional|birds|dogs|highway|wash|and|general|distant|suburban|activity|amb_nightparkhighwaywash_ams_ca01_034wav|cinematic|ambiences|01||-|suburban|sonoma|allmedia|sound"
"AMB_ValleySirensCoyotes_AMS_CA01_054.wav","Cinematic Ambiences 01  - Suburban Sonoma","allmedia sound","https://sonniss.com/sound-effects/cinematic-ambiences-01-suburban-sonoma/","/allmedia sound - Cinematic Ambiences 01 - Suburban Sonoma/AMB_ValleySirensCoyotes_AMS_CA01_054.wav","fall|late|evening|very|long|far|off|sirens|approach|and|get|louder|causing|coyetes|&|neighborhood|dogs|to|yip|bark|howl|with|subltle|highway|wash|by|quickly|fading|away|leaving|coyotes|barking|howling|in|distance|amb_valleysirenscoyotes_ams_ca01_054wav|cinematic|ambiences|01||-|suburban|sonoma|allmedia|sound"
"Crushes_Leek_3.wav","VEGECIDE!","Ancora Audio","https://sonniss.com/sound-effects/vegecide/","/Ancora Audio - VEGECIDE!/Crushes_Leek_3.wav","crushes_leek_3wav|vegecide!|ancora|audio"
"Saws_Pineapple_1.wav","VEGECIDE!","Ancora Audio","https://sonniss.com/sound-effects/vegecide/","/Ancora Audio - VEGECIDE!/Saws_Pineapple_1.wav","saws_pineapple_1wav|vegecide!|ancora|audio"
"Squishes_Orange_3.wav","VEGECIDE!","Ancora Audio","https://sonniss.com/sound-effects/vegecide/","/Ancora Audio - VEGECIDE!/Squishes_Orange_3.wav","squishes_orange_3wav|vegecide!|ancora|audio"
"Tears_Pineapple_2.wav","VEGECIDE!","Ancora Audio","https://sonniss.com/sound-effects/vegecide/","/Ancora Audio - VEGECIDE!/Tears_Pineapple_2.wav","tears_pineapple_2wav|vegecide!|ancora|audio"
"Large open space cafe with chatter from customers and sounds from kitchen pt 1.wav","Public Places In Everyday Life","Andrew McKee","https://sonniss.com/sound-effects/public-places-everyday-life/","/Andrew McKee - Public Places In Everyday Life/Large open space cafe with chatter from customers and sounds from kitchen pt 1.wav","recorded|by	andrew|mckeerecorded|on	tascam|dr40|linear|pcm|recordermike	internal|stereo|ablarge|open|space|cafe|with|chatter|from|customers|and|sounds|kitchen|2|channel|pt|1|large|1wav|public|places|in|everyday|life|andrew|mckee"
"Outside busy supermarket - cars_trolleys_footsteps_chatter pt 1.wav","Public Places In Everyday Life","Andrew McKee","https://sonniss.com/sound-effects/public-places-everyday-life/","/Andrew McKee - Public Places In Everyday Life/Outside busy supermarket - cars_trolleys_footsteps_chatter pt 1.wav","recorded|by	andrew|mckeerecorded|on	tascam|dr40|linear|pcm|recordermike	internal|stereo|aboutside|busy|supermarket|adjacent|to|car|park|2|channels|(cars/trolleys/chatter/footsteps)|pt|1|outside|cars_trolleys_footsteps_chatter|1wav|public|places|in|everyday|life|andrew|mckee"
"Rock_Impact_Slide_Various_Garbage_MONO_09.wav","Rocks and Stones","Antisample","https://sonniss.com/sound-effects/rocks-stones/","/Antisample - Rocks and Stones/Rock_Impact_Slide_Various_Garbage_MONO_09.wav","stone|rock|impact|hit|roll|slide|garbage|mono|rock_impact_slide_various_garbage_mono_09wav|rocks|and|stones|antisample"
"Rock_Impact_Slide_Wood_Cave_MONO_04.wav","Rocks and Stones","Antisample","https://sonniss.com/sound-effects/rocks-stones/","/Antisample - Rocks and Stones/Rock_Impact_Slide_Wood_Cave_MONO_04.wav","stone|rock|debris|impact|hit|cave|slide|roll|wood|rock_impact_slide_wood_cave_mono_04wav|rocks|and|stones|antisample"
"Rock_Impact_Snowy_Ground_Roll_Foliage_Debris_MONO_72.wav","Rocks and Stones","Antisample","https://sonniss.com/sound-effects/rocks-stones/","/Antisample - Rocks and Stones/Rock_Impact_Snowy_Ground_Roll_Foliage_Debris_MONO_72.wav","stone|rock|impact|hit|roll|slide|foliage|ground|wet|frozen|rock_impact_snowy_ground_roll_foliage_debris_mono_72wav|rocks|and|stones|antisample"
"Wood_Impact_Wood_Sawdust_5.wav","Rocks and Stones","Antisample","https://sonniss.com/sound-effects/rocks-stones/","/Antisample - Rocks and Stones/Wood_Impact_Wood_Sawdust_5.wav","stone|rock|wood|impact|debris|wood_impact_wood_sawdust_5wav|rocks|and|stones|antisample"
"GORE Crack bones crush and break with tension.wav","Bones & Blood  - Gore Elements","Articulated Sounds","https://sonniss.com/sound-effects/bones-blood-gore-elements/","/Articulated Sounds - Bones & Blood - Gore Elements/GORE Crack bones crush and break with tension.wav","bones|crack|break|crush|tension|gore|crack|and|with|tensionwav|bones|&|blood||-|gore|elements|articulated|sounds"
"GORE Impact stab dagger in bodyparts flesh.wav","Bones & Blood  - Gore Elements","Articulated Sounds","https://sonniss.com/sound-effects/bones-blood-gore-elements/","/Articulated Sounds - Bones & Blood - Gore Elements/GORE Impact stab dagger in bodyparts flesh.wav","crusty|flesh|stab|dagger|gore|impact|in|bodyparts|fleshwav|bones|&|blood||-|gore|elements|articulated|sounds"
"GORE Squeeze flesh with squealing air pressure.wav","Bones & Blood  - Gore Elements","Articulated Sounds","https://sonniss.com/sound-effects/bones-blood-gore-elements/","/Articulated Sounds - Bones & Blood - Gore Elements/GORE Squeeze flesh with squealing air pressure.wav","flesh|squeeze|squeal|air|gore|squeeze|with|squealing|pressurewav|bones|&|blood||-|gore|elements|articulated|sounds"
"GORE Wriggle tortured squishy slime.wav","Bones & Blood  - Gore Elements","Articulated Sounds","https://sonniss.com/sound-effects/bones-blood-gore-elements/","/Articulated Sounds - Bones & Blood - Gore Elements/GORE Wriggle tortured squishy slime.wav","slime|twist|gooey|gore|wriggle|tortured|squishy|slimewav|bones|&|blood||-|gore|elements|articulated|sounds"
"BUSY STREET bridge pathway, car traffic, bike path, few tourists, Brooklyn Bridge New York USA, LOOP.LR.wav","Busy Streets Ambience","Articulated Sounds","https://sonniss.com/sound-effects/busy-streets-ambience/","/Articulated Sounds - Busy Streets Ambience/BUSY STREET bridge pathway, car traffic, bike path, few tourists, Brooklyn Bridge New York USA, LOOP.LR.wav","city|exterior|bridge|pathway|car|traffic|bike|path|few|tourists|brooklyn|bridge|new|york|usa|looplrlsrswav|busy|street|looplrwav|busy|streets|ambience|articulated|sounds"
"BUSY STREET crossing street, L train, traffic in the LOOP.LR, few people, Downtown Chicago USA, LOOP.LR.wav","Busy Streets Ambience","Articulated Sounds","https://sonniss.com/sound-effects/busy-streets-ambience/","/Articulated Sounds - Busy Streets Ambience/BUSY STREET crossing street, L train, traffic in the LOOP.LR, few people, Downtown Chicago USA, LOOP.LR.wav","city|exterior|crossing|street|l|train|traffic|in|the|loop|few|people|downtown|chicago|usa|looplrlsrswav|busy|street|looplr|looplrwav|busy|streets|ambience|articulated|sounds"
"BUSY STREET square, some people and few birds, distant construction, Brooklyn Fulton street New York USA, LOOP.LR.wav","Busy Streets Ambience","Articulated Sounds","https://sonniss.com/sound-effects/busy-streets-ambience/","/Articulated Sounds - Busy Streets Ambience/BUSY STREET square, some people and few birds, distant construction, Brooklyn Fulton street New York USA, LOOP.LR.wav","city|exterior|square|some|people|and|few|birds|distant|construction|brooklyn|fulton|street|new|york|usa|looplrlsrswav|busy|street|looplrwav|busy|streets|ambience|articulated|sounds"
"BUSY STREET walkway, amusement park, near the sea, distant children screaming, people walking by, Navy Pier Chicago USA, LOOP.LR.wav","Busy Streets Ambience","Articulated Sounds","https://sonniss.com/sound-effects/busy-streets-ambience/","/Articulated Sounds - Busy Streets Ambience/BUSY STREET walkway, amusement park, near the sea, distant children screaming, people walking by, Navy Pier Chicago USA, LOOP.LR.wav","city|exterior|walkway|amusement|park|near|the|sea|distant|children|screaming|people|walking|by|navy|pier|chicago|usa|looplrlsrswav|busy|street|looplrwav|busy|streets|ambience|articulated|sounds"
"KITCHEN cardboard box manipulating.wav","Essential Kitchen","Articulated Sounds","https://sonniss.com/sound-effects/essential-kitchen/","/Articulated Sounds - Essential Kitchen/KITCHEN cardboard box manipulating.wav","cardboard|box|manipulation|rustle|rattle|shake|cooking|kitchen|manipulatingwav|essential|kitchen|articulated|sounds"
"KITCHEN drawer opening closing.wav","Essential Kitchen","Articulated Sounds","https://sonniss.com/sound-effects/essential-kitchen/","/Articulated Sounds - Essential Kitchen/KITCHEN drawer opening closing.wav","kitchen|drawer|slide|open|and|close|utensils|cooking|kitchen|opening|closingwav|essential|kitchen|articulated|sounds"
"KITCHEN knife sharpening.wav","Essential Kitchen","Articulated Sounds","https://sonniss.com/sound-effects/essential-kitchen/","/Articulated Sounds - Essential Kitchen/KITCHEN knife sharpening.wav","kitchen|knife|sharpen|scrape|kitchen|sharpeningwav|essential|kitchen|articulated|sounds"
"KITCHEN soda can opening pouring.wav","Essential Kitchen","Articulated Sounds","https://sonniss.com/sound-effects/essential-kitchen/","/Articulated Sounds - Essential Kitchen/KITCHEN soda can opening pouring.wav","soda|can|open|pour|fizz|foam|kitchen|opening|pouringwav|essential|kitchen|articulated|sounds"
"FUN MONSTER Cheeky sneaky find object 04.wav","Fun Monsters","Articulated Sounds","https://sonniss.com/sound-effects/fun-monsters/","/Articulated Sounds - Fun Monsters/FUN MONSTER Cheeky sneaky find object 04.wav","fun|monster|cheeky|sneaky|find|object|04wav|fun|monsters|articulated|sounds"
"FUN MONSTER Jaja silly talk gibberish 10.wav","Fun Monsters","Articulated Sounds","https://sonniss.com/sound-effects/fun-monsters/","/Articulated Sounds - Fun Monsters/FUN MONSTER Jaja silly talk gibberish 10.wav","comic|voice|funny|monster|jaja|silly|talk|gibberish|10wav|fun|monster|fun|monsters|articulated|sounds"
"FUN MONSTER Piggy bestial sad groan 02.wav","Fun Monsters","Articulated Sounds","https://sonniss.com/sound-effects/fun-monsters/","/Articulated Sounds - Fun Monsters/FUN MONSTER Piggy bestial sad groan 02.wav","comic|voice|funny|monster|piggy|bestial|sad|groan|02wav|fun|monster|fun|monsters|articulated|sounds"
"FUN MONSTER Wooly cartoony laugh talk gibberish.wav","Fun Monsters","Articulated Sounds","https://sonniss.com/sound-effects/fun-monsters/","/Articulated Sounds - Fun Monsters/FUN MONSTER Wooly cartoony laugh talk gibberish.wav","fun|monster|wooly|cartoony|laugh|talk|gibberishwav|fun|monsters|articulated|sounds"
"RUSTLE Outdoor bush green foliage susurrate LOOP.LR.wav","Rustle Tones","Articulated Sounds","https://sonniss.com/sound-effects/rustle-tones/","/Articulated Sounds - Rustle Tones/RUSTLE Outdoor bush green foliage susurrate LOOP.LR.wav","green|leaves|on|trees|fluttering|flicker|and|delicate|crepitation|by|windy|air|leafy|atmosphere|loop|rustle|outdoor|bush|green|foliage|susurrate|looplrwav|rustle|tones|articulated|sounds"
"RUSTLE Studio performed broadleaf reeds manipulation LOOP.LR.wav","Rustle Tones","Articulated Sounds","https://sonniss.com/sound-effects/rustle-tones/","/Articulated Sounds - Rustle Tones/RUSTLE Studio performed broadleaf reeds manipulation LOOP.LR.wav","reeds|broadleaf|brittle|manipulate|crinkle|crackling|rustling|loop|rustle|studio|performed|reeds|manipulation|looplrwav|rustle|tones|articulated|sounds"
"RUSTLE Studio performed green leaves twigs brush moves.LR.wav","Rustle Tones","Articulated Sounds","https://sonniss.com/sound-effects/rustle-tones/","/Articulated Sounds - Rustle Tones/RUSTLE Studio performed green leaves twigs brush moves.LR.wav","leaves|green|multiple|moves|pass|through|slither|plant|interaction|rustling|rustle|studio|performed|leaves|twigs|brush|moveslrwav|rustle|tones|articulated|sounds"
"RUSTLE Studio performed synthetic brush hairs shuffle LOOP.LR.wav","Rustle Tones","Articulated Sounds","https://sonniss.com/sound-effects/rustle-tones/","/Articulated Sounds - Rustle Tones/RUSTLE Studio performed synthetic brush hairs shuffle LOOP.LR.wav","hairs|synthetic|brush|graze|continuous|sweep|rustling|loop|rustle|studio|performed|hairs|shuffle|looplrwav|rustle|tones|articulated|sounds"
"EMOTE Ashley, Woman, Anger Fight Grunt Big 02, Mic B.wav","Universal Emotes","Articulated Sounds","https://sonniss.com/sound-effects/universal-emotes/","/Articulated Sounds - Universal Emotes/EMOTE Ashley, Woman, Anger Fight Grunt Big 02, Mic B.wav","female|40's|mature|adult|angry|combat|assault|fight|grunt|ehh|ha|emote|ashley|woman|anger|grunt|big|02|mic|bwav|universal|emotes|articulated|sounds"
"EMOTE Liam, Child, Anger Fight Grunt Big 04, Mic A.wav","Universal Emotes","Articulated Sounds","https://sonniss.com/sound-effects/universal-emotes/","/Articulated Sounds - Universal Emotes/EMOTE Liam, Child, Anger Fight Grunt Big 04, Mic A.wav","boy|kid|fight|grunt|vigorous|attack|angry|combat|assault|long|warrior|yell|haaah|emote|liam|child|anger|grunt|big|04|mic|awav|universal|emotes|articulated|sounds"
"EMOTE Lily, Child, Trust Admiration 02, Mic B.wav","Universal Emotes","Articulated Sounds","https://sonniss.com/sound-effects/universal-emotes/","/Articulated Sounds - Universal Emotes/EMOTE Lily, Child, Trust Admiration 02, Mic B.wav","girl|kid|reaction|surprise|expressing|praise|or|admiration|appreciation|wow|ugh|haa|emote|lily|child|trust|admiration|02|mic|bwav|universal|emotes|articulated|sounds"
"EMOTE Robert, Man, Curiosity 09, Mic A.wav","Universal Emotes","Articulated Sounds","https://sonniss.com/sound-effects/universal-emotes/","/Articulated Sounds - Universal Emotes/EMOTE Robert, Man, Curiosity 09, Mic A.wav","male|70's|old|man|reaction|curiosity|expressing|praise|or|appreciation|exclaimed|passionate|vox|showing|interest|hmm|emote|robert|man|09|mic|awav|universal|emotes|articulated|sounds"
"WINTER Forest day raven calls reverberating and other birds chirps with some wind, North Laurentian Woods, Canada_LOOP.LR.wav","Winter Forest Ambience","Articulated Sounds","https://sonniss.com/sound-effects/winter-forest-ambience/","/Articulated Sounds - Winter Forest Ambience/WINTER Forest day raven calls reverberating and other birds chirps with some wind, North Laurentian Woods, Canada_LOOP.LR.wav","north|wood|forest|during|the|day|loud|reverberating|raven|calls|other|birds|chirps|and|songs|wildlife|includes|common|raven|pine|siskin|redbreasted|nuthatch|loop|winter|with|some|wind|laurentian|woods|canada_looplrwav|winter|forest|ambience|articulated|sounds"
"WINTER Forest morning crow calls echoing and various birds chirps, North Laurentian Woods, Canada_LOOP.LR.wav","Winter Forest Ambience","Articulated Sounds","https://sonniss.com/sound-effects/winter-forest-ambience/","/Articulated Sounds - Winter Forest Ambience/WINTER Forest morning crow calls echoing and various birds chirps, North Laurentian Woods, Canada_LOOP.LR.wav","north|wood|forest|morning|still|air|distant|resonating|crows|calls|other|birds|wildlife|include|american|crow|redbreasted|nuthatch|loop|winter|crow|echoing|and|various|chirps|laurentian|woods|canada_looplrwav|winter|forest|ambience|articulated|sounds"
"WINTER Forest night dark moon with distant wolves howls, North Laurentian Woods, Canada_LOOP.LR.wav","Winter Forest Ambience","Articulated Sounds","https://sonniss.com/sound-effects/winter-forest-ambience/","/Articulated Sounds - Winter Forest Ambience/WINTER Forest night dark moon with distant wolves howls, North Laurentian Woods, Canada_LOOP.LR.wav","north|wood|forest|at|night|still|air|distant|wolves|howls|resonating|wildlife|includes|gray|wolf|loop|winter|dark|moon|with|laurentian|woods|canada_looplrwav|winter|forest|ambience|articulated|sounds"
"WINTER Forest windy whistling blizzard snow with raven bird croaking, North Laurentian Woods, Canada_LOOP.LR.wav","Winter Forest Ambience","Articulated Sounds","https://sonniss.com/sound-effects/winter-forest-ambience/","/Articulated Sounds - Winter Forest Ambience/WINTER Forest windy whistling blizzard snow with raven bird croaking, North Laurentian Woods, Canada_LOOP.LR.wav","north|wood|forest|breezy|whistling|air|blizzard|snow|raven|calls|loop|winter|windy|with|bird|croaking|laurentian|woods|canada_looplrwav|winter|forest|ambience|articulated|sounds"
"MONSTER Yeti breathe 05.wav","Yeti Monster","Articulated Sounds","https://sonniss.com/sound-effects/yeti-monster/","/Articulated Sounds - Yeti Monster/MONSTER Yeti breathe 05.wav","creature|or|beast|yeti|monster|bigfoot|idle|rough|raucous|breathing|monster|breathe|05wav|yeti|monster|articulated|sounds"
"MONSTER Yeti groan 21.wav","Yeti Monster","Articulated Sounds","https://sonniss.com/sound-effects/yeti-monster/","/Articulated Sounds - Yeti Monster/MONSTER Yeti groan 21.wav","creature|or|beast|yeti|monster|bigfoot|soft|groans|monster|groan|21wav|yeti|monster|articulated|sounds"
"MONSTER Yeti grumble 02.wav","Yeti Monster","Articulated Sounds","https://sonniss.com/sound-effects/yeti-monster/","/Articulated Sounds - Yeti Monster/MONSTER Yeti grumble 02.wav","creature|or|beast|yeti|monster|bigfoot|bestial|grumble|monster|02wav|yeti|monster|articulated|sounds"
"MONSTER Yeti sniff 04.wav","Yeti Monster","Articulated Sounds","https://sonniss.com/sound-effects/yeti-monster/","/Articulated Sounds - Yeti Monster/MONSTER Yeti sniff 04.wav","creature|or|beast|yeti|monster|bigfoot|quick|hasty|sniffs|monster|sniff|04wav|yeti|monster|articulated|sounds"
"Quadcopter DKII Take Off Fly Around Crash Int 01.wav","Quadcopter Flight:","Audio Shade","https://sonniss.com/sound-effects/quadcopter-flight/","/Audio Shade – Quadcopter Flight/Quadcopter DKII Take Off Fly Around Crash Int 01.wav","quadcopter|mini|dromida|kodo|ii|take|off|fly|around|crash|interior|studio|dkii|int|01wav|quadcopter|flight:|audio|shade"
"Quadcopter EH8S - Contact Mic - Rotors Run Various RPMs Scrape Mic.wav","Quadcopter Flight:","Audio Shade","https://sonniss.com/sound-effects/quadcopter-flight/","/Audio Shade – Quadcopter Flight/Quadcopter EH8S - Contact Mic - Rotors Run Various RPMs Scrape Mic.wav","quadcopter|eh8s|contact|mic|rotor|run|various|rpms|scrape|rotors|micwav|quadcopter|flight:|audio|shade"
"Quadcopter YTG Fly By Slow Ext 2.wav","Quadcopter Flight:","Audio Shade","https://sonniss.com/sound-effects/quadcopter-flight/","/Audio Shade – Quadcopter Flight/Quadcopter YTG Fly By Slow Ext 2.wav","quadcopter|yuneec|typhoon|g|fly|by|slow|exterior|2|mkh60|mic|pass|bys|while|drone|stationary|panned|in|post|ytg|ext|2wav|quadcopter|flight:|audio|shade"
"Quadcopter YTG Start Idle Take Off Maneuver Land Onboard Ext.wav","Quadcopter Flight:","Audio Shade","https://sonniss.com/sound-effects/quadcopter-flight/","/Audio Shade – Quadcopter Flight/Quadcopter YTG Start Idle Take Off Maneuver Land Onboard Ext.wav","quadcopter|yuneec|typhoon|g|start|idle|take|off|hover|wind|buffeting|manuever|land|onboard|exterior|ytg|maneuver|extwav|quadcopter|flight:|audio|shade"
"3 Encarta 15.wav","Night Painter:","Ben&MacWP","https://sonniss.com/sound-effects/night-painter/","/Ben&MacWP – Night Painter/3 Encarta 15.wav","3|encarta|15wav|night|painter:|ben&macwp"
"12 Nexux 05.wav","Night Painter:","Ben&MacWP","https://sonniss.com/sound-effects/night-painter/","/Ben&MacWP – Night Painter/12 Nexux 05.wav","12|nexux|05wav|night|painter:|ben&macwp"
"19 Loretta 18.wav","Night Painter:","Ben&MacWP","https://sonniss.com/sound-effects/night-painter/","/Ben&MacWP – Night Painter/19 Loretta 18.wav","19|loretta|18wav|night|painter:|ben&macwp"
"24 Significana 22.wav","Night Painter:","Ben&MacWP","https://sonniss.com/sound-effects/night-painter/","/Ben&MacWP – Night Painter/24 Significana 22.wav","24|significana|22wav|night|painter:|ben&macwp"
"Cuttlery,Fumble,Heavy,10.wav","Kitchen Cutlery","benlustedaudio","https://sonniss.com/sound-effects/kitchen-cutlery/","/benlustedaudio - Kitchen Cutlery/Cuttlery,Fumble,Heavy,10.wav","cuttlery|fumble|heavy|10wav|kitchen|cutlery|benlustedaudio"
"Cuttlery,Fumble,Heavy,16.wav","Kitchen Cutlery","benlustedaudio","https://sonniss.com/sound-effects/kitchen-cutlery/","/benlustedaudio - Kitchen Cutlery/Cuttlery,Fumble,Heavy,16.wav","cuttlery|fumble|heavy|16wav|kitchen|cutlery|benlustedaudio"
"Cuttlery,Fumble,Light,5.wav","Kitchen Cutlery","benlustedaudio","https://sonniss.com/sound-effects/kitchen-cutlery/","/benlustedaudio - Kitchen Cutlery/Cuttlery,Fumble,Light,5.wav","cuttlery|fumble|light|5wav|kitchen|cutlery|benlustedaudio"
"Cuttlery,Fumble,Medium,6.wav","Kitchen Cutlery","benlustedaudio","https://sonniss.com/sound-effects/kitchen-cutlery/","/benlustedaudio - Kitchen Cutlery/Cuttlery,Fumble,Medium,6.wav","cuttlery|fumble|medium|6wav|kitchen|cutlery|benlustedaudio"
"MiG15UTI_Ext_Flyby_100m_XY.wav","MiG 15 UTI","Bert Foley","https://sonniss.com/sound-effects/mig-15-uti/","/Bert Foley - MiG-15 UTI/MiG15UTI_Ext_Flyby_100m_XY.wav","mig15|uti|ext|flyby|100m|xy|mig15uti_ext_flyby_100m_xywav|mig|15|uti|bert|foley"
"MiG15UTI_Ext_Landing_30m_XY.wav","MiG 15 UTI","Bert Foley","https://sonniss.com/sound-effects/mig-15-uti/","/Bert Foley - MiG-15 UTI/MiG15UTI_Ext_Landing_30m_XY.wav","mig15|uti|ext|landing|30m|xy|mig15uti_ext_landing_30m_xywav|mig|15|uti|bert|foley"
"MiG15UTI_Ext_Start_Heat_Front_Departure_Back_20m_XY.wav","MiG 15 UTI","Bert Foley","https://sonniss.com/sound-effects/mig-15-uti/","/Bert Foley - MiG-15 UTI/MiG15UTI_Ext_Start_Heat_Front_Departure_Back_20m_XY.wav","mig15|uti|ext|start|heat|front|departure|back|20m|xy|mig15uti_ext_start_heat_front_departure_back_20m_xywav|mig|15|uti|bert|foley"
"MiG15UTI_Ext_Takeoff_50m_XY.wav","MiG 15 UTI","Bert Foley","https://sonniss.com/sound-effects/mig-15-uti/","/Bert Foley - MiG-15 UTI/MiG15UTI_Ext_Takeoff_50m_XY.wav","mig15|uti|ext|takeoff|50m|xy|mig15uti_ext_takeoff_50m_xywav|mig|15|uti|bert|foley"
"Buildings_Rumble_Corridor_Metal_Piece_Hit_04.wav","Noisy Buildings V1","Bert Foley","https://sonniss.com/sound-effects/noisy-buildings-v1/","/Bert Foley - Noisy Buildings V1/Buildings_Rumble_Corridor_Metal_Piece_Hit_04.wav","snote=medium|metal|piece|fell|to|the|floor|>|large|corridor|40|m|buildings_rumble_corridor_metal_piece_hit_04wav|noisy|buildings|v1|bert|foley"
"Buildings_Rumble_Elevator_Shaft_Glass_Break_04.wav","Noisy Buildings V1","Bert Foley","https://sonniss.com/sound-effects/noisy-buildings-v1/","/Bert Foley - Noisy Buildings V1/Buildings_Rumble_Elevator_Shaft_Glass_Break_04.wav","snote=window|glass|fell|down|elevator|shaft|>|elevator|third|floor|of|fourth|/|opened|door|buildings_rumble_elevator_shaft_glass_break_04wav|noisy|buildings|v1|bert|foley"
"Buildings_Rumble_Elevator_Shaft_Glass_Break_Further_03.wav","Noisy Buildings V1","Bert Foley","https://sonniss.com/sound-effects/noisy-buildings-v1/","/Bert Foley - Noisy Buildings V1/Buildings_Rumble_Elevator_Shaft_Glass_Break_Further_03.wav","snote=window|glass|fell|down|elevator|shaft|>|elevator|fourth|floor|buildings_rumble_elevator_shaft_glass_break_further_03wav|noisy|buildings|v1|bert|foley"
"Buildings_Rumble_Stairs_Plastic_Piece_Rattle.wav","Noisy Buildings V1","Bert Foley","https://sonniss.com/sound-effects/noisy-buildings-v1/","/Bert Foley - Noisy Buildings V1/Buildings_Rumble_Stairs_Plastic_Piece_Rattle.wav","snote=plastic|piece|rolls|up|the|stairs|>|stairs|5|m|buildings_rumble_stairs_plastic_piece_rattlewav|noisy|buildings|v1|bert|foley"
"Bluezone_BC0233_ambience_energy_drone_020.wav","Subspace Distortion - Sci Fi Cinematic Samples","Bluezone Corporation","https://sonniss.com/sound-effects/subspace-distortion-sci-fi-cinematic-samples/","/Bluezone Corporation -  Subspace Distortion - Sci Fi Cinematic Samples/Bluezone_BC0233_ambience_energy_drone_020.wav","bluezone_bc0233_ambience_energy_drone_020wav|subspace|distortion|-|sci|fi|cinematic|samples|bluezone|corporation"
"Bluezone_BC0233_sound_effect_014.wav","Subspace Distortion - Sci Fi Cinematic Samples","Bluezone Corporation","https://sonniss.com/sound-effects/subspace-distortion-sci-fi-cinematic-samples/","/Bluezone Corporation -  Subspace Distortion - Sci Fi Cinematic Samples/Bluezone_BC0233_sound_effect_014.wav","bluezone_bc0233_sound_effect_014wav|subspace|distortion|-|sci|fi|cinematic|samples|bluezone|corporation"
"Bluezone_BC0233_synth_texture_001.wav","Subspace Distortion - Sci Fi Cinematic Samples","Bluezone Corporation","https://sonniss.com/sound-effects/subspace-distortion-sci-fi-cinematic-samples/","/Bluezone Corporation -  Subspace Distortion - Sci Fi Cinematic Samples/Bluezone_BC0233_synth_texture_001.wav","bluezone_bc0233_synth_texture_001wav|subspace|distortion|-|sci|fi|cinematic|samples|bluezone|corporation"
"Bluezone_BC0233_transition_016.wav","Subspace Distortion - Sci Fi Cinematic Samples","Bluezone Corporation","https://sonniss.com/sound-effects/subspace-distortion-sci-fi-cinematic-samples/","/Bluezone Corporation -  Subspace Distortion - Sci Fi Cinematic Samples/Bluezone_BC0233_transition_016.wav","bluezone_bc0233_transition_016wav|subspace|distortion|-|sci|fi|cinematic|samples|bluezone|corporation"
"Bluezone_BC0240_background_command_center_ambience_002.wav","BATTLECRUISER  SPACESHIP","Bluezone Corporation","https://sonniss.com/sound-effects/battlecruiser-spaceship/","/Bluezone Corporation - BATTLECRUISER - SPACESHIP/Bluezone_BC0240_background_command_center_ambience_002.wav","bluezone_bc0240_background_command_center_ambience_002wav|battlecruiser||spaceship|bluezone|corporation"
"Bluezone_BC0240_background_exterior_ambience_003.wav","BATTLECRUISER  SPACESHIP","Bluezone Corporation","https://sonniss.com/sound-effects/battlecruiser-spaceship/","/Bluezone Corporation - BATTLECRUISER - SPACESHIP/Bluezone_BC0240_background_exterior_ambience_003.wav","bluezone_bc0240_background_exterior_ambience_003wav|battlecruiser||spaceship|bluezone|corporation"
"Bluezone_BC0240_interface_048.wav","BATTLECRUISER  SPACESHIP","Bluezone Corporation","https://sonniss.com/sound-effects/battlecruiser-spaceship/","/Bluezone Corporation - BATTLECRUISER - SPACESHIP/Bluezone_BC0240_interface_048.wav","bluezone_bc0240_interface_048wav|battlecruiser||spaceship|bluezone|corporation"
"Bluezone_BC0240_spaceship_passby_017.wav","BATTLECRUISER  SPACESHIP","Bluezone Corporation","https://sonniss.com/sound-effects/battlecruiser-spaceship/","/Bluezone Corporation - BATTLECRUISER - SPACESHIP/Bluezone_BC0240_spaceship_passby_017.wav","bluezone_bc0240_spaceship_passby_017wav|battlecruiser||spaceship|bluezone|corporation"
"Bluezone_BC0232_ambience_005.wav","Cobalt Trailer","Bluezone Corporation","https://sonniss.com/sound-effects/cobalt-trailer/","/Bluezone Corporation - Cobalt - Trailer/Bluezone_BC0232_ambience_005.wav","bluezone_bc0232_ambience_005wav|cobalt|trailer|bluezone|corporation"
"Bluezone_BC0232_ambience_sfx_004.wav","Cobalt Trailer","Bluezone Corporation","https://sonniss.com/sound-effects/cobalt-trailer/","/Bluezone Corporation - Cobalt - Trailer/Bluezone_BC0232_ambience_sfx_004.wav","bluezone_bc0232_ambience_sfx_004wav|cobalt|trailer|bluezone|corporation"
"Bluezone_BC0232_sound_effect_014.wav","Cobalt Trailer","Bluezone Corporation","https://sonniss.com/sound-effects/cobalt-trailer/","/Bluezone Corporation - Cobalt - Trailer/Bluezone_BC0232_sound_effect_014.wav","bluezone_bc0232_sound_effect_014wav|cobalt|trailer|bluezone|corporation"
"Bluezone_BC0232_transition_011.wav","Cobalt Trailer","Bluezone Corporation","https://sonniss.com/sound-effects/cobalt-trailer/","/Bluezone Corporation - Cobalt - Trailer/Bluezone_BC0232_transition_011.wav","bluezone_bc0232_transition_011wav|cobalt|trailer|bluezone|corporation"
"Bluezone_BC0234_ambience_014.wav","Distant Wave Cinematic Ambient Sounds","Bluezone Corporation","https://sonniss.com/sound-effects/distant-wave-cinematic-ambient-sounds/","/Bluezone Corporation - Distant Wave - Cinematic Ambient Sounds/Bluezone_BC0234_ambience_014.wav","bluezone_bc0234_ambience_014wav|distant|wave|cinematic|ambient|sounds|bluezone|corporation"
"Bluezone_BC0234_ambience_sfx_004.wav","Distant Wave Cinematic Ambient Sounds","Bluezone Corporation","https://sonniss.com/sound-effects/distant-wave-cinematic-ambient-sounds/","/Bluezone Corporation - Distant Wave - Cinematic Ambient Sounds/Bluezone_BC0234_ambience_sfx_004.wav","bluezone_bc0234_ambience_sfx_004wav|distant|wave|cinematic|ambient|sounds|bluezone|corporation"
"Bluezone_BC0234_impact_006.wav","Distant Wave Cinematic Ambient Sounds","Bluezone Corporation","https://sonniss.com/sound-effects/distant-wave-cinematic-ambient-sounds/","/Bluezone Corporation - Distant Wave - Cinematic Ambient Sounds/Bluezone_BC0234_impact_006.wav","bluezone_bc0234_impact_006wav|distant|wave|cinematic|ambient|sounds|bluezone|corporation"
"Bluezone_BC0234_sound_effect_001.wav","Distant Wave Cinematic Ambient Sounds","Bluezone Corporation","https://sonniss.com/sound-effects/distant-wave-cinematic-ambient-sounds/","/Bluezone Corporation - Distant Wave - Cinematic Ambient Sounds/Bluezone_BC0234_sound_effect_001.wav","bluezone_bc0234_sound_effect_001wav|distant|wave|cinematic|ambient|sounds|bluezone|corporation"
"Bluezone_BC0235_ambience_sfx_013.wav","Electrostatic Field","Bluezone Corporation","https://sonniss.com/sound-effects/electrostatic-field-experimental-cinematic-samples/","/Bluezone Corporation - Electrostatic Field/Bluezone_BC0235_ambience_sfx_013.wav","bluezone_bc0235_ambience_sfx_013wav|electrostatic|field|bluezone|corporation"
"Bluezone_BC0235_impact_003.wav","Electrostatic Field","Bluezone Corporation","https://sonniss.com/sound-effects/electrostatic-field-experimental-cinematic-samples/","/Bluezone Corporation - Electrostatic Field/Bluezone_BC0235_impact_003.wav","bluezone_bc0235_impact_003wav|electrostatic|field|bluezone|corporation"
"Bluezone_BC0235_synth_texture_002.wav","Electrostatic Field","Bluezone Corporation","https://sonniss.com/sound-effects/electrostatic-field-experimental-cinematic-samples/","/Bluezone Corporation - Electrostatic Field/Bluezone_BC0235_synth_texture_002.wav","bluezone_bc0235_synth_texture_002wav|electrostatic|field|bluezone|corporation"
"Bluezone_BC0235_transition_008.wav","Electrostatic Field","Bluezone Corporation","https://sonniss.com/sound-effects/electrostatic-field-experimental-cinematic-samples/","/Bluezone Corporation - Electrostatic Field/Bluezone_BC0235_transition_008.wav","bluezone_bc0235_transition_008wav|electrostatic|field|bluezone|corporation"
"Bluezone_BC0238_ambience_020.wav","KOSMONAUT  CINEMATIC","Bluezone Corporation","https://sonniss.com/sound-effects/kosmonaut-cinematic/","/Bluezone Corporation - KOSMONAUT - CINEMATIC/Bluezone_BC0238_ambience_020.wav","bluezone_bc0238_ambience_020wav|kosmonaut||cinematic|bluezone|corporation"
"Bluezone_BC0238_impact_002.wav","KOSMONAUT  CINEMATIC","Bluezone Corporation","https://sonniss.com/sound-effects/kosmonaut-cinematic/","/Bluezone Corporation - KOSMONAUT - CINEMATIC/Bluezone_BC0238_impact_002.wav","bluezone_bc0238_impact_002wav|kosmonaut||cinematic|bluezone|corporation"
"Bluezone_BC0238_rumble_004.wav","KOSMONAUT  CINEMATIC","Bluezone Corporation","https://sonniss.com/sound-effects/kosmonaut-cinematic/","/Bluezone Corporation - KOSMONAUT - CINEMATIC/Bluezone_BC0238_rumble_004.wav","bluezone_bc0238_rumble_004wav|kosmonaut||cinematic|bluezone|corporation"
"Bluezone_BC0238_transition_009.wav","KOSMONAUT  CINEMATIC","Bluezone Corporation","https://sonniss.com/sound-effects/kosmonaut-cinematic/","/Bluezone Corporation - KOSMONAUT - CINEMATIC/Bluezone_BC0238_transition_009.wav","bluezone_bc0238_transition_009wav|kosmonaut||cinematic|bluezone|corporation"
"Bluezone_BC0236_metal_debris_055.wav","Metal Debris","Bluezone Corporation","https://sonniss.com/sound-effects/metal-debris/","/Bluezone Corporation - Metal Debris/Bluezone_BC0236_metal_debris_055.wav","bluezone_bc0236_metal_debris_055wav|metal|debris|bluezone|corporation"
"Bluezone_BC0236_metal_debris_097.wav","Metal Debris","Bluezone Corporation","https://sonniss.com/sound-effects/metal-debris/","/Bluezone Corporation - Metal Debris/Bluezone_BC0236_metal_debris_097.wav","bluezone_bc0236_metal_debris_097wav|metal|debris|bluezone|corporation"
"Bluezone_BC0236_metal_whoosh_021.wav","Metal Debris","Bluezone Corporation","https://sonniss.com/sound-effects/metal-debris/","/Bluezone Corporation - Metal Debris/Bluezone_BC0236_metal_whoosh_021.wav","bluezone_bc0236_metal_whoosh_021wav|metal|debris|bluezone|corporation"
"Bluezone_BC0236_metal_whoosh_037.wav","Metal Debris","Bluezone Corporation","https://sonniss.com/sound-effects/metal-debris/","/Bluezone Corporation - Metal Debris/Bluezone_BC0236_metal_whoosh_037.wav","bluezone_bc0236_metal_whoosh_037wav|metal|debris|bluezone|corporation"
"Bluezone_BC0231_metal_cinematic_impact_016.wav","Metal Sound Effects","Bluezone Corporation","https://sonniss.com/sound-effects/metal-sound-effects/","/Bluezone Corporation - Metal Sound Effects/Bluezone_BC0231_metal_cinematic_impact_016.wav","bluezone_bc0231_metal_cinematic_impact_016wav|metal|sound|effects|bluezone|corporation"
"Bluezone_BC0231_metal_grinding_013.wav","Metal Sound Effects","Bluezone Corporation","https://sonniss.com/sound-effects/metal-sound-effects/","/Bluezone Corporation - Metal Sound Effects/Bluezone_BC0231_metal_grinding_013.wav","bluezone_bc0231_metal_grinding_013wav|metal|sound|effects|bluezone|corporation"
"Bluezone_BC0231_metal_texture_021.wav","Metal Sound Effects","Bluezone Corporation","https://sonniss.com/sound-effects/metal-sound-effects/","/Bluezone Corporation - Metal Sound Effects/Bluezone_BC0231_metal_texture_021.wav","bluezone_bc0231_metal_texture_021wav|metal|sound|effects|bluezone|corporation"
"Bluezone_BC0231_metal_various_015.wav","Metal Sound Effects","Bluezone Corporation","https://sonniss.com/sound-effects/metal-sound-effects/","/Bluezone Corporation - Metal Sound Effects/Bluezone_BC0231_metal_various_015.wav","bluezone_bc0231_metal_various_015wav|metal|sound|effects|bluezone|corporation"
"Bluezone_BC0237_ambience_014.wav","MOVIE TRAILER","Bluezone Corporation","https://sonniss.com/sound-effects/movie-trailer/","/Bluezone Corporation - MOVIE TRAILER/Bluezone_BC0237_ambience_014.wav","bluezone_bc0237_ambience_014wav|movie|trailer|bluezone|corporation"
"Bluezone_BC0237_impact_017.wav","MOVIE TRAILER","Bluezone Corporation","https://sonniss.com/sound-effects/movie-trailer/","/Bluezone Corporation - MOVIE TRAILER/Bluezone_BC0237_impact_017.wav","bluezone_bc0237_impact_017wav|movie|trailer|bluezone|corporation"
"Bluezone_BC0237_sound_effect_001.wav","MOVIE TRAILER","Bluezone Corporation","https://sonniss.com/sound-effects/movie-trailer/","/Bluezone Corporation - MOVIE TRAILER/Bluezone_BC0237_sound_effect_001.wav","bluezone_bc0237_sound_effect_001wav|movie|trailer|bluezone|corporation"
"Bluezone_BC0237_transition_whoosh_hit_006.wav","MOVIE TRAILER","Bluezone Corporation","https://sonniss.com/sound-effects/movie-trailer/","/Bluezone Corporation - MOVIE TRAILER/Bluezone_BC0237_transition_whoosh_hit_006.wav","bluezone_bc0237_transition_whoosh_hit_006wav|movie|trailer|bluezone|corporation"
"Room tone_Empty School_Dining hall, faint traffic, steady humming ventilation.wav","Empty School Roomtones","Borg Sound","https://sonniss.com/sound-effects/empty-school-roomtones/","/Borg Sound - Empty School Roomtones/Room tone_Empty School_Dining hall, faint traffic, steady humming ventilation.wav","empty|school_dining|hall|faint|traffic|steady|humming|ventilation|room|tone_empty|hall|faint|traffic|steady|humming|ventilationwav|empty|school|roomtones|borg|sound"
"Room tone_Empty school_Long corridor 3rd floor, some traffic rumble outside, wining ventilation.wav","Empty School Roomtones","Borg Sound","https://sonniss.com/sound-effects/empty-school-roomtones/","/Borg Sound - Empty School Roomtones/Room tone_Empty school_Long corridor 3rd floor, some traffic rumble outside, wining ventilation.wav","empty|school_long|corridor|3rd|floor|some|traffic|rumble|outside|wining|ventilation|room|tone_empty|school_long|corridor|3rd|floor|some|traffic|rumble|outside|wining|ventilationwav|empty|school|roomtones|borg|sound"
"Room tone_Empty School_Toilet medium, scary, dark, pulsating ventilation.wav","Empty School Roomtones","Borg Sound","https://sonniss.com/sound-effects/empty-school-roomtones/","/Borg Sound - Empty School Roomtones/Room tone_Empty School_Toilet medium, scary, dark, pulsating ventilation.wav","empty|school_toilet|medium|scary|dark|pulsating|ventilation|room|tone_empty|medium|scary|dark|pulsating|ventilationwav|empty|school|roomtones|borg|sound"
"Room tone_Empty School_Toilet, small, whining high freq ac and water pipes tone.wav","Empty School Roomtones","Borg Sound","https://sonniss.com/sound-effects/empty-school-roomtones/","/Borg Sound - Empty School Roomtones/Room tone_Empty School_Toilet, small, whining high freq ac and water pipes tone.wav","empty|school_toilet|small|whining|high|freq|ac|and|water|pipes|tone|room|tone_empty|small|whining|high|freq|ac|and|water|pipes|tonewav|empty|school|roomtones|borg|sound"
"Rain EXT_Porch, Soft rain.wav","Rain Indoor Ambiences","Borg Sound","https://sonniss.com/sound-effects/rain-indoor-ambiences/","/Borg Sound – Rain Indoor Ambiences/Rain EXT_Porch, Soft rain.wav","rain|ext|porch|plastic|roof|soft|and|dense|rain|dripping|deciduous|trees|puddles|ext_porch|rainwav|rain|indoor|ambiences|borg|sound"
"Rain INT_Car C4, Front seat, Moderate rain.wav","Rain Indoor Ambiences","Borg Sound","https://sonniss.com/sound-effects/rain-indoor-ambiences/","/Borg Sound – Rain Indoor Ambiences/Rain INT_Car C4, Front seat, Moderate rain.wav","rain|int|car|citroen|c4|2007|moderate|front|window|int_car|seat|rainwav|rain|indoor|ambiences|borg|sound"
"Rain INT_Glass greenhouse 10m2.wav","Rain Indoor Ambiences","Borg Sound","https://sonniss.com/sound-effects/rain-indoor-ambiences/","/Borg Sound – Rain Indoor Ambiences/Rain INT_Glass greenhouse 10m2.wav","rain|int|glass|greenhouse|10m2|doors|closed|moderate|small|bursts|light|dripping|on|fading|out|0300|int_glass|greenhouse|10m2wav|rain|indoor|ambiences|borg|sound"
"Rain INT_Shed, Metal roof, Heavy rain increase.wav","Rain Indoor Ambiences","Borg Sound","https://sonniss.com/sound-effects/rain-indoor-ambiences/","/Borg Sound – Rain Indoor Ambiences/Rain INT_Shed, Metal roof, Heavy rain increase.wav","rain|int|shed|metal|roof|heavy|rainfall|increasing|intensity|int_shed|roof|rain|increasewav|rain|indoor|ambiences|borg|sound"
"long underground tunnel S 01.wav","SUBWAY","Borys Peter","https://sonniss.com/sound-effects/subway/","/Borys Peter – SUBWAY/long underground tunnel S 01.wav","subway|long|underground|pedestrian|tunnel|exit|to|trains|medium|crowd|footsteps|distant|s|01wav|borys|peter"
"platform amb train arrive departure twice - Quadro.wav","SUBWAY","Borys Peter","https://sonniss.com/sound-effects/subway/","/Borys Peter – SUBWAY/platform amb train arrive departure twice - Quadro.wav","subway|train|arrives|&|departs|twice|wheels|clack|footsteps|pa|platform|amb|arrive|departure|quadrowav|borys|peter"
"train arrive departure  - AKG.wav","SUBWAY","Borys Peter","https://sonniss.com/sound-effects/subway/","/Borys Peter – SUBWAY/train arrive departure  - AKG.wav","subway|train|arrives|stops|with|squeal|doors|op|&|cl|pa|air|release|departs|long|tail|arrive|departure|akgwav|borys|peter"
"train int ride outdoor to tunnel - DMS.wav","SUBWAY","Borys Peter","https://sonniss.com/sound-effects/subway/","/Borys Peter – SUBWAY/train int ride outdoor to tunnel - DMS.wav","subway|train|interior|ride|outdoor|environment|entering|tunnel|slows|to|stop|doors|op|&|cl|int|dmswav|borys|peter"
"Alien Evil 1.wav","Sci Fi Audio Samples","c2caudio","https://sonniss.com/sound-effects/sci-fi-audio-samples/","/c2caudio – Sci Fi Audio Samples/Alien Evil 1.wav","alien|evil|1wav|sci|fi|audio|samples|c2caudio"
"Breathe 6.wav","Sci Fi Audio Samples","c2caudio","https://sonniss.com/sound-effects/sci-fi-audio-samples/","/c2caudio – Sci Fi Audio Samples/Breathe 6.wav","breathe|6wav|sci|fi|audio|samples|c2caudio"
"Explosion Warped.wav","Sci Fi Audio Samples","c2caudio","https://sonniss.com/sound-effects/sci-fi-audio-samples/","/c2caudio – Sci Fi Audio Samples/Explosion Warped.wav","explosion|warpedwav|sci|fi|audio|samples|c2caudio"
"Space Horn 4.wav","Sci Fi Audio Samples","c2caudio","https://sonniss.com/sound-effects/sci-fi-audio-samples/","/c2caudio – Sci Fi Audio Samples/Space Horn 4.wav","space|horn|4wav|sci|fi|audio|samples|c2caudio"
"BeepBeep_high.wav","ACTIVATION UI & HUD","CB_Sounddesign","https://sonniss.com/sound-effects/activation-ui-hud-sound-effects-library/","/CB_Sounddesign – ACTIVATION UI & HUD Sound Effects Library/BeepBeep_high.wav","ui|hud|sound|effect|interface|futuristic|electronic|beep|bleep|bell|input|output|confirmation|notification|menu|popup|button|infographic|mobile|app|navigation|notify|minimal|beepbeep_highwav|activation|ui|&|hud|cb_sounddesign"
"Bell_10_b.wav","ACTIVATION UI & HUD","CB_Sounddesign","https://sonniss.com/sound-effects/activation-ui-hud-sound-effects-library/","/CB_Sounddesign – ACTIVATION UI & HUD Sound Effects Library/Bell_10_b.wav","bell|ui|hud|notification|confirmation|activation|sfx|interface|sound|bell_10_bwav|activation|ui|&|hud|cb_sounddesign"
"Counter_Medium_13.wav","ACTIVATION UI & HUD","CB_Sounddesign","https://sonniss.com/sound-effects/activation-ui-hud-sound-effects-library/","/CB_Sounddesign – ACTIVATION UI & HUD Sound Effects Library/Counter_Medium_13.wav","ui|counter|count|add|game|app|menu|interface|hud|beep|click|activation|medium|futuristic|infographic|data|counter_medium_13wav|activation|ui|&|hud|cb_sounddesign"
"Negative_Notification_25.wav","ACTIVATION UI & HUD","CB_Sounddesign","https://sonniss.com/sound-effects/activation-ui-hud-sound-effects-library/","/CB_Sounddesign – ACTIVATION UI & HUD Sound Effects Library/Negative_Notification_25.wav","negative|fault|warning|error|message|attention|wrong|ui|hud|sound|effect|interface|futuristic|electronic|beep|bleep|bell|input|output|confirmation|notification|a|menu|popup|button|infographic|mobile|app|navigation|notify|minimal|negative_notification_25wav|activation|ui|&|hud|cb_sounddesign"
"Crackles And Pops 3.wav","Shortwave","CFry","https://sonniss.com/sound-effects/shortwave/","/CFry – Shortwave/Crackles And Pops 3.wav","crackles|and|pops|3wav|shortwave|cfry"
"Low Hum.wav","Shortwave","CFry","https://sonniss.com/sound-effects/shortwave/","/CFry – Shortwave/Low Hum.wav","low|humwav|shortwave|cfry"
"Radio Static 9.wav","Shortwave","CFry","https://sonniss.com/sound-effects/shortwave/","/CFry – Shortwave/Radio Static 9.wav","radio|static|9wav|shortwave|cfry"
"Tone With Minor Static 2.wav","Shortwave","CFry","https://sonniss.com/sound-effects/shortwave/","/CFry – Shortwave/Tone With Minor Static 2.wav","tone|with|minor|static|2wav|shortwave|cfry"
"CHIL City Place large crowd music birds and activity from a rooftop.wav","Chile sound library by Faunethic","Charlie Atanasyan","https://sonniss.com/sound-effects/chile-sound-library-faunethic/","/Charlie Atanasyan - Chile sound library by Faunethic/CHIL City Place large crowd music birds and activity from a rooftop.wav","skyline|from|a|roof|top|large|place|voices|music|and|light|traffic|the|evening|chil|city|place|crowd|birds|activity|rooftopwav|chile|sound|library|by|faunethic|charlie|atanasyan"
"CHIL Forest Rain quiet with water drop on leaves few birds.wav","Chile sound library by Faunethic","Charlie Atanasyan","https://sonniss.com/sound-effects/chile-sound-library-faunethic/","/Charlie Atanasyan - Chile sound library by Faunethic/CHIL Forest Rain quiet with water drop on leaves few birds.wav","forest|rain|very|quiet|with|light|birds|chil|rain|water|drop|on|leaves|few|birdswav|chile|sound|library|by|faunethic|charlie|atanasyan"
"CHIL Market Village calm with voices light activity with sand ground footsteps.wav","Chile sound library by Faunethic","Charlie Atanasyan","https://sonniss.com/sound-effects/chile-sound-library-faunethic/","/Charlie Atanasyan - Chile sound library by Faunethic/CHIL Market Village calm with voices light activity with sand ground footsteps.wav","market|of|a|village|small|and|calm|in|sandy|street|voices|light|activity|with|footsteps|on|sand|chil|village|ground|footstepswav|chile|sound|library|by|faunethic|charlie|atanasyan"
"CHIL SS Flamingo birds in large perspective light wind gust.wav","Chile sound library by Faunethic","Charlie Atanasyan","https://sonniss.com/sound-effects/chile-sound-library-faunethic/","/Charlie Atanasyan - Chile sound library by Faunethic/CHIL SS Flamingo birds in large perspective light wind gust.wav","chil|ss|flamingo|birds|in|large|perspective|light|wind|gustwav|chile|sound|library|by|faunethic|charlie|atanasyan"
"GEY Geyser hot water lapping and splashing with light pressure steam and bubbles.wav","Geyser sound library by Faunethic","Charlie Atanasyan","https://sonniss.com/sound-effects/geyser-sound-library-faunethic/","/Charlie Atanasyan - Geyser sound library by Faunethic/GEY Geyser hot water lapping and splashing with light pressure steam and bubbles.wav","gey|geyser|hot|water|lapping|and|splashing|with|light|pressure|steam|bubbleswav|geyser|sound|library|by|faunethic|charlie|atanasyan"
"GEY Steam release hot with medium pressure and light muddy bubbles.wav","Geyser sound library by Faunethic","Charlie Atanasyan","https://sonniss.com/sound-effects/geyser-sound-library-faunethic/","/Charlie Atanasyan - Geyser sound library by Faunethic/GEY Steam release hot with medium pressure and light muddy bubbles.wav","gey|steam|release|hot|with|medium|pressure|and|light|muddy|bubbleswav|geyser|sound|library|by|faunethic|charlie|atanasyan"
"ST Servo Motor metal spin speed variations.wav","Sonic Transmission by Faunethic","Charlie Atanasyan","https://sonniss.com/sound-effects/sonic-transmission-faunethic/","/Charlie Atanasyan - Sonic Transmission by Faunethic/ST Servo Motor metal spin speed variations.wav","st|servo|motor|metal|spin|speed|variationswav|sonic|transmission|by|faunethic|charlie|atanasyan"
"ST Water Oxygen crispy bubble.wav","Sonic Transmission by Faunethic","Charlie Atanasyan","https://sonniss.com/sound-effects/sonic-transmission-faunethic/","/Charlie Atanasyan - Sonic Transmission by Faunethic/ST Water Oxygen crispy bubble.wav","st|water|oxygen|crispy|bubblewav|sonic|transmission|by|faunethic|charlie|atanasyan"
"STFX Metal Bowl scrape very long resonance.wav","Sonic Transmission by Faunethic","Charlie Atanasyan","https://sonniss.com/sound-effects/sonic-transmission-faunethic/","/Charlie Atanasyan - Sonic Transmission by Faunethic/STFX Metal Bowl scrape very long resonance.wav","charlie|atanasyan|copyright|stfx|metal|bowl|scrape|very|long|resonancewav|sonic|transmission|by|faunethic|charlie|atanasyan"
"STFX Underwater Liquid very slow and low bubbles.wav","Sonic Transmission by Faunethic","Charlie Atanasyan","https://sonniss.com/sound-effects/sonic-transmission-faunethic/","/Charlie Atanasyan - Sonic Transmission by Faunethic/STFX Underwater Liquid very slow and low bubbles.wav","charlie|atanasyan|copyright|stfx|underwater|liquid|very|slow|and|low|bubbleswav|sonic|transmission|by|faunethic|charlie|atanasyan"
"TG_Bench Press_Shaking_01.wav","The Gym - Sounds Of Bodybuilding","Christophe Davaille","https://sonniss.com/sound-effects/gym-sounds-bodybuilding/","/Christophe Davaille – The Gym - Sounds Of Bodybuilding/TG_Bench Press_Shaking_01.wav","tg_bench|press_shaking_01wav|the|gym|-|sounds|of|bodybuilding|christophe|davaille"
"TG_Designed_Grave_Opening.wav","The Gym - Sounds Of Bodybuilding","Christophe Davaille","https://sonniss.com/sound-effects/gym-sounds-bodybuilding/","/Christophe Davaille – The Gym - Sounds Of Bodybuilding/TG_Designed_Grave_Opening.wav","tg_designed_grave_openingwav|the|gym|-|sounds|of|bodybuilding|christophe|davaille"
"TG_Pulling Bar_Threading & Unscrewing_02.wav","The Gym - Sounds Of Bodybuilding","Christophe Davaille","https://sonniss.com/sound-effects/gym-sounds-bodybuilding/","/Christophe Davaille – The Gym - Sounds Of Bodybuilding/TG_Pulling Bar_Threading & Unscrewing_02.wav","tg_pulling|bar_threading|&|unscrewing_02wav|the|gym|-|sounds|of|bodybuilding|christophe|davaille"
"TG_Weight Metal Plate 10kg_Dropped_01.wav","The Gym - Sounds Of Bodybuilding","Christophe Davaille","https://sonniss.com/sound-effects/gym-sounds-bodybuilding/","/Christophe Davaille – The Gym - Sounds Of Bodybuilding/TG_Weight Metal Plate 10kg_Dropped_01.wav","tg_weight|metal|plate|10kg_dropped_01wav|the|gym|-|sounds|of|bodybuilding|christophe|davaille"
"THAILAND, BANGKOK, ROOMTONE SLEEPING ROOM CONDOMINUM DAYTIME, WINDOW CLOSED, QUIET TRAFFIC AND BIRDS FROM OUTSIDE, VERS3, AT04-104.wav","AUTHENTIC THAILAND SFX VOL 4","creativeaudiopool","https://sonniss.com/sound-effects/authentic-thailand-sfx-vol-4/","/creativeaudiopool - AUTHENTIC THAILAND SFX-VOL 4/THAILAND, BANGKOK, ROOMTONE SLEEPING ROOM CONDOMINUM DAYTIME, WINDOW CLOSED, QUIET TRAFFIC AND BIRDS FROM OUTSIDE, VERS3, AT04-104.wav","thailand|bangkok|roomtone|sleeping|room|condominum|daytime|window|closed|quiet|traffic|and|birds|from|outside|vers3|at04104wav|authentic|thailand|sfx|vol|4|creativeaudiopool"
"THAILAND, HUA HIN, KHAO SAM ROI YOT NATIONAL PARK, LONGTAILBOAT, MOTOR RUNNING, HIGH SPEED TO STOP, AT04-116.wav","AUTHENTIC THAILAND SFX VOL 4","creativeaudiopool","https://sonniss.com/sound-effects/authentic-thailand-sfx-vol-4/","/creativeaudiopool - AUTHENTIC THAILAND SFX-VOL 4/THAILAND, HUA HIN, KHAO SAM ROI YOT NATIONAL PARK, LONGTAILBOAT, MOTOR RUNNING, HIGH SPEED TO STOP, AT04-116.wav","thailand|hua|hin|khao|sam|roi|yot|national|park|longtailboat|motor|running|high|speed|to|stop|at04116wav|authentic|thailand|sfx|vol|4|creativeaudiopool"
"THAILAND, KOH CHANG TRAT, WAT KHLONGPHRAO, CALM MIDDAY, BIRDS, DISTANT ACTIVITIES AND TRAFFIC, VERS2, AT04-141.wav","AUTHENTIC THAILAND SFX VOL 4","creativeaudiopool","https://sonniss.com/sound-effects/authentic-thailand-sfx-vol-4/","/creativeaudiopool - AUTHENTIC THAILAND SFX-VOL 4/THAILAND, KOH CHANG TRAT, WAT KHLONGPHRAO, CALM MIDDAY, BIRDS, DISTANT ACTIVITIES AND TRAFFIC, VERS2, AT04-141.wav","thailand|koh|chang|trat|wat|khlongphrao|calm|midday|birds|distant|activities|and|traffic|vers2|at04141wav|authentic|thailand|sfx|vol|4|creativeaudiopool"
"THAILAND, KORAT, KAO YAI NATIONAL PARK, AFTERNOON, JUNGLE WITH MANY BIRDS, DRPPING FROM TREES, INSECTS, LIGHT WIND_VERS1, AT04-002.wav","AUTHENTIC THAILAND SFX VOL 4","creativeaudiopool","https://sonniss.com/sound-effects/authentic-thailand-sfx-vol-4/","/creativeaudiopool - AUTHENTIC THAILAND SFX-VOL 4/THAILAND, KORAT, KAO YAI NATIONAL PARK, AFTERNOON, JUNGLE WITH MANY BIRDS, DRPPING FROM TREES, INSECTS, LIGHT WIND_VERS1, AT04-002.wav","thailand|korat|kao|yai|national|park|afternoon|jungle|with|many|birds|drpping|from|trees|insects|light|wind_vers1|at04002wav|authentic|thailand|sfx|vol|4|creativeaudiopool"
"BERLIN, ORANIENPLATZ, INBETWEEN TRACKS IN FRONT OF TRAFFIC LIGHTS, DIRECTION MORITZPLATZ, BUSY TRAFFIC, PEDESTRIANS, MIDDAY, VERS 1, UB03-005.wav","URBAN BERLIN VOL. 3","creativeaudiopool","https://sonniss.com/sound-effects/urban-berlin-vol-3/","/creativeaudiopool - URBAN BERLIN VOL. 3/BERLIN, ORANIENPLATZ, INBETWEEN TRACKS IN FRONT OF TRAFFIC LIGHTS, DIRECTION MORITZPLATZ, BUSY TRAFFIC, PEDESTRIANS, MIDDAY, VERS 1, UB03-005.wav","berlin|oranienplatz|inbetween|tracks|in|front|of|traffic|lights|direction|moritzplatz|busy|pedestrians|midday|vers|1|ub03005wav|urban|berlin|vol.|3|creativeaudiopool"
"BERLIN, PLAYGROUND GRIMMSTRASSE, MID CLOSE TRAFFIC, AMBULANCE SIREN, KIDS AND THEIR PARENTS, SCHOOLCLASS COMING, BIRDS,MIDDAY, VERS 1, UB03-009.wav","URBAN BERLIN VOL. 3","creativeaudiopool","https://sonniss.com/sound-effects/urban-berlin-vol-3/","/creativeaudiopool - URBAN BERLIN VOL. 3/BERLIN, PLAYGROUND GRIMMSTRASSE, MID CLOSE TRAFFIC, AMBULANCE SIREN, KIDS AND THEIR PARENTS, SCHOOLCLASS COMING, BIRDS,MIDDAY, VERS 1, UB03-009.wav","berlin|playground|grimmstrasse|mid|close|traffic|ambulance|siren|kids|and|their|parents|schoolclass|coming|birds|midday|vers|1|ub03009wav|urban|berlin|vol.|3|creativeaudiopool"
"Effect - uplifter (8).wav","Uplifter pack","Daumantas Ercmonas","https://sonniss.com/sound-effects/uplifter-pack/","/Daumantas Ercmonas - Uplifter pack/Effect - uplifter (8).wav","effect|uplifter|(8)wav|uplifter|pack|daumantas|ercmonas"
"Effect - uplifter (23).wav","Uplifter pack","Daumantas Ercmonas","https://sonniss.com/sound-effects/uplifter-pack/","/Daumantas Ercmonas - Uplifter pack/Effect - uplifter (23).wav","effect|uplifter|(23)wav|uplifter|pack|daumantas|ercmonas"
"Effect - uplifter (48).wav","Uplifter pack","Daumantas Ercmonas","https://sonniss.com/sound-effects/uplifter-pack/","/Daumantas Ercmonas - Uplifter pack/Effect - uplifter (48).wav","effect|uplifter|(48)wav|uplifter|pack|daumantas|ercmonas"
"Effect - uplifter (90).wav","Uplifter pack","Daumantas Ercmonas","https://sonniss.com/sound-effects/uplifter-pack/","/Daumantas Ercmonas - Uplifter pack/Effect - uplifter (90).wav","effect|uplifter|(90)wav|uplifter|pack|daumantas|ercmonas"
"Geese 2016 Steens Dawn Goose Flyby Pair.WAV","American Desert Birds","Discover Oregon","https://sonniss.com/sound-effects/western-desert-birds/","/Discover Oregon - American Desert Birds/Geese 2016 Steens Dawn Goose Flyby Pair.WAV","geese|2016|steens|dawn|goose|flyby|pairwav|american|desert|birds|discover|oregon"
"Nighthawk 2017 Sutton July Dawn Nighthawk Competition 2.WAV","American Desert Birds","Discover Oregon","https://sonniss.com/sound-effects/western-desert-birds/","/Discover Oregon - American Desert Birds/Nighthawk 2017 Sutton July Dawn Nighthawk Competition 2.WAV","nighthawk|2017|sutton|july|dawn|competition|2wav|american|desert|birds|discover|oregon"
"Owls 2016 Owl Chirp + Flyby.WAV","American Desert Birds","Discover Oregon","https://sonniss.com/sound-effects/western-desert-birds/","/Discover Oregon - American Desert Birds/Owls 2016 Owl Chirp + Flyby.WAV","owls|2016|owl|chirp|+|flybywav|american|desert|birds|discover|oregon"
"Owls 2017.03.20 - Owl Screeches.WAV","American Desert Birds","Discover Oregon","https://sonniss.com/sound-effects/western-desert-birds/","/Discover Oregon - American Desert Birds/Owls 2017.03.20 - Owl Screeches.WAV","owls|20170320|owl|screecheswav|american|desert|birds|discover|oregon"
"Coyotes 2015 Medlock Loudest Quiet Coyotes 1.WAV","Coyotes","Discover Oregon","https://sonniss.com/sound-effects/coyotes/","/Discover Oregon - Coyotes/Coyotes 2015 Medlock Loudest Quiet Coyotes 1.WAV","coyotes|2015|medlock|loudest|quiet|1wav|discover|oregon"
"Coyotes 2015.13.28_Sutton_CloseCoyoteNR1.wav","Coyotes","Discover Oregon","https://sonniss.com/sound-effects/coyotes/","/Discover Oregon - Coyotes/Coyotes 2015.13.28_Sutton_CloseCoyoteNR1.wav","coyotes|20151328_sutton_closecoyotenr1wav|discover|oregon"
"Coyotes 2016 Medlock Fall Gusts and Creaks Coyotes  .wav","Coyotes","Discover Oregon","https://sonniss.com/sound-effects/coyotes/","/Discover Oregon - Coyotes/Coyotes 2016 Medlock Fall Gusts and Creaks Coyotes  .wav","coyotes|2016|medlock|fall|gusts|and|creaks|wav|discover|oregon"
"Coyotes 2016 Steens Night Dim Coyotes.WAV","Coyotes","Discover Oregon","https://sonniss.com/sound-effects/coyotes/","/Discover Oregon - Coyotes/Coyotes 2016 Steens Night Dim Coyotes.WAV","coyotes|2016|steens|night|dim|coyoteswav|discover|oregon"
"Hood Spring 2016 Hood Spring High Bird 6.WAV","Forest Meadow Birds","Discover Oregon","https://sonniss.com/sound-effects/forest-meadow-birds/","/Discover Oregon - Forest Meadow Birds/Hood Spring 2016 Hood Spring High Bird 6.WAV","hood|spring|2016|high|bird|6wav|forest|meadow|birds|discover|oregon"
"Hood Spring 2016 Hood Spring Lookout Birds 6.WAV","Forest Meadow Birds","Discover Oregon","https://sonniss.com/sound-effects/forest-meadow-birds/","/Discover Oregon - Forest Meadow Birds/Hood Spring 2016 Hood Spring Lookout Birds 6.WAV","hood|spring|2016|lookout|birds|6wav|forest|meadow|birds|discover|oregon"
"Hood Spring 2016 Lookout Snow - Second Birds.WAV","Forest Meadow Birds","Discover Oregon","https://sonniss.com/sound-effects/forest-meadow-birds/","/Discover Oregon - Forest Meadow Birds/Hood Spring 2016 Lookout Snow - Second Birds.WAV","hood|spring|2016|lookout|snow|second|birdswav|forest|meadow|birds|discover|oregon"
"Squirrel 2017 Lookout Hood Dawn Loud Squirrel 3.WAV","Forest Meadow Birds","Discover Oregon","https://sonniss.com/sound-effects/forest-meadow-birds/","/Discover Oregon - Forest Meadow Birds/Squirrel 2017 Lookout Hood Dawn Loud Squirrel 3.WAV","squirrel|2017|lookout|hood|dawn|loud|3wav|forest|meadow|birds|discover|oregon"
"Lava Lava Gets Close.WAV","Lava from the Kilauea Volcano in Hawaii","Discover Oregon","https://sonniss.com/sound-effects/lava-kilauea-volcano-hawaii/","/Discover Oregon - Lava from the Kilauea Volcano in Hawaii/Lava Lava Gets Close.WAV","lava|gets|closewav|lava|from|the|kilauea|volcano|in|hawaii|discover|oregon"
"Lava Lava Short Windy 10.WAV","Lava from the Kilauea Volcano in Hawaii","Discover Oregon","https://sonniss.com/sound-effects/lava-kilauea-volcano-hawaii/","/Discover Oregon - Lava from the Kilauea Volcano in Hawaii/Lava Lava Short Windy 10.WAV","lava|short|windy|10wav|lava|from|the|kilauea|volcano|in|hawaii|discover|oregon"
"Lava Lava Short Windy Crackles.WAV","Lava from the Kilauea Volcano in Hawaii","Discover Oregon","https://sonniss.com/sound-effects/lava-kilauea-volcano-hawaii/","/Discover Oregon - Lava from the Kilauea Volcano in Hawaii/Lava Lava Short Windy Crackles.WAV","lava|short|windy|crackleswav|lava|from|the|kilauea|volcano|in|hawaii|discover|oregon"
"Lava Lava Windy.WAV","Lava from the Kilauea Volcano in Hawaii","Discover Oregon","https://sonniss.com/sound-effects/lava-kilauea-volcano-hawaii/","/Discover Oregon - Lava from the Kilauea Volcano in Hawaii/Lava Lava Windy.WAV","lava|windywav|lava|from|the|kilauea|volcano|in|hawaii|discover|oregon"
"Ravens 2015 Medlock Raven Close Audio Extracted.wav","Ravens and Robins","Discover Oregon","https://sonniss.com/sound-effects/ravens-robins/","/Discover Oregon - Ravens and Robins/Ravens 2015 Medlock Raven Close Audio Extracted.wav","ravens|2015|medlock|raven|close|audio|extractedwav|ravens|and|robins|discover|oregon"
"Ravens 2015 Medlock Ravens 3.WAV","Ravens and Robins","Discover Oregon","https://sonniss.com/sound-effects/ravens-robins/","/Discover Oregon - Ravens and Robins/Ravens 2015 Medlock Ravens 3.WAV","ravens|2015|medlock|3wav|ravens|and|robins|discover|oregon"
"Robins 2015 Medlock Dawn Robins.wav","Ravens and Robins","Discover Oregon","https://sonniss.com/sound-effects/ravens-robins/","/Discover Oregon - Ravens and Robins/Robins 2015 Medlock Dawn Robins.wav","robins|2015|medlock|dawn|robinswav|ravens|and|robins|discover|oregon"
"Robins 2016 Medlock Fall Robins.wav","Ravens and Robins","Discover Oregon","https://sonniss.com/sound-effects/ravens-robins/","/Discover Oregon - Ravens and Robins/Robins 2016 Medlock Fall Robins.wav","robins|2016|medlock|fall|robinswav|ravens|and|robins|discover|oregon"
"Crickets 17 - Crickets Interlude.wav","Wilderness Crickets","Discover Oregon","https://sonniss.com/sound-effects/wilderness-crickets/","/Discover Oregon - Wilderness Crickets/Crickets 17 - Crickets Interlude.wav","crickets|17|interludewav|wilderness|crickets|discover|oregon"
"Crickets 2015 Kiger Lookout Night Crickets Gusts Gentle.WAV","Wilderness Crickets","Discover Oregon","https://sonniss.com/sound-effects/wilderness-crickets/","/Discover Oregon - Wilderness Crickets/Crickets 2015 Kiger Lookout Night Crickets Gusts Gentle.WAV","crickets|2015|kiger|lookout|night|gusts|gentlewav|wilderness|crickets|discover|oregon"
"Crickets quiet lime hill 1.WAV","Wilderness Crickets","Discover Oregon","https://sonniss.com/sound-effects/wilderness-crickets/","/Discover Oregon - Wilderness Crickets/Crickets quiet lime hill 1.WAV","crickets|quiet|lime|hill|1wav|wilderness|crickets|discover|oregon"
"Crickets SuttonCricket3.WAV","Wilderness Crickets","Discover Oregon","https://sonniss.com/sound-effects/wilderness-crickets/","/Discover Oregon - Wilderness Crickets/Crickets SuttonCricket3.WAV","crickets|suttoncricket3wav|wilderness|crickets|discover|oregon"
"Creaks and Snaps 2017.03.20 - Gentle Tree Creaks.WAV","Wind and Storms","Discover Oregon","https://sonniss.com/sound-effects/wind-storms/","/Discover Oregon - Wind and Storms/Creaks and Snaps 2017.03.20 - Gentle Tree Creaks.WAV","creaks|and|snaps|20170320|gentle|tree|creakswav|wind|and|storms|discover|oregon"
"Rain 2014 Frogs Rain.wav","Wind and Storms","Discover Oregon","https://sonniss.com/sound-effects/wind-storms/","/Discover Oregon - Wind and Storms/Rain 2014 Frogs Rain.wav","rain|2014|frogs|rainwav|wind|and|storms|discover|oregon"
"Rain 2016 Steens Rain No Pops Short 4.WAV","Wind and Storms","Discover Oregon","https://sonniss.com/sound-effects/wind-storms/","/Discover Oregon - Wind and Storms/Rain 2016 Steens Rain No Pops Short 4.WAV","rain|2016|steens|no|pops|short|4wav|wind|and|storms|discover|oregon"
"Wind Gusts 2016 Lookout Snow - Biggest Gusts Long.wav","Wind and Storms","Discover Oregon","https://sonniss.com/sound-effects/wind-storms/","/Discover Oregon - Wind and Storms/Wind Gusts 2016 Lookout Snow - Biggest Gusts Long.wav","wind|gusts|2016|lookout|snow|biggest|longwav|wind|and|storms|discover|oregon"
"Coast 2014 Coast Mono 1.wav","Ocean and Stream:","Discover Oregon","https://sonniss.com/sound-effects/ocean-stream/","/Discover Oregon – Ocean and Stream/Coast 2014 Coast Mono 1.wav","coast|2014|mono|1wav|ocean|and|stream:|discover|oregon"
"Ocean Waves 2017 Kauai Night Waves.WAV","Ocean and Stream:","Discover Oregon","https://sonniss.com/sound-effects/ocean-stream/","/Discover Oregon – Ocean and Stream/Ocean Waves 2017 Kauai Night Waves.WAV","ocean|waves|2017|kauai|night|waveswav|ocean|and|stream:|discover|oregon"
"Streams 2014 McKenzie 1.wav","Ocean and Stream:","Discover Oregon","https://sonniss.com/sound-effects/ocean-stream/","/Discover Oregon – Ocean and Stream/Streams 2014 McKenzie 1.wav","streams|2014|mckenzie|1wav|ocean|and|stream:|discover|oregon"
"Streams quietstream.wav","Ocean and Stream:","Discover Oregon","https://sonniss.com/sound-effects/ocean-stream/","/Discover Oregon – Ocean and Stream/Streams quietstream.wav","streams|quietstreamwav|ocean|and|stream:|discover|oregon"
"Dremel - Sustain Speed 15 [SDC Cardoid Stereo].wav","Power Tools","Double Trouble Audio","https://sonniss.com/sound-effects/power-tools-2/","/Double Trouble Audio - Power Tools/Dremel - Sustain Speed 15 [SDC Cardoid Stereo].wav","power|tools|electric|motor|small;|dremel|sustain|speed|15|recorded|in|stereo|with|two|sdc|cardoid|microphones|[sdc|stereo]wav|power|tools|double|trouble|audio"
"Jig Saw B - Sustain Close [SDC Cardoid Stereo].wav","Power Tools","Double Trouble Audio","https://sonniss.com/sound-effects/power-tools-2/","/Double Trouble Audio - Power Tools/Jig Saw B - Sustain Close [SDC Cardoid Stereo].wav","power|tools|electric|motor|small;|jig|saw|b|sustain|close|recorded|in|stereo|with|two|sdc|cardoid|microphones|[sdc|stereo]wav|power|tools|double|trouble|audio"
"Screwdriver B - Sustain Fluctutaing Close [Dynamic Mono].wav","Power Tools","Double Trouble Audio","https://sonniss.com/sound-effects/power-tools-2/","/Double Trouble Audio - Power Tools/Screwdriver B - Sustain Fluctutaing Close [Dynamic Mono].wav","power|tools|electric|motor|small;|screwdriver|b|sustain|fluctutaing|close|recorded|in|mono|with|a|dynamic|microphone|[dynamic|mono]wav|power|tools|double|trouble|audio"
"Small Vibrating Saw - On Off Close [Dynamic Mono].wav","Power Tools","Double Trouble Audio","https://sonniss.com/sound-effects/power-tools-2/","/Double Trouble Audio - Power Tools/Small Vibrating Saw - On Off Close [Dynamic Mono].wav","power|tools|electric|motor|small;|small|vibrating|saw|on|off|close|recorded|in|mono|with|a|dynamic|microphone|[dynamic|mono]wav|power|tools|double|trouble|audio"
"Baby 1 month breast feeding 2.wav","Babies & Kids The Ultimate Collection","DsoundE","https://sonniss.com/sound-effects/babies-kids-ultimate-collection/","/DsoundE - Babies & Kids - The Ultimate Collection/Baby 1 month breast feeding 2.wav","baby|1|month|breast|feeding|2wav|babies|&|kids|the|ultimate|collection|dsounde"
"Baby 5 months babbling whining happy annoyed.wav","Babies & Kids The Ultimate Collection","DsoundE","https://sonniss.com/sound-effects/babies-kids-ultimate-collection/","/DsoundE - Babies & Kids - The Ultimate Collection/Baby 5 months babbling whining happy annoyed.wav","baby|5|months|babbling|whining|happy|annoyedwav|babies|&|kids|the|ultimate|collection|dsounde"
"Baby 15 days crying hard 1.wav","Babies & Kids The Ultimate Collection","DsoundE","https://sonniss.com/sound-effects/babies-kids-ultimate-collection/","/DsoundE - Babies & Kids - The Ultimate Collection/Baby 15 days crying hard 1.wav","baby|15|days|crying|hard|1wav|babies|&|kids|the|ultimate|collection|dsounde"
"Group kids uhh ahh.wav","Babies & Kids The Ultimate Collection","DsoundE","https://sonniss.com/sound-effects/babies-kids-ultimate-collection/","/DsoundE - Babies & Kids - The Ultimate Collection/Group kids uhh ahh.wav","group|kids|uhh|ahhwav|babies|&|kids|the|ultimate|collection|dsounde"
"Coin_Wood_Table_Singles_Drop_Spin_Takes_5.wav","COINAGE","Effectsworks","https://sonniss.com/sound-effects/coinage/","/Effectsworks - COINAGE/Coin_Wood_Table_Singles_Drop_Spin_Takes_5.wav","coin|single|wood|drop|table|spinning|neumann|kmr|81|sound|devices|coin_wood_table_singles_drop_spin_takes_5wav|coinage|effectsworks"
"Coins_Hand_Jingle_Movement_Takes_6.wav","COINAGE","Effectsworks","https://sonniss.com/sound-effects/coinage/","/Effectsworks - COINAGE/Coins_Hand_Jingle_Movement_Takes_6.wav","coins|in|hand|jingle|movement|handling|shaking|neumann|kmr|81|sound|devices|coins_hand_jingle_movement_takes_6wav|coinage|effectsworks"
"Coins_Pouch_Leather_Drop_Into_Takes_3.wav","COINAGE","Effectsworks","https://sonniss.com/sound-effects/coinage/","/Effectsworks - COINAGE/Coins_Pouch_Leather_Drop_Into_Takes_3.wav","coins|pouch|leather|drop|into|neumann|kmr|81|sound|devices|coins_pouch_leather_drop_into_takes_3wav|coinage|effectsworks"
"Coins_Wood_Slide_Gather_Takes_10.wav","COINAGE","Effectsworks","https://sonniss.com/sound-effects/coinage/","/Effectsworks - COINAGE/Coins_Wood_Slide_Gather_Takes_10.wav","coins|slide|wood|table|gather|movement|collect|neumann|kmr|81|sound|devices|coins_wood_slide_gather_takes_10wav|coinage|effectsworks"
"Card_Cardboard_Box_2_Creak_Small_File_3_Takes_7.wav","CREAKS, SQUEAKS & SQUEALS:","Effectsworks","https://sonniss.com/sound-effects/creaks-squeaks-squeals/","/Effectsworks – CREAKS, SQUEAKS & SQUEALS/Card_Cardboard_Box_2_Creak_Small_File_3_Takes_7.wav","cardboard|box|small|crushing|moving|creak|creaking|squeaking|mono|ntg3|card_cardboard_box_2_creak_small_file_3_takes_7wav|creaks,|squeaks|&|squeals:|effectsworks"
"Leather_Scrunch_Jacket_Biker_File_3_Takes_7.wav","CREAKS, SQUEAKS & SQUEALS:","Effectsworks","https://sonniss.com/sound-effects/creaks-squeaks-squeals/","/Effectsworks – CREAKS, SQUEAKS & SQUEALS/Leather_Scrunch_Jacket_Biker_File_3_Takes_7.wav","leather|jacket|biker|scrunch|crunching|squeak|creaking|creak|mono|mkh8050|leather_scrunch_jacket_biker_file_3_takes_7wav|creaks,|squeaks|&|squeals:|effectsworks"
"Plastic_Creak_Bottle_File_2_Takes_7.wav","CREAKS, SQUEAKS & SQUEALS:","Effectsworks","https://sonniss.com/sound-effects/creaks-squeaks-squeals/","/Effectsworks – CREAKS, SQUEAKS & SQUEALS/Plastic_Creak_Bottle_File_2_Takes_7.wav","plastic|bottle|case|squeak|creaking|creak|mono|ntg3|plastic_creak_bottle_file_2_takes_7wav|creaks,|squeaks|&|squeals:|effectsworks"
"Wood_Creak_Basket_File_3_Takes_9.wav","CREAKS, SQUEAKS & SQUEALS:","Effectsworks","https://sonniss.com/sound-effects/creaks-squeaks-squeals/","/Effectsworks – CREAKS, SQUEAKS & SQUEALS/Wood_Creak_Basket_File_3_Takes_9.wav","wood|wicker|basket|small|creak|squeak|creaking|squeaking|stereo|sony|pcmd100|wood_creak_basket_file_3_takes_9wav|creaks,|squeaks|&|squeals:|effectsworks"
"OutwardInversion,contactmic,BB,cellphone,broken,vibration,notification,long,alt3.wav","Outward Inversion","Eiravaein Works","https://sonniss.com/sound-effects/outward-inversion/","/Eiravaein Works - Outward Inversion/OutwardInversion,contactmic,BB,cellphone,broken,vibration,notification,long,alt3.wav","outwardinversion|contactmic|bb|cellphone|broken|vibration|notification|long|alt3|alt3wav|outward|inversion|eiravaein|works"
"OutwardInversion,contactmic,BB,garagedoor,operate,mechanical,open,door,panel,boomy,full.wav","Outward Inversion","Eiravaein Works","https://sonniss.com/sound-effects/outward-inversion/","/Eiravaein Works - Outward Inversion/OutwardInversion,contactmic,BB,garagedoor,operate,mechanical,open,door,panel,boomy,full.wav","outwardinversion|contactmic|bb|garagedoor|operate|mechanical|open|door|panel|boomy|full|fullwav|outward|inversion|eiravaein|works"
"OutwardInversion,contactmic,homemade,AirIntake,grate,single,rake,crescendo.wav","Outward Inversion","Eiravaein Works","https://sonniss.com/sound-effects/outward-inversion/","/Eiravaein Works - Outward Inversion/OutwardInversion,contactmic,homemade,AirIntake,grate,single,rake,crescendo.wav","outwardinversion|airintake|grate|single|rake|crescendo|contactmic|homemade|crescendowav|outward|inversion|eiravaein|works"
"OutwardInversion,contactmic,homemade,VinylRecord,scratch,arch,stutter,zigzag,multiples.wav","Outward Inversion","Eiravaein Works","https://sonniss.com/sound-effects/outward-inversion/","/Eiravaein Works - Outward Inversion/OutwardInversion,contactmic,homemade,VinylRecord,scratch,arch,stutter,zigzag,multiples.wav","outwardinversion|contactmic|vinylrecord|scratch|arch|stutter|zigzag|multiples|contactmic|homemade|multipleswav|outward|inversion|eiravaein|works"
"Tubular,Copperpipe,tight,5ftL,075inDia,dragging,scraping,raspy,tonal,out,short,shudder.wav","Tubular","Eiravaein Works","https://sonniss.com/sound-effects/tubular/","/Eiravaein Works - Tubular/Tubular,Copperpipe,tight,5ftL,075inDia,dragging,scraping,raspy,tonal,out,short,shudder.wav","tubular|copperpipe|tight|5ftl|075india|dragging|scraping|raspy|tonal|out|short|shudder|shudderwav|eiravaein|works"
"Tubular,PVCpipe,10ftL,1inDia,plasticdrawstring,pulling,crumpling,crispy,open,2.wav","Tubular","Eiravaein Works","https://sonniss.com/sound-effects/tubular/","/Eiravaein Works - Tubular/Tubular,PVCpipe,10ftL,1inDia,plasticdrawstring,pulling,crumpling,crispy,open,2.wav","tubular|pvcpipe|10ftl|1india|fx|plasticdrawstring|pulling|crumpling|crispy|open|2wav|eiravaein|works"
"Tubular,ReinforcedBlackVinyltube,extrathick,deformations,curved,flexible,6ftL,1inDia,clothsweep,smooth,out,1.wav","Tubular","Eiravaein Works","https://sonniss.com/sound-effects/tubular/","/Eiravaein Works - Tubular/Tubular,ReinforcedBlackVinyltube,extrathick,deformations,curved,flexible,6ftL,1inDia,clothsweep,smooth,out,1.wav","tubular|reinforcedblackvinyltube|extrathick|deformations|curved|flexible|6ftl|1india|clothsweep|smooth|out|1wav|eiravaein|works"
"Tubular,VacuumHose,thinplasticmembrane,wirecoil,dust,collapsible,halfexpanded,5ftL,1inDia,tinybell,shake,rattle,ring,irregular,constant.wav","Tubular","Eiravaein Works","https://sonniss.com/sound-effects/tubular/","/Eiravaein Works - Tubular/Tubular,VacuumHose,thinplasticmembrane,wirecoil,dust,collapsible,halfexpanded,5ftL,1inDia,tinybell,shake,rattle,ring,irregular,constant.wav","tubular|vacuumhose|thinplasticmembrane|wirecoil|dust|collapsible|halfexpanded|5ftl|1india|tinybell|shake|rattle|ring|irregular|constant|constantwav|eiravaein|works"
"AMB,urban,day,kayaking,ColoradoRiver,Austin,TX,tandemkayak,paddle,calm,relaxingspeed,waterlevel,facingfront,XY.WAV","Vaeyan IV","Eiravaein Works","https://sonniss.com/sound-effects/vaeyan-iv/","/Eiravaein Works - Vaeyan IV/AMB,urban,day,kayaking,ColoradoRiver,Austin,TX,tandemkayak,paddle,calm,relaxingspeed,waterlevel,facingfront,XY.WAV","amb|urban|day|kayaking|coloradoriver|austin|tx|tandemkayak|paddle|calm|relaxingspeed|waterlevel|facingfront|xywav|vaeyan|iv|eiravaein|works"
"Cabin,frontdoor,deadbolt,lock,latch,thick,open,hyper.wav","Vaeyan IV","Eiravaein Works","https://sonniss.com/sound-effects/vaeyan-iv/","/Eiravaein Works - Vaeyan IV/Cabin,frontdoor,deadbolt,lock,latch,thick,open,hyper.wav","ew|cabin|frontdoor|deadbolt|lock|latch|thick|open|hyper|cabin|hyperwav|vaeyan|iv|eiravaein|works"
"CookieJar,ceramic,glazed,irregularshape,hollowbase,hollowtop,rough,resonant,tonal,jostle,long,strong,2.wav","Vaeyan IV","Eiravaein Works","https://sonniss.com/sound-effects/vaeyan-iv/","/Eiravaein Works - Vaeyan IV/CookieJar,ceramic,glazed,irregularshape,hollowbase,hollowtop,rough,resonant,tonal,jostle,long,strong,2.wav","ew|cookiejar|ceramic|glazed|irregularshape|hollowbase|hollowtop|rough|resonant|tonal|jostle|long|strong|2wav|vaeyan|iv|eiravaein|works"
"WristRocketPro,slingshot,BlackMambabands,dryfiring,slap,rubber,rustle,shot,7.wav","Vaeyan IV","Eiravaein Works","https://sonniss.com/sound-effects/vaeyan-iv/","/Eiravaein Works - Vaeyan IV/WristRocketPro,slingshot,BlackMambabands,dryfiring,slap,rubber,rustle,shot,7.wav","ew|wristrocketpro|slingshot|blackmambabands|dryfiring|slap|rubber|rustle|shot|7wav|vaeyan|iv|eiravaein|works"
"EG_2007 Mini Cooper Sidewalk_Double Honk 02.wav","2007 Mini Cooper S","Erik Gendron","https://sonniss.com/sound-effects/2007-mini-cooper/","/Erik Gendron - 2007 Mini-Cooper S/EG_2007 Mini Cooper Sidewalk_Double Honk 02.wav","cars|2007|mini|cooper|sidewalk|horn|double|honk|eg_2007|sidewalk_double|02wav|2007|mini|cooper|s|erik|gendron"
"EG_2007 Mini Cooper Sidewalk_Idle close door and shut down_Full.wav","2007 Mini Cooper S","Erik Gendron","https://sonniss.com/sound-effects/2007-mini-cooper/","/Erik Gendron - 2007 Mini-Cooper S/EG_2007 Mini Cooper Sidewalk_Idle close door and shut down_Full.wav","cars|2007|mini|cooper|sidewalk|idle|engine|close|door|and|shut|down|muffler|eg_2007|sidewalk_idle|close|down_fullwav|2007|mini|cooper|s|erik|gendron"
"SPACESHIP-INTERIORS-ALARM-7.wav","Spaceship Interiors","Filmnoise Inc","https://sonniss.com/sound-effects/spaceship-interiors/","/Filmnoise Inc - Spaceship Interiors/SPACESHIP-INTERIORS-ALARM-7.wav","high|tech|sci|fi|spaceship|alarm|klaxon|alert|spaceshipinteriorsalarm7wav|spaceship|interiors|filmnoise|inc"
"SPACESHIP-INTERIORS-HIGH-16.wav","Spaceship Interiors","Filmnoise Inc","https://sonniss.com/sound-effects/spaceship-interiors/","/Filmnoise Inc - Spaceship Interiors/SPACESHIP-INTERIORS-HIGH-16.wav","high|tech|sci|fi|spaceship|interior|room|tone|ambience|background|science|fiction|pitch|spaceshipinteriorshigh16wav|spaceship|interiors|filmnoise|inc"
"SPACESHIP-INTERIORS-LOW-10.wav","Spaceship Interiors","Filmnoise Inc","https://sonniss.com/sound-effects/spaceship-interiors/","/Filmnoise Inc - Spaceship Interiors/SPACESHIP-INTERIORS-LOW-10.wav","high|tech|sci|fi|spaceship|interior|room|tone|ambience|background|science|fiction|low|pitch|spaceshipinteriorslow10wav|spaceship|interiors|filmnoise|inc"
"SPACESHIP-INTERIORS-LOW-53.wav","Spaceship Interiors","Filmnoise Inc","https://sonniss.com/sound-effects/spaceship-interiors/","/Filmnoise Inc - Spaceship Interiors/SPACESHIP-INTERIORS-LOW-53.wav","high|tech|sci|fi|spaceship|interior|room|tone|ambience|background|science|fiction|low|pitch|spaceshipinteriorslow53wav|spaceship|interiors|filmnoise|inc"
"X50104 BMW X5 M EXHAUST 1 start idle stop.wav","BMW X5 M","FLYSOUND","https://sonniss.com/sound-effects/bmw-x5/","/FLYSOUND - BMW X5 M/X50104 BMW X5 M EXHAUST 1 start idle stop.wav","bmw|x5|m|2010|gasoline|||onboard|close|exhaust|start|idle|stop|l|x50104|exhaust|1|stopwav|bmw|x5|m|flysound"
"X50906 BMW X5 M INTERIOR 1 fast drive away and sow approach.wav","BMW X5 M","FLYSOUND","https://sonniss.com/sound-effects/bmw-x5/","/FLYSOUND - BMW X5 M/X50906 BMW X5 M INTERIOR 1 fast drive away and sow approach.wav","bmw|x5|m|2010|gasoline|||interior|fast|drive|away|and|slow|approach|l|x50906|interior|1|sow|approachwav|bmw|x5|m|flysound"
"X52108 BMW X5 M SPOT A BOOM 1 very slow drive and approach.wav","BMW X5 M","FLYSOUND","https://sonniss.com/sound-effects/bmw-x5/","/FLYSOUND - BMW X5 M/X52108 BMW X5 M SPOT A BOOM 1 very slow drive and approach.wav","bmw|x5|m|2010|gasoline|||exterior|position|a|boom|very|slow|drive|and|approach|l|x52108|spot|boom|1|approachwav|bmw|x5|m|flysound"
"X52803 BMW X5 M SPOT A BOOM 1 window open close.wav","BMW X5 M","FLYSOUND","https://sonniss.com/sound-effects/bmw-x5/","/FLYSOUND - BMW X5 M/X52803 BMW X5 M SPOT A BOOM 1 window open close.wav","bmw|x5|m|2010|gasoline|||exterior|position|a|boom|window|open|close|l|x52803|spot|boom|1|closewav|bmw|x5|m|flysound"
"LD0405 Land Rover Defender SPOT A LR idle medium revs.wav","Land Rover Defender","FLYSOUND","https://sonniss.com/sound-effects/land-rover-defender/","/FLYSOUND - Land Rover Defender/LD0405 Land Rover Defender SPOT A LR idle medium revs.wav","land|rover|defender|2007|diesel|||idle|medium|revs|exterior|back|position|ld0405|spot|a|lr|revswav|land|rover|defender|flysound"
"LD2209 Land Rover Defender WHEEL various medium passes.wav","Land Rover Defender","FLYSOUND","https://sonniss.com/sound-effects/land-rover-defender/","/FLYSOUND - Land Rover Defender/LD2209 Land Rover Defender WHEEL various medium passes.wav","land|rover|defender|2007|diesel|||various|medium|passes|onboard|wheel|ld2209|wheel|passeswav|land|rover|defender|flysound"
"LD3403 Land Rover Defender INTERIOR various drive open window, quad.wav","Land Rover Defender","FLYSOUND","https://sonniss.com/sound-effects/land-rover-defender/","/FLYSOUND - Land Rover Defender/LD3403 Land Rover Defender INTERIOR various drive open window, quad.wav","land|rover|defender|2007|diesel|||various|drive|open|window|interior|quad|ld3403|interior|quadwav|land|rover|defender|flysound"
"LD3802 Land Rover Defender INTERIOR handbrake.wav","Land Rover Defender","FLYSOUND","https://sonniss.com/sound-effects/land-rover-defender/","/FLYSOUND - Land Rover Defender/LD3802 Land Rover Defender INTERIOR handbrake.wav","land|rover|defender|2007|diesel|||handbrake|interior|ld3802|interior|handbrakewav|land|rover|defender|flysound"
"TC0405 Toyota Chaser Mark 2 INTERIOR start idle medium drive away and medium approach.wav","Toyota Chaser","FLYSOUND","https://sonniss.com/sound-effects/toyota-chaser/","/FLYSOUND - Toyota Chaser/TC0405 Toyota Chaser Mark 2 INTERIOR start idle medium drive away and medium approach.wav","toyota|chaser|mark|2|1999|gasoline|||start|idle|medium|drive|away|approach|and|stop|interior|tc0405|interior|approachwav|toyota|chaser|flysound"
"TC1002 Toyota Chaser Mark 2 SPOT A BOOM start idle very fast drive away and very fast approach.wav","Toyota Chaser","FLYSOUND","https://sonniss.com/sound-effects/toyota-chaser/","/FLYSOUND - Toyota Chaser/TC1002 Toyota Chaser Mark 2 SPOT A BOOM start idle very fast drive away and very fast approach.wav","toyota|chaser|mark|2|1999|gasoline|||start|idle|very|fast|drive|away|exterior|back|position|approach|and|stop|front|tc1002|spot|a|boom|approachwav|toyota|chaser|flysound"
"TC1701 Toyota Chaser Mark 2 ENGINE various skid maneuvers.wav","Toyota Chaser","FLYSOUND","https://sonniss.com/sound-effects/toyota-chaser/","/FLYSOUND - Toyota Chaser/TC1701 Toyota Chaser Mark 2 ENGINE various skid maneuvers.wav","toyota|chaser|mark|2|1999|gasoline|||various|skid|maneuvers|onboard|engine|tc1701|engine|maneuverswav|toyota|chaser|flysound"
"TC3101 Toyota Chaser Mark 2 INTERIOR pedal.wav","Toyota Chaser","FLYSOUND","https://sonniss.com/sound-effects/toyota-chaser/","/FLYSOUND - Toyota Chaser/TC3101 Toyota Chaser Mark 2 INTERIOR pedal.wav","toyota|chaser|mark|2|1999|gasoline|||pedal|interior|tc3101|interior|pedalwav|toyota|chaser|flysound"
"IC0120 CHISEL SCRAPE DEBRIS 09.wav","Ice Fury:","FLYSOUND","https://sonniss.com/sound-effects/ice-fury/","/FLYSOUND – Ice Fury/IC0120 CHISEL SCRAPE DEBRIS 09.wav","ic0120|chisel|scrape|debris|09wav|ice|fury:|flysound"
"IC0151 BIG CHISEL HIT DEBRIS 06.wav","Ice Fury:","FLYSOUND","https://sonniss.com/sound-effects/ice-fury/","/FLYSOUND – Ice Fury/IC0151 BIG CHISEL HIT DEBRIS 06.wav","ic0151|big|chisel|hit|debris|06wav|ice|fury:|flysound"
"IC0271 CROWBAR HIT DEBRIS 12.wav","Ice Fury:","FLYSOUND","https://sonniss.com/sound-effects/ice-fury/","/FLYSOUND – Ice Fury/IC0271 CROWBAR HIT DEBRIS 12.wav","ic0271|crowbar|hit|debris|12wav|ice|fury:|flysound"
"IC0318 KETTLEBELL SMASH DEBRIS 02.wav","Ice Fury:","FLYSOUND","https://sonniss.com/sound-effects/ice-fury/","/FLYSOUND – Ice Fury/IC0318 KETTLEBELL SMASH DEBRIS 02.wav","ic0318|kettlebell|smash|debris|02wav|ice|fury:|flysound"
"Amb_Countryside_Day_Flying_Insects_Birds_LP.wav","Countryside – Nature & Field:","Fox Audio Post Production","https://sonniss.com/sound-effects/countryside-nature-field/","/Fox Audio Post-Production - Countryside – Nature & Field/Amb_Countryside_Day_Flying_Insects_Birds_LP.wav","ambience|day|field|flying|insects|birds|soft|wind|amb_countryside_day_flying_insects_birds_lpwav|countryside|–|nature|&|field:|fox|audio|post|production"
"Amb_Countryside_Day_Rooster_Birds.wav","Countryside – Nature & Field:","Fox Audio Post Production","https://sonniss.com/sound-effects/countryside-nature-field/","/Fox Audio Post-Production - Countryside – Nature & Field/Amb_Countryside_Day_Rooster_Birds.wav","ambience|day|birds|rooster|amb_countryside_day_rooster_birdswav|countryside|–|nature|&|field:|fox|audio|post|production"
"Amb_Countryside_Evening_Birds_Cow_Rooster_Tractor_Far_LP01.wav","Countryside – Nature & Field:","Fox Audio Post Production","https://sonniss.com/sound-effects/countryside-nature-field/","/Fox Audio Post-Production - Countryside – Nature & Field/Amb_Countryside_Evening_Birds_Cow_Rooster_Tractor_Far_LP01.wav","ambience|day|evening|rooster|distant|tractor|birds|amb_countryside_evening_birds_cow_rooster_tractor_far_lp01wav|countryside|–|nature|&|field:|fox|audio|post|production"
"Amb_Countryside_Night_Birds_Cow_Cricket.wav","Countryside – Nature & Field:","Fox Audio Post Production","https://sonniss.com/sound-effects/countryside-nature-field/","/Fox Audio Post-Production - Countryside – Nature & Field/Amb_Countryside_Night_Birds_Cow_Cricket.wav","ambience|night|birds|cow|cricket|amb_countryside_night_birds_cow_cricketwav|countryside|–|nature|&|field:|fox|audio|post|production"
"DRY_Pterodactyl_roar_01.wav","Dino  Roars & Growls","Fox Audio Post Production","https://sonniss.com/sound-effects/dino-roars-growls/","/Fox Audio Post-Production - Dino - Roars & Growls/DRY_Pterodactyl_roar_01.wav","pterodactyl|flying|reptile|dinosaur|roar|dry_pterodactyl_roar_01wav|dino||roars|&|growls|fox|audio|post|production"
"DRY_Pterodactyl_roar_07.wav","Dino  Roars & Growls","Fox Audio Post Production","https://sonniss.com/sound-effects/dino-roars-growls/","/Fox Audio Post-Production - Dino - Roars & Growls/DRY_Pterodactyl_roar_07.wav","pterodactyl|flying|reptile|dinosaur|roar|dry_pterodactyl_roar_07wav|dino||roars|&|growls|fox|audio|post|production"
"DRY_Raptor_roar_08.wav","Dino  Roars & Growls","Fox Audio Post Production","https://sonniss.com/sound-effects/dino-roars-growls/","/Fox Audio Post-Production - Dino - Roars & Growls/DRY_Raptor_roar_08.wav","velociraptor|dinosaur|carnivore|predator|roar|dry_raptor_roar_08wav|dino||roars|&|growls|fox|audio|post|production"
"DRY_T-Rex_roar_03.wav","Dino  Roars & Growls","Fox Audio Post Production","https://sonniss.com/sound-effects/dino-roars-growls/","/Fox Audio Post-Production - Dino - Roars & Growls/DRY_T-Rex_roar_03.wav","tyrannosaurus|dinosaur|carnivore|predator|roar|dry_trex_roar_03wav|dino||roars|&|growls|fox|audio|post|production"
"Droid_Vocal_01.wav","Droid Vocal  Mini Library","Fox Audio Post Production","https://sonniss.com/sound-effects/droid-vocal-mini-library/","/Fox Audio Post-Production - Droid Vocal - Mini Library/Droid_Vocal_01.wav","droid|vocal|expression|sound|droid_vocal_01wav|droid|vocal||mini|library|fox|audio|post|production"
"Droid_Vocal_11.wav","Droid Vocal  Mini Library","Fox Audio Post Production","https://sonniss.com/sound-effects/droid-vocal-mini-library/","/Fox Audio Post-Production - Droid Vocal - Mini Library/Droid_Vocal_11.wav","droid|vocal|expression|sound|droid_vocal_11wav|droid|vocal||mini|library|fox|audio|post|production"
"Droid_Vocal_19.wav","Droid Vocal  Mini Library","Fox Audio Post Production","https://sonniss.com/sound-effects/droid-vocal-mini-library/","/Fox Audio Post-Production - Droid Vocal - Mini Library/Droid_Vocal_19.wav","droid|vocal|expression|sound|droid_vocal_19wav|droid|vocal||mini|library|fox|audio|post|production"
"Droid_Vocal_23.wav","Droid Vocal  Mini Library","Fox Audio Post Production","https://sonniss.com/sound-effects/droid-vocal-mini-library/","/Fox Audio Post-Production - Droid Vocal - Mini Library/Droid_Vocal_23.wav","droid|vocal|expression|sound|droid_vocal_23wav|droid|vocal||mini|library|fox|audio|post|production"
"EMF_Asus_Laptop.wav","Electromagnetic – Field & Emissions:","Fox Audio Post Production","https://sonniss.com/sound-effects/electromagnetic-field-emissions/","/Fox Audio Post-Production - Electromagnetic – Field & Emissions/EMF_Asus_Laptop.wav","electro|magnetic|interference|laptop|emf_asus_laptopwav|electromagnetic|–|field|&|emissions:|fox|audio|post|production"
"EMF_Dishwasher.wav","Electromagnetic – Field & Emissions:","Fox Audio Post Production","https://sonniss.com/sound-effects/electromagnetic-field-emissions/","/Fox Audio Post-Production - Electromagnetic – Field & Emissions/EMF_Dishwasher.wav","electro|magnetic|interference|dishwasher|emf_dishwasherwav|electromagnetic|–|field|&|emissions:|fox|audio|post|production"
"EMF_Nose_Trimmer_01.wav","Electromagnetic – Field & Emissions:","Fox Audio Post Production","https://sonniss.com/sound-effects/electromagnetic-field-emissions/","/Fox Audio Post-Production - Electromagnetic – Field & Emissions/EMF_Nose_Trimmer_01.wav","electro|magnetic|interference|nose|trimmer|emf_nose_trimmer_01wav|electromagnetic|–|field|&|emissions:|fox|audio|post|production"
"EMF_Toaster.wav","Electromagnetic – Field & Emissions:","Fox Audio Post Production","https://sonniss.com/sound-effects/electromagnetic-field-emissions/","/Fox Audio Post-Production - Electromagnetic – Field & Emissions/EMF_Toaster.wav","electro|magnetic|interference|toaster|emf_toasterwav|electromagnetic|–|field|&|emissions:|fox|audio|post|production"
"DS_Hand_Spinner_07.wav","Hand Spinner – Source & Pre Designed","Fox Audio Post Production","https://sonniss.com/sound-effects/hand-spinner-source-pre-designed/","/Fox Audio Post-Production - Hand Spinner – Source & Pre-Designed/DS_Hand_Spinner_07.wav","hand|spinner|designed|rotor|ds_hand_spinner_07wav|hand|spinner|–|source|&|pre|designed|fox|audio|post|production"
"DS_Hand_Spinner_13.wav","Hand Spinner – Source & Pre Designed","Fox Audio Post Production","https://sonniss.com/sound-effects/hand-spinner-source-pre-designed/","/Fox Audio Post-Production - Hand Spinner – Source & Pre-Designed/DS_Hand_Spinner_13.wav","hand|spinner|designed|rotor|helix|crystal|ds_hand_spinner_13wav|hand|spinner|–|source|&|pre|designed|fox|audio|post|production"
"Hand_Spinner_20.wav","Hand Spinner – Source & Pre Designed","Fox Audio Post Production","https://sonniss.com/sound-effects/hand-spinner-source-pre-designed/","/Fox Audio Post-Production - Hand Spinner – Source & Pre-Designed/Hand_Spinner_20.wav","hand|spinner|rotate|start|end|movement|bass|hand_spinner_20wav|hand|spinner|–|source|&|pre|designed|fox|audio|post|production"
"Hand_Spinner_31.wav","Hand Spinner – Source & Pre Designed","Fox Audio Post Production","https://sonniss.com/sound-effects/hand-spinner-source-pre-designed/","/Fox Audio Post-Production - Hand Spinner – Source & Pre-Designed/Hand_Spinner_31.wav","hand|spinner|rotate|start|end|movement|hand_spinner_31wav|hand|spinner|–|source|&|pre|designed|fox|audio|post|production"
"Night_Plane_Passbys_03.wav","Planes Passbys – Interior Exterior","Fox Audio Post Production","https://sonniss.com/sound-effects/planes-passbys-interiorexterior/","/Fox Audio Post-Production - Planes Passbys – Interior-Exterior/Night_Plane_Passbys_03.wav","plane|night|passby|interior|room|night_plane_passbys_03wav|planes|passbys|–|interior|exterior|fox|audio|post|production"
"Plane_Passbys_window_02.wav","Planes Passbys – Interior Exterior","Fox Audio Post Production","https://sonniss.com/sound-effects/planes-passbys-interiorexterior/","/Fox Audio Post-Production - Planes Passbys – Interior-Exterior/Plane_Passbys_window_02.wav","plane|day|passby|exterior|window|plane_passbys_window_02wav|planes|passbys|–|interior|exterior|fox|audio|post|production"
"Plane_Passbys_window_08.wav","Planes Passbys – Interior Exterior","Fox Audio Post Production","https://sonniss.com/sound-effects/planes-passbys-interiorexterior/","/Fox Audio Post-Production - Planes Passbys – Interior-Exterior/Plane_Passbys_window_08.wav","plane|day|passby|exterior|window|plane_passbys_window_08wav|planes|passbys|–|interior|exterior|fox|audio|post|production"
"Plane_Passbys_window_interior_01.wav","Planes Passbys – Interior Exterior","Fox Audio Post Production","https://sonniss.com/sound-effects/planes-passbys-interiorexterior/","/Fox Audio Post-Production - Planes Passbys – Interior-Exterior/Plane_Passbys_window_interior_01.wav","plane|day|passby|interior|window|plane_passbys_window_interior_01wav|planes|passbys|–|interior|exterior|fox|audio|post|production"
"Space_Ambiences_03.wav","Space Ambiences Drones & Atmospheres","Fox Audio Post Production","https://sonniss.com/sound-effects/space-ambiences-drones-atmospheres/","/Fox Audio Post-Production - Space Ambiences - Drones & Atmospheres/Space_Ambiences_03.wav","space|ambience|drone|scifi|fans|rumble|space_ambiences_03wav|space|ambiences|drones|&|atmospheres|fox|audio|post|production"
"Space_Ambiences_07.wav","Space Ambiences Drones & Atmospheres","Fox Audio Post Production","https://sonniss.com/sound-effects/space-ambiences-drones-atmospheres/","/Fox Audio Post-Production - Space Ambiences - Drones & Atmospheres/Space_Ambiences_07.wav","space|ambience|drone|scifi|dark|doomed|weird|tonal|space_ambiences_07wav|space|ambiences|drones|&|atmospheres|fox|audio|post|production"
"Space_Ambiences_14.wav","Space Ambiences Drones & Atmospheres","Fox Audio Post Production","https://sonniss.com/sound-effects/space-ambiences-drones-atmospheres/","/Fox Audio Post-Production - Space Ambiences - Drones & Atmospheres/Space_Ambiences_14.wav","space|ambience|drone|scifi|dark|spaceship|modulation|tonal|space_ambiences_14wav|space|ambiences|drones|&|atmospheres|fox|audio|post|production"
"Space_Ambiences_24.wav","Space Ambiences Drones & Atmospheres","Fox Audio Post Production","https://sonniss.com/sound-effects/space-ambiences-drones-atmospheres/","/Fox Audio Post-Production - Space Ambiences - Drones & Atmospheres/Space_Ambiences_24.wav","space|ambience|drone|scifi|dark|modulation|space_ambiences_24wav|space|ambiences|drones|&|atmospheres|fox|audio|post|production"
"PodRacer_Electronic_Startup03.wav","Space Racer 2 – Turbines & Engines:","Fox Audio Post Production","https://sonniss.com/sound-effects/space-racer-2-turbines-engines/","/Fox Audio Post-Production - Space Racer 2 – Turbines & Engines/PodRacer_Electronic_Startup03.wav","podracer|electronic|startup|interior|podracer_electronic_startup03wav|space|racer|2|–|turbines|&|engines:|fox|audio|post|production"
"PodRacer_Engine_Start_accelerate06.wav","Space Racer 2 – Turbines & Engines:","Fox Audio Post Production","https://sonniss.com/sound-effects/space-racer-2-turbines-engines/","/Fox Audio Post-Production - Space Racer 2 – Turbines & Engines/PodRacer_Engine_Start_accelerate06.wav","podracer|engine|accelerate|motor|turbine|podracer_engine_start_accelerate06wav|space|racer|2|–|turbines|&|engines:|fox|audio|post|production"
"PodRacer_Medium_RPM03.wav","Space Racer 2 – Turbines & Engines:","Fox Audio Post Production","https://sonniss.com/sound-effects/space-racer-2-turbines-engines/","/Fox Audio Post-Production - Space Racer 2 – Turbines & Engines/PodRacer_Medium_RPM03.wav","podracer|idle|medium|rpm|podracer_medium_rpm03wav|space|racer|2|–|turbines|&|engines:|fox|audio|post|production"
"PodRacer_Turbine_off_05.wav","Space Racer 2 – Turbines & Engines:","Fox Audio Post Production","https://sonniss.com/sound-effects/space-racer-2-turbines-engines/","/Fox Audio Post-Production - Space Racer 2 – Turbines & Engines/PodRacer_Turbine_off_05.wav","podracer|turbine|engine|decelerate|off|podracer_turbine_off_05wav|space|racer|2|–|turbines|&|engines:|fox|audio|post|production"
"SFX_Sub_Sonic_Bass_04.wav","Sub Sonic Bass – Mini Library:","Fox Audio Post Production","https://sonniss.com/sound-effects/sonic-bass-mini-library/","/Fox Audio Post-Production - Sub Sonic Bass – Mini Library/SFX_Sub_Sonic_Bass_04.wav","cinematic|bass|drop|sub|low|end|lfe|trailer|sfx_sub_sonic_bass_04wav|sub|sonic|bass|–|mini|library:|fox|audio|post|production"
"SFX_Sub_Sonic_Bass_09.wav","Sub Sonic Bass – Mini Library:","Fox Audio Post Production","https://sonniss.com/sound-effects/sonic-bass-mini-library/","/Fox Audio Post-Production - Sub Sonic Bass – Mini Library/SFX_Sub_Sonic_Bass_09.wav","cinematic|bass|drop|sub|low|end|lfe|trailer|sfx_sub_sonic_bass_09wav|sub|sonic|bass|–|mini|library:|fox|audio|post|production"
"SFX_Sub_Sonic_Bass_18.wav","Sub Sonic Bass – Mini Library:","Fox Audio Post Production","https://sonniss.com/sound-effects/sonic-bass-mini-library/","/Fox Audio Post-Production - Sub Sonic Bass – Mini Library/SFX_Sub_Sonic_Bass_18.wav","cinematic|bass|drop|sub|low|end|lfe|trailer|sfx_sub_sonic_bass_18wav|sub|sonic|bass|–|mini|library:|fox|audio|post|production"
"SFX_Sub_Sonic_Bass_28.wav","Sub Sonic Bass – Mini Library:","Fox Audio Post Production","https://sonniss.com/sound-effects/sonic-bass-mini-library/","/Fox Audio Post-Production - Sub Sonic Bass – Mini Library/SFX_Sub_Sonic_Bass_28.wav","cinematic|bass|drop|sub|low|end|lfe|trailer|sfx_sub_sonic_bass_28wav|sub|sonic|bass|–|mini|library:|fox|audio|post|production"
"G4F SFX05 - Casual - CONS sfx_combo_succeed_03.wav","Casual Games:","G4F SFX","https://sonniss.com/sound-effects/g4f-sfx05-casual-games/","/G4F SFX - SFX05 - Casual Games/G4F SFX05 - Casual - CONS sfx_combo_succeed_03.wav","melody|validation|bonus|synth|fm|g4f|sfx05|casual|cons|sfx_combo_succeed_03wav|casual|games:|g4f|sfx"
"G4F SFX05 - Casual - MA3 sfx_voice_woohoo_02.wav","Casual Games:","G4F SFX","https://sonniss.com/sound-effects/g4f-sfx05-casual-games/","/G4F SFX - SFX05 - Casual Games/G4F SFX05 - Casual - MA3 sfx_voice_woohoo_02.wav","cartoon|voice|tiny|funny|happy|g4f|sfx05|casual|ma3|sfx_voice_woohoo_02wav|casual|games:|g4f|sfx"
"G4F SFX05 - Casual - SLO sfx_unlock_level_02.wav","Casual Games:","G4F SFX","https://sonniss.com/sound-effects/g4f-sfx05-casual-games/","/G4F SFX - SFX05 - Casual Games/G4F SFX05 - Casual - SLO sfx_unlock_level_02.wav","unlock|melody|bonus|synth|bell|fm|g4f|sfx05|casual|slo|sfx_unlock_level_02wav|casual|games:|g4f|sfx"
"G4F SFX05 - Casual - SPO sfx_clock_timer_10s_02.wav","Casual Games:","G4F SFX","https://sonniss.com/sound-effects/g4f-sfx05-casual-games/","/G4F SFX - SFX05 - Casual Games/G4F SFX05 - Casual - SPO sfx_clock_timer_10s_02.wav","timer|clock|real|g4f|sfx05|casual|spo|sfx_clock_timer_10s_02wav|casual|games:|g4f|sfx"
"G4F SFX09 - METAL - Metal Tube Rolling on Metal Bars - U87.wav","Metal:","G4F SFX","https://sonniss.com/sound-effects/g4f-sfx09-metal/","/G4F SFX - SFX09 - Metal/G4F SFX09 - METAL - Metal Tube Rolling on Metal Bars - U87.wav","metal|tube|rolling|on|bars|mecanic|fall|deep|low|inside|muffled|g4f|sfx09|metal|u87wav|metal:|g4f|sfx"
"G4F SFX09 - METAL - Mixer Type 2 in Metal Vent - Short - Contact.wav","Metal:","G4F SFX","https://sonniss.com/sound-effects/g4f-sfx09-metal/","/G4F SFX - SFX09 - Metal/G4F SFX09 - METAL - Mixer Type 2 in Metal Vent - Short - Contact.wav","mixer|type|2|in|metal|vent|short|buzz|engine|soft|switch|on|off|g4f|sfx09|metal|contactwav|metal:|g4f|sfx"
"G4F SFX09 Design - METAL - Earthquake 01.wav","Metal:","G4F SFX","https://sonniss.com/sound-effects/g4f-sfx09-metal/","/G4F SFX - SFX09 - Metal/G4F SFX09 Design - METAL - Earthquake 01.wav","earthquake|rumble|shake|metal|g4f|sfx09|design|metal|01wav|metal:|g4f|sfx"
"G4F SFX09 Design - METAL - Spaceship Acceleration Deceleration.wav","Metal:","G4F SFX","https://sonniss.com/sound-effects/g4f-sfx09-metal/","/G4F SFX - SFX09 - Metal/G4F SFX09 Design - METAL - Spaceship Acceleration Deceleration.wav","scifi|space|engine|ship|acceleration|deceleration|g4f|sfx09|design|metal|spaceship|decelerationwav|metal:|g4f|sfx"
"G4F SFX11 - ExoInterface - Action Confirm - Long 05.wav","ExoInterface:","G4F SFX","https://sonniss.com/sound-effects/g4f-sfx11-exointerface/","/G4F SFX - SFX11 - ExoInterface/G4F SFX11 - ExoInterface - Action Confirm - Long 05.wav","action|confirm|long|numeric|scifi|space|interface|organic|low|invalidation|close|g4f|sfx11|exointerface|05wav|exointerface:|g4f|sfx"
"G4F SFX11 - ExoInterface - Cursor Click 25.wav","ExoInterface:","G4F SFX","https://sonniss.com/sound-effects/g4f-sfx11-exointerface/","/G4F SFX - SFX11 - ExoInterface/G4F SFX11 - ExoInterface - Cursor Click 25.wav","cursor|click|numeric|scifi|space|interface|input|command|touch|confirmation|feedback|g4f|sfx11|exointerface|25wav|exointerface:|g4f|sfx"
"G4F SFX11 - ExoInterface - Process - Short 06.wav","ExoInterface:","G4F SFX","https://sonniss.com/sound-effects/g4f-sfx11-exointerface/","/G4F SFX - SFX11 - ExoInterface/G4F SFX11 - ExoInterface - Process - Short 06.wav","process|short|numeric|scifi|space|interface|input|command|touch|confirmation|feedback|loading|g4f|sfx11|exointerface|06wav|exointerface:|g4f|sfx"
"G4F SFX11 - ExoInterface - Window Close - Short 16.wav","ExoInterface:","G4F SFX","https://sonniss.com/sound-effects/g4f-sfx11-exointerface/","/G4F SFX - SFX11 - ExoInterface/G4F SFX11 - ExoInterface - Window Close - Short 16.wav","window|close|short|numeric|scifi|space|interface|door|input|command|touch|confirmation|feedback|send|receive|g4f|sfx11|exointerface|16wav|exointerface:|g4f|sfx"
"OLD STUFF_Doorknob_Creaking_05.wav","Old Stuff","GainWalkers","https://sonniss.com/sound-effects/oldstuff/","/GainWalkers - Old Stuff/OLD STUFF_Doorknob_Creaking_05.wav","doorknob|creaks|at|different|timing|old|stuff_doorknob_creaking_05wav|old|stuff|gainwalkers"
"OLD STUFF_Elevator Door_Open, Close, Go up_02.wav","Old Stuff","GainWalkers","https://sonniss.com/sound-effects/oldstuff/","/GainWalkers - Old Stuff/OLD STUFF_Elevator Door_Open, Close, Go up_02.wav","elevator's|door|opens|and|closes|goes|up|again|all|from|inside|old|stuff_elevator|door_open|close|go|up_02wav|old|stuff|gainwalkers"
"OLD STUFF_Toilet Tank_Pull Chain_02.wav","Old Stuff","GainWalkers","https://sonniss.com/sound-effects/oldstuff/","/GainWalkers - Old Stuff/OLD STUFF_Toilet Tank_Pull Chain_02.wav","toilet|tank|keeps|operating|after|pulling|the|chain|old|stuff_toilet|tank_pull|chain_02wav|old|stuff|gainwalkers"
"OLD STUFF_Water Heater_01.wav","Old Stuff","GainWalkers","https://sonniss.com/sound-effects/oldstuff/","/GainWalkers - Old Stuff/OLD STUFF_Water Heater_01.wav","water|heater|start|stop|again|and|slow|down|until|total|silence|old|stuff_water|heater_01wav|old|stuff|gainwalkers"
"RESIDENTIAL_Afternoon, Birds, Distant Traffic, Distant Voices, Dog Barking, Car Horns.wav","Residential Ambiences","GainWalkers","https://sonniss.com/sound-effects/residential-ambiences/","/GainWalkers - Residential Ambiences/RESIDENTIAL_Afternoon, Birds, Distant Traffic, Distant Voices, Dog Barking, Car Horns.wav","residential|afternoon|amb|dozens|of|birds|sing|distant|traffic|and|voices|dog|barks|a|few|times|sparrows|doves|singing|car|horns|in|distance|residential_afternoon|birds|distant|traffic|voices|dog|barking|car|hornswav|residential|ambiences|gainwalkers"
"RESIDENTIAL_Morning, Birds, Magpie, Pigeon, Voices, Human Activities, Distant Traffic.wav","Residential Ambiences","GainWalkers","https://sonniss.com/sound-effects/residential-ambiences/","/GainWalkers - Residential Ambiences/RESIDENTIAL_Morning, Birds, Magpie, Pigeon, Voices, Human Activities, Distant Traffic.wav","residential|morning|amb|birds|sing|magpie|and|pigeon|call|distant|traffic|voices|human|activities|in|distance|residential_morning|birds|magpie|pigeon|voices|human|activities|distant|trafficwav|residential|ambiences|gainwalkers"
"SPANISH CROWD_Beach_20-25 People_Playing Football.wav","Spanish Crowd Ambiences","GainWalkers","https://sonniss.com/sound-effects/spanish-crowd-ambiences/","/GainWalkers - Spanish Crowd Ambiences/SPANISH CROWD_Beach_20-25 People_Playing Football.wav","spanish|crowd_beach_2025|people_playing|footballwav|spanish|crowd|ambiences|gainwalkers"
"SPANISH CROWD_Museum_15-20 People_Adults Talking.wav","Spanish Crowd Ambiences","GainWalkers","https://sonniss.com/sound-effects/spanish-crowd-ambiences/","/GainWalkers - Spanish Crowd Ambiences/SPANISH CROWD_Museum_15-20 People_Adults Talking.wav","spanish|crowd_museum_1520|people_adults|talkingwav|spanish|crowd|ambiences|gainwalkers"
"SPANISH CROWD_School Cafeteria_Kids_02.wav","Spanish Crowd Ambiences","GainWalkers","https://sonniss.com/sound-effects/spanish-crowd-ambiences/","/GainWalkers - Spanish Crowd Ambiences/SPANISH CROWD_School Cafeteria_Kids_02.wav","spanish|crowd_school|cafeteria_kids_02wav|spanish|crowd|ambiences|gainwalkers"
"SPANISH CROWD_Train Station_Main Concourse_Dozens of People Passing By_01.wav","Spanish Crowd Ambiences","GainWalkers","https://sonniss.com/sound-effects/spanish-crowd-ambiences/","/GainWalkers - Spanish Crowd Ambiences/SPANISH CROWD_Train Station_Main Concourse_Dozens of People Passing By_01.wav","spanish|crowd_train|station_main|concourse_dozens|of|people|passing|by_01wav|spanish|crowd|ambiences|gainwalkers"
"DRAIN_Exterior, Street, Light Flowing, Loop.wav","Urban Rain","GainWalkers","https://sonniss.com/sound-effects/urban-rain/","/GainWalkers - Urban Rain/DRAIN_Exterior, Street, Light Flowing, Loop.wav","drain|exterior|street|light|flowing|loop|drain_exterior|loopwav|urban|rain|gainwalkers"
"RAIN_Exterior, Rooftop, Medium, Pavement, Steady, City Rumble_Stereo.wav","Urban Rain","GainWalkers","https://sonniss.com/sound-effects/urban-rain/","/GainWalkers - Urban Rain/RAIN_Exterior, Rooftop, Medium, Pavement, Steady, City Rumble_Stereo.wav","rain|exterior|rooftop|medium|pavement|steady|city|rumble|rain_exterior|rumble_stereowav|urban|rain|gainwalkers"
"RAIN_Exterior, Terrace, Light, Pavement, Steady, City Rumble_ambiX.wav","Urban Rain","GainWalkers","https://sonniss.com/sound-effects/urban-rain/","/GainWalkers - Urban Rain/RAIN_Exterior, Terrace, Light, Pavement, Steady, City Rumble_ambiX.wav","rain|exterior|terrace|light|pavement|steady|city|rumble|ambisonics|rain_exterior|rumble_ambixwav|urban|rain|gainwalkers"
"RAIN_Interior, Garage, Light, Steady, Heavy Drips, Distant Hits_FuMa.wav","Urban Rain","GainWalkers","https://sonniss.com/sound-effects/urban-rain/","/GainWalkers - Urban Rain/RAIN_Interior, Garage, Light, Steady, Heavy Drips, Distant Hits_FuMa.wav","rain|interior|garage|light|steady|heavy|drips|distant|hits|ambisonics|rain_interior|hits_fumawav|urban|rain|gainwalkers"
"bear_pain_hurt_groan_01.wav","Animal Sounds","Gamemaster Audio","https://sonniss.com/sound-effects/animal-sounds/","/Gamemaster Audio - Animal Sounds/bear_pain_hurt_groan_01.wav","bear_pain_hurt_groan_01wav|animal|sounds|gamemaster|audio"
"bird_crow_call_caw_squawk_close_01.wav","Animal Sounds","Gamemaster Audio","https://sonniss.com/sound-effects/animal-sounds/","/Gamemaster Audio - Animal Sounds/bird_crow_call_caw_squawk_close_01.wav","bird_crow_call_caw_squawk_close_01wav|animal|sounds|gamemaster|audio"
"goat_call_03.wav","Animal Sounds","Gamemaster Audio","https://sonniss.com/sound-effects/animal-sounds/","/Gamemaster Audio - Animal Sounds/goat_call_03.wav","goat_call_03wav|animal|sounds|gamemaster|audio"
"snake_hiss_03.wav","Animal Sounds","Gamemaster Audio","https://sonniss.com/sound-effects/animal-sounds/","/Gamemaster Audio - Animal Sounds/snake_hiss_03.wav","snake_hiss_03wav|animal|sounds|gamemaster|audio"
"foley_soldier_gear_equipment_metal_cloth_heavy_movement_light_08.wav","Footstep and Foley Sounds","Gamemaster Audio","https://sonniss.com/sound-effects/footstep-foley-sounds/","/Gamemaster Audio - Footstep and Foley Sounds/foley_soldier_gear_equipment_metal_cloth_heavy_movement_light_08.wav","foley_soldier_gear_equipment_metal_cloth_heavy_movement_light_08wav|footstep|and|foley|sounds|gamemaster|audio"
"foley_sports_bag_grab_pickup_catch_04.wav","Footstep and Foley Sounds","Gamemaster Audio","https://sonniss.com/sound-effects/footstep-foley-sounds/","/Gamemaster Audio - Footstep and Foley Sounds/foley_sports_bag_grab_pickup_catch_04.wav","foley_sports_bag_grab_pickup_catch_04wav|footstep|and|foley|sounds|gamemaster|audio"
"footstep_ice_crunchy_run_01.wav","Footstep and Foley Sounds","Gamemaster Audio","https://sonniss.com/sound-effects/footstep-foley-sounds/","/Gamemaster Audio - Footstep and Foley Sounds/footstep_ice_crunchy_run_01.wav","footstep_ice_crunchy_run_01wav|footstep|and|foley|sounds|gamemaster|audio"
"footstep_ice_crunchy_run_02.wav","Footstep and Foley Sounds","Gamemaster Audio","https://sonniss.com/sound-effects/footstep-foley-sounds/","/Gamemaster Audio - Footstep and Foley Sounds/footstep_ice_crunchy_run_02.wav","footstep_ice_crunchy_run_02wav|footstep|and|foley|sounds|gamemaster|audio"
"bullet_flyby_fast_06.wav","Guns, Bullets and Explosions","Gamemaster Audio","https://sonniss.com/sound-effects/guns-bullets-explosions/","/Gamemaster Audio - Guns, Bullets and Explosions/bullet_flyby_fast_06.wav","bullet_flyby_fast_06wav|guns,|bullets|and|explosions|gamemaster|audio"
"bullet_impact_ice_06.wav","Guns, Bullets and Explosions","Gamemaster Audio","https://sonniss.com/sound-effects/guns-bullets-explosions/","/Gamemaster Audio - Guns, Bullets and Explosions/bullet_impact_ice_06.wav","bullet_impact_ice_06wav|guns,|bullets|and|explosions|gamemaster|audio"
"explosion_large_07.wav","Guns, Bullets and Explosions","Gamemaster Audio","https://sonniss.com/sound-effects/guns-bullets-explosions/","/Gamemaster Audio - Guns, Bullets and Explosions/explosion_large_07.wav","explosion_large_07wav|guns,|bullets|and|explosions|gamemaster|audio"
"gun_submachine_auto_shot_00_automatic_preview_01.wav","Guns, Bullets and Explosions","Gamemaster Audio","https://sonniss.com/sound-effects/guns-bullets-explosions/","/Gamemaster Audio - Guns, Bullets and Explosions/gun_submachine_auto_shot_00_automatic_preview_01.wav","gun_submachine_auto_shot_00_automatic_preview_01wav|guns,|bullets|and|explosions|gamemaster|audio"
"casting_charge_matter_grow_04.wav","Magic and Spell Sounds","Gamemaster Audio","https://sonniss.com/sound-effects/magic-spell-sounds/","/Gamemaster Audio - Magic and Spell Sounds/casting_charge_matter_grow_04.wav","casting_charge_matter_grow_04wav|magic|and|spell|sounds|gamemaster|audio"
"dark_portal_wind_effect_04.wav","Magic and Spell Sounds","Gamemaster Audio","https://sonniss.com/sound-effects/magic-spell-sounds/","/Gamemaster Audio - Magic and Spell Sounds/dark_portal_wind_effect_04.wav","dark_portal_wind_effect_04wav|magic|and|spell|sounds|gamemaster|audio"
"electric_surge_blast_04.wav","Magic and Spell Sounds","Gamemaster Audio","https://sonniss.com/sound-effects/magic-spell-sounds/","/Gamemaster Audio - Magic and Spell Sounds/electric_surge_blast_04.wav","electric_surge_blast_04wav|magic|and|spell|sounds|gamemaster|audio"
"water_blast_projectile_spell_03.wav","Magic and Spell Sounds","Gamemaster Audio","https://sonniss.com/sound-effects/magic-spell-sounds/","/Gamemaster Audio - Magic and Spell Sounds/water_blast_projectile_spell_03.wav","water_blast_projectile_spell_03wav|magic|and|spell|sounds|gamemaster|audio"
"foley_object_grab_pickup_04.wav","Punch and Combat Sounds","Gamemaster Audio","https://sonniss.com/sound-effects/punch-combat-sounds/","/Gamemaster Audio - Punch and Combat Sounds/foley_object_grab_pickup_04.wav","foley_object_grab_pickup_04wav|punch|and|combat|sounds|gamemaster|audio"
"punch_grit_wet_impact_05.wav","Punch and Combat Sounds","Gamemaster Audio","https://sonniss.com/sound-effects/punch-combat-sounds/","/Gamemaster Audio - Punch and Combat Sounds/punch_grit_wet_impact_05.wav","punch_grit_wet_impact_05wav|punch|and|combat|sounds|gamemaster|audio"
"voice_male_breathing_mask_loop_run_02.wav","Punch and Combat Sounds","Gamemaster Audio","https://sonniss.com/sound-effects/punch-combat-sounds/","/Gamemaster Audio - Punch and Combat Sounds/voice_male_breathing_mask_loop_run_02.wav","voice_male_breathing_mask_loop_run_02wav|punch|and|combat|sounds|gamemaster|audio"
"whoosh_weapon_knife_swing_04.wav","Punch and Combat Sounds","Gamemaster Audio","https://sonniss.com/sound-effects/punch-combat-sounds/","/Gamemaster Audio - Punch and Combat Sounds/whoosh_weapon_knife_swing_04.wav","whoosh_weapon_knife_swing_04wav|punch|and|combat|sounds|gamemaster|audio"
"retro_collect_pickup_coin_03.wav","Retro 8Bit Sounds","Gamemaster Audio","https://sonniss.com/sound-effects/retro-8bit-sounds/","/Gamemaster Audio - Retro 8Bit Sounds/retro_collect_pickup_coin_03.wav","retro_collect_pickup_coin_03wav|retro|8bit|sounds|gamemaster|audio"
"retro_computer_code_signal_02.wav","Retro 8Bit Sounds","Gamemaster Audio","https://sonniss.com/sound-effects/retro-8bit-sounds/","/Gamemaster Audio - Retro 8Bit Sounds/retro_computer_code_signal_02.wav","retro_computer_code_signal_02wav|retro|8bit|sounds|gamemaster|audio"
"retro_impact_hit_13.wav","Retro 8Bit Sounds","Gamemaster Audio","https://sonniss.com/sound-effects/retro-8bit-sounds/","/Gamemaster Audio - Retro 8Bit Sounds/retro_impact_hit_13.wav","retro_impact_hit_13wav|retro|8bit|sounds|gamemaster|audio"
"retro_powerup_collect_11.wav","Retro 8Bit Sounds","Gamemaster Audio","https://sonniss.com/sound-effects/retro-8bit-sounds/","/Gamemaster Audio - Retro 8Bit Sounds/retro_powerup_collect_11.wav","retro_powerup_collect_11wav|retro|8bit|sounds|gamemaster|audio"
"background_room_interior_hum_loop_01.wav","SciFi Sounds and SciFi Weapons","Gamemaster Audio","https://sonniss.com/sound-effects/sci-fi-sounds-sci-fi-weapons/","/Gamemaster Audio - Sci-Fi Sounds and Sci-Fi Weapons/background_room_interior_hum_loop_01.wav","background_room_interior_hum_loop_01wav|scifi|sounds|and|scifi|weapons|gamemaster|audio"
"sci-fi_device_item_power_up_flash_01.wav","SciFi Sounds and SciFi Weapons","Gamemaster Audio","https://sonniss.com/sound-effects/sci-fi-sounds-sci-fi-weapons/","/Gamemaster Audio - Sci-Fi Sounds and Sci-Fi Weapons/sci-fi_device_item_power_up_flash_01.wav","scifi_device_item_power_up_flash_01wav|scifi|sounds|and|scifi|weapons|gamemaster|audio"
"sci-fi_weapon_blaster_laser_boom_zap_08.wav","SciFi Sounds and SciFi Weapons","Gamemaster Audio","https://sonniss.com/sound-effects/sci-fi-sounds-sci-fi-weapons/","/Gamemaster Audio - Sci-Fi Sounds and Sci-Fi Weapons/sci-fi_weapon_blaster_laser_boom_zap_08.wav","scifi_weapon_blaster_laser_boom_zap_08wav|scifi|sounds|and|scifi|weapons|gamemaster|audio"
"sci-fi_weapon_reload_09.wav","SciFi Sounds and SciFi Weapons","Gamemaster Audio","https://sonniss.com/sound-effects/sci-fi-sounds-sci-fi-weapons/","/Gamemaster Audio - Sci-Fi Sounds and Sci-Fi Weapons/sci-fi_weapon_reload_09.wav","scifi_weapon_reload_09wav|scifi|sounds|and|scifi|weapons|gamemaster|audio"
"bullet_shell_bounce_wood2_05.wav","Silenced Gun Sounds","Gamemaster Audio","https://sonniss.com/sound-effects/silenced-gun-sounds/","/Gamemaster Audio - Silenced Gun Sounds/bullet_shell_bounce_wood2_05.wav","bullet_shell_bounce_wood2_05wav|silenced|gun|sounds|gamemaster|audio"
"gun_pistol_shot_silenced_04.wav","Silenced Gun Sounds","Gamemaster Audio","https://sonniss.com/sound-effects/silenced-gun-sounds/","/Gamemaster Audio - Silenced Gun Sounds/gun_pistol_shot_silenced_04.wav","gun_pistol_shot_silenced_04wav|silenced|gun|sounds|gamemaster|audio"
"gun_silenced_sniper1_shot_01.wav","Silenced Gun Sounds","Gamemaster Audio","https://sonniss.com/sound-effects/silenced-gun-sounds/","/Gamemaster Audio - Silenced Gun Sounds/gun_silenced_sniper1_shot_01.wav","gun_silenced_sniper1_shot_01wav|silenced|gun|sounds|gamemaster|audio"
"gun_silencer_barrel_screw_fast_01.wav","Silenced Gun Sounds","Gamemaster Audio","https://sonniss.com/sound-effects/silenced-gun-sounds/","/Gamemaster Audio - Silenced Gun Sounds/gun_silencer_barrel_screw_fast_01.wav","gun_silencer_barrel_screw_fast_01wav|silenced|gun|sounds|gamemaster|audio"
"Athens Metro. Inside the moving Train..wav","The Source. Ambiences from Athens","George Karagioules","https://sonniss.com/sound-effects/source-ambiences-athens/","/George Karagioules - The Source. Ambiences from Athens/Athens Metro. Inside the moving Train..wav","athens|metro|inside|the|moving|trainwav|the|source.|ambiences|from|athens|george|karagioules"
"Athens. Monasthraki Area. Restaurants Area 7.wav","The Source. Ambiences from Athens","George Karagioules","https://sonniss.com/sound-effects/source-ambiences-athens/","/George Karagioules - The Source. Ambiences from Athens/Athens. Monasthraki Area. Restaurants Area 7.wav","athens|monasthraki|area|restaurants|7wav|the|source.|ambiences|from|athens|george|karagioules"
"Athens. Plaka Street. Slow Rain.wav","The Source. Ambiences from Athens","George Karagioules","https://sonniss.com/sound-effects/source-ambiences-athens/","/George Karagioules - The Source. Ambiences from Athens/Athens. Plaka Street. Slow Rain.wav","athens|plaka|street|slow|rainwav|the|source.|ambiences|from|athens|george|karagioules"
"Athens. Syggrou Avenue. High Traffic.wav","The Source. Ambiences from Athens","George Karagioules","https://sonniss.com/sound-effects/source-ambiences-athens/","/George Karagioules - The Source. Ambiences from Athens/Athens. Syggrou Avenue. High Traffic.wav","athens|syggrou|avenue|high|trafficwav|the|source.|ambiences|from|athens|george|karagioules"
"BeechPlank_3x27x100cm_EndDropped30cmOntoMDF_SureSM57_Close.wav","Got Wood","Gibson and Ansell","https://sonniss.com/sound-effects/wood/","/Gibson and Ansell - Got Wood/BeechPlank_3x27x100cm_EndDropped30cmOntoMDF_SureSM57_Close.wav","beechplank_3x27x100cm_enddropped30cmontomdf_suresm57_closewav|got|wood|gibson|and|ansell"
"HardwoodOffcut_2x4x36cm_EdgeSlideMovementOnPlywood_AKGC1000_Medium.wav","Got Wood","Gibson and Ansell","https://sonniss.com/sound-effects/wood/","/Gibson and Ansell - Got Wood/HardwoodOffcut_2x4x36cm_EdgeSlideMovementOnPlywood_AKGC1000_Medium.wav","hardwoodoffcut_2x4x36cm_edgeslidemovementonplywood_akgc1000_mediumwav|got|wood|gibson|and|ansell"
"PineBlock_8x22x100cm_FaceDropped100cmOntoMDF_BeyerdynamicTG137c_Medium.wav","Got Wood","Gibson and Ansell","https://sonniss.com/sound-effects/wood/","/Gibson and Ansell - Got Wood/PineBlock_8x22x100cm_FaceDropped100cmOntoMDF_BeyerdynamicTG137c_Medium.wav","pineblock_8x22x100cm_facedropped100cmontomdf_beyerdynamictg137c_mediumwav|got|wood|gibson|and|ansell"
"PlywoodOffcut_2x33x35cm_RandomlyDropped100cmOntoMDF_Se2200A_Medium.wav","Got Wood","Gibson and Ansell","https://sonniss.com/sound-effects/wood/","/Gibson and Ansell - Got Wood/PlywoodOffcut_2x33x35cm_RandomlyDropped100cmOntoMDF_Se2200A_Medium.wav","plywoodoffcut_2x33x35cm_randomlydropped100cmontomdf_se2200a_mediumwav|got|wood|gibson|and|ansell"
"GS amb abandoned industrial site QUAD.wav","Urban Decay","Gladestock Studios","https://sonniss.com/sound-effects/urban-decay/","/Gladestock Studios - Urban Decay/GS amb abandoned industrial site QUAD.wav","ambience|atmosphere|abandoned|derelict|empty|outdoor|exterior|gs|amb|industrial|site|quadwav|urban|decay|gladestock|studios"
"GS amb empty domed hall QUAD.wav","Urban Decay","Gladestock Studios","https://sonniss.com/sound-effects/urban-decay/","/Gladestock Studios - Urban Decay/GS amb empty domed hall QUAD.wav","ambience|atmosphere|abandoned|derelict|empty|indoor|interior|gs|amb|domed|hall|quadwav|urban|decay|gladestock|studios"
"GS amb underground carpark QUAD.wav","Urban Decay","Gladestock Studios","https://sonniss.com/sound-effects/urban-decay/","/Gladestock Studios - Urban Decay/GS amb underground carpark QUAD.wav","ambience|atmosphere|abandoned|derelict|empty|indoor|interior|gs|amb|underground|carpark|quadwav|urban|decay|gladestock|studios"
"GS amb warehouse storage QUAD.wav","Urban Decay","Gladestock Studios","https://sonniss.com/sound-effects/urban-decay/","/Gladestock Studios - Urban Decay/GS amb warehouse storage QUAD.wav","ambience|atmosphere|abandoned|derelict|empty|indoor|interior|gs|amb|warehouse|storage|quadwav|urban|decay|gladestock|studios"
"Abstract Atmosphere 03.wav","Abstract Sound Design","Glitchedtones","https://sonniss.com/sound-effects/abstract-sound-design/","/Glitchedtones - Abstract Sound Design/Abstract Atmosphere 03.wav","abstract|atmosphere|soundscape|texture|science|fiction|03wav|abstract|sound|design|glitchedtones"
"Abstract Atmosphere 21.wav","Abstract Sound Design","Glitchedtones","https://sonniss.com/sound-effects/abstract-sound-design/","/Glitchedtones - Abstract Sound Design/Abstract Atmosphere 21.wav","abstract|atmosphere|soundscape|texture|science|fiction|21wav|abstract|sound|design|glitchedtones"
"Abstract FX 01.wav","Abstract Sound Design","Glitchedtones","https://sonniss.com/sound-effects/abstract-sound-design/","/Glitchedtones - Abstract Sound Design/Abstract FX 01.wav","abstract|production|element|imaging|science|fiction|fx|01wav|abstract|sound|design|glitchedtones"
"Abstract FX 24.wav","Abstract Sound Design","Glitchedtones","https://sonniss.com/sound-effects/abstract-sound-design/","/Glitchedtones - Abstract Sound Design/Abstract FX 24.wav","abstract|production|element|imaging|science|fiction|fx|24wav|abstract|sound|design|glitchedtones"
"Lengthy Glitch 14.wav","Data Disruption","Glitchedtones","https://sonniss.com/sound-effects/data-disruption/","/Glitchedtones - Data Disruption/Lengthy Glitch 14.wav","lengthy|glitch|14wav|data|disruption|glitchedtones"
"Medium Glitch 18.wav","Data Disruption","Glitchedtones","https://sonniss.com/sound-effects/data-disruption/","/Glitchedtones - Data Disruption/Medium Glitch 18.wav","medium|glitch|18wav|data|disruption|glitchedtones"
"Quick Glitch 26.wav","Data Disruption","Glitchedtones","https://sonniss.com/sound-effects/data-disruption/","/Glitchedtones - Data Disruption/Quick Glitch 26.wav","quick|glitch|26wav|data|disruption|glitchedtones"
"Quick Glitch 56.wav","Data Disruption","Glitchedtones","https://sonniss.com/sound-effects/data-disruption/","/Glitchedtones - Data Disruption/Quick Glitch 56.wav","quick|glitch|56wav|data|disruption|glitchedtones"
"Impact - Abstract 05.wav","Impact","Glitchedtones","https://sonniss.com/sound-effects/impact/","/Glitchedtones - Impact/Impact - Abstract 05.wav","impact|trailer|abstract|hit|production|element|sound|design|imaging|science|fiction|05wav|glitchedtones"
"Impact - Dark Bass 05.wav","Impact","Glitchedtones","https://sonniss.com/sound-effects/impact/","/Glitchedtones - Impact/Impact - Dark Bass 05.wav","impact|trailer|abstract|hit|production|element|sound|design|imaging|science|fiction|dark|bass|05wav|glitchedtones"
"Impact - Large Space 02.wav","Impact","Glitchedtones","https://sonniss.com/sound-effects/impact/","/Glitchedtones - Impact/Impact - Large Space 02.wav","impact|trailer|abstract|hit|production|element|sound|design|imaging|science|fiction|large|space|02wav|glitchedtones"
"Impact - Tech Debris 12.wav","Impact","Glitchedtones","https://sonniss.com/sound-effects/impact/","/Glitchedtones - Impact/Impact - Tech Debris 12.wav","impact|trailer|abstract|hit|production|element|sound|design|imaging|science|fiction|tech|debris|12wav|glitchedtones"
"Electrical Interference Crackle 17.wav","Noise Elements Electrical & Interference","Glitchedtones","https://sonniss.com/sound-effects/noise-elements-electrical-interference/","/Glitchedtones - Noise Elements Electrical & Interference/Electrical Interference Crackle 17.wav","electric|electrical|interference|malfunction|glitch|crackle|crackling|noise|17wav|noise|elements|electrical|&|interference|glitchedtones"
"Electrical Interference Crackle Drone 03.wav","Noise Elements Electrical & Interference","Glitchedtones","https://sonniss.com/sound-effects/noise-elements-electrical-interference/","/Glitchedtones - Noise Elements Electrical & Interference/Electrical Interference Crackle Drone 03.wav","electric|electrical|interference|malfunction|glitch|crackle|crackling|drone|noise|03wav|noise|elements|electrical|&|interference|glitchedtones"
"Electrical Interference Drone 03.wav","Noise Elements Electrical & Interference","Glitchedtones","https://sonniss.com/sound-effects/noise-elements-electrical-interference/","/Glitchedtones - Noise Elements Electrical & Interference/Electrical Interference Drone 03.wav","electric|electrical|interference|malfunction|glitch|drone|noise|03wav|noise|elements|electrical|&|interference|glitchedtones"
"Electrical Interference High Frequency Crackle 04.wav","Noise Elements Electrical & Interference","Glitchedtones","https://sonniss.com/sound-effects/noise-elements-electrical-interference/","/Glitchedtones - Noise Elements Electrical & Interference/Electrical Interference High Frequency Crackle 04.wav","electric|electrical|interference|malfunction|glitch|crackle|crackling|high|frequency|noise|04wav|noise|elements|electrical|&|interference|glitchedtones"
"User Interface Abstract Processing 14.wav","User Interface","Glitchedtones","https://sonniss.com/sound-effects/user-interface/","/Glitchedtones - User Interface/User Interface Abstract Processing 14.wav","user|interface|ui|hud|science|fiction|abstract|processing|data|user|interface|abstract|processing|14wav|user|interface|glitchedtones"
"User Interface Click Button 25.wav","User Interface","Glitchedtones","https://sonniss.com/sound-effects/user-interface/","/Glitchedtones - User Interface/User Interface Click Button 25.wav","user|interface|ui|hud|science|fiction|notification|alert|click|button|user|interface|click|button|25wav|user|interface|glitchedtones"
"User Interface Notification Bubbles 04.wav","User Interface","Glitchedtones","https://sonniss.com/sound-effects/user-interface/","/Glitchedtones - User Interface/User Interface Notification Bubbles 04.wav","user|interface|ui|hud|science|fiction|notification|alert|user|interface|notification|bubbles|04wav|user|interface|glitchedtones"
"User Interface Shut Down 01.wav","User Interface","Glitchedtones","https://sonniss.com/sound-effects/user-interface/","/Glitchedtones - User Interface/User Interface Shut Down 01.wav","user|interface|ui|hud|science|fiction|shut|down|power|user|interface|shut|down|01wav|user|interface|glitchedtones"
"Designed Circuits - Ambience, pulsating, static, hum.wav","Designed Circuits","Gregor Quendel","https://sonniss.com/sound-effects/designed-circuits/","/Gregor Quendel - Designed Circuits/Designed Circuits - Ambience, pulsating, static, hum.wav","ambience|pulsating|static|hum|designed|circuits|humwav|designed|circuits|gregor|quendel"
"Designed Circuits - Glitch, hum, interference, noise.wav","Designed Circuits","Gregor Quendel","https://sonniss.com/sound-effects/designed-circuits/","/Gregor Quendel - Designed Circuits/Designed Circuits - Glitch, hum, interference, noise.wav","glitch|hum|interference|noise|designed|circuits|noisewav|designed|circuits|gregor|quendel"
"Designed Circuits - Noise burst, short, servo (2).wav","Designed Circuits","Gregor Quendel","https://sonniss.com/sound-effects/designed-circuits/","/Gregor Quendel - Designed Circuits/Designed Circuits - Noise burst, short, servo (2).wav","noise|burst|short|servo|(2)|designed|circuits|(2)wav|designed|circuits|gregor|quendel"
"Designed Circuits - Source Recordings - Paper Shredder.wav","Designed Circuits","Gregor Quendel","https://sonniss.com/sound-effects/designed-circuits/","/Gregor Quendel - Designed Circuits/Designed Circuits - Source Recordings - Paper Shredder.wav","source|recordings|paper|shredder|designed|circuits|shredderwav|designed|circuits|gregor|quendel"
"Designed Ice - EVO23 - Melodic cracking texture 2.wav","Designed Ice","Gregor Quendel","https://sonniss.com/sound-effects/designed-ice/","/Gregor Quendel - Designed Ice/Designed Ice - EVO23 - Melodic cracking texture 2.wav","melodic|cracking|texture|2|designed|ice|evo23|2wav|designed|ice|gregor|quendel"
"Designed Ice - HIT26 - Rhythmic crack impact 6.wav","Designed Ice","Gregor Quendel","https://sonniss.com/sound-effects/designed-ice/","/Gregor Quendel - Designed Ice/Designed Ice - HIT26 - Rhythmic crack impact 6.wav","rhythmic|crack|impact|6|designed|ice|hit26|6wav|designed|ice|gregor|quendel"
"Designed Ice - HIT27 - Texture, flap filtered movement.wav","Designed Ice","Gregor Quendel","https://sonniss.com/sound-effects/designed-ice/","/Gregor Quendel - Designed Ice/Designed Ice - HIT27 - Texture, flap filtered movement.wav","filtered|flap|movement|designed|ice|hit27|texture|filtered|movementwav|designed|ice|gregor|quendel"
"Designed Ice - RAW07.wav","Designed Ice","Gregor Quendel","https://sonniss.com/sound-effects/designed-ice/","/Gregor Quendel - Designed Ice/Designed Ice - RAW07.wav","raw|ice|field|recording|7|designed|ice|raw07wav|designed|ice|gregor|quendel"
"Designed Mecha - Elements - Mechanics 2.wav","Designed Mecha","Gregor Quendel","https://sonniss.com/sound-effects/designed-mecha/","/Gregor Quendel - Designed Mecha/Designed Mecha - Elements - Mechanics 2.wav","mechanics|2|designed|mecha|elements|2wav|designed|mecha|gregor|quendel"
"Designed Mecha - Elements - SFX 6.wav","Designed Mecha","Gregor Quendel","https://sonniss.com/sound-effects/designed-mecha/","/Gregor Quendel - Designed Mecha/Designed Mecha - Elements - SFX 6.wav","sfx|6|designed|mecha|elements|6wav|designed|mecha|gregor|quendel"
"Designed Mecha - Evolutions - Hangar.wav","Designed Mecha","Gregor Quendel","https://sonniss.com/sound-effects/designed-mecha/","/Gregor Quendel - Designed Mecha/Designed Mecha - Evolutions - Hangar.wav","hangar|designed|mecha|evolutions|hangarwav|designed|mecha|gregor|quendel"
"Designed Mecha - Evolutions - Mechanics glitch.wav","Designed Mecha","Gregor Quendel","https://sonniss.com/sound-effects/designed-mecha/","/Gregor Quendel - Designed Mecha/Designed Mecha - Evolutions - Mechanics glitch.wav","mechanics|glitch|designed|mecha|evolutions|glitchwav|designed|mecha|gregor|quendel"
"Clicks 1.wav","Designed Plastic","Gregor Quendel","https://sonniss.com/sound-effects/designed-plastic/","/Gregor Quendel - Designed Plastic/Clicks 1.wav","clicks|1|1wav|designed|plastic|gregor|quendel"
"Liquid Texture 3.wav","Designed Plastic","Gregor Quendel","https://sonniss.com/sound-effects/designed-plastic/","/Gregor Quendel - Designed Plastic/Liquid Texture 3.wav","liquid|texture|3|3wav|designed|plastic|gregor|quendel"
"Movement 1.wav","Designed Plastic","Gregor Quendel","https://sonniss.com/sound-effects/designed-plastic/","/Gregor Quendel - Designed Plastic/Movement 1.wav","movement|1|1wav|designed|plastic|gregor|quendel"
"Spectral 9.wav","Designed Plastic","Gregor Quendel","https://sonniss.com/sound-effects/designed-plastic/","/Gregor Quendel - Designed Plastic/Spectral 9.wav","spectral|9|9wav|designed|plastic|gregor|quendel"
"Designed Rocks - ELEM017 - Melodic 4.wav","Designed Rocks","Gregor Quendel","https://sonniss.com/sound-effects/designed-rocks/","/Gregor Quendel - Designed Rocks/Designed Rocks - ELEM017 - Melodic 4.wav","melodic|4|designed|rocks|elem017|4wav|designed|rocks|gregor|quendel"
"Designed Rocks - ELEM027 - Texture - Granular 3.wav","Designed Rocks","Gregor Quendel","https://sonniss.com/sound-effects/designed-rocks/","/Gregor Quendel - Designed Rocks/Designed Rocks - ELEM027 - Texture - Granular 3.wav","texture|granular|3|designed|rocks|elem027|3wav|designed|rocks|gregor|quendel"
"Designed Rocks - EVO19 - Texture - Filtered 4.wav","Designed Rocks","Gregor Quendel","https://sonniss.com/sound-effects/designed-rocks/","/Gregor Quendel - Designed Rocks/Designed Rocks - EVO19 - Texture - Filtered 4.wav","texture|filtered|4|designed|rocks|evo19|4wav|designed|rocks|gregor|quendel"
"Designed Rocks - RAW08.wav","Designed Rocks","Gregor Quendel","https://sonniss.com/sound-effects/designed-rocks/","/Gregor Quendel - Designed Rocks/Designed Rocks - RAW08.wav","designed|rocks|raw08wav|designed|rocks|gregor|quendel"
"Designed Fire - Impacts - Large, ignition 03.wav","Designed Fire","Gregor Quendel:","https://sonniss.com/sound-effects/designed-fire/","/Gregor Quendel – Designed Fire/Designed Fire - Impacts - Large, ignition 03.wav","fire|flame|cinematic|designed|scifi|evolving|complex|spectral|swoosh|whoosh|burst|impact|hit|kick|punch|ignition|spraying|sizzling|ripples|rumbling|low|sub|large|designed|impacts|large|03wav|designed|fire|gregor|quendel:"
"Designed Fire - Swooshes - Burst, evolving 34.wav","Designed Fire","Gregor Quendel:","https://sonniss.com/sound-effects/designed-fire/","/Gregor Quendel – Designed Fire/Designed Fire - Swooshes - Burst, evolving 34.wav","fire|flame|cinematic|designed|scifi|evolving|complex|spectral|swoosh|whoosh|burst|spraying|sizzling|ripples|rumbling|low|sub|designed|swooshes|burst|34wav|designed|fire|gregor|quendel:"
"Designed Fire - Textures - Rumbling, glitch.wav","Designed Fire","Gregor Quendel:","https://sonniss.com/sound-effects/designed-fire/","/Gregor Quendel – Designed Fire/Designed Fire - Textures - Rumbling, glitch.wav","fire|flame|cinematic|designed|scifi|evolving|complex|spectral|swoosh|whoosh|burst|spraying|sizzling|ripples|rumbling|low|sub|glitch|designed|textures|rumbling|glitchwav|designed|fire|gregor|quendel:"
"Designed Fire - Winds - Binaural, swoosh, waves 02.wav","Designed Fire","Gregor Quendel:","https://sonniss.com/sound-effects/designed-fire/","/Gregor Quendel – Designed Fire/Designed Fire - Winds - Binaural, swoosh, waves 02.wav","fire|flame|cinematic|designed|scifi|evolving|complex|spectral|swoosh|whoosh|burst|spraying|sizzling|ripples|binaural|waves|designed|winds|binaural|02wav|designed|fire|gregor|quendel:"
"Beach 6_Muir Beach_Binaural.wav","Binaural Beaches of Northen California","Hear and Now Sound","https://sonniss.com/sound-effects/binaural-beaches-northen-california/","/Hear and Now Sound - Binaural Beaches of Northen California/Beach 6_Muir Beach_Binaural.wav","sspeed=023976ndstake=56subits=$01011156sswver=267sproject=sscene=sfilename=t056bwavstape=110101strk1=track|astrk2=track|bsnote=|beach|6_muir|beach_binauralwav|binaural|beaches|of|northen|california|hear|and|now|sound"
"Beach 9_Stinson Beach_Binaural.wav","Binaural Beaches of Northen California","Hear and Now Sound","https://sonniss.com/sound-effects/binaural-beaches-northen-california/","/Hear and Now Sound - Binaural Beaches of Northen California/Beach 9_Stinson Beach_Binaural.wav","dubits=$00000000dscene=1dtake=2dtape=z001dframerate=30ffdtrk1=ch|1dtrk2=ch|2|beach|9_stinson|beach_binauralwav|binaural|beaches|of|northen|california|hear|and|now|sound"
"Arc Weld Electrical Sparks 3.wav","High Voltage Electricity","Hear and Now Sound","https://sonniss.com/sound-effects/high-voltage-electricity-essential-collection/","/Hear and Now Sound - High Voltage Electricity - The Essential Collection/Arc Weld Electrical Sparks 3.wav","electric|sparks|from|an|arc|welding|unit|arc|weld|electrical|sparks|3wav|high|voltage|electricity|hear|and|now|sound"
"Damp Electric Shock 8.wav","High Voltage Electricity","Hear and Now Sound","https://sonniss.com/sound-effects/high-voltage-electricity-essential-collection/","/Hear and Now Sound - High Voltage Electricity - The Essential Collection/Damp Electric Shock 8.wav","applying|high|voltage|electricity|to|live|fruit|damp|electric|shock|8wav|high|voltage|electricity|hear|and|now|sound"
"High Voltage Electric Arcs 2.wav","High Voltage Electricity","Hear and Now Sound","https://sonniss.com/sound-effects/high-voltage-electricity-essential-collection/","/Hear and Now Sound - High Voltage Electricity - The Essential Collection/High Voltage Electric Arcs 2.wav","high|voltage|arcs|from|a|microwave|oven|transformer|capacitors|and|grounded|stick|voltage|electric|arcs|2wav|high|voltage|electricity|hear|and|now|sound"
"Water and Electricity 7.wav","High Voltage Electricity","Hear and Now Sound","https://sonniss.com/sound-effects/high-voltage-electricity-essential-collection/","/Hear and Now Sound - High Voltage Electricity - The Essential Collection/Water and Electricity 7.wav","electricity|mixed|with|water|water|and|7wav|high|voltage|electricity|hear|and|now|sound"
"Duct tape 2.wav","Office Equipment and Supplies","Hear and Now Sound","https://sonniss.com/sound-effects/office-equipment-supplies/","/Hear and Now Sound - Office Equipment and Supplies/Duct tape 2.wav","duct|tape|unraveled|and|torn|off|2wav|office|equipment|and|supplies|hear|and|now|sound"
"Laptop Keyboard 5.wav","Office Equipment and Supplies","Hear and Now Sound","https://sonniss.com/sound-effects/office-equipment-supplies/","/Hear and Now Sound - Office Equipment and Supplies/Laptop Keyboard 5.wav","typing|on|a|laptop|computer|medium|speed|laptop|keyboard|5wav|office|equipment|and|supplies|hear|and|now|sound"
"Marker 1_writing and highlighting.WAV","Office Equipment and Supplies","Hear and Now Sound","https://sonniss.com/sound-effects/office-equipment-supplies/","/Hear and Now Sound - Office Equipment and Supplies/Marker 1_writing and highlighting.WAV","writing|and|making|corrections|with|a|marker|marker|1_writing|highlightingwav|office|equipment|and|supplies|hear|and|now|sound"
"Shuffling Paper 4.wav","Office Equipment and Supplies","Hear and Now Sound","https://sonniss.com/sound-effects/office-equipment-supplies/","/Hear and Now Sound - Office Equipment and Supplies/Shuffling Paper 4.wav","shuffling|a|stack|of|paper|shuffling|paper|4wav|office|equipment|and|supplies|hear|and|now|sound"
"Vibration,Case,Objects,Rattle,Clatter,Rapid,Violent,Loop.wav","Vibration","Hzandbits","https://sonniss.com/sound-effects/vibration/","/Hzandbits - Vibration/Vibration,Case,Objects,Rattle,Clatter,Rapid,Violent,Loop.wav","metal|case|with|metal|objects|vibrating|a|violent|rapid|rattle|and|clatter|||hzandbits|sound|effects|vibration|case|objects|rattle|clatter|rapid|violent|loopwav"
"Vibration,File cabinet,Steel,Rattle,Oscillate,Sluggish,Loop-001.wav","Vibration","Hzandbits","https://sonniss.com/sound-effects/vibration/","/Hzandbits - Vibration/Vibration,File cabinet,Steel,Rattle,Oscillate,Sluggish,Loop-001.wav","steel|filing|cabinet|rattling|with|a|sluggish|oscillation|||hzandbits|sound|effects|vibration|file|rattle|oscillate|sluggish|loop001wav"
"Vibration,Panel,Metal,Rattle,Clack,Distinct,Variable,Loop.wav","Vibration","Hzandbits","https://sonniss.com/sound-effects/vibration/","/Hzandbits - Vibration/Vibration,Panel,Metal,Rattle,Clack,Distinct,Variable,Loop.wav","metal|panel|rattling|and|clacking|distinctly|but|with|some|variation||hzandbits|sound|effects|vibration|panel|rattle|clack|distinct|variable|loopwav"
"Vibration,Printer,Plastic,Rattle,Dull,Monotonous,Loop.wav","Vibration","Hzandbits","https://sonniss.com/sound-effects/vibration/","/Hzandbits - Vibration/Vibration,Printer,Plastic,Rattle,Dull,Monotonous,Loop.wav","plastic|printer|rattling|dull|and|monotonous|||hzandbits|sound|effects|vibration|printer|rattle|monotonous|loopwav"
"03 Wind_grass_ strong_hurricane blast 3.wav","Bora wind European local wind","Ivo Vicic","https://sonniss.com/sound-effects/bora-wind-european-local-wind-2496-sound-library/","/Ivo Vicic - Bora wind - European local wind/03 Wind_grass_ strong_hurricane blast 3.wav","03|wind_grass_|strong_hurricane|blast|3wav|bora|wind|european|local|wind|ivo|vicic"
"14 Wind_dead leaves_whoosh_forest_birds.wav","Bora wind European local wind","Ivo Vicic","https://sonniss.com/sound-effects/bora-wind-european-local-wind-2496-sound-library/","/Ivo Vicic - Bora wind - European local wind/14 Wind_dead leaves_whoosh_forest_birds.wav","14|wind_dead|leaves_whoosh_forest_birdswav|bora|wind|european|local|wind|ivo|vicic"
"31 Wind_squeaking_tree_leaves_branches_bird.wav","Bora wind European local wind","Ivo Vicic","https://sonniss.com/sound-effects/bora-wind-european-local-wind-2496-sound-library/","/Ivo Vicic - Bora wind - European local wind/31 Wind_squeaking_tree_leaves_branches_bird.wav","stake=456sswver=267sproject=sscene=sfilename=t456wavstape=170119strk1=track|astrk2=track|bsnote=|31|wind_squeaking_tree_leaves_branches_birdwav|bora|wind|european|local|wind|ivo|vicic"
"38 Wind_hurricane_wires_whistle.wav","Bora wind European local wind","Ivo Vicic","https://sonniss.com/sound-effects/bora-wind-european-local-wind-2496-sound-library/","/Ivo Vicic - Bora wind - European local wind/38 Wind_hurricane_wires_whistle.wav","38|wind_hurricane_wires_whistlewav|bora|wind|european|local|wind|ivo|vicic"
"08 Roe deer_barking_parabolic 1.wav","Red Deer and Roe Deer, Roaring, barking and other sounds:","Ivo Vicic","https://sonniss.com/sound-effects/red-deer-roe-deer-roaring-barking-sounds/","/Ivo Vicic - Red Deer and Roe Deer - Roaring, barking and other sounds/08 Roe deer_barking_parabolic 1.wav","08|roe|deer_barking_parabolic|1wav|red|deer|and|roe|deer,|roaring,|barking|and|other|sounds:|ivo|vicic"
"18 Red Deer_far distance_MS.wav","Red Deer and Roe Deer, Roaring, barking and other sounds:","Ivo Vicic","https://sonniss.com/sound-effects/red-deer-roe-deer-roaring-barking-sounds/","/Ivo Vicic - Red Deer and Roe Deer - Roaring, barking and other sounds/18 Red Deer_far distance_MS.wav","file0329wav|18|red|deer_far|distance_mswav|red|deer|and|roe|deer,|roaring,|barking|and|other|sounds:|ivo|vicic"
"32  Red Deer_walking_grass_XY.wav","Red Deer and Roe Deer, Roaring, barking and other sounds:","Ivo Vicic","https://sonniss.com/sound-effects/red-deer-roe-deer-roaring-barking-sounds/","/Ivo Vicic - Red Deer and Roe Deer - Roaring, barking and other sounds/32  Red Deer_walking_grass_XY.wav","32|red|deer_walking_grass_xywav|red|deer|and|roe|deer,|roaring,|barking|and|other|sounds:|ivo|vicic"
"24 Bubbles_regulator_submerged 4_stereo_AKG.wav","Scuba Diving equipment and underwater diving","Ivo Vicic","https://sonniss.com/sound-effects/scuba-diving-equipment-sound-diving/","/Ivo Vicic - Scuba Diving equipment and underwater diving/24 Bubbles_regulator_submerged 4_stereo_AKG.wav","file0118wav|24|bubbles_regulator_submerged|4_stereo_akgwav|scuba|diving|equipment|and|underwater|diving|ivo|vicic"
"56 Underwater_breathing_approach_cave.wav","Scuba Diving equipment and underwater diving","Ivo Vicic","https://sonniss.com/sound-effects/scuba-diving-equipment-sound-diving/","/Ivo Vicic - Scuba Diving equipment and underwater diving/56 Underwater_breathing_approach_cave.wav","56|underwater_breathing_approach_cavewav|scuba|diving|equipment|and|underwater|diving|ivo|vicic"
"58 Dive in cave MS.wav","Scuba Diving equipment and underwater diving","Ivo Vicic","https://sonniss.com/sound-effects/scuba-diving-equipment-sound-diving/","/Ivo Vicic - Scuba Diving equipment and underwater diving/58 Dive in cave MS.wav","stake=19sswver=267sproject=sscene=sfilename=t19wavstape=141115strk1=track|astrk2=track|bsnote=|58|dive|in|cave|mswav|scuba|diving|equipment|and|underwater|diving|ivo|vicic"
"60 Dive_mediterranean sea 1_stereo.wav","Scuba Diving equipment and underwater diving","Ivo Vicic","https://sonniss.com/sound-effects/scuba-diving-equipment-sound-diving/","/Ivo Vicic - Scuba Diving equipment and underwater diving/60 Dive_mediterranean sea 1_stereo.wav","file0121wav|60|dive_mediterranean|sea|1_stereowav|scuba|diving|equipment|and|underwater|diving|ivo|vicic"
"06 Mid waves_stone_beach_near field 1_ AKG.wav","Sirocco Sea Storm Mediterranean sea","Ivo Vicic","https://sonniss.com/sound-effects/sirocco-sea-storm-mediterranean-sea/","/Ivo Vicic - Sirocco Sea Storm - Mediterranean sea/06 Mid waves_stone_beach_near field 1_ AKG.wav","06|mid|waves_stone_beach_near|field|1_|akgwav|sirocco|sea|storm|mediterranean|sea|ivo|vicic"
"17 Heavy waves_on rocks_near field_rain 3.wav","Sirocco Sea Storm Mediterranean sea","Ivo Vicic","https://sonniss.com/sound-effects/sirocco-sea-storm-mediterranean-sea/","/Ivo Vicic - Sirocco Sea Storm - Mediterranean sea/17 Heavy waves_on rocks_near field_rain 3.wav","17|heavy|waves_on|rocks_near|field_rain|3wav|sirocco|sea|storm|mediterranean|sea|ivo|vicic"
"29 Tunnel_near field_splush 2.wav","Sirocco Sea Storm Mediterranean sea","Ivo Vicic","https://sonniss.com/sound-effects/sirocco-sea-storm-mediterranean-sea/","/Ivo Vicic - Sirocco Sea Storm - Mediterranean sea/29 Tunnel_near field_splush 2.wav","file0425wav|29|tunnel_near|field_splush|2wav|sirocco|sea|storm|mediterranean|sea|ivo|vicic"
"43 Inside boat_rain 2.wav","Sirocco Sea Storm Mediterranean sea","Ivo Vicic","https://sonniss.com/sound-effects/sirocco-sea-storm-mediterranean-sea/","/Ivo Vicic - Sirocco Sea Storm - Mediterranean sea/43 Inside boat_rain 2.wav","43|inside|boat_rain|2wav|sirocco|sea|storm|mediterranean|sea|ivo|vicic"
"14.wav","Underwater textures","Ivo Vicic","https://sonniss.com/sound-effects/underwater-textures/","/Ivo Vicic - Underwater textures/14.wav","file1295wav|14wav|underwater|textures|ivo|vicic"
"53.wav","Underwater textures","Ivo Vicic","https://sonniss.com/sound-effects/underwater-textures/","/Ivo Vicic - Underwater textures/53.wav","file0914wav|53wav|underwater|textures|ivo|vicic"
"81.wav","Underwater textures","Ivo Vicic","https://sonniss.com/sound-effects/underwater-textures/","/Ivo Vicic - Underwater textures/81.wav","file0886wav|81wav|underwater|textures|ivo|vicic"
"91.wav","Underwater textures","Ivo Vicic","https://sonniss.com/sound-effects/underwater-textures/","/Ivo Vicic - Underwater textures/91.wav","file0922wav|91wav|underwater|textures|ivo|vicic"
"JM BURP Long Airy.wav","BURP","Jack Menhorn","https://sonniss.com/sound-effects/burp/","/Jack Menhorn - BURP/JM BURP Long Airy.wav","burp|belch|long|airy|buh|male|jm|burp|airywav|jack|menhorn"
"JM BURP Long Reg End Raise Up.wav","BURP","Jack Menhorn","https://sonniss.com/sound-effects/burp/","/Jack Menhorn - BURP/JM BURP Long Reg End Raise Up.wav","burp|belch|long|raise|up|buh|male|jm|burp|reg|end|upwav|jack|menhorn"
"JM BURP Short Forced.wav","BURP","Jack Menhorn","https://sonniss.com/sound-effects/burp/","/Jack Menhorn - BURP/JM BURP Short Forced.wav","burp|belch|forced|male|jm|burp|short|forcedwav|jack|menhorn"
"JM BURP Short Strained.wav","BURP","Jack Menhorn","https://sonniss.com/sound-effects/burp/","/Jack Menhorn - BURP/JM BURP Short Strained.wav","burp|belch|short|strained|buh|male|jm|burp|strainedwav|jack|menhorn"
"Vegetable Carnage, Apple, Rip, Snap, Dry, Medium Long.wav","Vegetable Carnage:","Jeffrey Mengyan","https://sonniss.com/sound-effects/vegetable-carnage/","/Jeffrey Mengyan – Vegetable Carnage/Vegetable Carnage, Apple, Rip, Snap, Dry, Medium Long.wav","snote=vegetable|carnage|apple|rip|snap|dry|medium|longsproject=vegetable|starter|pack|vegetable|longwav|vegetable|carnage:|jeffrey|mengyan"
"Vegetable Carnage, Cabbage, Snap, Short Length, Light Strength, 4 variations.wav","Vegetable Carnage:","Jeffrey Mengyan","https://sonniss.com/sound-effects/vegetable-carnage/","/Jeffrey Mengyan – Vegetable Carnage/Vegetable Carnage, Cabbage, Snap, Short Length, Light Strength, 4 variations.wav","sproject=vegetable|starter|packsnote=vegetable|carnage|cabbage|snap|short|length|light|strength|4|variations|vegetable|variationswav|vegetable|carnage:|jeffrey|mengyan"
"Vegetable Carnage, Orange, Squish, Medium Length, Medium Strength, 3 variations.wav","Vegetable Carnage:","Jeffrey Mengyan","https://sonniss.com/sound-effects/vegetable-carnage/","/Jeffrey Mengyan – Vegetable Carnage/Vegetable Carnage, Orange, Squish, Medium Length, Medium Strength, 3 variations.wav","sproject=vegetable|starter|packsnote=orange|squish|medium|length|strength|3|variations|vegetable|carnage|orange|variationswav|vegetable|carnage:|jeffrey|mengyan"
"Vegetable Carnage, Tomato, Squish, Slow, Soft Strength, Wet, Mono.wav","Vegetable Carnage:","Jeffrey Mengyan","https://sonniss.com/sound-effects/vegetable-carnage/","/Jeffrey Mengyan – Vegetable Carnage/Vegetable Carnage, Tomato, Squish, Slow, Soft Strength, Wet, Mono.wav","sproject=vegetable|starter|packsnote=tomato|squish|slow|soft|strength|wet|mono|vegetable|carnage|tomato|monowav|vegetable|carnage:|jeffrey|mengyan"
"Bare_Feet_Grass_RUN.R.wav","Ultimate Bare Feet Expansion","Joshua Reinhardt","https://sonniss.com/sound-effects/ultimate-bare-feet-expansion/","/Joshua Reinhardt - Ultimate Bare Feet Expansion/Bare_Feet_Grass_RUN.R.wav","bare_feet_grass_runlwav|bare_feet_grass_runrwav|ultimate|bare|feet|expansion|joshua|reinhardt"
"Bare_Feet_HW4_MED_WALK.L.wav","Ultimate Bare Feet Expansion","Joshua Reinhardt","https://sonniss.com/sound-effects/ultimate-bare-feet-expansion/","/Joshua Reinhardt - Ultimate Bare Feet Expansion/Bare_Feet_HW4_MED_WALK.L.wav","bare_feet_hw4_med_walklwav|ultimate|bare|feet|expansion|joshua|reinhardt"
"Bare_Feet_Metal 1_SLOW_MED_WALK.L.wav","Ultimate Bare Feet Expansion","Joshua Reinhardt","https://sonniss.com/sound-effects/ultimate-bare-feet-expansion/","/Joshua Reinhardt - Ultimate Bare Feet Expansion/Bare_Feet_Metal 1_SLOW_MED_WALK.L.wav","bare_feet_metal|1_slow_med_walklwav|ultimate|bare|feet|expansion|joshua|reinhardt"
"BOOT_CONC CLEAN_WALK.R.wav","Ultimate Bare Feet Expansion","Joshua Reinhardt","https://sonniss.com/sound-effects/ultimate-bare-feet-expansion/","/Joshua Reinhardt - Ultimate Bare Feet Expansion/BOOT_CONC CLEAN_WALK.R.wav","boot_conc|clean_walklwav|clean_walkrwav|ultimate|bare|feet|expansion|joshua|reinhardt"
"Long Ice Fly-by.wav","Transitions 001:","L.A. Sounds","https://sonniss.com/sound-effects/transitions-001/","/L.A. Sounds – Transitions 001/Long Ice Fly-by.wav","la|sound|sfx|series|transitions|#001|[flybys]|long|ice|flybywav|transitions|001:|l.a.|sounds"
"Long Rising Whoosh.wav","Transitions 001:","L.A. Sounds","https://sonniss.com/sound-effects/transitions-001/","/L.A. Sounds – Transitions 001/Long Rising Whoosh.wav","la|sound|sfx|series|transitions|#001|[whooshes]|long|rising|whooshwav|transitions|001:|l.a.|sounds"
"Quick Modulating Flutter.wav","Transitions 001:","L.A. Sounds","https://sonniss.com/sound-effects/transitions-001/","/L.A. Sounds – Transitions 001/Quick Modulating Flutter.wav","la|sound|sfx|series|transitions|#001|[flutters]|quick|modulating|flutterwav|transitions|001:|l.a.|sounds"
"Sword Slide Swish.wav","Transitions 001:","L.A. Sounds","https://sonniss.com/sound-effects/transitions-001/","/L.A. Sounds – Transitions 001/Sword Slide Swish.wav","la|sound|sfx|series|transitions|#001|[swishes]|sword|slide|swishwav|transitions|001:|l.a.|sounds"
"6Monsters_Behemoth_Talk_04.wav","6Monsters","Lukas Tvrdon","https://sonniss.com/sound-effects/6monsters/","/Lukas Tvrdon - 6Monsters/6Monsters_Behemoth_Talk_04.wav","designed|monster|voice|talk|growl|roar|deep|bass|dark|6monsters_behemoth_talk_04wav|6monsters|lukas|tvrdon"
"6Monsters_BlackBoss_Scream_04.wav","6Monsters","Lukas Tvrdon","https://sonniss.com/sound-effects/6monsters/","/Lukas Tvrdon - 6Monsters/6Monsters_BlackBoss_Scream_04.wav","designed|monster|voice|growl|roar|hardcore|deep|bass|dark|rough|distorted|6monsters_blackboss_scream_04wav|6monsters|lukas|tvrdon"
"6Monsters_DeadBaby_Talk_01.wav","6Monsters","Lukas Tvrdon","https://sonniss.com/sound-effects/6monsters/","/Lukas Tvrdon - 6Monsters/6Monsters_DeadBaby_Talk_01.wav","designed|monster|voice|talk|murmur|scream|yell|sharp|piercing|demonic|child|6monsters_deadbaby_talk_01wav|6monsters|lukas|tvrdon"
"6Monsters_TwinHead_Death_03.wav","6Monsters","Lukas Tvrdon","https://sonniss.com/sound-effects/6monsters/","/Lukas Tvrdon - 6Monsters/6Monsters_TwinHead_Death_03.wav","designed|monster|voice|scream|death|roar|eerie|sinister|sharp|piercing|6monsters_twinhead_death_03wav|6monsters|lukas|tvrdon"
"Distant Blast 05.wav","Distant Blast","Lukas Tvrdon","https://sonniss.com/sound-effects/distant-blast/","/Lukas Tvrdon - Distant Blast/Distant Blast 05.wav","distantcolored|explosion|or|impact|heavy|deep|dense|outdoor|detonation|attack|and|release|distant|blast|05wav|distant|blast|lukas|tvrdon"
"Distant Blast 17.wav","Distant Blast","Lukas Tvrdon","https://sonniss.com/sound-effects/distant-blast/","/Lukas Tvrdon - Distant Blast/Distant Blast 17.wav","distantcolored|explosion|or|impact|heavy|deep|dense|outdoor|detonation|attack|and|release|distant|blast|17wav|distant|blast|lukas|tvrdon"
"Distant Blast 26.wav","Distant Blast","Lukas Tvrdon","https://sonniss.com/sound-effects/distant-blast/","/Lukas Tvrdon - Distant Blast/Distant Blast 26.wav","distantcolored|explosion|or|impact|heavy|deep|dense|outdoor|detonation|attack|and|release|distant|blast|26wav|distant|blast|lukas|tvrdon"
"Distant Blast 38.wav","Distant Blast","Lukas Tvrdon","https://sonniss.com/sound-effects/distant-blast/","/Lukas Tvrdon - Distant Blast/Distant Blast 38.wav","distantcolored|explosion|or|impact|heavy|deep|dense|outdoor|detonation|attack|and|release|distant|blast|38wav|distant|blast|lukas|tvrdon"
"Guitar_Atmospheric Element_High-07.wav","AXmos_Cinematic Guitars","MatiasMacSD","https://sonniss.com/sound-effects/axmos_cinematic-guitars/","/MatiasMacSD - AXmos_Cinematic Guitars/Guitar_Atmospheric Element_High-07.wav","electric|guitar|clean|cinematic|atmosphere|atmospheric|element|high|frequency|guitar_atmospheric|element_high07wav|axmos_cinematic|guitars|matiasmacsd"
"Guitar_Movement_Tension-01.wav","AXmos_Cinematic Guitars","MatiasMacSD","https://sonniss.com/sound-effects/axmos_cinematic-guitars/","/MatiasMacSD - AXmos_Cinematic Guitars/Guitar_Movement_Tension-01.wav","electric|guitar|clean|movement|tension|suspense|cinematic|atmosphere|atmospheric|production|element|guitar_movement_tension01wav|axmos_cinematic|guitars|matiasmacsd"
"Guitar_Reverse-02.wav","AXmos_Cinematic Guitars","MatiasMacSD","https://sonniss.com/sound-effects/axmos_cinematic-guitars/","/MatiasMacSD - AXmos_Cinematic Guitars/Guitar_Reverse-02.wav","electric|guitar|reverse|cinematic|atmosphere|atmospheric|movement|production|element|guitar_reverse02wav|axmos_cinematic|guitars|matiasmacsd"
"Guitar_Soundscape_Tension-18.wav","AXmos_Cinematic Guitars","MatiasMacSD","https://sonniss.com/sound-effects/axmos_cinematic-guitars/","/MatiasMacSD - AXmos_Cinematic Guitars/Guitar_Soundscape_Tension-18.wav","electric|guitar|clean|soundscape|melody|cinematic|atmosphere|atmospheric|tension|suspense|guitar_soundscape_tension18wav|axmos_cinematic|guitars|matiasmacsd"
"DP-Atmospheric element_Tension-01.wav","DISTORTED PERCEPTION","MatiasMacSD","https://sonniss.com/sound-effects/distorted-perception/","/MatiasMacSD - DISTORTED PERCEPTION/DP-Atmospheric element_Tension-01.wav","distorted|perception|atmospheric|element|drone|tension|strain|cinematic|horror|fear|dpatmospheric|element_tension01wav|distorted|perception|matiasmacsd"
"DP-Cinematic impact_Sci-fi-03.wav","DISTORTED PERCEPTION","MatiasMacSD","https://sonniss.com/sound-effects/distorted-perception/","/MatiasMacSD - DISTORTED PERCEPTION/DP-Cinematic impact_Sci-fi-03.wav","distorted|perception|cinematic|impact|hit|trailer|scifi|science|fiction|futuristic|dpcinematic|impact_scifi03wav|distorted|perception|matiasmacsd"
"DP-Movement_Feedback-02.wav","DISTORTED PERCEPTION","MatiasMacSD","https://sonniss.com/sound-effects/distorted-perception/","/MatiasMacSD - DISTORTED PERCEPTION/DP-Movement_Feedback-02.wav","distorted|perception|movement|atmospheric|element|feedback|rare|strange|cinematic|tension|horror|fear|dpmovement_feedback02wav|distorted|perception|matiasmacsd"
"DP-Transition_Sci-fi-13.wav","DISTORTED PERCEPTION","MatiasMacSD","https://sonniss.com/sound-effects/distorted-perception/","/MatiasMacSD - DISTORTED PERCEPTION/DP-Transition_Sci-fi-13.wav","distorted|perception|transition|whoosh|scifi|science|fiction|cinematic|dptransition_scifi13wav|distorted|perception|matiasmacsd"
"Digital Scream_Plugged In_Variations-02.wav","SWAP_Digital Screams","MatiasMacSD","https://sonniss.com/sound-effects/swap_digital-screams/","/MatiasMacSD - SWAP_Digital Screams/Digital Scream_Plugged In_Variations-02.wav","digital|computerized|computer|futuristic|future|scifi|science|fiction|scream|shout|vocalization|male|transformation|conversion|plugged|in|enter|entering|insertion|variations|scream_plugged|in_variations02wav|swap_digital|screams|matiasmacsd"
"Digital Scream_Power On_Variations-02.wav","SWAP_Digital Screams","MatiasMacSD","https://sonniss.com/sound-effects/swap_digital-screams/","/MatiasMacSD - SWAP_Digital Screams/Digital Scream_Power On_Variations-02.wav","digital|computerized|computer|futuristic|future|scifi|science|fiction|scream|shout|vocalization|male|transformation|conversion|power|on|variations|scream_power|on_variations02wav|swap_digital|screams|matiasmacsd"
"3DPrinter.Heavy.Servo.Sequence1.wav","3D Printer  Lulzbot mini:","MattLightbound","https://sonniss.com/sound-effects/3d-printer-lulzbot-mini/","/MattLightbound - 3D Printer - Lulzbot mini/3DPrinter.Heavy.Servo.Sequence1.wav","printer|machine|servo|movement|electrical|3d|metal|gadget|3dprinterheavyservosequence1wav|3d|printer||lulzbot|mini:|mattlightbound"
"3DPrinter.Sequence6(NoEMF).wav","3D Printer  Lulzbot mini:","MattLightbound","https://sonniss.com/sound-effects/3d-printer-lulzbot-mini/","/MattLightbound - 3D Printer - Lulzbot mini/3DPrinter.Sequence6(NoEMF).wav","printer|machine|servo|movement|electrical|3d|metal|gadget|3dprintersequence6(noemf)wav|3d|printer||lulzbot|mini:|mattlightbound"
"3DPrinter.Servo.Whine.Sequence2.wav","3D Printer  Lulzbot mini:","MattLightbound","https://sonniss.com/sound-effects/3d-printer-lulzbot-mini/","/MattLightbound - 3D Printer - Lulzbot mini/3DPrinter.Servo.Whine.Sequence2.wav","printer|machine|servo|movement|electrical|3d|metal|gadget|3dprinterservowhinesequence2wav|3d|printer||lulzbot|mini:|mattlightbound"
"3DPrinter.WarmUp.Sequence1.wav","3D Printer  Lulzbot mini:","MattLightbound","https://sonniss.com/sound-effects/3d-printer-lulzbot-mini/","/MattLightbound - 3D Printer - Lulzbot mini/3DPrinter.WarmUp.Sequence1.wav","printer|machine|servo|movement|electrical|3d|metal|gadget|3dprinterwarmupsequence1wav|3d|printer||lulzbot|mini:|mattlightbound"
"Black Machine.wav","Impulse Cabinetism 2","Navi Retlav Studio","https://sonniss.com/sound-effects/impulse-cabinetism-2/","/Navi Retlav Studio - Impulse Cabinetism 2/Black Machine.wav","ir|impulse|response|experimental|ambience|reverb|space|delay|convolution|effect|designed|synthesized|black|machinewav|impulse|cabinetism|2|navi|retlav|studio"
"Dark Jumper.wav","Impulse Cabinetism 2","Navi Retlav Studio","https://sonniss.com/sound-effects/impulse-cabinetism-2/","/Navi Retlav Studio - Impulse Cabinetism 2/Dark Jumper.wav","ir|impulse|response|experimental|ambience|reverb|space|delay|convolution|effect|designed|synthesized|dark|jumperwav|impulse|cabinetism|2|navi|retlav|studio"
"Final Raster.wav","Impulse Cabinetism 2","Navi Retlav Studio","https://sonniss.com/sound-effects/impulse-cabinetism-2/","/Navi Retlav Studio - Impulse Cabinetism 2/Final Raster.wav","ir|impulse|response|experimental|ambience|reverb|space|delay|convolution|effect|designed|synthesized|final|rasterwav|impulse|cabinetism|2|navi|retlav|studio"
"PFDC.wav","Impulse Cabinetism 2","Navi Retlav Studio","https://sonniss.com/sound-effects/impulse-cabinetism-2/","/Navi Retlav Studio - Impulse Cabinetism 2/PFDC.wav","ir|impulse|response|experimental|ambience|reverb|space|delay|convolution|effect|designed|synthesized|pfdcwav|impulse|cabinetism|2|navi|retlav|studio"
"Black Machine.wav","Impulse Exploration 4","Navi Retlav Studio","https://sonniss.com/sound-effects/impulse-exploration-4/","/Navi Retlav Studio - Impulse Cabinetism 2/Black Machine.wav","ir|impulse|response|experimental|ambience|reverb|space|delay|convolution|effect|designed|synthesized|black|machinewav|impulse|exploration|4|navi|retlav|studio"
"Duo Sweeper.wav","Impulse Exploration 4","Navi Retlav Studio","https://sonniss.com/sound-effects/impulse-exploration-4/","/Navi Retlav Studio - Impulse Exploration 4/Duo Sweeper.wav","ir|impulse|response|experimental|ambience|reverb|space|delay|convolution|effect|designed|synthesized|duo|sweeperwav|impulse|exploration|4|navi|retlav|studio"
"Paper Dust.wav","Impulse Exploration 4","Navi Retlav Studio","https://sonniss.com/sound-effects/impulse-exploration-4/","/Navi Retlav Studio - Impulse Exploration 4/Paper Dust.wav","ir|impulse|response|experimental|ambience|reverb|space|delay|convolution|effect|designed|synthesized|paper|dustwav|impulse|exploration|4|navi|retlav|studio"
"Sweep Phaser.wav","Impulse Exploration 4","Navi Retlav Studio","https://sonniss.com/sound-effects/impulse-exploration-4/","/Navi Retlav Studio - Impulse Exploration 4/Sweep Phaser.wav","ir|impulse|response|experimental|ambience|reverb|space|delay|convolution|effect|designed|synthesized|sweep|phaserwav|impulse|exploration|4|navi|retlav|studio"
"Atraction.wav","Impulse Fractalism","Navi Retlav Studio","https://sonniss.com/sound-effects/impulse-fractalism/","/Navi Retlav Studio - Impulse Fractalism/Atraction.wav","ir|impulse|response|experimental|ambience|reverb|space|delay|convolution|effect|designed|synthesized|fractal|atractionwav|impulse|fractalism|navi|retlav|studio"
"Candy.wav","Impulse Fractalism","Navi Retlav Studio","https://sonniss.com/sound-effects/impulse-fractalism/","/Navi Retlav Studio - Impulse Fractalism/Candy.wav","ir|impulse|response|experimental|ambience|reverb|space|delay|convolution|effect|designed|synthesized|fractal|candywav|impulse|fractalism|navi|retlav|studio"
"Final Force.wav","Impulse Fractalism","Navi Retlav Studio","https://sonniss.com/sound-effects/impulse-fractalism/","/Navi Retlav Studio - Impulse Fractalism/Final Force.wav","ir|impulse|response|experimental|ambience|reverb|space|delay|convolution|effect|designed|synthesized|fractal|final|forcewav|impulse|fractalism|navi|retlav|studio"
"Mother Swirl.wav","Impulse Fractalism","Navi Retlav Studio","https://sonniss.com/sound-effects/impulse-fractalism/","/Navi Retlav Studio - Impulse Fractalism/Mother Swirl.wav","ir|impulse|response|experimental|ambience|reverb|space|delay|convolution|effect|designed|synthesized|fractal|mother|swirlwav|impulse|fractalism|navi|retlav|studio"
"Lexi Back Double Slap.wav","Impulse Reverbism","Navi Retlav Studio","https://sonniss.com/sound-effects/impulse-reverbism/","/Navi Retlav Studio - Impulse Reverbism/Lexi Back Double Slap.wav","ir|impulse|response|ambience|reverb|space|delay|convolution|effect|designed|lexicon|lexi|back|double|slapwav|impulse|reverbism|navi|retlav|studio"
"Lexi Past Spatial.wav","Impulse Reverbism","Navi Retlav Studio","https://sonniss.com/sound-effects/impulse-reverbism/","/Navi Retlav Studio - Impulse Reverbism/Lexi Past Spatial.wav","ir|impulse|response|ambience|reverb|space|delay|convolution|effect|designed|lexicon|lexi|past|spatialwav|impulse|reverbism|navi|retlav|studio"
"Lexi Small Soft Bounce.wav","Impulse Reverbism","Navi Retlav Studio","https://sonniss.com/sound-effects/impulse-reverbism/","/Navi Retlav Studio - Impulse Reverbism/Lexi Small Soft Bounce.wav","ir|impulse|response|ambience|reverb|space|delay|convolution|effect|designed|lexicon|lexi|small|soft|bouncewav|impulse|reverbism|navi|retlav|studio"
"Lexi Vocal Int.wav","Impulse Reverbism","Navi Retlav Studio","https://sonniss.com/sound-effects/impulse-reverbism/","/Navi Retlav Studio - Impulse Reverbism/Lexi Vocal Int.wav","ir|impulse|response|ambience|reverb|space|delay|convolution|effect|designed|lexicon|lexi|vocal|intwav|impulse|reverbism|navi|retlav|studio"
"Bullet Impact 22.wav","Guns & Explosions","Olivier Girardot","https://sonniss.com/sound-effects/guns-and-explosions/","/Olivier Girardot - Guns & Explosions/Bullet Impact 22.wav","bullet|impact|22wav|guns|&|explosions|olivier|girardot"
"Earthquake 3 - Big.wav","Guns & Explosions","Olivier Girardot","https://sonniss.com/sound-effects/guns-and-explosions/","/Olivier Girardot - Guns & Explosions/Earthquake 3 - Big.wav","earthquake|3|bigwav|guns|&|explosions|olivier|girardot"
"Explosion 8.wav","Guns & Explosions","Olivier Girardot","https://sonniss.com/sound-effects/guns-and-explosions/","/Olivier Girardot - Guns & Explosions/Explosion 8.wav","explosion|8wav|guns|&|explosions|olivier|girardot"
"Volcano Eruption 1.wav","Guns & Explosions","Olivier Girardot","https://sonniss.com/sound-effects/guns-and-explosions/","/Olivier Girardot - Guns & Explosions/Volcano Eruption 1.wav","volcano|eruption|1wav|guns|&|explosions|olivier|girardot"
"Dragon Tail 1.wav","Monsters","Olivier Girardot","","/Olivier Girardot - Monsters/Dragon Tail 1.wav","dragon|tail|1wav|monsters|olivier|girardot"
"Monster Bite 3.wav","Monsters","Olivier Girardot","","/Olivier Girardot - Monsters/Monster Bite 3.wav","monster|bite|3wav|monsters|olivier|girardot"
"Monster Growls 4.wav","Monsters","Olivier Girardot","","/Olivier Girardot - Monsters/Monster Growls 4.wav","monster|growls|4wav|monsters|olivier|girardot"
"Monster Tail Hit on Chainmail.wav","Monsters","Olivier Girardot","","/Olivier Girardot - Monsters/Monster Tail Hit on Chainmail.wav","monster|tail|hit|on|chainmailwav|monsters|olivier|girardot"
"Cavern Sound effect_Short - Loop.wav","Underground Atmospheres","Olivier Girardot","https://sonniss.com/sound-effects/underground-atmospheres/","/Olivier Girardot - Underground Atmospheres/Cavern Sound effect_Short - Loop.wav","cavern|sound|effect_short|loopwav|underground|atmospheres|olivier|girardot"
"Sewer Cascade.wav","Underground Atmospheres","Olivier Girardot","https://sonniss.com/sound-effects/underground-atmospheres/","/Olivier Girardot - Underground Atmospheres/Sewer Cascade.wav","sewer|cascadewav|underground|atmospheres|olivier|girardot"
"Underground atmosphere - Artificial Tunnel 3 - Loop.wav","Underground Atmospheres","Olivier Girardot","https://sonniss.com/sound-effects/underground-atmospheres/","/Olivier Girardot - Underground Atmospheres/Underground atmosphere - Artificial Tunnel 3 - Loop.wav","underground|atmosphere|artificial|tunnel|3|loopwav|underground|atmospheres|olivier|girardot"
"Underground atmosphere - Wind 2 - Loop.wav","Underground Atmospheres","Olivier Girardot","https://sonniss.com/sound-effects/underground-atmospheres/","/Olivier Girardot - Underground Atmospheres/Underground atmosphere - Wind 2 - Loop.wav","underground|atmosphere|wind|2|loopwav|underground|atmospheres|olivier|girardot"
"Electric power surge protector turned on with beep and loud relay clicks, pause, relay click with buzz2.wav","Household, kitchen and hotel sounds","Omar Alvarado","https://sonniss.com/sound-effects/household-kitchen-hotel-sound-effects/","/Omar Alvarado - Household, kitchen and hotel sounds/Electric power surge protector turned on with beep and loud relay clicks, pause, relay click with buzz2.wav","electric|power|surge|protector|turned|on|with|beep|and|loud|relay|clicks|pause|click|buzz2wav|household,|kitchen|and|hotel|sounds|omar|alvarado"
"kitchen, cooking general perspective.wav","Household, kitchen and hotel sounds","Omar Alvarado","https://sonniss.com/sound-effects/household-kitchen-hotel-sound-effects/","/Omar Alvarado - Household, kitchen and hotel sounds/kitchen, cooking general perspective.wav","kitchen|cooking|general|perspectivewav|household,|kitchen|and|hotel|sounds|omar|alvarado"
"sink, running, maximum stream of water, shut off.wav","Household, kitchen and hotel sounds","Omar Alvarado","https://sonniss.com/sound-effects/household-kitchen-hotel-sound-effects/","/Omar Alvarado - Household, kitchen and hotel sounds/sink, running, maximum stream of water, shut off.wav","sink|running|maximum|stream|of|water|shut|offwav|household,|kitchen|and|hotel|sounds|omar|alvarado"
"washing hands inside a bathroom mostly empty soap pump sink on then off.wav","Household, kitchen and hotel sounds","Omar Alvarado","https://sonniss.com/sound-effects/household-kitchen-hotel-sound-effects/","/Omar Alvarado - Household, kitchen and hotel sounds/washing hands inside a bathroom mostly empty soap pump sink on then off.wav","washing|hands|inside|a|bathroom|mostly|empty|soap|pump|sink|on|then|offwav|household,|kitchen|and|hotel|sounds|omar|alvarado"
"PM_InMotion_Busy_Cafe.wav","IN MOTION","Phil Michalski","https://sonniss.com/sound-effects/motion/","/Phil Michalski - IN MOTION/PM_InMotion_Busy_Cafe.wav","time|trails|time|lapse|timelapse|passage|of|ambiance|cafe|bar|restaurant|walla|people|plates|pm_inmotion_busy_cafewav|in|motion|phil|michalski"
"PM_InMotion_Paranormal.wav","IN MOTION","Phil Michalski","https://sonniss.com/sound-effects/motion/","/Phil Michalski - IN MOTION/PM_InMotion_Paranormal.wav","time|trails|time|lapse|timelapse|passage|of|paranormal|drone|soundscape|pm_inmotion_paranormalwav|in|motion|phil|michalski"
"PM_InMotion_Sinister_Police.wav","IN MOTION","Phil Michalski","https://sonniss.com/sound-effects/motion/","/Phil Michalski - IN MOTION/PM_InMotion_Sinister_Police.wav","time|trails|time|lapse|timelapse|passage|of|ambiance|police|sinister|muffled|pm_inmotion_sinister_policewav|in|motion|phil|michalski"
"PM_InMotion_Voices_Ghosts.wav","IN MOTION","Phil Michalski","https://sonniss.com/sound-effects/motion/","/Phil Michalski - IN MOTION/PM_InMotion_Voices_Ghosts.wav","time|trails|time|lapse|timelapse|passage|of|voices|ghosts|horror|reversed|pm_inmotion_voices_ghostswav|in|motion|phil|michalski"
"PM_PARANOIA_DRONE_12.wav","PARANOIA","Phil Michalski","https://sonniss.com/sound-effects/paranoia/","/Phil Michalski - PARANOIA/PM_PARANOIA_DRONE_12.wav","pm_paranoia_drone_12wav|paranoia|phil|michalski"
"PM_PARANOIA_IMPACT_11.wav","PARANOIA","Phil Michalski","https://sonniss.com/sound-effects/paranoia/","/Phil Michalski - PARANOIA/PM_PARANOIA_IMPACT_11.wav","pm_paranoia_impact_11wav|paranoia|phil|michalski"
"PM_PARANOIA_RISER_17.wav","PARANOIA","Phil Michalski","https://sonniss.com/sound-effects/paranoia/","/Phil Michalski - PARANOIA/PM_PARANOIA_RISER_17.wav","pm_paranoia_riser_17wav|paranoia|phil|michalski"
"PM_PARANOIA_VOICE_7.wav","PARANOIA","Phil Michalski","https://sonniss.com/sound-effects/paranoia/","/Phil Michalski - PARANOIA/PM_PARANOIA_VOICE_7.wav","pm_paranoia_voice_7wav|paranoia|phil|michalski"
"PM_SFE_GLITCHES__09.wav","SCI FI Mechanics","Phil Michalski","https://sonniss.com/sound-effects/sci-fi-mechanics/","/Phil Michalski - SCI-FI Mechanics/PM_SFE_GLITCHES__09.wav","pm_sfe_glitches__09wav|sci|fi|mechanics|phil|michalski"
"PM_SFE_HEAVY_15.wav","SCI FI Mechanics","Phil Michalski","https://sonniss.com/sound-effects/sci-fi-mechanics/","/Phil Michalski - SCI-FI Mechanics/PM_SFE_HEAVY_15.wav","pm_sfe_heavy_15wav|sci|fi|mechanics|phil|michalski"
"PM_SFE_RCLEAN_62.wav","SCI FI Mechanics","Phil Michalski","https://sonniss.com/sound-effects/sci-fi-mechanics/","/Phil Michalski - SCI-FI Mechanics/PM_SFE_RCLEAN_62.wav","pm_sfe_rclean_62wav|sci|fi|mechanics|phil|michalski"
"PM_SFE_WARPED_15.wav","SCI FI Mechanics","Phil Michalski","https://sonniss.com/sound-effects/sci-fi-mechanics/","/Phil Michalski - SCI-FI Mechanics/PM_SFE_WARPED_15.wav","pm_sfe_warped_15wav|sci|fi|mechanics|phil|michalski"
"PM_CS_action_complex3.wav","CYBERSPHERE:","Phil Michalski","https://sonniss.com/sound-effects/cybersphere/","/Phil Michalski – CYBERSPHERE/PM_CS_action_complex3.wav","sfilename=pm_cs_action_complex3wavstrk1=|strk2=|snote=pm|cybersphere|scifi|ui|hud|action|pm_cs_action_complex3wav|cybersphere:|phil|michalski"
"PM_CS_beep_classic_denied.wav","CYBERSPHERE:","Phil Michalski","https://sonniss.com/sound-effects/cybersphere/","/Phil Michalski – CYBERSPHERE/PM_CS_beep_classic_denied.wav","sfilename=pm_cs_beep_classic_deniedwavstrk1=|strk2=|snote=pm|cybersphere|scifi|ui|hud|beep|bleep|button|pm_cs_beep_classic_deniedwav|cybersphere:|phil|michalski"
"PM_CS_beep_denied5.wav","CYBERSPHERE:","Phil Michalski","https://sonniss.com/sound-effects/cybersphere/","/Phil Michalski – CYBERSPHERE/PM_CS_beep_denied5.wav","sfilename=pm_cs_beep_denied5wavstrk1=|strk2=|snote=pm|cybersphere|scifi|ui|hud|beep|bleep|button|pm_cs_beep_denied5wav|cybersphere:|phil|michalski"
"PM_CS_text_classic2.wav","CYBERSPHERE:","Phil Michalski","https://sonniss.com/sound-effects/cybersphere/","/Phil Michalski – CYBERSPHERE/PM_CS_text_classic2.wav","sfilename=pm_cs_text_classic2wavstrk1=|strk2=|snote=pm|cybersphere|scifi|ui|hud|text|pm_cs_text_classic2wav|cybersphere:|phil|michalski"
"audi_s6_t2_onbrd_start_medium_drive_reverse_drive_stop_off_interior_ORTF_MKH8040.L.wav","Audi S6 2007","Pole Position","https://sonniss.com/sound-effects/audi-s6-2007/","/Pole Position - Audi S6 2007/audi_s6_t2_onbrd_start_medium_drive_reverse_drive_stop_off_interior_ORTF_MKH8040.L.wav","audi|s6|onboard|start|medium|drive|reverse|stop|off|interior|ortf|sennheiser|mkh|8040|audi_s6_t2_onbrd_start_medium_drive_reverse_drive_stop_off_interior_ortf_mkh8040lwav|audi|s6|2007|pole|position"
"audi_s6_t2_onbrd_start_medium_drive_reverse_drive_stop_off_interior_ORTF_MKH8040.R.wav","Audi S6 2007","Pole Position","https://sonniss.com/sound-effects/audi-s6-2007/","/Pole Position - Audi S6 2007/audi_s6_t2_onbrd_start_medium_drive_reverse_drive_stop_off_interior_ORTF_MKH8040.R.wav","audi|s6|onboard|start|medium|drive|reverse|stop|off|interior|ortf|sennheiser|mkh|8040|audi_s6_t2_onbrd_start_medium_drive_reverse_drive_stop_off_interior_ortf_mkh8040rwav|audi|s6|2007|pole|position"
"audi_s6_t7_ext_bys_pumping_with_accelerator_MKH8060.wav","Audi S6 2007","Pole Position","https://sonniss.com/sound-effects/audi-s6-2007/","/Pole Position - Audi S6 2007/audi_s6_t7_ext_bys_pumping_with_accelerator_MKH8060.wav","audi|s6|exterior|bys|pumping|with|accelerator|sennheiser|mkh|8060|audi_s6_t7_ext_bys_pumping_with_accelerator_mkh8060wav|audi|s6|2007|pole|position"
"BMW_S1000RR_t3_ext_fast_approach_stop_away_passby_MKH8040_ORTF.L.wav","BMW S1000RR HP4 2012","Pole Position","https://sonniss.com/sound-effects/bmw-s1000rr-hp4-2012/","/Pole Position - BMW S1000RR HP4 2012/BMW_S1000RR_t3_ext_fast_approach_stop_away_passby_MKH8040_ORTF.L.wav","exterior|fast|approach|stop|away|passby|secondary|position|sound|devices|702|sennheiser|mkh8040|ortf|wav|bmw_s1000rr_t3_ext_fast_approach_stop_away_passby_mkh8040_ortflwav|bmw|s1000rr|hp4|2012|pole|position"
"BMW_S1000RR_t3_ext_fast_approach_stop_away_passby_MKH8040_ORTF.R.wav","BMW S1000RR HP4 2012","Pole Position","https://sonniss.com/sound-effects/bmw-s1000rr-hp4-2012/","/Pole Position - BMW S1000RR HP4 2012/BMW_S1000RR_t3_ext_fast_approach_stop_away_passby_MKH8040_ORTF.R.wav","exterior|fast|approach|stop|away|passby|secondary|position|sound|devices|702|sennheiser|mkh8040|ortf|wav|bmw_s1000rr_t3_ext_fast_approach_stop_away_passby_mkh8040_ortfrwav|bmw|s1000rr|hp4|2012|pole|position"
"BMW_S1000RR_t9_onbrd_startup_idle_blips_constant_rpms_in_neutral_shutdown_exhaust_RE50.wav","BMW S1000RR HP4 2012","Pole Position","https://sonniss.com/sound-effects/bmw-s1000rr-hp4-2012/","/Pole Position - BMW S1000RR HP4 2012/BMW_S1000RR_t9_onbrd_startup_idle_blips_constant_rpms_in_neutral_shutdown_exhaust_RE50.wav","onboard|startup|idle|blips|constant|rpms|in|neutral|shutdown|exhaust|zaxcom|re50|wav|bmw_s1000rr_t9_onbrd_startup_idle_blips_constant_rpms_in_neutral_shutdown_exhaust_re50wav|bmw|s1000rr|hp4|2012|pole|position"
"chaffee_m24_t2_onbrd_slow_drive_pause_resume_stop_twice_interior_DPA4021.wav","Chaffee M24 Light Tank","Pole Position","https://sonniss.com/sound-effects/chaffee-m24-light-tank/","/Pole Position - Chaffee M24 Light Tank/chaffee_m24_t2_onbrd_slow_drive_pause_resume_stop_twice_interior_DPA4021.wav","chaffee|m24|onboard|slow|drive|pause|resume|stop|twice|interior|dpa|4021|chaffee_m24_t2_onbrd_slow_drive_pause_resume_stop_twice_interior_dpa4021wav|chaffee|m24|light|tank|pole|position"
"chaffee_m24_t6_onbrd_start_idle_blips_steady_in_neutral_off_engine_DPA4061.wav","Chaffee M24 Light Tank","Pole Position","https://sonniss.com/sound-effects/chaffee-m24-light-tank/","/Pole Position - Chaffee M24 Light Tank/chaffee_m24_t6_onbrd_start_idle_blips_steady_in_neutral_off_engine_DPA4061.wav","chaffee|m24|onboard|start|idle|blips|steady|in|neutral|off|engine|dpa|4061|chaffee_m24_t6_onbrd_start_idle_blips_steady_in_neutral_off_engine_dpa4061wav|chaffee|m24|light|tank|pole|position"
"chaffee_m24_t7_var_sfx_ext_hydraulic_traverse_XY_RSM191.wav","Chaffee M24 Light Tank","Pole Position","https://sonniss.com/sound-effects/chaffee-m24-light-tank/","/Pole Position - Chaffee M24 Light Tank/chaffee_m24_t7_var_sfx_ext_hydraulic_traverse_XY_RSM191.wav","chaffee|m24|var|sfx|exterior|hydraulic|traverse|xy|neumann|rsm|191|chaffee_m24_t7_var_sfx_ext_hydraulic_traverse_xy_rsm191wav|chaffee|m24|light|tank|pole|position"
"chevrolet_silverado_tow_truck_t5_onbrd_start_slow_drive_brief_stop_interior_DPA4021.wav","Chevrolet Silverado 2012 Tow Truck","Pole Position","https://sonniss.com/sound-effects/chevrolet-silverado-2012-tow-truck/","/Pole Position - Chevrolet Silverado 2012 Tow Truck/chevrolet_silverado_tow_truck_t5_onbrd_start_slow_drive_brief_stop_interior_DPA4021.wav","chevrolet|silverado|tow|truck|onboard|start|slow|drive|brief|stop|interior|dpa|4021|chevrolet_silverado_tow_truck_t5_onbrd_start_slow_drive_brief_stop_interior_dpa4021wav|chevrolet|silverado|2012|tow|truck|pole|position"
"chevrolet_silverado_tow_truck_t9_ext_fast_by_left_turn_point_M10.wav","Chevrolet Silverado 2012 Tow Truck","Pole Position","https://sonniss.com/sound-effects/chevrolet-silverado-2012-tow-truck/","/Pole Position - Chevrolet Silverado 2012 Tow Truck/chevrolet_silverado_tow_truck_t9_ext_fast_by_left_turn_point_M10.wav","chevrolet|silverado|tow|truck|exterior|fast|by|left|turn|point|sony|pcmm10|chevrolet_silverado_tow_truck_t9_ext_fast_by_left_turn_point_m10wav|chevrolet|silverado|2012|tow|truck|pole|position"
"chevrolet_silverado_tow_truck_t24_onbrd_var_sfx_horn_various_engine_right_PZM.wav","Chevrolet Silverado 2012 Tow Truck","Pole Position","https://sonniss.com/sound-effects/chevrolet-silverado-2012-tow-truck/","/Pole Position - Chevrolet Silverado 2012 Tow Truck/chevrolet_silverado_tow_truck_t24_onbrd_var_sfx_horn_various_engine_right_PZM.wav","chevrolet|silverado|tow|truck|onboard|various|sfx|horn|engine|right|crown|pzm|chevrolet_silverado_tow_truck_t24_onbrd_var_sfx_horn_various_engine_right_pzmwav|chevrolet|silverado|2012|tow|truck|pole|position"
"Chopper_t7_ext_distant_startup_fast_driving_away_shutdown_DPA4021_XY.L.wav","Chopper Custom V Twin","Pole Position","https://sonniss.com/sound-effects/chopper-custom-v-twin/","/Pole Position - Chopper Custom V-Twin/Chopper_t7_ext_distant_startup_fast_driving_away_shutdown_DPA4021_XY.L.wav","exterior|distant|startup|fast|driving|away|shutdown|dpa4021|xy|chopper_t7_ext_distant_startup_fast_driving_away_shutdown_dpa4021_xylwav|chopper|custom|v|twin|pole|position"
"Chopper_t7_ext_distant_startup_fast_driving_away_shutdown_DPA4021_XY.R.wav","Chopper Custom V Twin","Pole Position","https://sonniss.com/sound-effects/chopper-custom-v-twin/","/Pole Position - Chopper Custom V-Twin/Chopper_t7_ext_distant_startup_fast_driving_away_shutdown_DPA4021_XY.R.wav","exterior|distant|startup|fast|driving|away|shutdown|dpa4021|xy|chopper_t7_ext_distant_startup_fast_driving_away_shutdown_dpa4021_xyrwav|chopper|custom|v|twin|pole|position"
"Chopper_t19_onbrd_false_startups_engine_left_DPA4062.wav","Chopper Custom V Twin","Pole Position","https://sonniss.com/sound-effects/chopper-custom-v-twin/","/Pole Position - Chopper Custom V-Twin/Chopper_t19_onbrd_false_startups_engine_left_DPA4062.wav","onboard|false|startups|engine|left|dpa4062|chopper_t19_onbrd_false_startups_engine_left_dpa4062wav|chopper|custom|v|twin|pole|position"
"C-46_t2_onbrd_startup_idle_steady_rpms_ramps_throttle_movements_shutdown_on_wood_compartment_far_back_PZM.wav","Curtiss C 46 Commando","Pole Position","https://sonniss.com/sound-effects/curtiss-c-46-commando/","/Pole Position - Curtiss C-46 Commando/C-46_t2_onbrd_startup_idle_steady_rpms_ramps_throttle_movements_shutdown_on_wood_compartment_far_back_PZM.wav","stationary|onboard|startup|idle|steady|rpms|ramps|throttle|movements|shutdown|on|wood|compartment|far|back|pzm|wav|c46_t2_onbrd_startup_idle_steady_rpms_ramps_throttle_movements_shutdown_on_wood_compartment_far_back_pzmwav|curtiss|c|46|commando|pole|position"
"dodge_challenger_1971_t8_ext_fast_by_up_stop_left_turn_point_M10.wav","Dodge Challenger R T 1971","Pole Position","https://sonniss.com/sound-effects/dodge-challenger-rt-1971/","/Pole Position - Dodge Challenger R-T 1971/dodge_challenger_1971_t8_ext_fast_by_up_stop_left_turn_point_M10.wav","dodge|challenger|1971|exterior|fast|by|up|stop|left|turn|point|sony|pcmm10|dodge_challenger_1971_t8_ext_fast_by_up_stop_left_turn_point_m10wav|dodge|challenger|r|t|1971|pole|position"
"dodge_challenger_1971_t12_onbrd_drive_gearshifts_interior_DPA4021.wav","Dodge Challenger R T 1971","Pole Position","https://sonniss.com/sound-effects/dodge-challenger-rt-1971/","/Pole Position - Dodge Challenger R-T 1971/dodge_challenger_1971_t12_onbrd_drive_gearshifts_interior_DPA4021.wav","dodge|challenger|1971|onboard|drive|gearshifts|interior|dpa|4021|dodge_challenger_1971_t12_onbrd_drive_gearshifts_interior_dpa4021wav|dodge|challenger|r|t|1971|pole|position"
"dodge_challenger_1971_t25_var_sfx_ignition_and_key_XY_RSM191.wav","Dodge Challenger R T 1971","Pole Position","https://sonniss.com/sound-effects/dodge-challenger-rt-1971/","/Pole Position - Dodge Challenger R-T 1971/dodge_challenger_1971_t25_var_sfx_ignition_and_key_XY_RSM191.wav","dodge|challenger|1971|various|sfx|ignition|and|key|xy|neumann|rsm|191|dodge_challenger_1971_t25_var_sfx_ignition_and_key_xy_rsm191wav|dodge|challenger|r|t|1971|pole|position"
"Drone_S900_t4_ext_startup_steady_rpms_shutdown_stationary_MKH8060.wav","Drone DJI Spreading Wings S900","Pole Position","https://sonniss.com/sound-effects/drone-dji-spreading-wings-s900/","/Pole Position - Drone DJI Spreading Wings S900/Drone_S900_t4_ext_startup_steady_rpms_shutdown_stationary_MKH8060.wav","exterior|startup|steady|rpms|shutdown|stationary|sennheiser|mkh8060|wav|drone_s900_t4_ext_startup_steady_rpms_shutdown_stationary_mkh8060wav|drone|dji|spreading|wings|s900|pole|position"
"Drone_S900_t9_ext_startup_takeoff_away_flybys_approach_landing_shutdown_RSM191_XY.L.wav","Drone DJI Spreading Wings S900","Pole Position","https://sonniss.com/sound-effects/drone-dji-spreading-wings-s900/","/Pole Position - Drone DJI Spreading Wings S900/Drone_S900_t9_ext_startup_takeoff_away_flybys_approach_landing_shutdown_RSM191_XY.L.wav","exterior|startup|takeoff|away|flybys|approach|landing|shutdown|neumann|rsm191|xy|wav|drone_s900_t9_ext_startup_takeoff_away_flybys_approach_landing_shutdown_rsm191_xylwav|drone|dji|spreading|wings|s900|pole|position"
"Drone_S900_t9_ext_startup_takeoff_away_flybys_approach_landing_shutdown_RSM191_XY.R.wav","Drone DJI Spreading Wings S900","Pole Position","https://sonniss.com/sound-effects/drone-dji-spreading-wings-s900/","/Pole Position - Drone DJI Spreading Wings S900/Drone_S900_t9_ext_startup_takeoff_away_flybys_approach_landing_shutdown_RSM191_XY.R.wav","exterior|startup|takeoff|away|flybys|approach|landing|shutdown|neumann|rsm191|xy|wav|drone_s900_t9_ext_startup_takeoff_away_flybys_approach_landing_shutdown_rsm191_xyrwav|drone|dji|spreading|wings|s900|pole|position"
"fokker_dr1_t2_ext_fast_fly_bys_XY_RSM191.wav","Fokker Dr. 1 1917","Pole Position","https://sonniss.com/sound-effects/fokker-dr-1-1917/","/Pole Position - Fokker Dr. 1 1917/fokker_dr1_t2_ext_fast_fly_bys_XY_RSM191.wav","fokker|dr1|exterior|fast|fly|bys|xy|neumann|rsm|191|bump|at|0|55|fokker_dr1_t2_ext_fast_fly_bys_xy_rsm191wav|fokker|dr.|1|1917|pole|position"
"fokker_dr1_t5_onbrd_taxi_in_front_of_pilot_MKH8020.wav","Fokker Dr. 1 1917","Pole Position","https://sonniss.com/sound-effects/fokker-dr-1-1917/","/Pole Position - Fokker Dr. 1 1917/fokker_dr1_t5_onbrd_taxi_in_front_of_pilot_MKH8020.wav","fokker|dr1|onboard|taxi|in|front|of|pilot|sennheiser|mkh|8020|fokker_dr1_t5_onbrd_taxi_in_front_of_pilot_mkh8020wav|fokker|dr.|1|1917|pole|position"
"fokker_dr1_t16_onbrd_spin_prop_front_under_engine_PZM.wav","Fokker Dr. 1 1917","Pole Position","https://sonniss.com/sound-effects/fokker-dr-1-1917/","/Pole Position - Fokker Dr. 1 1917/fokker_dr1_t16_onbrd_spin_prop_front_under_engine_PZM.wav","fokker|dr1|onboard|spin|prop|front|under|engine|crown|pzm|fokker_dr1_t16_onbrd_spin_prop_front_under_engine_pzmwav|fokker|dr.|1|1917|pole|position"
"jeep_wrangler_t5_onbrd_start_medium_drive_off_interior_DPA4061.wav","Jeep Wrangler YJ 1991","Pole Position","https://sonniss.com/sound-effects/jeep-wrangler-yj-1991/","/Pole Position - Jeep Wrangler YJ 1991/jeep_wrangler_t5_onbrd_start_medium_drive_off_interior_DPA4061.wav","jeep|wrangler|onboard|start|medium|drive|off|interior|dpa|4061|jeep_wrangler_t5_onbrd_start_medium_drive_off_interior_dpa4061wav|jeep|wrangler|yj|1991|pole|position"
"jeep_wrangler_t10_onbrd_start_drive_gearshifts_high_stop_engine_left_DPA4061.wav","Jeep Wrangler YJ 1991","Pole Position","https://sonniss.com/sound-effects/jeep-wrangler-yj-1991/","/Pole Position - Jeep Wrangler YJ 1991/jeep_wrangler_t10_onbrd_start_drive_gearshifts_high_stop_engine_left_DPA4061.wav","jeep|wrangler|onboard|start|drive|gearshifts|high|stop|engine|left|dpa|4061|jeep_wrangler_t10_onbrd_start_drive_gearshifts_high_stop_engine_left_dpa4061wav|jeep|wrangler|yj|1991|pole|position"
"jeep_wrangler_t15_var_sfx_onbrd_door_open_slow_relaxed_interior_DPA4061.wav","Jeep Wrangler YJ 1991","Pole Position","https://sonniss.com/sound-effects/jeep-wrangler-yj-1991/","/Pole Position - Jeep Wrangler YJ 1991/jeep_wrangler_t15_var_sfx_onbrd_door_open_slow_relaxed_interior_DPA4061.wav","jeep|wrangler|various|sfx|onboard|door|open|slow|relaxed|interior|dpa|4061|jeep_wrangler_t15_var_sfx_onbrd_door_open_slow_relaxed_interior_dpa4061wav|jeep|wrangler|yj|1991|pole|position"
"KTM_RC8R_t2_onbrd_startup_away_driving_gearing_stop_shutdown_rear_wheel_MKH8020.wav","KTM RC8R","Pole Position","https://sonniss.com/sound-effects/ktm-rc8r/","/Pole Position - KTM RC8R/KTM_RC8R_t2_onbrd_startup_away_driving_gearing_stop_shutdown_rear_wheel_MKH8020.wav","onboard|startup|away|driving|gearing|stop|shutdown|rear|wheel|sennheiser|mkh8020|wav|ktm_rc8r_t2_onbrd_startup_away_driving_gearing_stop_shutdown_rear_wheel_mkh8020wav|ktm|rc8r|pole|position"
"KTM_RC8R_t7_ext_fast_approach_stop_away_MKH8040_ORTF.wav","KTM RC8R","Pole Position","https://sonniss.com/sound-effects/ktm-rc8r/","/Pole Position - KTM RC8R/KTM_RC8R_t7_ext_fast_approach_stop_away_MKH8040_ORTF.wav","exterior|fast|approach|stop|away|stoppoint|sennheiser|mkh8040|ortf|wav|ktm_rc8r_t7_ext_fast_approach_stop_away_mkh8040_ortfwav|ktm|rc8r|pole|position"
"KTM_RC8R_t18_onbrd_false_startup_engine_DPA4062.wav","KTM RC8R","Pole Position","https://sonniss.com/sound-effects/ktm-rc8r/","/Pole Position - KTM RC8R/KTM_RC8R_t18_onbrd_false_startup_engine_DPA4062.wav","onboard|false|startup|engine|dpa4062|wav|ktm_rc8r_t18_onbrd_false_startup_engine_dpa4062wav|ktm|rc8r|pole|position"
"m5_HST_t1_onbrd_idle_slow_drive_stop_roof_DPA4061.wav","M5 High Speed Tractor","Pole Position","https://sonniss.com/sound-effects/m5-high-speed-tractor/","/Pole Position - M5 High Speed Tractor/m5_HST_t1_onbrd_idle_slow_drive_stop_roof_DPA4061.wav","m5|high|speed|tractor|onboard|idle|slow|drive|stop|roof|dpa|4061|m5_hst_t1_onbrd_idle_slow_drive_stop_roof_dpa4061wav|m5|high|speed|tractor|pole|position"
"m5_HST_t10_onbrd_idle_fast_drive_stop_idle_engine_PZM.wav","M5 High Speed Tractor","Pole Position","https://sonniss.com/sound-effects/m5-high-speed-tractor/","/Pole Position - M5 High Speed Tractor/m5_HST_t10_onbrd_idle_fast_drive_stop_idle_engine_PZM.wav","m5|high|speed|tractor|onboard|idle|fast|drive|stop|engine|crown|pzm|m5_hst_t10_onbrd_idle_fast_drive_stop_idle_engine_pzmwav|m5|high|speed|tractor|pole|position"
"m5_HST_t13_onbrd_door_close_roof_DPA4061.wav","M5 High Speed Tractor","Pole Position","https://sonniss.com/sound-effects/m5-high-speed-tractor/","/Pole Position - M5 High Speed Tractor/m5_HST_t13_onbrd_door_close_roof_DPA4061.wav","m5|high|speed|tractor|onboard|door|close|roof|dpa|4061|m5_hst_t13_onbrd_door_close_roof_dpa4061wav|m5|high|speed|tractor|pole|position"
"m16_halftrack_t4_onbrd_slow_drive_accelerate_to_fast_stop_reverse_brief_tracks_left_RE50.wav","M16 Halftrack","Pole Position","https://sonniss.com/sound-effects/m16-halftrack/","/Pole Position - M16 Halftrack/m16_halftrack_t4_onbrd_slow_drive_accelerate_to_fast_stop_reverse_brief_tracks_left_RE50.wav","m16|halftrack|onboard|slow|drive|accelerate|to|fast|stop|reverse|brief|tracks|left|electrovoice|re50|m16_halftrack_t4_onbrd_slow_drive_accelerate_to_fast_stop_reverse_brief_tracks_left_re50wav|m16|halftrack|pole|position"
"m16_halftrack_t7_onbrd_medium_drive_gearshifts_stop_pause_resume_stop_interior_RSM191.wav","M16 Halftrack","Pole Position","https://sonniss.com/sound-effects/m16-halftrack/","/Pole Position - M16 Halftrack/m16_halftrack_t7_onbrd_medium_drive_gearshifts_stop_pause_resume_stop_interior_RSM191.wav","m16|halftrack|onboard|medium|drive|gearshifts|stop|pause|resume|interior|neumann|rsm|191|m16_halftrack_t7_onbrd_medium_drive_gearshifts_stop_pause_resume_stop_interior_rsm191wav|m16|halftrack|pole|position"
"m16_halftrack_t16_onbrd_drive_ramps_various_three_times_rear_flatbed_LS11.wav","M16 Halftrack","Pole Position","https://sonniss.com/sound-effects/m16-halftrack/","/Pole Position - M16 Halftrack/m16_halftrack_t16_onbrd_drive_ramps_various_three_times_rear_flatbed_LS11.wav","m16|halftrack|onboard|drive|ramps|various|three|times|rear|flatbed|olympus|ls11|m16_halftrack_t16_onbrd_drive_ramps_various_three_times_rear_flatbed_ls11wav|m16|halftrack|pole|position"
"M18_t1_onboard_startup_slow_driving_turning_stopping_rear_Zoom_H4n.wav","M18 Hellcat Tank Destroyer","Pole Position","https://sonniss.com/sound-effects/m18-hellcat-tank-destroyer/","/Pole Position - M18 Hellcat Tank Destroyer/M18_t1_onboard_startup_slow_driving_turning_stopping_rear_Zoom_H4n.wav","onboard|startup|slow|driving|turning|stopping|rear|zoom|h4n|wav|m18_t1_onboard_startup_slow_driving_turning_stopping_rear_zoom_h4nwav|m18|hellcat|tank|destroyer|pole|position"
"M18_t3_onboard_medium_driving_reversing_stopping_tracks_right_RE50.wav","M18 Hellcat Tank Destroyer","Pole Position","https://sonniss.com/sound-effects/m18-hellcat-tank-destroyer/","/Pole Position - M18 Hellcat Tank Destroyer/M18_t3_onboard_medium_driving_reversing_stopping_tracks_right_RE50.wav","onboard|medium|driving|reversing|stopping|rubber|tracks|right|sound|devices|702|re50|wav|m18_t3_onboard_medium_driving_reversing_stopping_tracks_right_re50wav|m18|hellcat|tank|destroyer|pole|position"
"M18_t9_foley_cannon_elevating_manually_slow_from_inside_CMC6.wav","M18 Hellcat Tank Destroyer","Pole Position","https://sonniss.com/sound-effects/m18-hellcat-tank-destroyer/","/Pole Position - M18 Hellcat Tank Destroyer/M18_t9_foley_cannon_elevating_manually_slow_from_inside_CMC6.wav","foley|cannon|elevating|manually|slow|from|inside|fr2|schoeps|cmc6|ab|wav|m18_t9_foley_cannon_elevating_manually_slow_from_inside_cmc6wav|m18|hellcat|tank|destroyer|pole|position"
"Me_109_t2_ext_stationary_startup_idle_steady_rpms_shutdown_pointing_exhaust_K6.L.wav","Messerschmitt Bf109 G4","Pole Position","https://sonniss.com/sound-effects/messerschmitt-bf109-g4/","/Pole Position - Messerschmitt Bf109 G4/Me_109_t2_ext_stationary_startup_idle_steady_rpms_shutdown_pointing_exhaust_K6.L.wav","exterior|stationary|startup|idle|steady|rpms|shutdown|pointing|exhaust|zaxcom|sennheiser|k6|wav|me_109_t2_ext_stationary_startup_idle_steady_rpms_shutdown_pointing_exhaust_k6lwav|messerschmitt|bf109|g4|pole|position"
"Me_109_t2_ext_stationary_startup_idle_steady_rpms_shutdown_pointing_exhaust_K6.R.wav","Messerschmitt Bf109 G4","Pole Position","https://sonniss.com/sound-effects/messerschmitt-bf109-g4/","/Pole Position - Messerschmitt Bf109 G4/Me_109_t2_ext_stationary_startup_idle_steady_rpms_shutdown_pointing_exhaust_K6.R.wav","exterior|stationary|startup|idle|steady|rpms|shutdown|pointing|exhaust|zaxcom|sennheiser|k6|wav|me_109_t2_ext_stationary_startup_idle_steady_rpms_shutdown_pointing_exhaust_k6rwav|messerschmitt|bf109|g4|pole|position"
"Me_109_t7_foley_power_lever_DPA4017.wav","Messerschmitt Bf109 G4","Pole Position","https://sonniss.com/sound-effects/messerschmitt-bf109-g4/","/Pole Position - Messerschmitt Bf109 G4/Me_109_t7_foley_power_lever_DPA4017.wav","foley|power|lever|edirol|dpa4017|wav|me_109_t7_foley_power_lever_dpa4017wav|messerschmitt|bf109|g4|pole|position"
"P-51D_t2_ext_startup_ramps_shutdown_distant_behind_RSM191.L.wav","North American P51D Mustang:","Pole Position","https://sonniss.com/sound-effects/north-american-p-51d-mustang/","/Pole Position - North American P-51D Mustang/P-51D_t2_ext_startup_ramps_shutdown_distant_behind_RSM191.L.wav","exterior|startup|ramps|shutdown|neumann|rsm191|distant|behind|wav|p51d_t2_ext_startup_ramps_shutdown_distant_behind_rsm191lwav|north|american|p51d|mustang:|pole|position"
"P-51D_t2_ext_startup_ramps_shutdown_distant_behind_RSM191.R.wav","North American P51D Mustang:","Pole Position","https://sonniss.com/sound-effects/north-american-p-51d-mustang/","/Pole Position - North American P-51D Mustang/P-51D_t2_ext_startup_ramps_shutdown_distant_behind_RSM191.R.wav","exterior|startup|ramps|shutdown|neumann|rsm191|distant|behind|wav|p51d_t2_ext_startup_ramps_shutdown_distant_behind_rsm191rwav|north|american|p51d|mustang:|pole|position"
"P-51D_t7_foley_buttons_switches_canopy_dashboard.wav","North American P51D Mustang:","Pole Position","https://sonniss.com/sound-effects/north-american-p-51d-mustang/","/Pole Position - North American P-51D Mustang/P-51D_t7_foley_buttons_switches_canopy_dashboard.wav","foley|buttons|switches|canopy|zaxcom|dashboard|wav|p51d_t7_foley_buttons_switches_canopy_dashboardwav|north|american|p51d|mustang:|pole|position"
"Sherman_M4A1_t3_onboard_medium_driving_turning_stopping_gearing_interior_left_DPA4021.wav","Sherman M4A1 Medium Tank","Pole Position","https://sonniss.com/sound-effects/sherman-m4a1-medium-tank/","/Pole Position - Sherman M4A1 Medium Tank/Sherman_M4A1_t3_onboard_medium_driving_turning_stopping_gearing_interior_left_DPA4021.wav","onboard|medium|driving|turning|stopping|gearing|interior|left|zaxcom|dpa4021|wav|sherman_m4a1_t3_onboard_medium_driving_turning_stopping_gearing_interior_left_dpa4021wav|sherman|m4a1|medium|tank|pole|position"
"Sherman_M4A1_t3_onboard_medium_driving_turning_stopping_gearing_interior_right_DPA4021.wav","Sherman M4A1 Medium Tank","Pole Position","https://sonniss.com/sound-effects/sherman-m4a1-medium-tank/","/Pole Position - Sherman M4A1 Medium Tank/Sherman_M4A1_t3_onboard_medium_driving_turning_stopping_gearing_interior_right_DPA4021.wav","onboard|medium|driving|turning|stopping|gearing|interior|right|zaxcom|dpa4021|wav|sherman_m4a1_t3_onboard_medium_driving_turning_stopping_gearing_interior_right_dpa4021wav|sherman|m4a1|medium|tank|pole|position"
"Sherman_M4A1_t11_foley_siren_long_CMC6.wav","Sherman M4A1 Medium Tank","Pole Position","https://sonniss.com/sound-effects/sherman-m4a1-medium-tank/","/Pole Position - Sherman M4A1 Medium Tank/Sherman_M4A1_t11_foley_siren_long_CMC6.wav","foley|siren|long|schoeps|fr2|cmc6|wav|sherman_m4a1_t11_foley_siren_long_cmc6wav|sherman|m4a1|medium|tank|pole|position"
"sherman_m4a3_t3_onbrd_start_attempt_medium_drive_decelerate_slow_stop_off_engine_DPA4061.wav","Sherman M4A3 Medium Tank","Pole Position","https://sonniss.com/sound-effects/sherman-m4a3-medium-tank/","/Pole Position - Sherman M4A3 Medium Tank/sherman_m4a3_t3_onbrd_start_attempt_medium_drive_decelerate_slow_stop_off_engine_DPA4061.wav","sherman|m4a3|onboard|start|attempt|medium|drive|decelerate|slow|stop|off|engine|dpa|4061|sherman_m4a3_t3_onbrd_start_attempt_medium_drive_decelerate_slow_stop_off_engine_dpa4061wav|sherman|m4a3|medium|tank|pole|position"
"sherman_m4a3_t4_onbrd_medium_drive_steady_slow_short_tracks_right_RE50.wav","Sherman M4A3 Medium Tank","Pole Position","https://sonniss.com/sound-effects/sherman-m4a3-medium-tank/","/Pole Position - Sherman M4A3 Medium Tank/sherman_m4a3_t4_onbrd_medium_drive_steady_slow_short_tracks_right_RE50.wav","sherman|m4a3|onboard|medium|drive|steady|slow|short|tracks|right|electrovoice|re50|sherman_m4a3_t4_onbrd_medium_drive_steady_slow_short_tracks_right_re50wav|sherman|m4a3|medium|tank|pole|position"
"sherman_m4a3_t9_onbrd_fast_drive_stop_off_interior_DPA4021.wav","Sherman M4A3 Medium Tank","Pole Position","https://sonniss.com/sound-effects/sherman-m4a3-medium-tank/","/Pole Position - Sherman M4A3 Medium Tank/sherman_m4a3_t9_onbrd_fast_drive_stop_off_interior_DPA4021.wav","sherman|m4a3|onboard|fast|drive|stop|off|interior|dpa|4021|sherman_m4a3_t9_onbrd_fast_drive_stop_off_interior_dpa4021wav|sherman|m4a3|medium|tank|pole|position"
"Skids_Tarmac_t3_exterior_skidding_wet_tires_CSS5_handheld.wav","Skids & Screeches Tarmac","Pole Position","https://sonniss.com/sound-effects/skids-screeches-tarmac/","/Pole Position - Skids & Screeches Tarmac/Skids_Tarmac_t3_exterior_skidding_wet_tires_CSS5_handheld.wav","exterior|skidding|wet|tires|fr2|sanken|css5|handheld|wav|skids_tarmac_t3_exterior_skidding_wet_tires_css5_handheldwav|skids|&|screeches|tarmac|pole|position"
"Skids_Tarmac_t4_exterior_skidding_in_circles_MKH8060_stand.wav","Skids & Screeches Tarmac","Pole Position","https://sonniss.com/sound-effects/skids-screeches-tarmac/","/Pole Position - Skids & Screeches Tarmac/Skids_Tarmac_t4_exterior_skidding_in_circles_MKH8060_stand.wav","exterior|skidding|in|circles|sound|devices|702|sennheiser|mkh8060|stand|wav|skids_tarmac_t4_exterior_skidding_in_circles_mkh8060_standwav|skids|&|screeches|tarmac|pole|position"
"Skids_Tarmac_t5_exterior_rolling_with_flat_tire_RSM191_XY_handheld.wav","Skids & Screeches Tarmac","Pole Position","https://sonniss.com/sound-effects/skids-screeches-tarmac/","/Pole Position - Skids & Screeches Tarmac/Skids_Tarmac_t5_exterior_rolling_with_flat_tire_RSM191_XY_handheld.wav","exterior|rolling|with|flat|tire|sound|devices|702|neumann|rsm191|xy|handheld|wav|skids_tarmac_t5_exterior_rolling_with_flat_tire_rsm191_xy_handheldwav|skids|&|screeches|tarmac|pole|position"
"stuart_m5a1_t3_ext_slow_start_away_by_reverse_engine_dies_RSM191_XY.wav","Stuart M5A1 Light Tank","Pole Position","https://sonniss.com/sound-effects/stuart-m5a1-light-tank/","/Pole Position - Stuart M5A1 Light Tank/stuart_m5a1_t3_ext_slow_start_away_by_reverse_engine_dies_RSM191_XY.wav","stuart|m5a1|exterior|slow|start|away|by|reverse|engine|dies|neumann|rsm|191|xy|stuart_m5a1_t3_ext_slow_start_away_by_reverse_engine_dies_rsm191_xywav|stuart|m5a1|light|tank|pole|position"
"stuart_m5a1_t10_onbrd_fast_drive_short_stop_tracks_RE50.wav","Stuart M5A1 Light Tank","Pole Position","https://sonniss.com/sound-effects/stuart-m5a1-light-tank/","/Pole Position - Stuart M5A1 Light Tank/stuart_m5a1_t10_onbrd_fast_drive_short_stop_tracks_RE50.wav","stuart|m5a1|onboard|fast|drive|short|stop|tracks|electrovoice|re50|stuart_m5a1_t10_onbrd_fast_drive_short_stop_tracks_re50wav|stuart|m5a1|light|tank|pole|position"
"stuart_m5a1_t16_ext_engine_dies_attempt_to_start_MKH60.wav","Stuart M5A1 Light Tank","Pole Position","https://sonniss.com/sound-effects/stuart-m5a1-light-tank/","/Pole Position - Stuart M5A1 Light Tank/stuart_m5a1_t16_ext_engine_dies_attempt_to_start_MKH60.wav","stuart|m5a1|exterior|engine|dies|attempt|to|start|sennheiser|mkh|60|stuart_m5a1_t16_ext_engine_dies_attempt_to_start_mkh60wav|stuart|m5a1|light|tank|pole|position"
"Spitfire_Mk_XIV_t1_onbrd_stationary_startup_steady_rpms_cockpit_DPA4061.L.wav","Supermarine Spitfire Mk XIV","Pole Position","https://sonniss.com/sound-effects/supermarine-spitfire-mk-xiv/","/Pole Position - Supermarine Spitfire Mk XIV/Spitfire_Mk_XIV_t1_onbrd_stationary_startup_steady_rpms_cockpit_DPA4061.L.wav","onboard|stationary|startup|steady|rpms|cockpit|sound|devices|744|dpa4061|wav|spitfire_mk_xiv_t1_onbrd_stationary_startup_steady_rpms_cockpit_dpa4061lwav|supermarine|spitfire|mk|xiv|pole|position"
"Spitfire_Mk_XIV_t1_onbrd_stationary_startup_steady_rpms_cockpit_DPA4061.R.wav","Supermarine Spitfire Mk XIV","Pole Position","https://sonniss.com/sound-effects/supermarine-spitfire-mk-xiv/","/Pole Position - Supermarine Spitfire Mk XIV/Spitfire_Mk_XIV_t1_onbrd_stationary_startup_steady_rpms_cockpit_DPA4061.R.wav","onboard|stationary|startup|steady|rpms|cockpit|sound|devices|744|dpa4061|wav|spitfire_mk_xiv_t1_onbrd_stationary_startup_steady_rpms_cockpit_dpa4061rwav|supermarine|spitfire|mk|xiv|pole|position"
"Spitfire_Mk_XIV_t10_ext_landing_passby_mid_runway_following_plane_CSS5.wav","Supermarine Spitfire Mk XIV","Pole Position","https://sonniss.com/sound-effects/supermarine-spitfire-mk-xiv/","/Pole Position - Supermarine Spitfire Mk XIV/Spitfire_Mk_XIV_t10_ext_landing_passby_mid_runway_following_plane_CSS5.wav","exterior|landing|passby|mid|runway|following|plane|fr2|sanken|css5|wav|spitfire_mk_xiv_t10_ext_landing_passby_mid_runway_following_plane_css5wav|supermarine|spitfire|mk|xiv|pole|position"
"Suzuki_GSX_t1_ext_slow_approach_stop_away_MKH8060.wav","Suzuki GSX R1000","Pole Position","https://sonniss.com/sound-effects/suzuki-gsx-r1000/","/Pole Position - Suzuki GSX-R1000/Suzuki_GSX_t1_ext_slow_approach_stop_away_MKH8060.wav","exterior|slow|approach|stop|away|stoppoint|sennheiser|mkh8060|wav|suzuki_gsx_t1_ext_slow_approach_stop_away_mkh8060wav|suzuki|gsx|r1000|pole|position"
"Suzuki_GSX_t6_onbrd_driving_medium_steady_rpms_gearbox_Gefell.wav","Suzuki GSX R1000","Pole Position","https://sonniss.com/sound-effects/suzuki-gsx-r1000/","/Pole Position - Suzuki GSX-R1000/Suzuki_GSX_t6_onbrd_driving_medium_steady_rpms_gearbox_Gefell.wav","onboard|driving|medium|steady|rpms|gearbox|gefell|wav|suzuki_gsx_t6_onbrd_driving_medium_steady_rpms_gearbox_gefellwav|suzuki|gsx|r1000|pole|position"
"Suzuki_GSX_t16_foley_ignition_MKH8060.wav","Suzuki GSX R1000","Pole Position","https://sonniss.com/sound-effects/suzuki-gsx-r1000/","/Pole Position - Suzuki GSX-R1000/Suzuki_GSX_t16_foley_ignition_MKH8060.wav","foley|ignition|sennheiser|mkh8060|wav|suzuki_gsx_t16_foley_ignition_mkh8060wav|suzuki|gsx|r1000|pole|position"
"Burning_House_t2_Fire_high_intensity_with_sizzling_and_some_debris_RE50_1.wav","The Burning House Library","Pole Position","https://sonniss.com/sound-effects/burning-house-library/","/Pole Position - The Burning House Library/Burning_House_t2_Fire_high_intensity_with_sizzling_and_some_debris_RE50_1.wav","fire|high|intensity|with|sizzling|and|some|debris|re50|wav|burning_house_t2_fire_high_intensity_with_sizzling_and_some_debris_re50_1wav|the|burning|house|library|pole|position"
"Burning_House_t4_Fire_low_intensity_with_crackling_MKH8060.wav","The Burning House Library","Pole Position","https://sonniss.com/sound-effects/burning-house-library/","/Pole Position - The Burning House Library/Burning_House_t4_Fire_low_intensity_with_crackling_MKH8060.wav","fire|low|intensity|with|crackling|sennheiser|mkh8060|wav|burning_house_t4_fire_low_intensity_with_crackling_mkh8060wav|the|burning|house|library|pole|position"
"AK4_long_corridor_single_shots_blanks_behind_gun_in_corner_M10.wav","The Indoor Gun Acoustics Library","Pole Position","https://sonniss.com/sound-effects/indoor-gun-acoustics-library/","/Pole Position - The Indoor Gun Acoustics Library/AK4_long_corridor_single_shots_blanks_behind_gun_in_corner_M10.wav","ak4|762x51mm|long|corridor|stone|concrete|medium|tail|indoor|single|shots|blanks|behind|gun|in|corner|sony|m10|wav|ak4_long_corridor_single_shots_blanks_behind_gun_in_corner_m10wav|the|indoor|gun|acoustics|library|pole|position"
"AK47_catacombs_burst_blanks_in_front_of_gun_MKH8020_wide_stereo.wav","The Indoor Gun Acoustics Library","Pole Position","https://sonniss.com/sound-effects/indoor-gun-acoustics-library/","/Pole Position - The Indoor Gun Acoustics Library/AK47_catacombs_burst_blanks_in_front_of_gun_MKH8020_wide_stereo.wav","ak47|762x39mm|catacombs|medium|tail|indoor|metallic|burst|blanks|in|front|of|gun|sennheiser|mkh8020|wide|stereo|wav|ak47_catacombs_burst_blanks_in_front_of_gun_mkh8020_wide_stereowav|the|indoor|gun|acoustics|library|pole|position"
"PPK_cafeteria_suppressor_double_shots_blanks_small_stoneroom_nextdoor_D100.wav","The Indoor Gun Acoustics Library","Pole Position","https://sonniss.com/sound-effects/indoor-gun-acoustics-library/","/Pole Position - The Indoor Gun Acoustics Library/PPK_cafeteria_suppressor_double_shots_blanks_small_stoneroom_nextdoor_D100.wav","walther|ppk|765mm|cafeteria|short|tight|tail|indoor|suppressor|double|shots|blanks|small|stoneroom|nextdoor|sony|d100|wav|ppk_cafeteria_suppressor_double_shots_blanks_small_stoneroom_nextdoor_d100wav|the|indoor|gun|acoustics|library|pole|position"
"AK5_valley_field_forest_50m_behind_gun_off_axis_behind_buildings_M10.wav","The Outdoor Gun Acoustics Library","Pole Position","https://sonniss.com/sound-effects/outdoor-gun-acoustics-library/","/Pole Position - The Outdoor Gun Acoustics Library/AK5_valley_field_forest_50m_behind_gun_off_axis_behind_buildings_M10.wav","very|long|tail|echo|slapback|single|shots|burst|blanks|50m|behind|gun|off|axis|buildings|ak5_valley_field_forest_50m_behind_gun_off_axis_behind_buildings_m10wav|the|outdoor|gun|acoustics|library|pole|position"
"AK47_big_open_area_2m_above_behind_gun_RSM191_M.wav","The Outdoor Gun Acoustics Library","Pole Position","https://sonniss.com/sound-effects/outdoor-gun-acoustics-library/","/Pole Position - The Outdoor Gun Acoustics Library/AK47_big_open_area_2m_above_behind_gun_RSM191_M.wav","open|area|medium|long|tail|field|forest|single|shots|burst|blanks|above|behind|gun|ak47_big_open_area_2m_above_behind_gun_rsm191_mwav|the|outdoor|gun|acoustics|library|pole|position"
"MP5_forest_road_10m_behind_gun_pointing_at_forest_off_axis_MKH8060.wav","The Outdoor Gun Acoustics Library","Pole Position","https://sonniss.com/sound-effects/outdoor-gun-acoustics-library/","/Pole Position - The Outdoor Gun Acoustics Library/MP5_forest_road_10m_behind_gun_pointing_at_forest_off_axis_MKH8060.wav","medium|long|dense|tail|single|shots|blanks|10m|behind|gun|pointing|at|forest|off|axis|mp5_forest_road_10m_behind_gun_pointing_at_forest_off_axis_mkh8060wav|the|outdoor|gun|acoustics|library|pole|position"
"toyota_c_hr_t6_onbrd_start_medium_drive_short_stop_engine_center_MKH8020.wav","Toyota C HR Hybrid 2017:","Pole Position","https://sonniss.com/sound-effects/toyota-c-hr-hybrid-2017/","/Pole Position - Toyota C-HR Hybrid 2017/toyota_c_hr_t6_onbrd_start_medium_drive_short_stop_engine_center_MKH8020.wav","toyota|chr|onboard|start|medium|drive|short|stop|engine|center|sennheiser|mkh|8020|toyota_c_hr_t6_onbrd_start_medium_drive_short_stop_engine_center_mkh8020wav|toyota|c|hr|hybrid|2017:|pole|position"
"toyota_c_hr_t11_ext_very_distant_bys_ramps_LS5.wav","Toyota C HR Hybrid 2017:","Pole Position","https://sonniss.com/sound-effects/toyota-c-hr-hybrid-2017/","/Pole Position - Toyota C-HR Hybrid 2017/toyota_c_hr_t11_ext_very_distant_bys_ramps_LS5.wav","toyota|chr|exterior|very|distant|bys|ramps|olympus|ls5|toyota_c_hr_t11_ext_very_distant_bys_ramps_ls5wav|toyota|c|hr|hybrid|2017:|pole|position"
"toyota_c_hr_t19_var_sfx_seatbelt_latch_XY_RSM191.wav","Toyota C HR Hybrid 2017:","Pole Position","https://sonniss.com/sound-effects/toyota-c-hr-hybrid-2017/","/Pole Position - Toyota C-HR Hybrid 2017/toyota_c_hr_t19_var_sfx_seatbelt_latch_XY_RSM191.wav","toyota|chr|various|sfx|seatbelt|latch|xy|neumann|rsm|191|toyota_c_hr_t19_var_sfx_seatbelt_latch_xy_rsm191wav|toyota|c|hr|hybrid|2017:|pole|position"
"fishing_boat_trawler_t4_onbrd_slow_drive_accelerate_to_fast_deck_wheelhouse_ORTF_MKH8040.wav","Trawler Hundestedt Hotbulb 1977","Pole Position","https://sonniss.com/sound-effects/trawler-hundestedt-hotbulb-1977/","/Pole Position - Trawler Hundestedt Hotbulb 1977/fishing_boat_trawler_t4_onbrd_slow_drive_accelerate_to_fast_deck_wheelhouse_ORTF_MKH8040.wav","fishing|boat|trawler|onboard|slow|drive|accelerate|to|fast|deck|wheelhouse|ortf|sennheiser|mkh|8040|fishing_boat_trawler_t4_onbrd_slow_drive_accelerate_to_fast_deck_wheelhouse_ortf_mkh8040wav|trawler|hundestedt|hotbulb|1977|pole|position"
"fishing_boat_trawler_t24_onbrd_fast_drive_decelerate_to_slow_interior_compartment_Holophone.wav","Trawler Hundestedt Hotbulb 1977","Pole Position","https://sonniss.com/sound-effects/trawler-hundestedt-hotbulb-1977/","/Pole Position - Trawler Hundestedt Hotbulb 1977/fishing_boat_trawler_t24_onbrd_fast_drive_decelerate_to_slow_interior_compartment_Holophone.wav","fishing|boat|trawler|onboard|fast|drive|decelerate|to|slow|interior|compartment|holophone|fishing_boat_trawler_t24_onbrd_fast_drive_decelerate_to_slow_interior_compartment_holophonewav|trawler|hundestedt|hotbulb|1977|pole|position"
"fishing_boat_trawler_t28_onbrd_various_speeds_drive_varied_to_steady_Hydrophone.wav","Trawler Hundestedt Hotbulb 1977","Pole Position","https://sonniss.com/sound-effects/trawler-hundestedt-hotbulb-1977/","/Pole Position - Trawler Hundestedt Hotbulb 1977/fishing_boat_trawler_t28_onbrd_various_speeds_drive_varied_to_steady_Hydrophone.wav","fishing|boat|trawler|onboard|various|speeds|drive|varied|to|steady|hydrophone|fishing_boat_trawler_t28_onbrd_various_speeds_drive_varied_to_steady_hydrophonewav|trawler|hundestedt|hotbulb|1977|pole|position"
"volvo_122_t6_ext_start_fast_away_reverse_up_stop_away_by_up_stop_off_Holophone.wav","Volvo 122 Amazon 1970 Police Car","Pole Position","https://sonniss.com/sound-effects/volvo-122-amazon-1970-police-car/","/Pole Position - Volvo 122 Amazon 1970 Police Car/volvo_122_t6_ext_start_fast_away_reverse_up_stop_away_by_up_stop_off_Holophone.wav","volvo|122|exterior|start|fast|away|reverse|up|stop|by|off|holophone|volvo_122_t6_ext_start_fast_away_reverse_up_stop_away_by_up_stop_off_holophonewav|volvo|122|amazon|1970|police|car|pole|position"
"volvo_122_t18_ext_siren_RSM191.wav","Volvo 122 Amazon 1970 Police Car","Pole Position","https://sonniss.com/sound-effects/volvo-122-amazon-1970-police-car/","/Pole Position - Volvo 122 Amazon 1970 Police Car/volvo_122_t18_ext_siren_RSM191.wav","volvo|122|exterior|siren|neumann|rsm|191|volvo_122_t18_ext_siren_rsm191wav|volvo|122|amazon|1970|police|car|pole|position"
"volvo_122_t38_var_sfx_turning_signal_clicks_MKH8060.wav","Volvo 122 Amazon 1970 Police Car","Pole Position","https://sonniss.com/sound-effects/volvo-122-amazon-1970-police-car/","/Pole Position - Volvo 122 Amazon 1970 Police Car/volvo_122_t38_var_sfx_turning_signal_clicks_MKH8060.wav","volvo|122|various|sfx|turning|signal|clicks|sennheiser|mkh|8060|volvo_122_t38_var_sfx_turning_signal_clicks_mkh8060wav|volvo|122|amazon|1970|police|car|pole|position"
"volvo_242_t4_onbrd_start_fast_drive_reverse_fast_stop_off_interior_Ambeo1.wav","Volvo 242 DL 1975","Pole Position","https://sonniss.com/sound-effects/volvo-242-dl-1975/","/Pole Position - Volvo 242 DL 1975/volvo_242_t4_onbrd_start_fast_drive_reverse_fast_stop_off_interior_Ambeo1.wav","volvo|242|onboard|start|fast|drive|reverse|stop|off|interior|sennheiser|ambeo|1|volvo_242_t4_onbrd_start_fast_drive_reverse_fast_stop_off_interior_ambeo1wav|volvo|242|dl|1975|pole|position"
"volvo_242_t6_ext_bys_gearshifts_ORTF_MKH8040.L.wav","Volvo 242 DL 1975","Pole Position","https://sonniss.com/sound-effects/volvo-242-dl-1975/","/Pole Position - Volvo 242 DL 1975/volvo_242_t6_ext_bys_gearshifts_ORTF_MKH8040.L.wav","volvo|242|exterior|bys|gearshifts|ortf|sennheiser|mkh|8040|volvo_242_t6_ext_bys_gearshifts_ortf_mkh8040lwav|volvo|242|dl|1975|pole|position"
"volvo_242_t6_ext_bys_gearshifts_ORTF_MKH8040.R.wav","Volvo 242 DL 1975","Pole Position","https://sonniss.com/sound-effects/volvo-242-dl-1975/","/Pole Position - Volvo 242 DL 1975/volvo_242_t6_ext_bys_gearshifts_ORTF_MKH8040.R.wav","volvo|242|exterior|bys|gearshifts|ortf|sennheiser|mkh|8040|volvo_242_t6_ext_bys_gearshifts_ortf_mkh8040rwav|volvo|242|dl|1975|pole|position"
"volvo_850_t14_onbrd_fast_drive_stop_blips_engine_right_PZM.wav","Volvo 850 SE 2.5 1996","Pole Position","https://sonniss.com/sound-effects/volvo-850-se-2-5-1996/","/Pole Position - Volvo 850 SE 2.5 1996/volvo_850_t14_onbrd_fast_drive_stop_blips_engine_right_PZM.wav","volvo|850|onboard|fast|drive|stop|blips|engine|right|crown|pzm|volvo_850_t14_onbrd_fast_drive_stop_blips_engine_right_pzmwav|volvo|850|se|2.5|1996|pole|position"
"volvo_850_t18_ext_start_idle_blips_off_Holophone.wav","Volvo 850 SE 2.5 1996","Pole Position","https://sonniss.com/sound-effects/volvo-850-se-2-5-1996/","/Pole Position - Volvo 850 SE 2.5 1996/volvo_850_t18_ext_start_idle_blips_off_Holophone.wav","volvo|850|exterior|start|idle|blips|off|holophone|volvo_850_t18_ext_start_idle_blips_off_holophonewav|volvo|850|se|2.5|1996|pole|position"
"volvo_850_t24_var_sfx_ext_very_distant_horn_various_D100.wav","Volvo 850 SE 2.5 1996","Pole Position","https://sonniss.com/sound-effects/volvo-850-se-2-5-1996/","/Pole Position - Volvo 850 SE 2.5 1996/volvo_850_t24_var_sfx_ext_very_distant_horn_various_D100.wav","volvo|850|various|sfx|exterior|very|distant|horn|sony|pcmd100|volvo_850_t24_var_sfx_ext_very_distant_horn_various_d100wav|volvo|850|se|2.5|1996|pole|position"
"volvo_pv4_t2_ext_slow_by_twice_ORTF_MKH8040.wav","Volvo PV4 1929","Pole Position","https://sonniss.com/sound-effects/volvo-pv4-1929/","/Pole Position - Volvo PV4 1929/volvo_pv4_t2_ext_slow_by_twice_ORTF_MKH8040.wav","volvo|pv4|exterior|slow|by|twice|ortf|sennheiser|mkh|8040|volvo_pv4_t2_ext_slow_by_twice_ortf_mkh8040wav|volvo|pv4|1929|pole|position"
"volvo_pv4_t3_onbrd_start_slow_drive_stop_interior_DPA4021.wav","Volvo PV4 1929","Pole Position","https://sonniss.com/sound-effects/volvo-pv4-1929/","/Pole Position - Volvo PV4 1929/volvo_pv4_t3_onbrd_start_slow_drive_stop_interior_DPA4021.wav","volvo|pv4|onboard|start|slow|drive|stop|interior|dpa|4021|volvo_pv4_t3_onbrd_start_slow_drive_stop_interior_dpa4021wav|volvo|pv4|1929|pole|position"
"volvo_pv4_t22_var_sfx_door_close_hard_AMBEO_2.wav","Volvo PV4 1929","Pole Position","https://sonniss.com/sound-effects/volvo-pv4-1929/","/Pole Position - Volvo PV4 1929/volvo_pv4_t22_var_sfx_door_close_hard_AMBEO_2.wav","volvo|pv4|various|sfx|door|close|hard|sennheiser|ambeo|2|volvo_pv4_t22_var_sfx_door_close_hard_ambeo_2wav|volvo|pv4|1929|pole|position"
"volvo_pv544_sport_t5_ext_medium_up_reverse_stop_away_by_twice_ORTF_MKH8040.wav","Volvo PV544 Sport 1965","Pole Position","https://sonniss.com/sound-effects/volvo-pv544-sport-1965/","/Pole Position - Volvo PV544 Sport 1965/volvo_pv544_sport_t5_ext_medium_up_reverse_stop_away_by_twice_ORTF_MKH8040.wav","volvo|pv544|sport|exterior|medium|up|reverse|stop|away|by|twice|ortf|sennheiser|mkh|8040|volvo_pv544_sport_t5_ext_medium_up_reverse_stop_away_by_twice_ortf_mkh8040wav|volvo|pv544|sport|1965|pole|position"
"volvo_pv544_sport_t10_onbrd_start_fast_reverse_stop_drive_stop_off_interior_DPA4021.wav","Volvo PV544 Sport 1965","Pole Position","https://sonniss.com/sound-effects/volvo-pv544-sport-1965/","/Pole Position - Volvo PV544 Sport 1965/volvo_pv544_sport_t10_onbrd_start_fast_reverse_stop_drive_stop_off_interior_DPA4021.wav","volvo|pv544|sport|onboard|start|fast|reverse|stop|drive|off|interior|dpa|4021|volvo_pv544_sport_t10_onbrd_start_fast_reverse_stop_drive_stop_off_interior_dpa4021wav|volvo|pv544|sport|1965|pole|position"
"volvo_pv544_sport_t18_var_sfx_onbrd_door_close_interior_DPA4021.wav","Volvo PV544 Sport 1965","Pole Position","https://sonniss.com/sound-effects/volvo-pv544-sport-1965/","/Pole Position - Volvo PV544 Sport 1965/volvo_pv544_sport_t18_var_sfx_onbrd_door_close_interior_DPA4021.wav","volvo|pv544|sport|various|sfx|onboard|door|close|interior|dpa|4021|volvo_pv544_sport_t18_var_sfx_onbrd_door_close_interior_dpa4021wav|volvo|pv544|sport|1965|pole|position"
"volvo_v70_t2_onbrd_start_slow_drive_siren_stop_interior_trunk_DPA4061.wav","Volvo V70 2006 Police Car","Pole Position","https://sonniss.com/sound-effects/volvo-v70-2006-police-car/","/Pole Position - Volvo V70 2006 Police Car/volvo_v70_t2_onbrd_start_slow_drive_siren_stop_interior_trunk_DPA4061.wav","volvo|v70|n|police|car|onboard|start|slow|drive|siren|stop|interior|trunk|dpa|4061|volvo_v70_t2_onbrd_start_slow_drive_siren_stop_interior_trunk_dpa4061wav|volvo|v70|2006|police|car|pole|position"
"volvo_v70_t15_ext_fast_by_siren_twice_stop_CSS5.wav","Volvo V70 2006 Police Car","Pole Position","https://sonniss.com/sound-effects/volvo-v70-2006-police-car/","/Pole Position - Volvo V70 2006 Police Car/volvo_v70_t15_ext_fast_by_siren_twice_stop_CSS5.wav","volvo|v70|n|police|car|exterior|fast|by|siren|twice|stop|sanken|css5|volvo_v70_t15_ext_fast_by_siren_twice_stop_css5wav|volvo|v70|2006|police|car|pole|position"
"volvo_v70_t30_var_sfx_police_system_beep_XY_RSM191.wav","Volvo V70 2006 Police Car","Pole Position","https://sonniss.com/sound-effects/volvo-v70-2006-police-car/","/Pole Position - Volvo V70 2006 Police Car/volvo_v70_t30_var_sfx_police_system_beep_XY_RSM191.wav","volvo|v70|n|police|car|various|sfx|system|beep|xy|neumann|rsm|191|volvo_v70_t30_var_sfx_police_system_beep_xy_rsm191wav|volvo|v70|2006|police|car|pole|position"
"volvo_xc60_t24_var_sfx_window_open_and_close_1_MKH8060.wav","Volvo XC90 2017","Pole Position","https://sonniss.com/sound-effects/volvo-xc90-2017/","/Pole Position - Volvo XC90 2017/volvo_xc60_t24_var_sfx_window_open_and_close_1_MKH8060.wav","volvo|xc60|various|sfx|window|open|and|close|1|sennheiser|mkh|8060|volvo_xc60_t24_var_sfx_window_open_and_close_1_mkh8060wav|volvo|xc90|2017|pole|position"
"volvo_xc90_t8_onbrd_medium_drive_stop_exhaust_right_DPA4062.wav","Volvo XC90 2017","Pole Position","https://sonniss.com/sound-effects/volvo-xc90-2017/","/Pole Position - Volvo XC90 2017/volvo_xc90_t8_onbrd_medium_drive_stop_exhaust_right_DPA4062.wav","volvo|xc90|onboard|medium|drive|stop|exhaust|right|dpa|4062|some|background|car|passes|volvo_xc90_t8_onbrd_medium_drive_stop_exhaust_right_dpa4062wav|volvo|xc90|2017|pole|position"
"volvo_xc90_t20_ext_start_idle_blips_off_XY_RSM191.wav","Volvo XC90 2017","Pole Position","https://sonniss.com/sound-effects/volvo-xc90-2017/","/Pole Position - Volvo XC90 2017/volvo_xc90_t20_ext_start_idle_blips_off_XY_RSM191.wav","volvo|xc90|exterior|start|idle|blips|off|xy|neumann|rsm|191|volvo_xc90_t20_ext_start_idle_blips_off_xy_rsm191wav|volvo|xc90|2017|pole|position"
"vw_polo_t8_onbrd_fast_drive_stop_engine_PZM.wav","VW Polo 2003","Pole Position","https://sonniss.com/sound-effects/vw-polo-2003/","/Pole Position - VW Polo 2003/vw_polo_t8_onbrd_fast_drive_stop_engine_PZM.wav","vw|polo|onboard|fast|drive|stop|engine|crown|pzm|vw_polo_t8_onbrd_fast_drive_stop_engine_pzmwav|vw|polo|2003|pole|position"
"vw_polo_t11_ext_fast_up_stop_idle_ORTF_MKH8040.L.wav","VW Polo 2003","Pole Position","https://sonniss.com/sound-effects/vw-polo-2003/","/Pole Position - VW Polo 2003/vw_polo_t11_ext_fast_up_stop_idle_ORTF_MKH8040.L.wav","vw|polo|exterior|fast|up|stop|idle|ortf|sennheiser|mkh|8040|vw_polo_t11_ext_fast_up_stop_idle_ortf_mkh8040lwav|vw|polo|2003|pole|position"
"vw_polo_t11_ext_fast_up_stop_idle_ORTF_MKH8040.R.wav","VW Polo 2003","Pole Position","https://sonniss.com/sound-effects/vw-polo-2003/","/Pole Position - VW Polo 2003/vw_polo_t11_ext_fast_up_stop_idle_ORTF_MKH8040.R.wav","vw|polo|exterior|fast|up|stop|idle|ortf|sennheiser|mkh|8040|vw_polo_t11_ext_fast_up_stop_idle_ortf_mkh8040rwav|vw|polo|2003|pole|position"
"volvo_pv444_t4_ext_start_slow_reverse_stop_off_Holophone.wav","Volvo PV444 1957:","Pole Position","https://sonniss.com/sound-effects/volvo-pv444-1957/","/Pole Position – Volvo PV444 1957/volvo_pv444_t4_ext_start_slow_reverse_stop_off_Holophone.wav","volvo|pv444|exterior|start|slow|reverse|stop|off|holophone|volvo_pv444_t4_ext_start_slow_reverse_stop_off_holophonewav|volvo|pv444|1957:|pole|position"
"volvo_pv444_t9_ext_bys_gearshifts_ORTF_MKH8040.wav","Volvo PV444 1957:","Pole Position","https://sonniss.com/sound-effects/volvo-pv444-1957/","/Pole Position – Volvo PV444 1957/volvo_pv444_t9_ext_bys_gearshifts_ORTF_MKH8040.wav","volvo|pv444|exterior|bys|gearshifts|ortf|sennheiser|mkh|8040|volvo_pv444_t9_ext_bys_gearshifts_ortf_mkh8040wav|volvo|pv444|1957:|pole|position"
"volvo_pv444_t15_var_sfx_door_handle_ORTF_MKH8040.wav","Volvo PV444 1957:","Pole Position","https://sonniss.com/sound-effects/volvo-pv444-1957/","/Pole Position – Volvo PV444 1957/volvo_pv444_t15_var_sfx_door_handle_ORTF_MKH8040.wav","volvo|pv444|various|sfx|door|handle|ortf|sennheiser|mkh|8040|volvo_pv444_t15_var_sfx_door_handle_ortf_mkh8040wav|volvo|pv444|1957:|pole|position"
"Bicycle,Chain,Wheel,Spining,Accelerating,Deselerating.wav","The Bicycles SFX","RZ Post","https://sonniss.com/sound-effects/bicycles-sfx/","/RZ Post - The Bicycles SFX/Bicycle,Chain,Wheel,Spining,Accelerating,Deselerating.wav","bicycle|chain|wheel|spining|accelerating|deseleratingwav|the|bicycles|sfx|rz|post"
"Bicycle,Riding,Gravel,Close,Prespective_01.wav","The Bicycles SFX","RZ Post","https://sonniss.com/sound-effects/bicycles-sfx/","/RZ Post - The Bicycles SFX/Bicycle,Riding,Gravel,Close,Prespective_01.wav","bicycle|riding|gravel|close|prespective_01wav|the|bicycles|sfx|rz|post"
"Bicycle,Riding,Skids,Drift,Concrete_01.wav","The Bicycles SFX","RZ Post","https://sonniss.com/sound-effects/bicycles-sfx/","/RZ Post - The Bicycles SFX/Bicycle,Riding,Skids,Drift,Concrete_01.wav","bicycle|riding|skids|drift|concrete_01wav|the|bicycles|sfx|rz|post"
"Bicycle,Skids,Gravel,Front,Prespective_01.wav","The Bicycles SFX","RZ Post","https://sonniss.com/sound-effects/bicycles-sfx/","/RZ Post - The Bicycles SFX/Bicycle,Skids,Gravel,Front,Prespective_01.wav","bicycle|skids|gravel|front|prespective_01wav|the|bicycles|sfx|rz|post"
"Creepy Door, Fast Metal Creak_02.wav","The Creepy Door","RZ Post","https://sonniss.com/sound-effects/creepy-door/","/RZ Post - The Creepy Door/Creepy Door, Fast Metal Creak_02.wav","metal|door|creak|creepy|fast|creak_02wav|the|creepy|door|rz|post"
"Creepy Door, Metal Light Rattle_05.wav","The Creepy Door","RZ Post","https://sonniss.com/sound-effects/creepy-door/","/RZ Post - The Creepy Door/Creepy Door, Metal Light Rattle_05.wav","metal|door|heavy|rattle|creepy|light|rattle_05wav|the|creepy|door|rz|post"
"Creepy Door, Metal,Door,Medium,Impact_01.wav","The Creepy Door","RZ Post","https://sonniss.com/sound-effects/creepy-door/","/RZ Post - The Creepy Door/Creepy Door, Metal,Door,Medium,Impact_01.wav","metal|door|medium|impact|creepy|impact_01wav|the|creepy|door|rz|post"
"Creepy Door, Slow Creak_03.wav","The Creepy Door","RZ Post","https://sonniss.com/sound-effects/creepy-door/","/RZ Post - The Creepy Door/Creepy Door, Slow Creak_03.wav","metal|door|stressed|creak|creepy|slow|creak_03wav|the|creepy|door|rz|post"
"Macaw, Stressed,Shouting,Close,Prespective_02.wav","The Macaw","RZ Post","https://sonniss.com/sound-effects/macaw/","/RZ Post - The Macaw/Macaw, Stressed,Shouting,Close,Prespective_02.wav","macaw|stressed|shouting|close|prespective|prespective_02wav|the|macaw|rz|post"
"Macaw,Vocals,Chill,Close,Prespective_03.wav","The Macaw","RZ Post","https://sonniss.com/sound-effects/macaw/","/RZ Post - The Macaw/Macaw,Vocals,Chill,Close,Prespective_03.wav","macaw|vocals|chill|close|prespective|prespective_03wav|the|macaw|rz|post"
"Stinger-Breath2.wav","Cinematic Horror Sound FX","Sir Bedlam Productions","https://sonniss.com/sound-effects/bedlam-stingers-cinematic-horror-sound-fx/","/Sir Bedlam Productions – Bedlam Stingers - Cinematic Horror Sound FX/Stinger-Breath2.wav","stingerbreath2wav|cinematic|horror|sound|fx|sir|bedlam|productions"
"Stinger-High10.wav","Cinematic Horror Sound FX","Sir Bedlam Productions","https://sonniss.com/sound-effects/bedlam-stingers-cinematic-horror-sound-fx/","/Sir Bedlam Productions – Bedlam Stingers - Cinematic Horror Sound FX/Stinger-High10.wav","stingerhigh10wav|cinematic|horror|sound|fx|sir|bedlam|productions"
"Stinger-Low13.wav","Cinematic Horror Sound FX","Sir Bedlam Productions","https://sonniss.com/sound-effects/bedlam-stingers-cinematic-horror-sound-fx/","/Sir Bedlam Productions – Bedlam Stingers - Cinematic Horror Sound FX/Stinger-Low13.wav","stingerlow13wav|cinematic|horror|sound|fx|sir|bedlam|productions"
"Stinger-String5.wav","Cinematic Horror Sound FX","Sir Bedlam Productions","https://sonniss.com/sound-effects/bedlam-stingers-cinematic-horror-sound-fx/","/Sir Bedlam Productions – Bedlam Stingers - Cinematic Horror Sound FX/Stinger-String5.wav","stingerstring5wav|cinematic|horror|sound|fx|sir|bedlam|productions"
"KS-DST - Alert 1 - Loop A.wav","Data Streams","soniKSound","https://sonniss.com/sound-effects/data-streams/","/soniKSound - Data Streams/KS-DST - Alert 1 - Loop A.wav","ksdst|alert|1|loop|awav|data|streams|soniksound"
"KS-DST - Data Stream Confirm 01.wav","Data Streams","soniKSound","https://sonniss.com/sound-effects/data-streams/","/soniKSound - Data Streams/KS-DST - Data Stream Confirm 01.wav","ksdst|data|stream|confirm|01wav|data|streams|soniksound"
"KS-DST - Robot 3 - Random Data Stream B.wav","Data Streams","soniKSound","https://sonniss.com/sound-effects/data-streams/","/soniKSound - Data Streams/KS-DST - Robot 3 - Random Data Stream B.wav","ksdst|robot|3|random|data|stream|bwav|data|streams|soniksound"
"KS-DST - System 3 - Shutdown C.wav","Data Streams","soniKSound","https://sonniss.com/sound-effects/data-streams/","/soniKSound - Data Streams/KS-DST - System 3 - Shutdown C.wav","ksdst|system|3|shutdown|cwav|data|streams|soniksound"
"Crumpling an A4 sheet.wav","PAPER & CARDBOARD","Sound Ex Machina","https://sonniss.com/sound-effects/paper-cardboard/","/Sound Ex Machina - PAPER & CARDBOARD/Crumpling an A4 sheet.wav","crumpling|an|a4|sheet|sheetwav|paper|&|cardboard|sound|ex|machina"
"Cutting cardboard box with a craft knife 02.wav","PAPER & CARDBOARD","Sound Ex Machina","https://sonniss.com/sound-effects/paper-cardboard/","/Sound Ex Machina - PAPER & CARDBOARD/Cutting cardboard box with a craft knife 02.wav","cutting|cardboard|box|with|a|craft|knife|02|02wav|paper|&|cardboard|sound|ex|machina"
"Gathering a pile of small cards 05.wav","PAPER & CARDBOARD","Sound Ex Machina","https://sonniss.com/sound-effects/paper-cardboard/","/Sound Ex Machina - PAPER & CARDBOARD/Gathering a pile of small cards 05.wav","gathering|a|pile|of|small|cards|05|05wav|paper|&|cardboard|sound|ex|machina"
"Opening a large cardboard package 04.wav","PAPER & CARDBOARD","Sound Ex Machina","https://sonniss.com/sound-effects/paper-cardboard/","/Sound Ex Machina - PAPER & CARDBOARD/Opening a large cardboard package 04.wav","opening|a|large|cardboard|package|04|04wav|paper|&|cardboard|sound|ex|machina"
"Blasts_Synth_Delayed_Oneshot_11.wav","Analog Synth Volume 1 Bleeps, Sweeps and Creeps:","Sound Spark LLC","https://sonniss.com/sound-effects/analog-synth-volume-1-bleeps-sweeps-creeps/","/Sound Spark LLC – Analog Synth Volume 1 Bleeps, Sweeps and Creeps/Blasts_Synth_Delayed_Oneshot_11.wav","synth|laser|noise|distortion|frequency|sweeps|chaos|glitch|delay|hit|studder|ambient|campy|blasts_synth_delayed_oneshot_11wav|analog|synth|volume|1|bleeps,|sweeps|and|creeps:|sound|spark|llc"
"BlipsandClicks_Synth_Click_26.wav","Analog Synth Volume 1 Bleeps, Sweeps and Creeps:","Sound Spark LLC","https://sonniss.com/sound-effects/analog-synth-volume-1-bleeps-sweeps-creeps/","/Sound Spark LLC – Analog Synth Volume 1 Bleeps, Sweeps and Creeps/BlipsandClicks_Synth_Click_26.wav","synth|laser|noise|distortion|frequency|sweeps|chaos|glitch|short|abrupt|ui|interface|select|blipsandclicks_synth_click_26wav|analog|synth|volume|1|bleeps,|sweeps|and|creeps:|sound|spark|llc"
"Feedback_Synth_Delayed_Evolving_Tones_19.wav","Analog Synth Volume 1 Bleeps, Sweeps and Creeps:","Sound Spark LLC","https://sonniss.com/sound-effects/analog-synth-volume-1-bleeps-sweeps-creeps/","/Sound Spark LLC – Analog Synth Volume 1 Bleeps, Sweeps and Creeps/Feedback_Synth_Delayed_Evolving_Tones_19.wav","synth|laser|noise|distortion|frequency|sweeps|chaos|glitch|evolving|tonal|shift|delay|ambient|campy|atmosphere|space|feedback_synth_delayed_evolving_tones_19wav|analog|synth|volume|1|bleeps,|sweeps|and|creeps:|sound|spark|llc"
"Laser-Like_Synth_Basic_Laser4_08.wav","Analog Synth Volume 1 Bleeps, Sweeps and Creeps:","Sound Spark LLC","https://sonniss.com/sound-effects/analog-synth-volume-1-bleeps-sweeps-creeps/","/Sound Spark LLC – Analog Synth Volume 1 Bleeps, Sweeps and Creeps/Laser-Like_Synth_Basic_Laser4_08.wav","synth|interface|element|tones|laser|noise|sweep|alien|space|campy|8bit|vintage|oldschool|laserlike_synth_basic_laser4_08wav|analog|synth|volume|1|bleeps,|sweeps|and|creeps:|sound|spark|llc"
"Bag-Handbag-Clasp_01_01.wav","Open & Close 2","SoundBits","https://sonniss.com/sound-effects/open-close-2/","/SoundBits - Open & Close 2/Bag-Handbag-Clasp_01_01.wav","bag|handbag|fold|lock|open|close|baghandbagclasp_01_01wav|open|&|close|2|soundbits"
"Blanket-Lift_06.wav","Open & Close 2","SoundBits","https://sonniss.com/sound-effects/open-close-2/","/SoundBits - Open & Close 2/Blanket-Lift_06.wav","blanket|lift|cloth|movement|flip|flap|fast|whoosh|throw|blanketlift_06wav|open|&|close|2|soundbits"
"Cupboard-Door-Liquor_02_04.wav","Open & Close 2","SoundBits","https://sonniss.com/sound-effects/open-close-2/","/SoundBits - Open & Close 2/Cupboard-Door-Liquor_02_04.wav","cupboard|door|liquor|wooden|open|close|rattle|cupboarddoorliquor_02_04wav|open|&|close|2|soundbits"
"Plastic-Bottle_03.wav","Open & Close 2","SoundBits","https://sonniss.com/sound-effects/open-close-2/","/SoundBits - Open & Close 2/Plastic-Bottle_03.wav","plastic|bottle|open|close|lock|plasticbottle_03wav|open|&|close|2|soundbits"
"Pass-By_Fun-Ride_017.wav","Pass By Fun Rides","SoundBits","https://sonniss.com/sound-effects/pass-by-fun-rides/","/SoundBits - Pass-By Fun Rides/Pass-By_Fun-Ride_017.wav","roller|coaster|pass|by|runride|fast|rattle|distant|perspective|children|scream|chorus|voices|walla|theme|park|passby_funride_017wav|pass|by|fun|rides|soundbits"
"Pass-By_Fun-Ride_043.wav","Pass By Fun Rides","SoundBits","https://sonniss.com/sound-effects/pass-by-fun-rides/","/SoundBits - Pass-By Fun Rides/Pass-By_Fun-Ride_043.wav","roller|coaster|pass|by|runride|approach|rattle|fast|stop|close|up|children|voices|chorus|walla|laugh|squeak|theme|park|passby_funride_043wav|pass|by|fun|rides|soundbits"
"Pass-By_Fun-Ride_058.wav","Pass By Fun Rides","SoundBits","https://sonniss.com/sound-effects/pass-by-fun-rides/","/SoundBits - Pass-By Fun Rides/Pass-By_Fun-Ride_058.wav","roller|coaster|pass|by|runride|approach|fast|distant|perspective|rattle|children|chorus|voices|scream|walla|theme|park|passby_funride_058wav|pass|by|fun|rides|soundbits"
"Pass-By_Fun-Ride_124.wav","Pass By Fun Rides","SoundBits","https://sonniss.com/sound-effects/pass-by-fun-rides/","/SoundBits - Pass-By Fun Rides/Pass-By_Fun-Ride_124.wav","roller|coaster|pass|by|runride|slow|close|up|children|scream|voices|walla|water|splash|rattle|theme|park|passby_funride_124wav|pass|by|fun|rides|soundbits"
"Pass-By_Sports-Car_Multiple_039.wav","Pass By Sports Cars","SoundBits","https://sonniss.com/sound-effects/pass-by-sports-cars/","/SoundBits - Pass-By Sports Cars/Pass-By_Sports-Car_Multiple_039.wav","auto|car|sports|multiple|pass|by|approach|medium|speed|rev|passby_sportscar_multiple_039wav|pass|by|sports|cars|soundbits"
"Pass-By_Sports-Car_Multiple_098.wav","Pass By Sports Cars","SoundBits","https://sonniss.com/sound-effects/pass-by-sports-cars/","/SoundBits - Pass-By Sports Cars/Pass-By_Sports-Car_Multiple_098.wav","auto|car|sports|multiple|pass|by|approach|fast|skid|rev|tyre|dirt|passby_sportscar_multiple_098wav|pass|by|sports|cars|soundbits"
"Pass-By_Sports-Car_Single_035.wav","Pass By Sports Cars","SoundBits","https://sonniss.com/sound-effects/pass-by-sports-cars/","/SoundBits - Pass-By Sports Cars/Pass-By_Sports-Car_Single_035.wav","auto|car|sports|car|single|approach|close|up|fast|distant|rev|pass|by|passby_sportscar_single_035wav|pass|by|sports|cars|soundbits"
"Pass-By_Sports-Car_Single_080.wav","Pass By Sports Cars","SoundBits","https://sonniss.com/sound-effects/pass-by-sports-cars/","/SoundBits - Pass-By Sports Cars/Pass-By_Sports-Car_Single_080.wav","auto|car|sports|car|single|approach|fast|close|up|pass|by|passby_sportscar_single_080wav|pass|by|sports|cars|soundbits"
"Backpack 02.wav","Rummage","SoundBits","https://sonniss.com/sound-effects/rummage/","/SoundBits - Rummage/Backpack 02.wav","rummage|bags|backpack|zip|open|close|search|through|paper|rustle|02wav|soundbits"
"Box-Lego-B_02.wav","Rummage","SoundBits","https://sonniss.com/sound-effects/rummage/","/SoundBits - Rummage/Box-Lego-B_02.wav","rummage|box|lego|b|plastic|pieces|debris|search|through|boxlegob_02wav|soundbits"
"Cupboard-Dishes_05.wav","Rummage","SoundBits","https://sonniss.com/sound-effects/rummage/","/SoundBits - Rummage/Cupboard-Dishes_05.wav","rummage|cupboard|dishes|bottle|porcelain|place|arrange|clang|take|cupboarddishes_05wav|soundbits"
"Medical Box 01.wav","Rummage","SoundBits","https://sonniss.com/sound-effects/rummage/","/SoundBits - Rummage/Medical Box 01.wav","rummage|medical|box|tablet|search|through|plastic|cover|01wav|soundbits"
"Tiny-Transition_010.wav","Tiny Transitions","SoundBits","https://sonniss.com/sound-effects/tiny-transitions/","/SoundBits - Tiny Transitions/Tiny-Transition_010.wav","designed|whoosh|short|transition|scifi|metallic|tinytransition_010wav|tiny|transitions|soundbits"
"Tiny-Transition_066.wav","Tiny Transitions","SoundBits","https://sonniss.com/sound-effects/tiny-transitions/","/SoundBits - Tiny Transitions/Tiny-Transition_066.wav","designed|whoosh|short|transition|scifi|robot|lazer|tinytransition_066wav|tiny|transitions|soundbits"
"Whoosh_Source_MetalSqueak_01.wav","Tiny Transitions","SoundBits","https://sonniss.com/sound-effects/tiny-transitions/","/SoundBits - Tiny Transitions/Whoosh_Source_MetalSqueak_01.wav","whoosh|source|sound|metal|squeak|scrape|fast|whoosh_source_metalsqueak_01wav|tiny|transitions|soundbits"
"Whoosh_Source_Rope_03.wav","Tiny Transitions","SoundBits","https://sonniss.com/sound-effects/tiny-transitions/","/SoundBits - Tiny Transitions/Whoosh_Source_Rope_03.wav","whoosh|source|sound|tick|rope|swing|swoosh|swish|whoosh_source_rope_03wav|tiny|transitions|soundbits"
"BMW 420D Gran Coupe engine RPM ramps interior mono 8040.wav","BMW 420D Gran Coupe","SoundHolder","https://sonniss.com/sound-effects/bmw-420d-gran-coupe/","/SoundHolder - BMW 420D Gran Coupe/BMW 420D Gran Coupe engine RPM ramps interior mono 8040.wav","car|vehicle|bmw|420d|engine|diesel|rpm|ramp|ramps|gran|coupe|rpm|interior|mono|8040wav|bmw|420d|gran|coupe|soundholder"
"BMW 420D Gran Coupe exterior engine stopping off on idle and drive away mono NTG3.wav","BMW 420D Gran Coupe","SoundHolder","https://sonniss.com/sound-effects/bmw-420d-gran-coupe/","/SoundHolder - BMW 420D Gran Coupe/BMW 420D Gran Coupe exterior engine stopping off on idle and drive away mono NTG3.wav","car|vehicle|bmw|420d|engine|diesel|stop|off|idle|drive|away|gran|coupe|exterior|stopping|on|and|mono|ntg3wav|bmw|420d|gran|coupe|soundholder"
"BMW 420D Gran Coupe exterior passby 140kmph high rpm stereo ORTF 8040.wav","BMW 420D Gran Coupe","SoundHolder","https://sonniss.com/sound-effects/bmw-420d-gran-coupe/","/SoundHolder - BMW 420D Gran Coupe/BMW 420D Gran Coupe exterior passby 140kmph high rpm stereo ORTF 8040.wav","car|vehicle|bmw|420d|engine|diesel|passby|fast|140|gran|coupe|exterior|140kmph|high|rpm|stereo|ortf|8040wav|bmw|420d|gran|coupe|soundholder"
"BMW 420D Gran Coupe foley exterior back door open close mechanism mono 8040.wav","BMW 420D Gran Coupe","SoundHolder","https://sonniss.com/sound-effects/bmw-420d-gran-coupe/","/SoundHolder - BMW 420D Gran Coupe/BMW 420D Gran Coupe foley exterior back door open close mechanism mono 8040.wav","car|vehicle|bmw|420d|foley|exterior|back|door|open|close|gran|coupe|mechanism|mono|8040wav|bmw|420d|gran|coupe|soundholder"
"BMW 114i E87 Exterior Passby High Speed Mono.wav","Cars In Motion","SoundHolder","https://sonniss.com/sound-effects/cars-motion/","/SoundHolder - Cars In Motion/BMW 114i E87 Exterior Passby High Speed Mono.wav","bmw|114|vehicle|car|outside|exterior|high|speed|passby|bmw|114i|e87|exterior|passby|high|speed|monowav|cars|in|motion|soundholder"
"excavator MF 860 exterior engine braking sound stop and drive away with gas pressing mono 8040.wav","Cars In Motion","SoundHolder","https://sonniss.com/sound-effects/cars-motion/","/SoundHolder - Cars In Motion/excavator MF 860 exterior engine braking sound stop and drive away with gas pressing mono 8040.wav","vehicle|excavator|mf|860|exterior|engine|stop|slowly|drive|away|brake|braking|mf|sound|and|with|gas|pressing|mono|8040wav|cars|in|motion|soundholder"
"Jeep Grand Cherokee WJ 4.7 exterior wet asphalt passby 50kmph low rpm static mono 8040.wav","Cars In Motion","SoundHolder","https://sonniss.com/sound-effects/cars-motion/","/SoundHolder - Cars In Motion/Jeep Grand Cherokee WJ 4.7 exterior wet asphalt passby 50kmph low rpm static mono 8040.wav","vehicle|jeep|grand|cherokee|gas|engine|exterior|passby|jeep|grand|cherokee|wj|47|wet|asphalt|50kmph|low|rpm|static|mono|8040wav|cars|in|motion|soundholder"
"passby volkswagen transporter medium speed on road in bad condition stereo M10.wav","Cars In Motion","SoundHolder","https://sonniss.com/sound-effects/cars-motion/","/SoundHolder - Cars In Motion/passby volkswagen transporter medium speed on road in bad condition stereo M10.wav","passby|volkswagen|transporter|medium|speed|on|road|in|bad|condition|stereo|m10wav|cars|in|motion|soundholder"
"Jeep Grand Cherokee WJ 4.7 engine reverse interior mono 8040.wav","Jeep Grand Cherokee 4.7 V8 Magnaflow","SoundHolder","https://sonniss.com/sound-effects/jeep-grand-cherokee-4-7-v8-magnaflow/","/SoundHolder - Jeep Grand Cherokee 4.7 V8 Magnaflow/Jeep Grand Cherokee WJ 4.7 engine reverse interior mono 8040.wav","car|vehicle|jeep|grand|cherokee|engine|v8|gas|reverse|jeep|grand|cherokee|wj|47|interior|mono|8040wav|jeep|grand|cherokee|4.7|v8|magnaflow|soundholder"
"Jeep Grand Cherokee WJ 4.7 engine single acceleration mono.wav","Jeep Grand Cherokee 4.7 V8 Magnaflow","SoundHolder","https://sonniss.com/sound-effects/jeep-grand-cherokee-4-7-v8-magnaflow/","/SoundHolder - Jeep Grand Cherokee 4.7 V8 Magnaflow/Jeep Grand Cherokee WJ 4.7 engine single acceleration mono.wav","car|vehicle|jeep|grand|cherokee|engine|v8|gas|acceleration|jeep|grand|cherokee|wj|47|single|monowav|jeep|grand|cherokee|4.7|v8|magnaflow|soundholder"
"Jeep Grand Cherokee WJ 4.7 exterior wet asphalt passby 80kmph stereo M10.wav","Jeep Grand Cherokee 4.7 V8 Magnaflow","SoundHolder","https://sonniss.com/sound-effects/jeep-grand-cherokee-4-7-v8-magnaflow/","/SoundHolder - Jeep Grand Cherokee 4.7 V8 Magnaflow/Jeep Grand Cherokee WJ 4.7 exterior wet asphalt passby 80kmph stereo M10.wav","car|vehicle|jeep|grand|cherokee|v8|engine|exterior|passby|medium|90|jeep|grand|cherokee|wj|47|wet|asphalt|80kmph|stereo|m10wav|jeep|grand|cherokee|4.7|v8|magnaflow|soundholder"
"Jeep Grand Cherokee WJ 4.7 foley exterior door open close mono 8040.wav","Jeep Grand Cherokee 4.7 V8 Magnaflow","SoundHolder","https://sonniss.com/sound-effects/jeep-grand-cherokee-4-7-v8-magnaflow/","/SoundHolder - Jeep Grand Cherokee 4.7 V8 Magnaflow/Jeep Grand Cherokee WJ 4.7 foley exterior door open close mono 8040.wav","car|vehicle|jeep|grand|cherokee|foley|door|open|close|jeep|grand|cherokee|wj|47|exterior|mono|8040wav|jeep|grand|cherokee|4.7|v8|magnaflow|soundholder"
"Elemental - Acid Cast_2.wav","ELEMENTAL","SoundMorph","https://sonniss.com/sound-effects/elemental/","/SoundMorph - ELEMENTAL/Elemental - Acid Cast_2.wav","soundmorph|magic|elements|mystical|magical|cast|acid|elemental|acid|cast_2wav|elemental|soundmorph"
"Elemental - Neutral Cast Single_2.wav","ELEMENTAL","SoundMorph","https://sonniss.com/sound-effects/elemental/","/SoundMorph - ELEMENTAL/Elemental - Neutral Cast Single_2.wav","soundmorph|magic|elements|mystical|magical|cast|elemental|neutral|cast|single_2wav|elemental|soundmorph"
"Elemental - Powder Movement_6.wav","ELEMENTAL","SoundMorph","https://sonniss.com/sound-effects/elemental/","/SoundMorph - ELEMENTAL/Elemental - Powder Movement_6.wav","soundmorph|magic|elements|mystical|magical|spell|powder|dust|elemental|powder|movement_6wav|elemental|soundmorph"
"Elemental - Water Bubbles Big_4.wav","ELEMENTAL","SoundMorph","https://sonniss.com/sound-effects/elemental/","/SoundMorph - ELEMENTAL/Elemental - Water Bubbles Big_4.wav","soundmorph|magic|elements|mystical|magical|water|splash|bubbles|elemental|water|bubbles|big_4wav|elemental|soundmorph"
"Future Weapons 3 - Assault Rifle - Shot Single 4.wav","FUTURE WEAPONS 3","SoundMorph","https://sonniss.com/sound-effects/future-weapons-3/","/SoundMorph - FUTURE WEAPONS 3/Future Weapons 3 - Assault Rifle - Shot Single 4.wav","soundmorph|scifi|weapons|future|futuristic|weap|weapon|weaponry|cybernetic|hitech|assault|rifle|gun|shot|future|weapons|3|assault|rifle|shot|single|4wav|future|weapons|3|soundmorph"
"Future Weapons 3 - Crossbow -Arrow Hit 2.wav","FUTURE WEAPONS 3","SoundMorph","https://sonniss.com/sound-effects/future-weapons-3/","/SoundMorph - FUTURE WEAPONS 3/Future Weapons 3 - Crossbow -Arrow Hit 2.wav","soundmorph|scifi|weapons|future|futuristic|weap|weapon|weaponry|cybernetic|hitech|assault|rifle|gun|shot|crossbow|arrow|bow|future|weapons|3|crossbow|arrow|hit|2wav|future|weapons|3|soundmorph"
"Future Weapons 3 - Grenade Launcher 2 - Hit 2.wav","FUTURE WEAPONS 3","SoundMorph","https://sonniss.com/sound-effects/future-weapons-3/","/SoundMorph - FUTURE WEAPONS 3/Future Weapons 3 - Grenade Launcher 2 - Hit 2.wav","soundmorph|scifi|weapons|future|futuristic|weap|weapon|weaponry|cybernetic|hitech|grenade|launcher|future|weapons|3|grenade|launcher|2|hit|2wav|future|weapons|3|soundmorph"
"Future Weapons 3 - Shield_03.wav","FUTURE WEAPONS 3","SoundMorph","https://sonniss.com/sound-effects/future-weapons-3/","/SoundMorph - FUTURE WEAPONS 3/Future Weapons 3 - Shield_03.wav","scifi|weapons|future|futuristic|weap|weapon|weaponry|cybernetic|hitech|interface|ui|sensor|scan|shield|future|weapons|3|shield_03wav|future|weapons|3|soundmorph"
"GORE - Blood_Splatter_Concrete_Small_4.wav","Gore","SoundMorph","https://sonniss.com/sound-effects/soundmorph-gore-2/","/SoundMorph - Gore/GORE - Blood_Splatter_Concrete_Small_4.wav","soundmorph|blood|guts|splatter|gore|stab|spray|hit|impact|gurgle|slash|slice|concrete|gore|blood_splatter_concrete_small_4wav|gore|soundmorph"
"GORE - Head_Explode_6.wav","Gore","SoundMorph","https://sonniss.com/sound-effects/soundmorph-gore-2/","/SoundMorph - Gore/GORE - Head_Explode_6.wav","soundmorph|blood|guts|splatter|gore|stab|spray|hit|impact|gurgle|slash|slice|head|explode|gore|head_explode_6wav|gore|soundmorph"
"GORE - WEAP - Disembowel_Gore_5.wav","Gore","SoundMorph","https://sonniss.com/sound-effects/soundmorph-gore-2/","/SoundMorph - Gore/GORE - WEAP - Disembowel_Gore_5.wav","soundmorph|blood|guts|splatter|gore|stab|spray|hit|impact|gurgle|slash|slice|gore|weap|disembowel_gore_5wav|gore|soundmorph"
"GORE - WEAP - Shovel_Whoosh_Impact_Gore_1.wav","Gore","SoundMorph","https://sonniss.com/sound-effects/soundmorph-gore-2/","/SoundMorph - Gore/GORE - WEAP - Shovel_Whoosh_Impact_Gore_1.wav","soundmorph|blood|guts|splatter|gore|stab|spray|hit|impact|gurgle|slash|slice|shovel|whoosh|gore|weap|shovel_whoosh_impact_gore_1wav|gore|soundmorph"
"Monster Within - Bearer - Vocal_TakeDamage03.wav","Monster Within","SoundMorph","https://sonniss.com/sound-effects/monster/","/SoundMorph - Monster Within/Monster Within - Bearer - Vocal_TakeDamage03.wav","soundmorph|monster|creature|alien|animal|critter|varmint|beast|demon|horror|fiend|mutant|damage|hurt|impact|monster|within|bearer|vocal_takedamage03wav|monster|within|soundmorph"
"Monster Within - Hunter - Fley_Attack02.wav","Monster Within","SoundMorph","https://sonniss.com/sound-effects/monster/","/SoundMorph - Monster Within/Monster Within - Hunter - Fley_Attack02.wav","soundmorph|monster|creature|alien|animal|critter|varmint|beast|demon|horror|fiend|mutant|attack|aggro|monster|within|hunter|fley_attack02wav|monster|within|soundmorph"
"Monster Within - Large Beast - Taunt2Stun03.wav","Monster Within","SoundMorph","https://sonniss.com/sound-effects/monster/","/SoundMorph - Monster Within/Monster Within - Large Beast - Taunt2Stun03.wav","soundmorph|monster|creature|alien|animal|critter|varmint|beast|demon|horror|fiend|mutant|taunt|vocal|monster|within|large|beast|taunt2stun03wav|monster|within|soundmorph"
"Monster Within - Small Creature - Spawn_Up600_02.wav","Monster Within","SoundMorph","https://sonniss.com/sound-effects/monster/","/SoundMorph - Monster Within/Monster Within - Small Creature - Spawn_Up600_02.wav","soundmorph|monster|creature|alien|animal|critter|varmint|beast|demon|horror|fiend|mutant|spawn|appear|enter|monster|within|small|creature|spawn_up600_02wav|monster|within|soundmorph"
"Steampunk Weapons - Back From The Past - set_2.wav","STEAMPUNK WEAPONS","SoundMorph","https://sonniss.com/sound-effects/steampunk-weapons/","/SoundMorph - STEAMPUNK WEAPONS/Steampunk Weapons - Back From The Past - set_2.wav","soundmorph|designed|weapon|gun|steampunk|weapons|shot|foley|contraption|scifi|set|auto|semauto|steampunk|weapons|back|from|the|past|set_2wav|steampunk|weapons|soundmorph"
"Steampunk Weapons - Firestorm Flamer - set_1.wav","STEAMPUNK WEAPONS","SoundMorph","https://sonniss.com/sound-effects/steampunk-weapons/","/SoundMorph - STEAMPUNK WEAPONS/Steampunk Weapons - Firestorm Flamer - set_1.wav","soundmorph|designed|weapon|gun|steampunk|weapons|shot|foley|contraption|scifi|flame|flamethrower|steampunk|weapons|firestorm|flamer|set_1wav|steampunk|weapons|soundmorph"
"Steampunk Weapons - Rocket Launcher - Shot - 04.wav","STEAMPUNK WEAPONS","SoundMorph","https://sonniss.com/sound-effects/steampunk-weapons/","/SoundMorph - STEAMPUNK WEAPONS/Steampunk Weapons - Rocket Launcher - Shot - 04.wav","soundmorph|designed|weapon|gun|steampunk|weapons|shot|foley|contraption|scifi|single|blast|shoot|steampunk|weapons|rocket|launcher|shot|04wav|steampunk|weapons|soundmorph"
"Steampunk Weapons - Shotgun 2 - Shot - 03.wav","STEAMPUNK WEAPONS","SoundMorph","https://sonniss.com/sound-effects/steampunk-weapons/","/SoundMorph - STEAMPUNK WEAPONS/Steampunk Weapons - Shotgun 2 - Shot - 03.wav","soundmorph|designed|weapon|gun|steampunk|weapons|shot|foley|contraption|scifi|single|blast|shoot|steampunk|weapons|shotgun|2|shot|03wav|steampunk|weapons|soundmorph"
"audience_cheers_13.wav","Audience Reactions","Soundrangers","https://sonniss.com/sound-effects/audience-reactions/","/Soundrangers - Audience Reactions/audience_cheers_13.wav","small|interior|audience|cheering|and|clapping|in|small|venue|audience_cheers_13wav|audience|reactions|soundrangers"
"nightclub_audience_applause_cheers_07.wav","Audience Reactions","Soundrangers","https://sonniss.com/sound-effects/audience-reactions/","/Soundrangers - Audience Reactions/nightclub_audience_applause_cheers_07.wav","nightclub|audience|cheering|and|applause|nightclub_audience_applause_cheers_07wav|audience|reactions|soundrangers"
"sitcom_studio_crowd_laughter_10.wav","Audience Reactions","Soundrangers","https://sonniss.com/sound-effects/audience-reactions/","/Soundrangers - Audience Reactions/sitcom_studio_crowd_laughter_10.wav","sitcom|studio|audience|laughter|sitcom_studio_crowd_laughter_10wav|audience|reactions|soundrangers"
"theater_audience_laughter_applause_01.wav","Audience Reactions","Soundrangers","https://sonniss.com/sound-effects/audience-reactions/","/Soundrangers - Audience Reactions/theater_audience_laughter_applause_01.wav","theater|audience|laughter|with|applause|theater_audience_laughter_applause_01wav|audience|reactions|soundrangers"
"leaves_pile_pick_up_04.wav","Foley Elements Foliage","Soundrangers","https://sonniss.com/sound-effects/foley-elements-foliage/","/Soundrangers - Foley Elements Foliage/leaves_pile_pick_up_04.wav","leaves|small|pile|being|scooped|up|variation|04|leaves_pile_pick_up_04wav|foley|elements|foliage|soundrangers"
"tree_bark_rotten_rip_03.wav","Foley Elements Foliage","Soundrangers","https://sonniss.com/sound-effects/foley-elements-foliage/","/Soundrangers - Foley Elements Foliage/tree_bark_rotten_rip_03.wav","tree|bark|rotten|tearing|and|ripping|variation|03|tree_bark_rotten_rip_03wav|foley|elements|foliage|soundrangers"
"tree_dead_tree_limb_impact_05.wav","Foley Elements Foliage","Soundrangers","https://sonniss.com/sound-effects/foley-elements-foliage/","/Soundrangers - Foley Elements Foliage/tree_dead_tree_limb_impact_05.wav","tree|branches|dead|limb|impacts|variation|05|tree_dead_tree_limb_impact_05wav|foley|elements|foliage|soundrangers"
"tree_falling_04.wav","Foley Elements Foliage","Soundrangers","https://sonniss.com/sound-effects/foley-elements-foliage/","/Soundrangers - Foley Elements Foliage/tree_falling_04.wav","tree|falling|with|ground|impact|variation|04|tree_falling_04wav|foley|elements|foliage|soundrangers"
"footstep_multiple_snow_boot_run_01_var03.wav","Foley Elements Ice and Snow","Soundrangers","https://sonniss.com/sound-effects/foley-elements-ice-snow/","/Soundrangers - Foley Elements Ice and Snow/footstep_multiple_snow_boot_run_01_var03.wav","footsteps|in|snow|multiple|running|boots|variation|03|footstep_multiple_snow_boot_run_01_var03wav|foley|elements|ice|and|snow|soundrangers"
"glacier_huge_shift_01.wav","Foley Elements Ice and Snow","Soundrangers","https://sonniss.com/sound-effects/foley-elements-ice-snow/","/Soundrangers - Foley Elements Ice and Snow/glacier_huge_shift_01.wav","glacier|large|shifting|noise|glacier_huge_shift_01wav|foley|elements|ice|and|snow|soundrangers"
"ice_freeze_crack_04.wav","Foley Elements Ice and Snow","Soundrangers","https://sonniss.com/sound-effects/foley-elements-ice-snow/","/Soundrangers - Foley Elements Ice and Snow/ice_freeze_crack_04.wav","ice|thin|cracking|under|pressure|variation|04|ice_freeze_crack_04wav|foley|elements|ice|and|snow|soundrangers"
"snowball_impact_hard_13.wav","Foley Elements Ice and Snow","Soundrangers","https://sonniss.com/sound-effects/foley-elements-ice-snow/","/Soundrangers - Foley Elements Ice and Snow/snowball_impact_hard_13.wav","snowball|heavy|impact|variation|13|snowball_impact_hard_13wav|foley|elements|ice|and|snow|soundrangers"
"boulder_impact_on_stones_14.wav","Foley Elements Rocks, Dirt And Stone","Soundrangers","https://sonniss.com/sound-effects/foley-elements-rocks-dirt-stone/","/Soundrangers - Foley Elements Rocks, Dirt And Stone/boulder_impact_on_stones_14.wav","boulder|impacting|on|stone|with|debris|boulder_impact_on_stones_14wav|foley|elements|rocks,|dirt|and|stone|soundrangers"
"brick_impact_debris_02.wav","Foley Elements Rocks, Dirt And Stone","Soundrangers","https://sonniss.com/sound-effects/foley-elements-rocks-dirt-stone/","/Soundrangers - Foley Elements Rocks, Dirt And Stone/brick_impact_debris_02.wav","brick|impacting|on|brick|with|debris|brick_impact_debris_02wav|foley|elements|rocks,|dirt|and|stone|soundrangers"
"dirt_collapse_05.wav","Foley Elements Rocks, Dirt And Stone","Soundrangers","https://sonniss.com/sound-effects/foley-elements-rocks-dirt-stone/","/Soundrangers - Foley Elements Rocks, Dirt And Stone/dirt_collapse_05.wav","dirt|and|debris|collapsing|onto|ground|dirt_collapse_05wav|foley|elements|rocks,|dirt|and|stone|soundrangers"
"rockslide_02.wav","Foley Elements Rocks, Dirt And Stone","Soundrangers","https://sonniss.com/sound-effects/foley-elements-rocks-dirt-stone/","/Soundrangers - Foley Elements Rocks, Dirt And Stone/rockslide_02.wav","small|rocks|and|debris|sliding|down|stone|surface|rockslide_02wav|foley|elements|rocks,|dirt|and|stone|soundrangers"
"cave_drips_05_30_loop.wav","Hydrology Bubbles and Splashes","Soundrangers","https://sonniss.com/sound-effects/hydrology-bubbles-splashes/","/Soundrangers - Hydrology Bubbles and Splashes/cave_drips_05_30_loop.wav","drip|reverberant|multiple|drips|in|cave|or|cavern|30|edit|cave_drips_05_30_loopwav|hydrology|bubbles|and|splashes|soundrangers"
"fish_small_jump_04.wav","Hydrology Bubbles and Splashes","Soundrangers","https://sonniss.com/sound-effects/hydrology-bubbles-splashes/","/Soundrangers - Hydrology Bubbles and Splashes/fish_small_jump_04.wav","fish|small|jump|out|of|water|with|splash|fish_small_jump_04wav|hydrology|bubbles|and|splashes|soundrangers"
"mud_splat_heavy_03.wav","Hydrology Bubbles and Splashes","Soundrangers","https://sonniss.com/sound-effects/hydrology-bubbles-splashes/","/Soundrangers - Hydrology Bubbles and Splashes/mud_splat_heavy_03.wav","mud|heavy|watery|splat|mud_splat_heavy_03wav|hydrology|bubbles|and|splashes|soundrangers"
"water_bubble_19.wav","Hydrology Bubbles and Splashes","Soundrangers","https://sonniss.com/sound-effects/hydrology-bubbles-splashes/","/Soundrangers - Hydrology Bubbles and Splashes/water_bubble_19.wav","bubble|single|heavy|underwater|bubble|burst|onto|surface|water_bubble_19wav|hydrology|bubbles|and|splashes|soundrangers"
"lake_waves_lapping_gentle_02_60_loop.wav","Hydrology Streams, Rivers And Lakes","Soundrangers","https://sonniss.com/sound-effects/hydrology-streams-rivers-lakes/","/Soundrangers - Hydrology Streams, Rivers And Lakes/lake_waves_lapping_gentle_02_60_loop.wav","lake|small|waves|gently|lapping|on|shore|lake_waves_lapping_gentle_02_60_loopwav|hydrology|streams,|rivers|and|lakes|soundrangers"
"mountain_stream_runoff_02_30_loop.wav","Hydrology Streams, Rivers And Lakes","Soundrangers","https://sonniss.com/sound-effects/hydrology-streams-rivers-lakes/","/Soundrangers - Hydrology Streams, Rivers And Lakes/mountain_stream_runoff_02_30_loop.wav","stream|continuous|flow|from|glacial|runoff|close|pov|mountain_stream_runoff_02_30_loopwav|hydrology|streams,|rivers|and|lakes|soundrangers"
"river_alpine_03_60.wav","Hydrology Streams, Rivers And Lakes","Soundrangers","https://sonniss.com/sound-effects/hydrology-streams-rivers-lakes/","/Soundrangers - Hydrology Streams, Rivers And Lakes/river_alpine_03_60.wav","river|continuous|alpine|flow|close|pov|river_alpine_03_60wav|hydrology|streams,|rivers|and|lakes|soundrangers"
"stream_08_60_loop.wav","Hydrology Streams, Rivers And Lakes","Soundrangers","https://sonniss.com/sound-effects/hydrology-streams-rivers-lakes/","/Soundrangers - Hydrology Streams, Rivers And Lakes/stream_08_60_loop.wav","stream|continuous|water|flow|close|pov|stream_08_60_loopwav|hydrology|streams,|rivers|and|lakes|soundrangers"
"explosion_underwater_blast_04.wav","Hydrology Underwater","Soundrangers","https://sonniss.com/sound-effects/hydrology-underwater/","/Soundrangers - Hydrology Underwater/explosion_underwater_blast_04.wav","deep|underwater|blast|with|water|movement|explosion_underwater_blast_04wav|hydrology|underwater|soundrangers"
"torpedo_by_02.wav","Hydrology Underwater","Soundrangers","https://sonniss.com/sound-effects/hydrology-underwater/","/Soundrangers - Hydrology Underwater/torpedo_by_02.wav","torpedo|movement|through|water|doppler|by|torpedo_by_02wav|hydrology|underwater|soundrangers"
"underwater_object_movement_quick_deep_15.wav","Hydrology Underwater","Soundrangers","https://sonniss.com/sound-effects/hydrology-underwater/","/Soundrangers - Hydrology Underwater/underwater_object_movement_quick_deep_15.wav","deep|low|frequency|underwater|object|movement|underwater_object_movement_quick_deep_15wav|hydrology|underwater|soundrangers"
"underwater_splash_large_06.wav","Hydrology Underwater","Soundrangers","https://sonniss.com/sound-effects/hydrology-underwater/","/Soundrangers - Hydrology Underwater/underwater_splash_large_06.wav","deep|low|frequency|underwater|splash|underwater_splash_large_06wav|hydrology|underwater|soundrangers"
"airport_parking_garage_ambience_01_loop.wav","Industrial Ambience","Soundrangers","https://sonniss.com/sound-effects/industrial-ambience/","/Soundrangers - Industrial Ambience/airport_parking_garage_ambience_01_loop.wav","airport|crowd|crowds|walla|people|garage|parking|airport_parking_garage_ambience_01_loopwav|industrial|ambience|soundrangers"
"cryogenic_laboratory_ambience_loop_02.wav","Industrial Ambience","Soundrangers","https://sonniss.com/sound-effects/industrial-ambience/","/Soundrangers - Industrial Ambience/cryogenic_laboratory_ambience_loop_02.wav","industrial|ambience|warehouse|storage|facility|laboratory|cryogenic_laboratory_ambience_loop_02wav|industrial|ambience|soundrangers"
"hallway_of_fear_sub_air_hollow_01_loop.wav","Industrial Ambience","Soundrangers","https://sonniss.com/sound-effects/industrial-ambience/","/Soundrangers - Industrial Ambience/hallway_of_fear_sub_air_hollow_01_loop.wav","industrial|ambience|ambiance|factory|machine|room|tone|hallway_of_fear_sub_air_hollow_01_loopwav|industrial|ambience|soundrangers"
"space_station_04_loop.wav","Industrial Ambience","Soundrangers","https://sonniss.com/sound-effects/industrial-ambience/","/Soundrangers - Industrial Ambience/space_station_04_loop.wav","background|loop|space|ambience|scifi|1999|industrial|space_station_04_loopwav|industrial|ambience|soundrangers"
"coastal_ambience_01_120_loop.wav","Nature Ambience","Soundrangers","https://sonniss.com/sound-effects/nature-ambience/","/Soundrangers - Nature Ambience/coastal_ambience_01_120_loop.wav","distant|surf|close|seagull|and|bird|walla|light|breeze|coastal_ambience_01_120_loopwav|nature|ambience|soundrangers"
"forest_alpine_crickets_01_60_loop.wav","Nature Ambience","Soundrangers","https://sonniss.com/sound-effects/nature-ambience/","/Soundrangers - Nature Ambience/forest_alpine_crickets_01_60_loop.wav","very|light|alpine|cricket|walla|background|wind|movement|60|edit|forest_alpine_crickets_01_60_loopwav|nature|ambience|soundrangers"
"jungle_hawaiian_morning_ambience_04_120_loop.wav","Nature Ambience","Soundrangers","https://sonniss.com/sound-effects/nature-ambience/","/Soundrangers - Nature Ambience/jungle_hawaiian_morning_ambience_04_120_loop.wav","early|morning|hawaiian|jungle|amb|light|bird|walla|w/|air|cicada|tree|movement|close|birds|ver|01|jungle_hawaiian_morning_ambience_04_120_loopwav|nature|ambience|soundrangers"
"swamp_ambience_night_05_120_loop.wav","Nature Ambience","Soundrangers","https://sonniss.com/sound-effects/nature-ambience/","/Soundrangers - Nature Ambience/swamp_ambience_night_05_120_loop.wav","busy|nighttime|swamp|ambience|with|close|perspective|frog|croaking|and|cricket|chatter|swamp_ambience_night_05_120_loopwav|nature|ambience|soundrangers"
"morph_whoosh_13.wav","Whooshes And Transitions","Soundrangers","https://sonniss.com/sound-effects/whooshes-transitions-2/","/Soundrangers - Whooshes And Transitions/morph_whoosh_13.wav","whoosh|swish|transition|motion|movement|animation|woosh|trailer|movie|swoosh|whooshes|whooshing|morph_whoosh_13wav|whooshes|and|transitions|soundrangers"
"texture_whoosh_02_fast_02.wav","Whooshes And Transitions","Soundrangers","https://sonniss.com/sound-effects/whooshes-transitions-2/","/Soundrangers - Whooshes And Transitions/texture_whoosh_02_fast_02.wav","whoosh|woosh|swish|swoosh|wipe|swipe|transition|motion|movement|animation|cartoon|rollover|roll|over|leaf|leaves|branch|branches|texture_whoosh_02_fast_02wav|whooshes|and|transitions|soundrangers"
"torch_whoosh_20.wav","Whooshes And Transitions","Soundrangers","https://sonniss.com/sound-effects/whooshes-transitions-2/","/Soundrangers - Whooshes And Transitions/torch_whoosh_20.wav","whoosh|swish|transition|motion|movement|animation|cartoon|woosh|trailer|movie|torch|fire|flame|flaming|arrow|torch_whoosh_20wav|whooshes|and|transitions|soundrangers"
"up_down_03.wav","Whooshes And Transitions","Soundrangers","https://sonniss.com/sound-effects/whooshes-transitions-2/","/Soundrangers - Whooshes And Transitions/up_down_03.wav","transition|motion|movement|open|start|slide|pulldown|jump|to|pull|up|slider|animation|cartoon|down|ascending|descending|ascend|descend|running|up_down_03wav|whooshes|and|transitions|soundrangers"
"wind_blustery_08_loop.wav","Wind","Soundrangers","https://sonniss.com/sound-effects/wind/","/Soundrangers - Wind/wind_blustery_08_loop.wav","wind|storm|hurricane|tornado|weather|steady|whistle|blowing|wind_blustery_08_loopwav|wind|soundrangers"
"wind_desert_01_60_loop.wav","Wind","Soundrangers","https://sonniss.com/sound-effects/wind/","/Soundrangers - Wind/wind_desert_01_60_loop.wav","desert|wind|canyon|dry|sand|hollow|wind_desert_01_60_loopwav|wind|soundrangers"
"wind_harsh_mountain_02_30_loop.wav","Wind","Soundrangers","https://sonniss.com/sound-effects/wind/","/Soundrangers - Wind/wind_harsh_mountain_02_30_loop.wav","wind|hurricane|breeze|storm|nature|mountain|moan|wind_harsh_mountain_02_30_loopwav|wind|soundrangers"
"wind_tornado_with_destruction_01.wav","Wind","Soundrangers","https://sonniss.com/sound-effects/wind/","/Soundrangers - Wind/wind_tornado_with_destruction_01.wav","tornado|hurricane|wind|strong|storm|weather|wind_tornado_with_destruction_01wav|wind|soundrangers"
"thunder_clap_04.wav","Thunder","Soundrangers","https://sonniss.com/sound-effects/thunder/","/Soundrangers – Thunder/thunder_clap_04.wav","single|thunder|clap|close|pov|thunder_clap_04wav|thunder|soundrangers"
"thunder_mountainous_big_crack_02.wav","Thunder","Soundrangers","https://sonniss.com/sound-effects/thunder/","/Soundrangers – Thunder/thunder_mountainous_big_crack_02.wav","big|thunder|clap|ripping|through|mountainous|terrain|thunder_mountainous_big_crack_02wav|thunder|soundrangers"
"thunder_mountainous_distant_03.wav","Thunder","Soundrangers","https://sonniss.com/sound-effects/thunder/","/Soundrangers – Thunder/thunder_mountainous_distant_03.wav","distant|thunder|clap|rolling|through|mountainous|terrain|thunder_mountainous_distant_03wav|thunder|soundrangers"
"thunder_strike_03.wav","Thunder","Soundrangers","https://sonniss.com/sound-effects/thunder/","/Soundrangers – Thunder/thunder_strike_03.wav","large|epic|thunder|strike|with|lightning|thunder_strike_03wav|thunder|soundrangers"
"Forest_Spring_Afternoon_CloseToField_MediumToStrongWind_SqueakyTree_Birds_Tit_Amb_Atmo_FuMa.wav","Ambisonic Forest Spring","Soundreorganized","https://sonniss.com/sound-effects/ambisonic-forest-spring/","/Soundreorganized - Ambisonic Forest - Spring/Forest_Spring_Afternoon_CloseToField_MediumToStrongWind_SqueakyTree_Birds_Tit_Amb_Atmo_FuMa.wav","forest|spring|afternoon|closetofield|mediumtostrongwind|squeakytree|birds|tit|amb|atmo|fuma|ambisonic|finnish|countryside|woods|forest_spring_afternoon_closetofield_mediumtostrongwind_squeakytree_birds_tit_amb_atmo_fumawav|ambisonic|forest|spring|soundreorganized"
"Forest_Spring_Afternoon_Snowing_LightWind_SmallTrees_Birch_ActiveBirds_Amb_Atmo_Stereo.wav","Ambisonic Forest Spring","Soundreorganized","https://sonniss.com/sound-effects/ambisonic-forest-spring/","/Soundreorganized - Ambisonic Forest - Spring/Forest_Spring_Afternoon_Snowing_LightWind_SmallTrees_Birch_ActiveBirds_Amb_Atmo_Stereo.wav","forest|spring|afternoon|snowing|lightwind|smalltrees|birch|activebirds|amb|atmo|stereo|finnish|countryside|woods|forest_spring_afternoon_snowing_lightwind_smalltrees_birch_activebirds_amb_atmo_stereowav|ambisonic|forest|spring|soundreorganized"
"Forest_Spring_Evening_CloseToField_OpenArea_LightWind_Birds_Amb_Atmo_FuMa.wav","Ambisonic Forest Spring","Soundreorganized","https://sonniss.com/sound-effects/ambisonic-forest-spring/","/Soundreorganized - Ambisonic Forest - Spring/Forest_Spring_Evening_CloseToField_OpenArea_LightWind_Birds_Amb_Atmo_FuMa.wav","forest|spring|evening|closetofield|openarea|lightwind|birds|amb|atmo|fuma|ambisonic|finnish|countryside|woods|forest_spring_evening_closetofield_openarea_lightwind_birds_amb_atmo_fumawav|ambisonic|forest|spring|soundreorganized"
"Forest_Summer_LightWind_Cuckoo_Bees_BirdsCloseBy_Willowwarbler_Stereo.wav","Ambisonic Forest Summer","Soundreorganized","https://sonniss.com/sound-effects/ambisonic-forest-summer/","/Soundreorganized - Ambisonic Forest - Summer/Forest_Summer_LightWind_Cuckoo_Bees_BirdsCloseBy_Willowwarbler_Stereo.wav","ambisonic|forest|summer|forest_summer_lightwind_cuckoo_bees_birdscloseby_willowwarbler_stereo|forest_summer_lightwind_cuckoo_bees_birdscloseby_willowwarbler_stereowav|ambisonic|forest|summer|soundreorganized"
"Forest_Summer_Morning_ActiveBirds_Woodpecker_Owl_Willowwarbler_AmbiX.wav","Ambisonic Forest Summer","Soundreorganized","https://sonniss.com/sound-effects/ambisonic-forest-summer/","/Soundreorganized - Ambisonic Forest - Summer/Forest_Summer_Morning_ActiveBirds_Woodpecker_Owl_Willowwarbler_AmbiX.wav","ambisonic|forest|summer|forest_summer_morning_activebirds_woodpecker_owl_willowwarbler_ambix|forest_summer_morning_activebirds_woodpecker_owl_willowwarbler_ambixwav|ambisonic|forest|summer|soundreorganized"
"Forest_Summer_Sunrise_NearLake_LightWind_Birds_GreatTit_Swan_Woodpecker_FuMa.wav","Ambisonic Forest Summer","Soundreorganized","https://sonniss.com/sound-effects/ambisonic-forest-summer/","/Soundreorganized - Ambisonic Forest - Summer/Forest_Summer_Sunrise_NearLake_LightWind_Birds_GreatTit_Swan_Woodpecker_FuMa.wav","ambisonic|forest|summer|forest_summer_sunrise_nearlake_lightwind_birds_greattit_swan_woodpecker_fuma|forest_summer_sunrise_nearlake_lightwind_birds_greattit_swan_woodpecker_fumawav|ambisonic|forest|summer|soundreorganized"
"10 FX3352 Mouth Pop 2.wav","50 Flat Design Sound Effects","Sounds Visual","https://sonniss.com/sound-effects/50-flat-design-sound-effects/","/Sounds Visual - 50 Flat Design Sound Effects/10 FX3352 Mouth Pop 2.wav","10|fx3352|mouth|pop|2wav|50|flat|design|sound|effects|sounds|visual"
"22 FX2198 Biro crossing out 2.wav","50 Flat Design Sound Effects","Sounds Visual","https://sonniss.com/sound-effects/50-flat-design-sound-effects/","/Sounds Visual - 50 Flat Design Sound Effects/22 FX2198 Biro crossing out 2.wav","22|fx2198|biro|crossing|out|2wav|50|flat|design|sound|effects|sounds|visual"
"24 FX3325 Cotton Rip.wav","50 Flat Design Sound Effects","Sounds Visual","https://sonniss.com/sound-effects/50-flat-design-sound-effects/","/Sounds Visual - 50 Flat Design Sound Effects/24 FX3325 Cotton Rip.wav","24|fx3325|cotton|ripwav|50|flat|design|sound|effects|sounds|visual"
"33 FX3184 Ascending Harp Glissando.wav","50 Flat Design Sound Effects","Sounds Visual","https://sonniss.com/sound-effects/50-flat-design-sound-effects/","/Sounds Visual - 50 Flat Design Sound Effects/33 FX3184 Ascending Harp Glissando.wav","33|fx3184|ascending|harp|glissandowav|50|flat|design|sound|effects|sounds|visual"
"FX3280 Walking Faster Leaves Foley Foosteps.wav","Footsteps on Leaves","Sounds Visual","https://sonniss.com/sound-effects/footsteps-leaves/","/Sounds Visual - Footsteps on Leaves/FX3280 Walking Faster Leaves Foley Foosteps.wav","fx3280|walking|faster|leaves|foley|foostepswav|footsteps|on|leaves|sounds|visual"
"FX3282 Running Leaves Foley Foosteps.wav","Footsteps on Leaves","Sounds Visual","https://sonniss.com/sound-effects/footsteps-leaves/","/Sounds Visual - Footsteps on Leaves/FX3282 Running Leaves Foley Foosteps.wav","fx3282|running|leaves|foley|foostepswav|footsteps|on|leaves|sounds|visual"
"FX3300 Slow Shuffling 2 Leaves Foley Footsteps.wav","Footsteps on Leaves","Sounds Visual","https://sonniss.com/sound-effects/footsteps-leaves/","/Sounds Visual - Footsteps on Leaves/FX3300 Slow Shuffling 2 Leaves Foley Footsteps.wav","fx3300|slow|shuffling|2|leaves|foley|footstepswav|footsteps|on|leaves|sounds|visual"
"FX3309 Falling Leaf onto ground 1.wav","Footsteps on Leaves","Sounds Visual","https://sonniss.com/sound-effects/footsteps-leaves/","/Sounds Visual - Footsteps on Leaves/FX3309 Falling Leaf onto ground 1.wav","fx3309|falling|leaf|onto|ground|1wav|footsteps|on|leaves|sounds|visual"
"07 Bus ride on board Copyright Sounds Visual Music Ltd.wav","The Sounds of New York City","Sounds Visual","https://sonniss.com/sound-effects/sounds-york-city/","/Sounds Visual - The Sounds of New York City/07 Bus ride on board Copyright Sounds Visual Music Ltd.wav","07|bus|ride|on|board|copyright|sounds|visual|music|ltdwav|the|sounds|of|new|york|city|sounds|visual"
"10 Chopper starting up and taking off Copyright Sounds Visual Music Ltd.wav","The Sounds of New York City","Sounds Visual","https://sonniss.com/sound-effects/sounds-york-city/","/Sounds Visual - The Sounds of New York City/10 Chopper starting up and taking off Copyright Sounds Visual Music Ltd.wav","10|chopper|starting|up|and|taking|off|copyright|sounds|visual|music|ltdwav|the|sounds|of|new|york|city|sounds|visual"
"32 Public Toilets Copyright Sounds Visual Music Ltd.wav","The Sounds of New York City","Sounds Visual","https://sonniss.com/sound-effects/sounds-york-city/","/Sounds Visual - The Sounds of New York City/32 Public Toilets Copyright Sounds Visual Music Ltd.wav","32|public|toilets|copyright|sounds|visual|music|ltdwav|the|sounds|of|new|york|city|sounds|visual"
"34 Wheel nuts being power driven in garage Copyright Sounds Visual Music Ltd.wav","The Sounds of New York City","Sounds Visual","https://sonniss.com/sound-effects/sounds-york-city/","/Sounds Visual - The Sounds of New York City/34 Wheel nuts being power driven in garage Copyright Sounds Visual Music Ltd.wav","34|wheel|nuts|being|power|driven|in|garage|copyright|sounds|visual|music|ltdwav|the|sounds|of|new|york|city|sounds|visual"
"Hand-to-Hand Combat - Body Hits - Body Slam Floor 08.wav","Hand to Hand Combat - Body Hits & Vocal Excursions:","The Chris Alan","https://sonniss.com/sound-effects/hand-to-hand-combat-body-hits-vocal-excursions/","/The Chris Alan - Hand-to-Hand Combat - Body Hits & Vocal Excursions/Hand-to-Hand Combat - Body Hits - Body Slam Floor 08.wav","handtohand|combat|body|hits|slam|floor|08wav|hand|to|hand|combat|-|body|hits|&|vocal|excursions:|the|chris|alan"
"Hand-to-Hand Combat - Body Hits - Deep Punch 02.wav","Hand to Hand Combat - Body Hits & Vocal Excursions:","The Chris Alan","https://sonniss.com/sound-effects/hand-to-hand-combat-body-hits-vocal-excursions/","/The Chris Alan - Hand-to-Hand Combat - Body Hits & Vocal Excursions/Hand-to-Hand Combat - Body Hits - Deep Punch 02.wav","handtohand|combat|body|hits|deep|punch|02wav|hand|to|hand|combat|-|body|hits|&|vocal|excursions:|the|chris|alan"
"Hand-to-Hand Combat - Body Hits - Face Slap Hard 04.wav","Hand to Hand Combat - Body Hits & Vocal Excursions:","The Chris Alan","https://sonniss.com/sound-effects/hand-to-hand-combat-body-hits-vocal-excursions/","/The Chris Alan - Hand-to-Hand Combat - Body Hits & Vocal Excursions/Hand-to-Hand Combat - Body Hits - Face Slap Hard 04.wav","handtohand|combat|body|hits|face|slap|hard|04wav|hand|to|hand|combat|-|body|hits|&|vocal|excursions:|the|chris|alan"
"Hand-to-Hand Combat - Vocal Excursion - Male - Powering Up 14.wav","Hand to Hand Combat - Body Hits & Vocal Excursions:","The Chris Alan","https://sonniss.com/sound-effects/hand-to-hand-combat-body-hits-vocal-excursions/","/The Chris Alan - Hand-to-Hand Combat - Body Hits & Vocal Excursions/Hand-to-Hand Combat - Vocal Excursion - Male - Powering Up 14.wav","handtohand|combat|vocal|excursion|male|powering|up|14wav|hand|to|hand|combat|-|body|hits|&|vocal|excursions:|the|chris|alan"
"Little Fighter Guy - Vocalizations - Crash Bump Fall_01.wav","Little Fighter Guy Vocalizations","The Chris Alan","https://sonniss.com/sound-effects/fighter-guy-vocalizations/","/The Chris Alan - Little Fighter Guy - Vocalizations/Little Fighter Guy - Vocalizations - Crash Bump Fall_01.wav","little|fighter|guy|vocalizations|crash|bump|fall|fall_01wav|little|fighter|guy|vocalizations|the|chris|alan"
"Little Fighter Guy - Vocalizations - Crash Bump Fall_10.wav","Little Fighter Guy Vocalizations","The Chris Alan","https://sonniss.com/sound-effects/fighter-guy-vocalizations/","/The Chris Alan - Little Fighter Guy - Vocalizations/Little Fighter Guy - Vocalizations - Crash Bump Fall_10.wav","little|fighter|guy|vocalizations|crash|bump|fall|fall_10wav|little|fighter|guy|vocalizations|the|chris|alan"
"Little Fighter Guy - Vocalizations - Jump Lift Push_09.wav","Little Fighter Guy Vocalizations","The Chris Alan","https://sonniss.com/sound-effects/fighter-guy-vocalizations/","/The Chris Alan - Little Fighter Guy - Vocalizations/Little Fighter Guy - Vocalizations - Jump Lift Push_09.wav","little|fighter|guy|vocalizations|jump|lift|push|push_09wav|little|fighter|guy|vocalizations|the|chris|alan"
"Little Fighter Guy - Vocalizations - Punch Kick Chop_19.wav","Little Fighter Guy Vocalizations","The Chris Alan","https://sonniss.com/sound-effects/fighter-guy-vocalizations/","/The Chris Alan - Little Fighter Guy - Vocalizations/Little Fighter Guy - Vocalizations - Punch Kick Chop_19.wav","little|fighter|guy|vocalizations|punch|kick|chop|chop_19wav|little|fighter|guy|vocalizations|the|chris|alan"
"BELL TREE UP DOWN ERIE STYLISTIC VARIOUS SPEED LENGTH.wav","Musical Oddities Bells, Whistles, Horns, Percussion and More:","The Chris Alan","https://sonniss.com/sound-effects/musical-oddities-bells-whistles-horns-percussion-more/","/The Chris Alan - Musical Oddities - Bells, Whistles, Horns, Percussion and More/BELL TREE UP DOWN ERIE STYLISTIC VARIOUS SPEED LENGTH.wav","bell|tree|up|down|erie|stylistic|various|speed|length|lengthwav|musical|oddities|bells,|whistles,|horns,|percussion|and|more:|the|chris|alan"
"MODERN LP BELL COWBELL STRAIGHT MUTED STICK HITS.wav","Musical Oddities Bells, Whistles, Horns, Percussion and More:","The Chris Alan","https://sonniss.com/sound-effects/musical-oddities-bells-whistles-horns-percussion-more/","/The Chris Alan - Musical Oddities - Bells, Whistles, Horns, Percussion and More/MODERN LP BELL COWBELL STRAIGHT MUTED STICK HITS.wav","modern|lp|bell|cowbell|straight|muted|stick|hits|hitswav|musical|oddities|bells,|whistles,|horns,|percussion|and|more:|the|chris|alan"
"PERCUSSION GUIRO LP SUPER BIG WOOD BEATER SHORT STRIKES.wav","Musical Oddities Bells, Whistles, Horns, Percussion and More:","The Chris Alan","https://sonniss.com/sound-effects/musical-oddities-bells-whistles-horns-percussion-more/","/The Chris Alan - Musical Oddities - Bells, Whistles, Horns, Percussion and More/PERCUSSION GUIRO LP SUPER BIG WOOD BEATER SHORT STRIKES.wav","percussion|guiro|lp|super|big|wood|beater|short|strikes|strikeswav|musical|oddities|bells,|whistles,|horns,|percussion|and|more:|the|chris|alan"
"WHISTLE SAMABA SINGLE LONG NOTES VARIOUS STRENGTHS LENGTHS 02.wav","Musical Oddities Bells, Whistles, Horns, Percussion and More:","The Chris Alan","https://sonniss.com/sound-effects/musical-oddities-bells-whistles-horns-percussion-more/","/The Chris Alan - Musical Oddities - Bells, Whistles, Horns, Percussion and More/WHISTLE SAMABA SINGLE LONG NOTES VARIOUS STRENGTHS LENGTHS 02.wav","whistle|samaba|single|long|notes|various|strengths|lengths|02|02wav|musical|oddities|bells,|whistles,|horns,|percussion|and|more:|the|chris|alan"
"Personal Water Craft - Sea Doo GTS 130 2015 - On  - Joyriding - Off 01.wav","Jet Ski  Sea Doo:","The Chris Alan","https://sonniss.com/sound-effects/pwc-jet-ski-sea-doo/","/The Chris Alan - PWC - Jet Ski - Sea Doo/Personal Water Craft - Sea Doo GTS 130 2015 - On  - Joyriding - Off 01.wav","personal|water|craft|sea|doo|gts|130|2015|on|joyriding|off|01wav|jet|ski||sea|doo:|the|chris|alan"
"Personal Water Craft - Sea Doo GTS 130 2015 - On - Gradual Rev To Full Speed Gradual Back Down - Off.wav","Jet Ski  Sea Doo:","The Chris Alan","https://sonniss.com/sound-effects/pwc-jet-ski-sea-doo/","/The Chris Alan - PWC - Jet Ski - Sea Doo/Personal Water Craft - Sea Doo GTS 130 2015 - On - Gradual Rev To Full Speed Gradual Back Down - Off.wav","personal|water|craft|sea|doo|gts|130|2015|on|gradual|rev|to|full|speed|back|down|off|offwav|jet|ski||sea|doo:|the|chris|alan"
"Personal Water Craft - Sea Doo GTS 130 2015 - Passby 02.wav","Jet Ski  Sea Doo:","The Chris Alan","https://sonniss.com/sound-effects/pwc-jet-ski-sea-doo/","/The Chris Alan - PWC - Jet Ski - Sea Doo/Personal Water Craft - Sea Doo GTS 130 2015 - Passby 02.wav","personal|water|craft|sea|doo|gts|130|2015|passby|02wav|jet|ski||sea|doo:|the|chris|alan"
"Personal Water Craft - Sea Doo GTS 130 2015 - Passby 06.wav","Jet Ski  Sea Doo:","The Chris Alan","https://sonniss.com/sound-effects/pwc-jet-ski-sea-doo/","/The Chris Alan - PWC - Jet Ski - Sea Doo/Personal Water Craft - Sea Doo GTS 130 2015 - Passby 06.wav","personal|water|craft|sea|doo|gts|130|2015|passby|06|06wav|jet|ski||sea|doo:|the|chris|alan"
"New-Zealand-Auckland-City-02.wav","New Zealand North Island Ambience","The Sound Keeper","https://sonniss.com/sound-effects/zealand-north-island-ambience/","/The Sound Keeper - New Zealand North Island Ambience/New-Zealand-Auckland-City-02.wav","ambience|new|zealand|auckland|city|air|distant|newzealandaucklandcity02wav|new|zealand|north|island|ambience|the|sound|keeper"
"New-Zealand-Great-Barrier-Island-forest-02.wav","New Zealand North Island Ambience","The Sound Keeper","https://sonniss.com/sound-effects/zealand-north-island-ambience/","/The Sound Keeper - New Zealand North Island Ambience/New-Zealand-Great-Barrier-Island-forest-02.wav","ambience|new|zealand|great|barrier|island|forest|wind|air|birds|newzealandgreatbarrierislandforest02wav|new|zealand|north|island|ambience|the|sound|keeper"
"New-Zealand-Manawatu-gorge-stream-02.wav","New Zealand North Island Ambience","The Sound Keeper","https://sonniss.com/sound-effects/zealand-north-island-ambience/","/The Sound Keeper - New Zealand North Island Ambience/New-Zealand-Manawatu-gorge-stream-02.wav","ambience|new|zealand|manawatu|gorge|stream|splash|small|water|brook|newzealandmanawatugorgestream02wav|new|zealand|north|island|ambience|the|sound|keeper"
"New-Zealand-Waitomo-birds-rain.wav","New Zealand North Island Ambience","The Sound Keeper","https://sonniss.com/sound-effects/zealand-north-island-ambience/","/The Sound Keeper - New Zealand North Island Ambience/New-Zealand-Waitomo-birds-rain.wav","ambience|new|zealand|waitomo|birds|light|rain|sprinkling|crickets|bugs|newzealandwaitomobirdsrainwav|new|zealand|north|island|ambience|the|sound|keeper"
"sm-fire-cotton-02-8040.wav","Small Fire","The Sound Keeper","https://sonniss.com/sound-effects/small-fire/","/The Sound Keeper - Small Fire/sm-fire-cotton-02-8040.wav","small|fire|burn|flames|candle|lighter|cotton|smfirecotton028040wav|small|fire|the|sound|keeper"
"sm-fire-firewood-small-03-DPAmono.wav","Small Fire","The Sound Keeper","https://sonniss.com/sound-effects/small-fire/","/The Sound Keeper - Small Fire/sm-fire-firewood-small-03-DPAmono.wav","small|fire|burn|flames|wood|firewood|crackling|mono|smfirefirewoodsmall03dpamonowav|small|fire|the|sound|keeper"
"5905 - Drop Ballpoint Pen On Concrete 03.wav","Dropping Things","The Sound Pack Tree","https://sonniss.com/sound-effects/dropping/","/The Sound Pack Tree - Dropping Things/5905 - Drop Ballpoint Pen On Concrete 03.wav","5905|something|object|small|item|article|little|drop|dropping|falling|impact|loose|down|falls|dump|fall|pen|ballpoint|pencil|crayon|marker|ball|concrete|floor|ground|surface|earth|hard|stone|exterior|drop|ballpoint|pen|on|concrete|03wav|dropping|things|the|sound|pack|tree"
"5970 - Drop Cardboard Box On Thick Carpet 01.wav","Dropping Things","The Sound Pack Tree","https://sonniss.com/sound-effects/dropping/","/The Sound Pack Tree - Dropping Things/5970 - Drop Cardboard Box On Thick Carpet 01.wav","5970|something|object|small|item|article|little|drop|dropping|falling|impact|loose|down|falls|dump|fall|cardboard|box|package|paper|paperboard|carton|carpet|thick|carpeting|rug|floor|ground|surface|soft|interior|drop|cardboard|box|on|thick|carpet|01wav|dropping|things|the|sound|pack|tree"
"6074 - Drop Remote Control On Tiles 01.wav","Dropping Things","The Sound Pack Tree","https://sonniss.com/sound-effects/dropping/","/The Sound Pack Tree - Dropping Things/6074 - Drop Remote Control On Tiles 01.wav","6074|something|object|small|item|article|little|drop|dropping|falling|impact|loose|down|falls|dump|fall|remote|control|plastic|box|phone|tv|tiles|floor|ground|surface|earth|interior|bathroom|kitchen|stone|drop|remote|control|on|tiles|01wav|dropping|things|the|sound|pack|tree"
"6159 - Drop Smartphone On Concrete 02.wav","Dropping Things","The Sound Pack Tree","https://sonniss.com/sound-effects/dropping/","/The Sound Pack Tree - Dropping Things/6159 - Drop Smartphone On Concrete 02.wav","6159|something|object|small|item|article|little|drop|dropping|falling|impact|loose|down|falls|dump|fall|smartphone|mobile|cell|phone|tablet|device|concrete|floor|ground|surface|earth|hard|stone|exterior|drop|smartphone|on|concrete|02wav|dropping|things|the|sound|pack|tree"
"1707 - Footsteps - Flip-Flops - 140 fpm - Loop.wav","Footstep Loops","The Sound Pack Tree","https://sonniss.com/sound-effects/footstep-loops/","/The Sound Pack Tree - Footstep Loops/1707 - Footsteps - Flip-Flops - 140 fpm - Loop.wav","1707|fast|run|plastic|slippers|adilette|flipflops|sandals|shuffle|scuffle|indoor|outdoor|walking|steps|footsteps|shoes|going|running|fpm|feet|jogging|loop|seamless|pace|surface|clothes|trousers|pants|walk|bpm|footsteps|flipflops|140|loopwav|footstep|loops|the|sound|pack|tree"
"1806 - Footsteps - Sneakers on Carpet - 90 fpm - Loop.wav","Footstep Loops","The Sound Pack Tree","https://sonniss.com/sound-effects/footstep-loops/","/The Sound Pack Tree - Footstep Loops/1806 - Footsteps - Sneakers on Carpet - 90 fpm - Loop.wav","1806|medium|speedy|sneakers|trainers|carpet|tennis|carpeted|shuffle|scuffle|indoor|walking|steps|footsteps|shoes|going|running|fpm|feet|jogging|loop|seamless|pace|surface|clothes|trousers|pants|walk|bpm|footsteps|sneakers|on|carpet|90|loopwav|footstep|loops|the|sound|pack|tree"
"1845 - Footsteps - Metal Stairs - Up - 110 fpm - Loop.wav","Footstep Loops","The Sound Pack Tree","https://sonniss.com/sound-effects/footstep-loops/","/The Sound Pack Tree - Footstep Loops/1845 - Footsteps - Metal Stairs - Up - 110 fpm - Loop.wav","1845|medium|speedy|metal|stairs|grate|up|staircase|stairway|ascend|go|climb|outdoor|walking|steps|footsteps|shoes|going|running|fpm|feet|upstairs|loop|seamless|pace|surface|clothes|trousers|pants|walk|bpm|footsteps|metal|stairs|up|110|loopwav|footstep|loops|the|sound|pack|tree"
"1879 - Footsteps - Wooden Stairs - Down - 80 fpm - Loop.wav","Footstep Loops","The Sound Pack Tree","https://sonniss.com/sound-effects/footstep-loops/","/The Sound Pack Tree - Footstep Loops/1879 - Footsteps - Wooden Stairs - Down - 80 fpm - Loop.wav","1879|slow|stride|wooden|stairs|down|staircase|stairway|descend|go|indoor|walking|steps|footsteps|shoes|going|running|fpm|feet|downstairs|loop|seamless|pace|surface|clothes|trousers|pants|walk|bpm|footsteps|wooden|stairs|down|80|loopwav|footstep|loops|the|sound|pack|tree"
"1621 - Dissonant Surges - Endless Falling Loop.wav","Shepard Ambiences","The Sound Pack Tree","https://sonniss.com/sound-effects/shepard-ambiences/","/The Sound Pack Tree - Shepard Ambiences/1621 - Dissonant Surges - Endless Falling Loop.wav","1621|shepard|tone|endlessly|pitch|falling|descending|infinite|drop|down|slow|decreasing|elevator|lift|ambience|abstract|futuristic|ambiance|scifi|background|atmosphere|dimension|mysterious|stop|magic|dissonant|odd|surges|wormhole|dissonant|surges|endless|falling|loopwav|shepard|ambiences|the|sound|pack|tree"
"1651 - Intergalactic Tension - Endless Falling Loop.wav","Shepard Ambiences","The Sound Pack Tree","https://sonniss.com/sound-effects/shepard-ambiences/","/The Sound Pack Tree - Shepard Ambiences/1651 - Intergalactic Tension - Endless Falling Loop.wav","1651|shepard|tone|endlessly|pitch|falling|descending|infinite|drop|down|slow|decreasing|elevator|lift|ambience|abstract|futuristic|ambiance|scifi|background|atmosphere|dimension|mysterious|stop|intergalactic|tension|digital|electric|space|intergalactic|tension|endless|falling|loopwav|shepard|ambiences|the|sound|pack|tree"
"1672 - Tonal Elevator - Endless Rising Loop.wav","Shepard Ambiences","The Sound Pack Tree","https://sonniss.com/sound-effects/shepard-ambiences/","/The Sound Pack Tree - Shepard Ambiences/1672 - Tonal Elevator - Endless Rising Loop.wav","1672|shepard|tone|endlessly|pitch|rising|rise|ascending|infinite|build|up|increasing|elevator|lift|ambience|abstract|futuristic|ambiance|scifi|background|atmosphere|dimension|mysterious|start|accelerate|tonal|heaven|wholesome|drone|dream|tonal|elevator|endless|rising|loopwav|shepard|ambiences|the|sound|pack|tree"
"1693 - Wobbling Waves- Endless Falling Loop.wav","Shepard Ambiences","The Sound Pack Tree","https://sonniss.com/sound-effects/shepard-ambiences/","/The Sound Pack Tree - Shepard Ambiences/1693 - Wobbling Waves- Endless Falling Loop.wav","1693|shepard|tone|endlessly|pitch|falling|descending|infinite|drop|down|slow|decreasing|elevator|lift|ambience|abstract|futuristic|ambiance|scifi|background|atmosphere|dimension|mysterious|stop|wobbling|waves|vibrations|soft|dream|wobbling|waves|endless|falling|loopwav|shepard|ambiences|the|sound|pack|tree"
"1071 - Dimension Glitches Ambience 02 - Loop.wav","Unreal Ambiences","The Sound Pack Tree","https://sonniss.com/sound-effects/unreal-ambiences/","/The Sound Pack Tree - Unreal Ambiences/1071 - Dimension Glitches Ambience 02 - Loop.wav","1071|glitches|ambience|third|forth|wormhole|space|mystical|odd|strange|different|fantasy|scifi|error|digital|transmission|radio|communication|message|corrupt|defect|failure|bug|background|ambiance|atmosphere|dimension|surroundings|vibe|setting|dimension|glitches|ambience|02|loopwav|unreal|ambiences|the|sound|pack|tree"
"1115 - Chaotic Sci-Fi Noise - Loop.wav","Unreal Ambiences","The Sound Pack Tree","https://sonniss.com/sound-effects/unreal-ambiences/","/The Sound Pack Tree - Unreal Ambiences/1115 - Chaotic Sci-Fi Noise - Loop.wav","1115|awful|bearing|beyond|chaotic|confusion|cyborg|derangement|disorder|fiction|future|futuristic|havoc|loud|maths|mess|noise|noisy|odd|painful|pandemonium|robot|scifi|science|space|terrible|time|unbearable|universe|visionary|yell|chaotic|scifi|noise|loopwav|unreal|ambiences|the|sound|pack|tree"
"1117 - Dark Pulse Ambience - Loop.wav","Unreal Ambiences","The Sound Pack Tree","https://sonniss.com/sound-effects/unreal-ambiences/","/The Sound Pack Tree - Unreal Ambiences/1117 - Dark Pulse Ambience - Loop.wav","1117|ambiance|ambience|atmosphere|background|base|basis|beat|black|constant|continuous|core|dark|darkness|deep|dimension|engine|enigma|evil|gloomy|impulse|low|obscure|power|pulse|running|setting|shadow|steady|surroundings|vibe|dark|pulse|ambience|loopwav|unreal|ambiences|the|sound|pack|tree"
"1146 - Washy Whistle Ambience - Loop.wav","Unreal Ambiences","The Sound Pack Tree","https://sonniss.com/sound-effects/unreal-ambiences/","/The Sound Pack Tree - Unreal Ambiences/1146 - Washy Whistle Ambience - Loop.wav","1146|ambiance|ambience|atmosphere|background|base|basis|dimension|disappear|dissolve|environment|float|flow|flush|liberation|lustration|setting|splash|surroundings|vibe|wash|washy|wave|whistle|washy|whistle|ambience|loopwav|unreal|ambiences|the|sound|pack|tree"
"Cloth 29.wav","Cloths & Sponges Foley","TheWorkRoom Audio Post","https://sonniss.com/sound-effects/cloths-sponges-foley/","/TheWorkRoom Audio Post - Cloths & Sponges Foley/Cloth 29.wav","wet|cloth|wipe|smooth|metal|tray|slow|back|&|forth|29wav|cloths|&|sponges|foley|theworkroom|audio|post"
"Cloth 61.wav","Cloths & Sponges Foley","TheWorkRoom Audio Post","https://sonniss.com/sound-effects/cloths-sponges-foley/","/TheWorkRoom Audio Post - Cloths & Sponges Foley/Cloth 61.wav","wet|cloth|open|wipe|glass|slow|singles|61wav|cloths|&|sponges|foley|theworkroom|audio|post"
"Sponge 05.wav","Cloths & Sponges Foley","TheWorkRoom Audio Post","https://sonniss.com/sound-effects/cloths-sponges-foley/","/TheWorkRoom Audio Post - Cloths & Sponges Foley/Sponge 05.wav","wet|sponge|rough|side|wipe|metal|tray|slow|circles|05wav|cloths|&|sponges|foley|theworkroom|audio|post"
"Sponge 26.wav","Cloths & Sponges Foley","TheWorkRoom Audio Post","https://sonniss.com/sound-effects/cloths-sponges-foley/","/TheWorkRoom Audio Post - Cloths & Sponges Foley/Sponge 26.wav","squeeze|wet|sponge|into|empty|steel|sink|26wav|cloths|&|sponges|foley|theworkroom|audio|post"
"Siren_M 16.wav","South African Sirens","TheWorkRoom Audio Post","https://sonniss.com/sound-effects/south-african-sirens/","/TheWorkRoom Audio Post - South African Sirens/Siren_M 16.wav","sa|emergency|services|siren|yelp|distant|between|2|buildings|siren_m|16wav|south|african|sirens|theworkroom|audio|post"
"Siren_ST 03.wav","South African Sirens","TheWorkRoom Audio Post","https://sonniss.com/sound-effects/south-african-sirens/","/TheWorkRoom Audio Post - South African Sirens/Siren_ST 03.wav","sa|emergency|services|siren|piercer|close|siren_st|03wav|south|african|sirens|theworkroom|audio|post"
"Siren_ST 10.wav","South African Sirens","TheWorkRoom Audio Post","https://sonniss.com/sound-effects/south-african-sirens/","/TheWorkRoom Audio Post - South African Sirens/Siren_ST 10.wav","sa|emergency|services|siren|combination|medium|siren_st|10wav|south|african|sirens|theworkroom|audio|post"
"Siren_ST 17.wav","South African Sirens","TheWorkRoom Audio Post","https://sonniss.com/sound-effects/south-african-sirens/","/TheWorkRoom Audio Post - South African Sirens/Siren_ST 17.wav","sa|emergency|services|siren|blip|distant|between|2|buildings|siren_st|17wav|south|african|sirens|theworkroom|audio|post"
"Vuvu_M 01.wav","Vuvuzela","TheWorkRoom Audio Post","https://sonniss.com/sound-effects/vuvuzela/","/TheWorkRoom Audio Post - Vuvuzela/Vuvu_M 01.wav","vuvuzela|blow|long|close|blast|vuvu_m|01wav|theworkroom|audio|post"
"Vuvu_M 22.wav","Vuvuzela","TheWorkRoom Audio Post","https://sonniss.com/sound-effects/vuvuzela/","/TheWorkRoom Audio Post - Vuvuzela/Vuvu_M 22.wav","vuvuzela|blow|short|fluctuating|blasts|distant|vuvu_m|22wav|theworkroom|audio|post"
"Vuvu_ST 03.wav","Vuvuzela","TheWorkRoom Audio Post","https://sonniss.com/sound-effects/vuvuzela/","/TheWorkRoom Audio Post - Vuvuzela/Vuvu_ST 03.wav","vuvuzela|blow|short|fast|repetitions|distant|vuvu_st|03wav|theworkroom|audio|post"
"Vuvu_ST 11.wav","Vuvuzela","TheWorkRoom Audio Post","https://sonniss.com/sound-effects/vuvuzela/","/TheWorkRoom Audio Post - Vuvuzela/Vuvu_ST 11.wav","vuvuzela|blow|short|fast|trills|distant|wall|reflections|x|3|vuvu_st|11wav|theworkroom|audio|post"
"Blind_TM 02.wav","Curtains & Blinds:","TheWorkRoom Audio Post","https://sonniss.com/sound-effects/curtains-blinds/","/TheWorkRoom Audio Post – Curtains & Blinds/Blind_TM 02.wav","thin|metal|blinds|slats|closed|up|&|down|slow|x|7|blind_tm|02wav|curtains|&|blinds:|theworkroom|audio|post"
"Blind_WM 05.wav","Curtains & Blinds:","TheWorkRoom Audio Post","https://sonniss.com/sound-effects/curtains-blinds/","/TheWorkRoom Audio Post – Curtains & Blinds/Blind_WM 05.wav","thick|metal|blind|down|to|latch|fast|x|4|blind_wm|05wav|curtains|&|blinds:|theworkroom|audio|post"
"Curtains_M_P 03.wav","Curtains & Blinds:","TheWorkRoom Audio Post","https://sonniss.com/sound-effects/curtains-blinds/","/TheWorkRoom Audio Post – Curtains & Blinds/Curtains_M_P 03.wav","light|curtain|on|metal|pole|with|plastic|eyelets|open|&|close|staggered|fast|x|8|curtains_m_p|03wav|curtains|&|blinds:|theworkroom|audio|post"
"Curtains_SM_M 03.wav","Curtains & Blinds:","TheWorkRoom Audio Post","https://sonniss.com/sound-effects/curtains-blinds/","/TheWorkRoom Audio Post – Curtains & Blinds/Curtains_SM_M 03.wav","thick|curtain|on|metal|pole|with|eyelets|open|&|close|staggered|fast|x|4|curtains_sm_m|03wav|curtains|&|blinds:|theworkroom|audio|post"
"TM_GLITCH UI_Clicks dry_11.wav","Glitch UI","Tone Manufacture","https://sonniss.com/sound-effects/glitch-ui/","/Tone Manufacture - Glitch UI/TM_GLITCH UI_Clicks dry_11.wav","ui|user|interface|hud|computer|button|switch|menu|navigation|keyboard|keypad|tablet|smart|phone|telemetry|modern|click|tap|tm_glitch|ui_clicks|dry_11wav|glitch|ui|tone|manufacture"
"TM_GLITCH UI_CPGN wet_06.wav","Glitch UI","Tone Manufacture","https://sonniss.com/sound-effects/glitch-ui/","/Tone Manufacture - Glitch UI/TM_GLITCH UI_CPGN wet_06.wav","ui|user|interface|hud|computer|button|switch|menu|navigation|telemetry|scifi|science|fiction|futuristic|modern|click|tap|transition|swipe|dissolve|echo|delay|tm_glitch|ui_cpgn|wet_06wav|glitch|ui|tone|manufacture"
"TM_GLITCH UI_Glitches dry_53.wav","Glitch UI","Tone Manufacture","https://sonniss.com/sound-effects/glitch-ui/","/Tone Manufacture - Glitch UI/TM_GLITCH UI_Glitches dry_53.wav","ui|user|interface|hud|computer|button|switch|menu|navigation|telemetry|scifi|science|fiction|futuristic|retro|click|tap|malfunction|accept|confirm|send|tm_glitch|ui_glitches|dry_53wav|glitch|ui|tone|manufacture"
"TM_GLITCH UI_Pops dry_25.wav","Glitch UI","Tone Manufacture","https://sonniss.com/sound-effects/glitch-ui/","/Tone Manufacture - Glitch UI/TM_GLITCH UI_Pops dry_25.wav","ui|user|interface|hud|computer|button|switch|menu|navigation|keyboard|keypad|tablet|smart|phone|telemetry|modern|click|tap|tm_glitch|ui_pops|dry_25wav|glitch|ui|tone|manufacture"
"TM_MTDOORS_Door, plastic, close perspective, slow.wav","MicroTone Doors","Tone Manufacture","https://sonniss.com/sound-effects/microtone-doors/","/Tone Manufacture - MicroTone Doors/TM_MTDOORS_Door, plastic, close perspective, slow.wav","door|front|modern|new|plastic|close|perspective|interior|soft|slow|shut|x|11|tm_mtdoors_door|slowwav|microtone|doors|tone|manufacture"
"TM_MTDOORS_Door, wood, close perspective, side angle, medium.wav","MicroTone Doors","Tone Manufacture","https://sonniss.com/sound-effects/microtone-doors/","/Tone Manufacture - MicroTone Doors/TM_MTDOORS_Door, wood, close perspective, side angle, medium.wav","door|internal|bedroom|bathroom|wood|spring|lock|metal|click|close|hinge|perspective|interior|medium|speed|shut|x|14|tm_mtdoors_door|side|angle|mediumwav|microtone|doors|tone|manufacture"
"TM_MTFILCAB_Filing cabinet, metal, close, slow open and shut, bottom.wav","MicroTone Filing Cabinets","Tone Manufacture","https://sonniss.com/sound-effects/microtone-filing-cabinets/","/Tone Manufacture - MicroTone Filing Cabinets/TM_MTFILCAB_Filing cabinet, metal, close, slow open and shut, bottom.wav","door|bottom|drawer|filing|cabinet|metal|close|perspective|slow|speed|open|and|shut|x|4|tm_mtfilcab_filing|bottomwav|microtone|filing|cabinets|tone|manufacture"
"TM_MTFILCAB_Filing cabinet, wood, close, fast open and shut, bottom.wav","MicroTone Filing Cabinets","Tone Manufacture","https://sonniss.com/sound-effects/microtone-filing-cabinets/","/Tone Manufacture - MicroTone Filing Cabinets/TM_MTFILCAB_Filing cabinet, wood, close, fast open and shut, bottom.wav","door|bottom|drawer|filing|cabinet|wood|close|perspective|fast|speed|open|and|shut|x|6|tm_mtfilcab_filing|bottomwav|microtone|filing|cabinets|tone|manufacture"
"Wind, Backyard, Whirling, Strong. Rushing, Metal Fence Creaking 02.wav","Town Winds","toneglowlibraries","https://sonniss.com/sound-effects/town-winds/","/toneglowlibraries - Town Winds/Wind, Backyard, Whirling, Strong. Rushing, Metal Fence Creaking 02.wav","strong|wind|whirling|around|a|backyard|strong|gusts|creaking|metal|fence|wind|backyard|whirling|rushing|metal|fence|creaking|02wav|town|winds|toneglowlibraries"
"Wind, School, Choppy, Strong, Wet, Flagpole, Clatter, Whipping, Trees.wav","Town Winds","toneglowlibraries","https://sonniss.com/sound-effects/town-winds/","/toneglowlibraries - Town Winds/Wind, School, Choppy, Strong, Wet, Flagpole, Clatter, Whipping, Trees.wav","flagpole|whipping|in|the|wind|mast|clacking|rhythmically|occasionally|light|shower|of|rain|wind|school|choppy|strong|wet|clatter|whipping|treeswav|town|winds|toneglowlibraries"
"Wind, Street, Rushing, Strong, Wet, Trees, Whoosh, Dead leaves, Metal Clatter.wav","Town Winds","toneglowlibraries","https://sonniss.com/sound-effects/town-winds/","/toneglowlibraries - Town Winds/Wind, Street, Rushing, Strong, Wet, Trees, Whoosh, Dead leaves, Metal Clatter.wav","rushing|wind|through|street|strong|gusts|in|trees|dead|leaves|flying|past|metal|clatter|light|shower|of|rain|some|birds|wind|street|wet|trees|whoosh|metal|clatterwav|town|winds|toneglowlibraries"
"Wind, Truck Tarpaulin, Choppy, Fluttering, Construction Site.wav","Town Winds","toneglowlibraries","https://sonniss.com/sound-effects/town-winds/","/toneglowlibraries - Town Winds/Wind, Truck Tarpaulin, Choppy, Fluttering, Construction Site.wav","truck|tarpaulin|fluttering|in|the|wind|heavy|through|trees|background|at|a|construction|site|wind|tarpaulin|choppy|fluttering|construction|sitewav|town|winds|toneglowlibraries"
"Coal Mine, Headframe, Hoistroom, Container, Loading.wav","Coal Mining:","toneglowlibraries","https://sonniss.com/sound-effects/coal-mining/","/toneglowlibraries – Coal Mining/Coal Mine, Headframe, Hoistroom, Container, Loading.wav","headframe|hoistroom|(space|at|the|top|of|a|mine|shaft)|containers|are|moved|from|hoisting|cage|to|chain|conveyor|coal|mine|hoistroom|container|loadingwav|coal|mining:|toneglowlibraries"
"Coal Mine, Mine Shaft, Bottom Level, Room Tone, Tone, Hum.wav","Coal Mining:","toneglowlibraries","https://sonniss.com/sound-effects/coal-mining/","/toneglowlibraries – Coal Mining/Coal Mine, Mine Shaft, Bottom Level, Room Tone, Tone, Hum.wav","mine|shaft|bottom|level|room|tone|light|electrical|hum|mid|freq|elevator|clatter|distant|signal|some|voices|coal|shaft|bottom|level|room|tone|humwav|coal|mining:|toneglowlibraries"
"Surface Mine, Bucket-Wheel Excavator, Superstructure, Rumble, Squeak, Rattle, Perspective 2.wav","Coal Mining:","toneglowlibraries","https://sonniss.com/sound-effects/coal-mining/","/toneglowlibraries – Coal Mining/Surface Mine, Bucket-Wheel Excavator, Superstructure, Rumble, Squeak, Rattle, Perspective 2.wav","brown|coal|dredging|with|bucketwheel|excavator|rumbling|squeaking|and|rattling|perspective|2|shotgun|surface|mine|bucketwheel|excavator|superstructure|rumble|squeak|rattle|2wav|coal|mining:|toneglowlibraries"
"Surface Mine, Distant 03, Bucket-Wheel Excavator, Whistle, Diffuse, Lookout.wav","Coal Mining:","toneglowlibraries","https://sonniss.com/sound-effects/coal-mining/","/toneglowlibraries – Coal Mining/Surface Mine, Distant 03, Bucket-Wheel Excavator, Whistle, Diffuse, Lookout.wav","brown|coal|dredging|with|bucketwheel|excavator|whistling|general|atmosphere|taken|from|lookout|point|surface|mine|distant|03|bucketwheel|excavator|whistle|diffuse|lookoutwav|coal|mining:|toneglowlibraries"
"BG_SouthAfrica_Kruger_Olifants_1030am_small_pond_a.wav","SOUTH AFRICAN CRICKETS","Tonschliff","https://sonniss.com/sound-effects/south-african-crickets/","/Tonschliff - SOUTH AFRICAN CRICKETS/BG_SouthAfrica_Kruger_Olifants_1030am_small_pond_a.wav","south|africa|kruger|park|october|2013|small|pond|early|morning|crickets|birds|insects|bg_southafrica_kruger_olifants_1030am_small_pond_awav|south|african|crickets|tonschliff"
"BG_SouthAfrica_Wetland_Park_Kosi_Forest_Lodge_Night.wav","SOUTH AFRICAN CRICKETS","Tonschliff","https://sonniss.com/sound-effects/south-african-crickets/","/Tonschliff - SOUTH AFRICAN CRICKETS/BG_SouthAfrica_Wetland_Park_Kosi_Forest_Lodge_Night.wav","south|africa|wetland|kosi|forest|lodge|october|2013|crickets|night|medium|wind|bg_southafrica_wetland_park_kosi_forest_lodge_nightwav|south|african|crickets|tonschliff"
"BG_Swaziland_Mkhaya_Jungle_2pm_c.wav","SOUTH AFRICAN CRICKETS","Tonschliff","https://sonniss.com/sound-effects/south-african-crickets/","/Tonschliff - SOUTH AFRICAN CRICKETS/BG_Swaziland_Mkhaya_Jungle_2pm_c.wav","swaziland|mkhaya|small|jungle|october|2013|crickets|afternoon|2pm|birds|bg_swaziland_mkhaya_jungle_2pm_cwav|south|african|crickets|tonschliff"
"BG_Swaziland_Mkhaya_Jungle_Night_Rain_a.wav","SOUTH AFRICAN CRICKETS","Tonschliff","https://sonniss.com/sound-effects/south-african-crickets/","/Tonschliff - SOUTH AFRICAN CRICKETS/BG_Swaziland_Mkhaya_Jungle_Night_Rain_a.wav","swaziland|mkhaya|small|jungle|october|2013|crickets|night|medium|rain|against|leaves|and|roof|bg_swaziland_mkhaya_jungle_night_rain_awav|south|african|crickets|tonschliff"
"BR_Glitch _18.wav","Digital Glitch","Total Khéops","https://sonniss.com/sound-effects/digital-glitch/","/Total Khéops - Digital Glitch/BR_Glitch _18.wav","br_glitch|_18wav|digital|glitch|total|khéops"
"BR_Glitch _37.wav","Digital Glitch","Total Khéops","https://sonniss.com/sound-effects/digital-glitch/","/Total Khéops - Digital Glitch/BR_Glitch _37.wav","br_glitch|_37wav|digital|glitch|total|khéops"
"BR_Glitched Loop_43.wav","Digital Glitch","Total Khéops","https://sonniss.com/sound-effects/digital-glitch/","/Total Khéops - Digital Glitch/BR_Glitched Loop_43.wav","br_glitched|loop_43wav|digital|glitch|total|khéops"
"BR_Harshy_16.wav","Digital Glitch","Total Khéops","https://sonniss.com/sound-effects/digital-glitch/","/Total Khéops - Digital Glitch/BR_Harshy_16.wav","br_harshy_16wav|digital|glitch|total|khéops"
"Body,BigComfyChair,Stand,Cloth.wav","The Cabin Audio Playset","UberDuo","https://sonniss.com/sound-effects/cabin-audio-playset/","/UberDuo - The Cabin Audio Playset/Body,BigComfyChair,Stand,Cloth.wav","body|big|comfy|chair|stand|cloth|bigcomfychair|clothwav|the|cabin|audio|playset|uberduo"
"Door,SlidingGlass,Open.wav","The Cabin Audio Playset","UberDuo","https://sonniss.com/sound-effects/cabin-audio-playset/","/UberDuo - The Cabin Audio Playset/Door,SlidingGlass,Open.wav","door|sliding|glass|open|slidingglass|openwav|the|cabin|audio|playset|uberduo"
"FireCracklingInAWoodstove.wav","The Cabin Audio Playset","UberDuo","https://sonniss.com/sound-effects/cabin-audio-playset/","/UberDuo - The Cabin Audio Playset/FireCracklingInAWoodstove.wav","fire|crackling|in|a|woodstove|firecracklinginawoodstovewav|the|cabin|audio|playset|uberduo"
"Switch,ElectricalPanelBreaker,On.wav","The Cabin Audio Playset","UberDuo","https://sonniss.com/sound-effects/cabin-audio-playset/","/UberDuo - The Cabin Audio Playset/Switch,ElectricalPanelBreaker,On.wav","switch|electrical|panel|breaker|on|electricalpanelbreaker|onwav|the|cabin|audio|playset|uberduo"
"Coffee, Beans, Add To Hopper, Drop To Floor.wav","The Home Barista","UberDuo","https://sonniss.com/sound-effects/home-barista/","/UberDuo - The Home Barista/Coffee, Beans, Add To Hopper, Drop To Floor.wav","coffee|beans|add|to|hopper|drop|floor|floorwav|the|home|barista|uberduo"
"Coffee, filter, remove from plastic bag.wav","The Home Barista","UberDuo","https://sonniss.com/sound-effects/home-barista/","/UberDuo - The Home Barista/Coffee, filter, remove from plastic bag.wav","coffee|filter|remove|from|plastic|bag|bagwav|the|home|barista|uberduo"
"Coffee, Grinder, Knob, Turn, Click X3.wav","The Home Barista","UberDuo","https://sonniss.com/sound-effects/home-barista/","/UberDuo - The Home Barista/Coffee, Grinder, Knob, Turn, Click X3.wav","coffee|grinder|knob|turn|click|x3|x3wav|the|home|barista|uberduo"
"Hot Water, Pour, Cup.wav","The Home Barista","UberDuo","https://sonniss.com/sound-effects/home-barista/","/UberDuo - The Home Barista/Hot Water, Pour, Cup.wav","hot|water|pour|cup|cupwav|the|home|barista|uberduo"
"Door,Cupboard,Large,Open.wav","The Kitchen Audio Play Set:","UberDuo","https://sonniss.com/sound-effects/kitchen-audio-play-set/","/UberDuo – The Kitchen Audio Play Set/Door,Cupboard,Large,Open.wav","door|cupboard|large|open|openwav|the|kitchen|audio|play|set:|uberduo"
"Egg, Carton, Open, Take Egg, Close, Set Aside.Wav","The Kitchen Audio Play Set:","UberDuo","https://sonniss.com/sound-effects/kitchen-audio-play-set/","/UberDuo – The Kitchen Audio Play Set/Egg, Carton, Open, Take Egg, Close, Set Aside.Wav","egg|carton|open|take|close|set|aside|asidewav|the|kitchen|audio|play|set:|uberduo"
"Salt Grinder, Turn.Wav","The Kitchen Audio Play Set:","UberDuo","https://sonniss.com/sound-effects/kitchen-audio-play-set/","/UberDuo – The Kitchen Audio Play Set/Salt Grinder, Turn.Wav","salt|grinder|turn|turnwav|the|kitchen|audio|play|set:|uberduo"
"Toast, Butter, Spread,  Knife.Wav","The Kitchen Audio Play Set:","UberDuo","https://sonniss.com/sound-effects/kitchen-audio-play-set/","/UberDuo – The Kitchen Audio Play Set/Toast, Butter, Spread,  Knife.Wav","toast|butter|spread|knife|knifewav|the|kitchen|audio|play|set:|uberduo"
"EXT_Day_Beach_Boardwalk_BikePath_ConstantSeaGulls_BicycleBys_PedestrianSlowBys_MediumToDistantPerformanceCrowd_DistantMusicSporadically_FuMa.wav","The Beach","VSCRL FX","https://sonniss.com/sound-effects/beach/","/VSCRL FX - The Beach/EXT_Day_Beach_Boardwalk_BikePath_ConstantSeaGulls_BicycleBys_PedestrianSlowBys_MediumToDistantPerformanceCrowd_DistantMusicSporadically_FuMa.wav","ext|day|beach|boardwalk|bikepath|constantseagulls|bicyclebys|pedestrianslowbys|mediumtodistantperformancecrowd|distantmusicsporadically|fuma|ext_day_beach_boardwalk_bikepath_constantseagulls_bicyclebys_pedestrianslowbys_mediumtodistantperformancecrowd_distantmusicsporadically_fumawav|the|beach|vscrl|fx"
"EXT_Day_Beach_MediumWaves_DistinctVoices_FrisbeePlaying_HelicopterBy_WalkingOnSand_MediumToDistantWaves_LifeguardTruckBy_7.1.wav","The Beach","VSCRL FX","https://sonniss.com/sound-effects/beach/","/VSCRL FX - The Beach/EXT_Day_Beach_MediumWaves_DistinctVoices_FrisbeePlaying_HelicopterBy_WalkingOnSand_MediumToDistantWaves_LifeguardTruckBy_7.1.wav","ext|day|beach|mediumwaves|distinctvoices|frisbeeplaying|helicopterby|walkingonsand|mediumtodistantwaves|lifeguardtruckby|71|ext_day_beach_mediumwaves_distinctvoices_frisbeeplaying_helicopterby_walkingonsand_mediumtodistantwaves_lifeguardtruckby_71wav|the|beach|vscrl|fx"
"EXT_Day_Beach_SteadyOceanWaves_IntheWash_Close_NoPeople_AmbiX.wav","The Beach","VSCRL FX","https://sonniss.com/sound-effects/beach/","/VSCRL FX - The Beach/EXT_Day_Beach_SteadyOceanWaves_IntheWash_Close_NoPeople_AmbiX.wav","ext|day|beach|steadyoceanwaves|inthewash|close|nopeople|ambix|ext_day_beach_steadyoceanwaves_inthewash_close_nopeople_ambixwav|the|beach|vscrl|fx"
"EXT_Day_Beach_SteadyOceanWavesOnRocks_WaterLapping_Close_NoPeople_Stereo.wav","The Beach","VSCRL FX","https://sonniss.com/sound-effects/beach/","/VSCRL FX - The Beach/EXT_Day_Beach_SteadyOceanWavesOnRocks_WaterLapping_Close_NoPeople_Stereo.wav","ext|day|beach|steadyoceanwavesonrocks|waterlapping|close|nopeople|stereo|ext_day_beach_steadyoceanwavesonrocks_waterlapping_close_nopeople_stereowav|the|beach|vscrl|fx"
"EXT_Day_CityPark_DistinctTennisLessonVoices_CloseTennis_Birds_DistantBasketball_DistantTraffic_DistantConstruciton_7.1.wav","The Park","VSCRL FX","https://sonniss.com/sound-effects/park/","/VSCRL FX - The Park/EXT_Day_CityPark_DistinctTennisLessonVoices_CloseTennis_Birds_DistantBasketball_DistantTraffic_DistantConstruciton_7.1.wav","ext|day|city|park|distinct|tennis|lesson|voices|close|birds|distant|basketball|traffic|construction|71|ext_day_citypark_distincttennislessonvoices_closetennis_birds_distantbasketball_distanttraffic_distantconstruciton_71wav|the|park|vscrl|fx"
"EXT_Day_Park_DistantLittleLeague_DistantBaseball_Cheering_MotorcycleBy_LightWind_DistantWalla_DistinctVoices_AmbiX.wav","The Park","VSCRL FX","https://sonniss.com/sound-effects/park/","/VSCRL FX - The Park/EXT_Day_Park_DistantLittleLeague_DistantBaseball_Cheering_MotorcycleBy_LightWind_DistantWalla_DistinctVoices_AmbiX.wav","ext|day|park|distant|little|league|game|baseball|light|wind|walla|cheering|motorcycle|by|voices|ambix|ext_day_park_distantlittleleague_distantbaseball_cheering_motorcycleby_lightwind_distantwalla_distinctvoices_ambixwav|the|park|vscrl|fx"
"EXT_Day_Park_EmptyPlayground_DistantTraffic_Siren_HeavyBirds_FuMa.wav","The Park","VSCRL FX","https://sonniss.com/sound-effects/park/","/VSCRL FX - The Park/EXT_Day_Park_EmptyPlayground_DistantTraffic_Siren_HeavyBirds_FuMa.wav","ext|day|park|empty|playground|distant|traffic|siren|heavy|birds|fuma|ext_day_park_emptyplayground_distanttraffic_siren_heavybirds_fumawav|the|park|vscrl|fx"
"EXT_Day_Skatepark_VeryLittleTalking_SkateboardBys_SporaticTricks_Stereo.wav","The Park","VSCRL FX","https://sonniss.com/sound-effects/park/","/VSCRL FX - The Park/EXT_Day_Skatepark_VeryLittleTalking_SkateboardBys_SporaticTricks_Stereo.wav","ext|day|skatepark|very|little|talking|skateboard|bys|sporadic|tricks|stereo|ext_day_skatepark_verylittletalking_skateboardbys_sporatictricks_stereowav|the|park|vscrl|fx"
"EXT_Day_Open_Tunnel_LightTraffic_Carbys_MachineHum_7.1.wav","The Road","VSCRL FX","https://sonniss.com/sound-effects/road/","/VSCRL FX - The Road/EXT_Day_Open_Tunnel_LightTraffic_Carbys_MachineHum_7.1.wav","ext|day|open|tunnel|light|traffic|carbys|machine|hum|71|ext_day_open_tunnel_lighttraffic_carbys_machinehum_71wav|the|road|vscrl|fx"
"EXT_Day_Road_QuietResidentialStreet_CarBys_SlowSpeed_LightBirdChirping_AmbiX.wav","The Road","VSCRL FX","https://sonniss.com/sound-effects/road/","/VSCRL FX - The Road/EXT_Day_Road_QuietResidentialStreet_CarBys_SlowSpeed_LightBirdChirping_AmbiX.wav","ext|day|road|quiet|residential|street|car|bys|slow|speed|light|bird|chirping|ambix|ext_day_road_quietresidentialstreet_carbys_slowspeed_lightbirdchirping_ambixwav|the|road|vscrl|fx"
"EXT_Sunset_Distant_City_Traffic_Rooftop_Light_Machine_Hum_Birds_Stereo.wav","The Road","VSCRL FX","https://sonniss.com/sound-effects/road/","/VSCRL FX - The Road/EXT_Sunset_Distant_City_Traffic_Rooftop_Light_Machine_Hum_Birds_Stereo.wav","ext|sunset|distant|city|traffic|rooftop|light|machine|hum|birds|stereo|ext_sunset_distant_city_traffic_rooftop_light_machine_hum_birds_stereowav|the|road|vscrl|fx"
"INT_EXT_Day_Tunnel_Long_Reverberant_Carbys_MediumSpeed_Horns_LightPedestrian_Stereo.wav","The Road","VSCRL FX","https://sonniss.com/sound-effects/road/","/VSCRL FX - The Road/INT_EXT_Day_Tunnel_Long_Reverberant_Carbys_MediumSpeed_Horns_LightPedestrian_Stereo.wav","int|ext|day|tunnel|long|reverberant|carbys|medium|speed|horns|light|pedestrian|stereo|int_ext_day_tunnel_long_reverberant_carbys_mediumspeed_horns_lightpedestrian_stereowav|the|road|vscrl|fx"
"EXT_Day_Snow_Hill_FastSledBys_Walla_Laughter_Playing_AmbiX.wav","The Snow","VSCRL FX","https://sonniss.com/sound-effects/snow/","/VSCRL FX - The Snow/EXT_Day_Snow_Hill_FastSledBys_Walla_Laughter_Playing_AmbiX.wav","ext|day|snow|hill|fastsledbys|walla|laughter|playing|ambix|ext_day_snow_hill_fastsledbys_walla_laughter_playing_ambixwav|the|snow|vscrl|fx"
"EXT_Day_Snow_SkiLiftEntrance_ChairliftHumClose_SporadicDistinctVoices_7.1.wav","The Snow","VSCRL FX","https://sonniss.com/sound-effects/snow/","/VSCRL FX - The Snow/EXT_Day_Snow_SkiLiftEntrance_ChairliftHumClose_SporadicDistinctVoices_7.1.wav","ext|day|snow|skiliftentrance|chairlifthumclose|sporadicdistinctvoices|71|ext_day_snow_skiliftentrance_chairlifthumclose_sporadicdistinctvoices_71wav|the|snow|vscrl|fx"
"EXT_Day_Snow_SkiSlope_MidSlope_MediumToCloseSkiAndSnowboardBys_MediumSpeed_HeavyWalla_5.1.wav","The Snow","VSCRL FX","https://sonniss.com/sound-effects/snow/","/VSCRL FX - The Snow/EXT_Day_Snow_SkiSlope_MidSlope_MediumToCloseSkiAndSnowboardBys_MediumSpeed_HeavyWalla_5.1.wav","ext|day|snow|skislope|midslope|mediumtocloseskiandsnowboardbys|mediumspeed|heavywalla|51|ext_day_snow_skislope_midslope_mediumtocloseskiandsnowboardbys_mediumspeed_heavywalla_51wav|the|snow|vscrl|fx"
"EXT_Sunset_Mountain_DistantHighway_DistantRiver_SteadyWind_Stereo.wav","The Snow","VSCRL FX","https://sonniss.com/sound-effects/snow/","/VSCRL FX - The Snow/EXT_Sunset_Mountain_DistantHighway_DistantRiver_SteadyWind_Stereo.wav","ext|sunset|mountain|distanthighway|distantriver|steadywind|stereo|ext_sunset_mountain_distanthighway_distantriver_steadywind_stereowav|the|snow|vscrl|fx"
"Ambience-Scifi-Alien-02.wav","Ambience SciFi","Wakerone","https://sonniss.com/sound-effects/ambience-sci-fi/","/Wakerone - Ambience Sci-Fi/Ambience-Scifi-Alien-02.wav","sproject=ambience|scifi|vol1wakeronesnote=alien|spaceship|ufo|cabin|loopeable|ambiencescifialien02wav|ambience|scifi|wakerone"
"Ambience-Scifi-Circuits.wav","Ambience SciFi","Wakerone","https://sonniss.com/sound-effects/ambience-sci-fi/","/Wakerone - Ambience Sci-Fi/Ambience-Scifi-Circuits.wav","sproject=ambience|scifi|vol1wakeronesnote=electronic|noise|fan|background|reverb|loopeable|ambiencescificircuitswav|ambience|scifi|wakerone"
"Ambience-Scifi-Machine-03.wav","Ambience SciFi","Wakerone","https://sonniss.com/sound-effects/ambience-sci-fi/","/Wakerone - Ambience Sci-Fi/Ambience-Scifi-Machine-03.wav","sproject=ambience|scifi|vol1wakeronesnote=spaceship|room|electric|loopeable|ambiencescifimachine03wav|ambience|scifi|wakerone"
"Ambience-Scifi-Wind-03.wav","Ambience SciFi","Wakerone","https://sonniss.com/sound-effects/ambience-sci-fi/","/Wakerone - Ambience Sci-Fi/Ambience-Scifi-Wind-03.wav","sproject=ambience|scifi|vol1wakeronesnote=dark|wind|background|loopeable|ambiencescifiwind03wav|ambience|scifi|wakerone"
"2 Roaller Coaster Ambience - Crowd.wav","Amusement Park Ambience","Wakerone","https://sonniss.com/sound-effects/amusement-park-ambience/","/Wakerone - Amusement Park Ambience/2 Roaller Coaster Ambience - Crowd.wav","2|roaller|coaster|ambience|crowdwav|amusement|park|ambience|wakerone"
"8 Roller Coaster Idle - Crowd.wav","Amusement Park Ambience","Wakerone","https://sonniss.com/sound-effects/amusement-park-ambience/","/Wakerone - Amusement Park Ambience/8 Roller Coaster Idle - Crowd.wav","8|roller|coaster|idle|crowdwav|amusement|park|ambience|wakerone"
"15-Electric Arc-Transformer-Static.wav","Electric Deluxe","Wakerone","https://sonniss.com/sound-effects/electric-deluxe/","/Wakerone - Electric Deluxe/15-Electric Arc-Transformer-Static.wav","electric|deluxe|library|vol|1|wakerone|sfx|15electric|arctransformerstaticwav|electric|deluxe"
"30-Electric-Ground-Woosh-Flow.wav","Electric Deluxe","Wakerone","https://sonniss.com/sound-effects/electric-deluxe/","/Wakerone - Electric Deluxe/30-Electric-Ground-Woosh-Flow.wav","electric|deluxe|library|vol|1|wakerone|sfx|30electricgroundwooshflowwav|electric|deluxe"
"53-Ground-Electric-Arc-Machine2.wav","Electric Deluxe","Wakerone","https://sonniss.com/sound-effects/electric-deluxe/","/Wakerone - Electric Deluxe/53-Ground-Electric-Arc-Machine2.wav","electric|deluxe|library|vol|1|wakerone|sfx|53groundelectricarcmachine2wav|electric|deluxe"
"70-Welding-Electric-Micro1.wav","Electric Deluxe","Wakerone","https://sonniss.com/sound-effects/electric-deluxe/","/Wakerone - Electric Deluxe/70-Welding-Electric-Micro1.wav","electric|deluxe|library|vol|1|wakerone|sfx|70weldingelectricmicro1wav|electric|deluxe"
"6 Traffic Cars Rush Hour Bus Walla.wav","Traffic X Buenos Aires","Wakerone","https://sonniss.com/sound-effects/trafficx-buenos-aires/","/Wakerone - Traffic X Buenos Aires/6 Traffic Cars Rush Hour Bus Walla.wav","6|traffic|cars|rush|hour|bus|wallawav|traffic|x|buenos|aires|wakerone"
"31 Traffic Heavy Bus Protest.wav","Traffic X Buenos Aires","Wakerone","https://sonniss.com/sound-effects/trafficx-buenos-aires/","/Wakerone - Traffic X Buenos Aires/31 Traffic Heavy Bus Protest.wav","31|traffic|heavy|bus|protestwav|traffic|x|buenos|aires|wakerone"
"45 Subway Station Train .wav","Traffic X Buenos Aires","Wakerone","https://sonniss.com/sound-effects/trafficx-buenos-aires/","/Wakerone - Traffic X Buenos Aires/45 Subway Station Train .wav","45|subway|station|train|wav|traffic|x|buenos|aires|wakerone"
"63 Train Subway Starting.wav","Traffic X Buenos Aires","Wakerone","https://sonniss.com/sound-effects/trafficx-buenos-aires/","/Wakerone - Traffic X Buenos Aires/63 Train Subway Starting.wav","63|train|subway|startingwav|traffic|x|buenos|aires|wakerone"
"3 Fast Hit Trailer - Dry.wav","Trailer Pack","Wakerone","https://sonniss.com/sound-effects/trailer-pack/","/Wakerone - Trailer Pack/3 Fast Hit Trailer - Dry.wav","3|fast|hit|trailer|drywav|trailer|pack|wakerone"
"6 Big Metal Hit .wav","Trailer Pack","Wakerone","https://sonniss.com/sound-effects/trailer-pack/","/Wakerone - Trailer Pack/6 Big Metal Hit .wav","6|big|metal|hit|wav|trailer|pack|wakerone"
"12 Hit Broken Circuit- Dry.wav","Trailer Pack","Wakerone","https://sonniss.com/sound-effects/trailer-pack/","/Wakerone - Trailer Pack/12 Hit Broken Circuit- Dry.wav","12|hit|broken|circuit|drywav|trailer|pack|wakerone"
"20 Drone.wav","Trailer Pack","Wakerone","https://sonniss.com/sound-effects/trailer-pack/","/Wakerone - Trailer Pack/20 Drone.wav","20|dronewav|trailer|pack|wakerone"
"BR AK47 Burst With Tail.wav","Battle Rifles & Pistols","Watson Wu","https://sonniss.com/sound-effects/battle-rifles-pistols/","/Watson Wu - Battle Rifles & Pistols/BR AK47 Burst With Tail.wav","br|ak47|burst|with|tail|tailwav|battle|rifles|&|pistols|watson|wu"
"BR XM8 Auto Distant Exterior.wav","Battle Rifles & Pistols","Watson Wu","https://sonniss.com/sound-effects/battle-rifles-pistols/","/Watson Wu - Battle Rifles & Pistols/BR XM8 Auto Distant Exterior.wav","br|xm8|auto|distant|exterior|exteriorwav|battle|rifles|&|pistols|watson|wu"
"Casing 50BMG Dirt.wav","Battle Rifles & Pistols","Watson Wu","https://sonniss.com/sound-effects/battle-rifles-pistols/","/Watson Wu - Battle Rifles & Pistols/Casing 50BMG Dirt.wav","casing|50bmg|dirt|dirtwav|battle|rifles|&|pistols|watson|wu"
"SMG MP7A1 Auto Tail Extra.wav","Battle Rifles & Pistols","Watson Wu","https://sonniss.com/sound-effects/battle-rifles-pistols/","/Watson Wu - Battle Rifles & Pistols/SMG MP7A1 Auto Tail Extra.wav","mg|mp7a1|auto|tail|extra|smg|extrawav|battle|rifles|&|pistols|watson|wu"
"BTF 06 Tribal_05_Bells, Dance, People, Crowd, Ambience_05.wav","Balkan Tribal Festival","West Wolf","https://sonniss.com/sound-effects/balkan-tribal-festival/","/West Wolf - Balkan Tribal Festival/BTF 06 Tribal_05_Bells, Dance, People, Crowd, Ambience_05.wav","sproject=balkan|tribal|festivalstake=5strk1=lstrk2=rsnote=balkan|tribal|festival|bells|drums|dance|people|crowd|ambience|bulgaria|eastern|europe|stereo|xy|btf|06|tribal_05_bells|dance|people|crowd|ambience_05wav|balkan|tribal|festival|west|wolf"
"BTF 06 Tribal_25_Bells, Dance, People, Crowd,General, Ambience_01.wav","Balkan Tribal Festival","West Wolf","https://sonniss.com/sound-effects/balkan-tribal-festival/","/West Wolf - Balkan Tribal Festival/BTF 06 Tribal_25_Bells, Dance, People, Crowd,General, Ambience_01.wav","sproject=balkan|tribal|festivalstake=25strk1=lstrk2=rsnote=balkan|tribal|festival|bells|drums|dance|people|crowd|general|ambience|bulgaria|eastern|europe|stereo|xy|btf|06|tribal_25_bells|dance|people|crowd|general|ambience_01wav|balkan|tribal|festival|west|wolf"
"CT_07_Carpenter_Tool_Small_Circular Saw_Sawing_XY_(192_24).wav","Carpenter's Tools","West Wolf","https://sonniss.com/sound-effects/carpenters-tools/","/West Wolf - Carpenter's Tools/CT_07_Carpenter_Tool_Small_Circular Saw_Sawing_XY_(192_24).wav","carpenter|tool||||small|circular|saw|start|working|with|wooden|piece|and|stop|neumann|km184|xy|ct_07_carpenter_tool_small_circular|saw_sawing_xy_(192_24)wav|carpenter's|tools|west|wolf"
"CT_13_Carpenter_Tool_Table Planer_Machine_Planing_Wood_XY_(192_24).wav","Carpenter's Tools","West Wolf","https://sonniss.com/sound-effects/carpenters-tools/","/West Wolf - Carpenter's Tools/CT_13_Carpenter_Tool_Table Planer_Machine_Planing_Wood_XY_(192_24).wav","carpenter|tool||||table|planer|machine|start|working|with|wooden|piece|and|stop|neumann|km184|xy|ct_13_carpenter_tool_table|planer_machine_planing_wood_xy_(192_24)wav|carpenter's|tools|west|wolf"
"CT_36_Carpenter_Tool_Smirgell_Vibrations_XY_(192_24).wav","Carpenter's Tools","West Wolf","https://sonniss.com/sound-effects/carpenters-tools/","/West Wolf - Carpenter's Tools/CT_36_Carpenter_Tool_Smirgell_Vibrations_XY_(192_24).wav","carpenter|tool||||smirgell|start|working|with|vibrations|and|stop|neumann|km184|xy|ct_36_carpenter_tool_smirgell_vibrations_xy_(192_24)wav|carpenter's|tools|west|wolf"
"CT_48_Carpenter_Tool_Sandpaper_Sanding_Strong Pressure_XY_(192_24).wav","Carpenter's Tools","West Wolf","https://sonniss.com/sound-effects/carpenters-tools/","/West Wolf - Carpenter's Tools/CT_48_Carpenter_Tool_Sandpaper_Sanding_Strong Pressure_XY_(192_24).wav","carpenter|tool||||sandpaper|working|with|wooden|piece|strong|pressure|neumann|km184|xy|ct_48_carpenter_tool_sandpaper_sanding_strong|pressure_xy_(192_24)wav|carpenter's|tools|west|wolf"
"NC_34_Night_City_Street_Pavement_Single Car Passing By_ORTF_(96_24).wav","Night Cityscapes","West Wolf","https://sonniss.com/sound-effects/night-cityscapes/","/West Wolf - Night Cityscapes/NC_34_Night_City_Street_Pavement_Single Car Passing By_ORTF_(96_24).wav","night|street|ambience|quiet|single|car|passing|by|city|hum|nc_34_night_city_street_pavement_single|car|passing|by_ortf_(96_24)wav|night|cityscapes|west|wolf"
"NC_45_Night_City_Early Morning_Birds_Empty_Street_Distant_Traffic_ORTF_(96_24).wav","Night Cityscapes","West Wolf","https://sonniss.com/sound-effects/night-cityscapes/","/West Wolf - Night Cityscapes/NC_45_Night_City_Early Morning_Birds_Empty_Street_Distant_Traffic_ORTF_(96_24).wav","early|morning|quiet|street|distant|traffic|birds|singing|nc_45_night_city_early|morning_birds_empty_street_distant_traffic_ortf_(96_24)wav|night|cityscapes|west|wolf"
"NC_63_Night_City_Big Street_Light Traffic_Hum_ORTF_(96_24).wav","Night Cityscapes","West Wolf","https://sonniss.com/sound-effects/night-cityscapes/","/West Wolf - Night Cityscapes/NC_63_Night_City_Big Street_Light Traffic_Hum_ORTF_(96_24).wav","night|cityscape|far|dogs|barking|few|cars|passing|by|in|the|background|nc_63_night_city_big|street_light|traffic_hum_ortf_(96_24)wav|night|cityscapes|west|wolf"
"NC_65_Night_City_Industrial_Street_Num_Buzz_Car Passing By_ORTF_(96_24).wav","Night Cityscapes","West Wolf","https://sonniss.com/sound-effects/night-cityscapes/","/West Wolf - Night Cityscapes/NC_65_Night_City_Industrial_Street_Num_Buzz_Car Passing By_ORTF_(96_24).wav","night|industrial|cityscape|buzz|from|electricity|two|cars|passing|by|sound|comming|truck|nc_65_night_city_industrial_street_num_buzz_car|passing|by_ortf_(96_24)wav|night|cityscapes|west|wolf"
"RA_06_Restaurant_Dinner_Int_Walla_Crowd_50-75 People_Germany_Zoom H4.wav","Restaurant Ambiences","West Wolf","https://sonniss.com/sound-effects/restaurant-ambiences/","/West Wolf - Restaurant Ambiences/RA_06_Restaurant_Dinner_Int_Walla_Crowd_50-75 People_Germany_Zoom H4.wav","sfx|ra_06_restaurant_dinner_int_walla_crowd_5075|people_germany_zoom|h4wav|restaurant|ambiences|west|wolf"
"RA_17_Catering_Walla_Int_Exhibition_20-30 People_Bulgaria_Zoom H6.wav","Restaurant Ambiences","West Wolf","https://sonniss.com/sound-effects/restaurant-ambiences/","/West Wolf - Restaurant Ambiences/RA_17_Catering_Walla_Int_Exhibition_20-30 People_Bulgaria_Zoom H6.wav","sfx|ra_17_catering_walla_int_exhibition_2030|people_bulgaria_zoom|h6wav|restaurant|ambiences|west|wolf"
"RA_29_Restaurant_Kitchen_Lunch_Working_Ambience_Zoom H4.wav","Restaurant Ambiences","West Wolf","https://sonniss.com/sound-effects/restaurant-ambiences/","/West Wolf - Restaurant Ambiences/RA_29_Restaurant_Kitchen_Lunch_Working_Ambience_Zoom H4.wav","restaurant|kitchen|ambience||||working|people|preparing|for|lunch|ra_29_restaurant_kitchen_lunch_working_ambience_zoom|h4wav|restaurant|ambiences|west|wolf"
"RA_40_Restaurant_Bar_Night_Fridges_Empty_Room Tone_Neumann KM184 ORTF.wav","Restaurant Ambiences","West Wolf","https://sonniss.com/sound-effects/restaurant-ambiences/","/West Wolf - Restaurant Ambiences/RA_40_Restaurant_Bar_Night_Fridges_Empty_Room Tone_Neumann KM184 ORTF.wav","restaurant|or|bar||||night|ambience|empty|room|tone|ra_40_restaurant_bar_night_fridges_empty_room|tone_neumann|km184|ortfwav|restaurant|ambiences|west|wolf"