"FILENAME","LIBRARY","SUPPLIER","URL","DOWNLOAD","TAGS"
"guitar_ac_fx_006.wav","Ac Guitar FX","3maze","https://sonniss.com/sound-effects/ac-guitar-fx/","/3maze - Ac Guitar FX/guitar_ac_fx_006.wav","snote=guitar|acoustic|fx|effect|incidental|strings|wood|noise|metal|instrument|guitar_ac_fx_006wav|ac guitar fx|3maze"
"guitar_ac_hit_009.wav","Ac Guitar FX","3maze","https://sonniss.com/sound-effects/ac-guitar-fx/","/3maze - Ac Guitar FX/guitar_ac_hit_009.wav","snote=guitar|acoustic|fx|effect|incidental|strings|wood|noise|metal|instrument|hit|impact|guitar_ac_hit_009wav|ac guitar fx|3maze"
"guitar_ac_hit_processed_007.wav","Ac Guitar FX","3maze","https://sonniss.com/sound-effects/ac-guitar-fx/","/3maze - Ac Guitar FX/guitar_ac_hit_processed_007.wav","snote=guitar|acoustic|fx|effect|incidental|strings|wood|noise|metal|instrument|processed|sound|design|effected|impact|hit|shot|guitar_ac_hit_processed_007wav|ac guitar fx|3maze"
"guitar_ac_swell_processed_012.wav","Ac Guitar FX","3maze","https://sonniss.com/sound-effects/ac-guitar-fx/","/3maze - Ac Guitar FX/guitar_ac_swell_processed_012.wav","snote=guitar|acoustic|fx|effect|incidental|strings|wood|noise|metal|instrument|processed|sound|design|effected|swell|rise|riser|transition|guitar_ac_swell_processed_012wav|ac guitar fx|3maze"
"alert_gen_echo_011.wav","App FX","3maze","https://sonniss.com/sound-effects/app-fx/","/3maze - App FX/alert_gen_echo_011.wav","snote=alarm|synth|alert|pulse|sound|design|designed|notification|app|mobile|bright|echo|processed|notify|alert_gen_echo_011wav|app fx|3maze"
"button_002.wav","App FX","3maze","https://sonniss.com/sound-effects/app-fx/","/3maze - App FX/button_002.wav","snote=button|click|on|off|snap|foley|push|activate|switch|button_002wav|app fx|3maze"
"message_send_009.wav","App FX","3maze","https://sonniss.com/sound-effects/app-fx/","/3maze - App FX/message_send_009.wav","snote=message|messenger|mobile|alert|notification|notify|tone|email|send|message_send_009wav|app fx|3maze"
"perc_alert_005.wav","App FX","3maze","https://sonniss.com/sound-effects/app-fx/","/3maze - App FX/perc_alert_005.wav","snote=percussion|alert|notify|notification|app|mobile|game|sfx|tone|tones|perc_alert_005wav|app fx|3maze"
"box_crush_005.wav","Box Abuse II","3maze","https://sonniss.com/sound-effects/box-abuse-ii/","/3maze - Box Abuse II/box_crush_005.wav","snote=box|cardboard|material|crush|flatten|destroy|destruction|ruin|flat|box_crush_005wav|box abuse ii|3maze"
"box_handling_005.wav","Box Abuse II","3maze","https://sonniss.com/sound-effects/box-abuse-ii/","/3maze - Box Abuse II/box_handling_005.wav","snote=box|cardboard|material|hands|movement|moving|handling|touch|touching|box_handling_005wav|box abuse ii|3maze"
"box_rip_006.wav","Box Abuse II","3maze","https://sonniss.com/sound-effects/box-abuse-ii/","/3maze - Box Abuse II/box_rip_006.wav","snote=box|cardboard|material|damage|ruin|rip|tear|tore|ripping|tearing|box_rip_006wav|box abuse ii|3maze"
"box_saw_003.wav","Box Abuse II","3maze","https://sonniss.com/sound-effects/box-abuse-ii/","/3maze - Box Abuse II/box_saw_003.wav","snote=box|cardboard|material|damage|ruin|saw|sawing|cut|cutting|box_saw_003wav|box abuse ii|3maze"
"door_big_close_001.wav","Doors","3maze","https://sonniss.com/sound-effects/doors/","/3maze - Doors/door_big_close_001.wav","snote=door|close|shut|home|domestic|household|house|room|door_big_close_001wav|doors|3maze"
"door_lock_007.wav","Doors","3maze","https://sonniss.com/sound-effects/doors/","/3maze - Doors/door_lock_007.wav","snote=door|lock|mechanism|close|shut|home|domestic|household|house|room|door_lock_007wav|doors|3maze"
"microwave_door_open_001.wav","Doors","3maze","https://sonniss.com/sound-effects/doors/","/3maze - Doors/microwave_door_open_001.wav","snote=door|appliance|microwave|open|home|domestic|household|house|kitchen|microwave_door_open_001wav|doors|3maze"
"small_fridge_open_001.wav","Doors","3maze","https://sonniss.com/sound-effects/doors/","/3maze - Doors/small_fridge_open_001.wav","snote=fridge|door|kitchen|house|home|domestic|bottles|close|small_fridge_open_001wav|doors|3maze"
"bass_bed_heavy_001.wav","DRONEA","3maze","https://sonniss.com/sound-effects/dronea/","/3maze - DRONEA/bass_bed_heavy_001.wav","snote=bass|bed|drone|heavy|dark|texture|sfx|sub|low|pad|ambience|designed|bass_bed_heavy_001wav|dronea|3maze"
"dark_space_017.wav","DRONEA","3maze","https://sonniss.com/sound-effects/dronea/","/3maze - DRONEA/dark_space_017.wav","snote=drone|scifi|sound|design|designed|sfx|texture|ambience|ambient|bed|alien|ufo|space|spacecraft|spaceship|slow|moving|dark_space_017wav|dronea|3maze"
"mod_drone_007.wav","DRONEA","3maze","https://sonniss.com/sound-effects/dronea/","/3maze - DRONEA/mod_drone_007.wav","snote=drone|pad|layer|texture|bed|ambient|atmosphere|designed|sound|design|synth|modular|mod_drone_007wav|dronea|3maze"
"rumble_f_001.wav","DRONEA","3maze","https://sonniss.com/sound-effects/dronea/","/3maze - DRONEA/rumble_f_001.wav","snote=rumble|bed|texture|rattle|low|atmosphere|ambient|sfx|designed|drone|rumble_f_001wav|dronea|3maze"
"motor_long_006.wav","Electric Motors","3maze","https://sonniss.com/sound-effects/electric-motors/","/3maze - Electric Motors/motor_long_006.wav","snote=motor|engine|electrical|electric|movement|motor_long_006wav|electric motors|3maze"
"motor_med_011.wav","Electric Motors","3maze","https://sonniss.com/sound-effects/electric-motors/","/3maze - Electric Motors/motor_med_011.wav","snote=motor|engine|electrical|electric|movement|motor_med_011wav|electric motors|3maze"
"rotator_motor_005.wav","Electric Motors","3maze","https://sonniss.com/sound-effects/electric-motors/","/3maze - Electric Motors/rotator_motor_005.wav","snote=motor|electric|hum|buzz|electrical|appliance|noise|rotator|rotate|spin|turn|rotator_motor_005wav|electric motors|3maze"
"rotator_motor_012.wav","Electric Motors","3maze","https://sonniss.com/sound-effects/electric-motors/","/3maze - Electric Motors/rotator_motor_012.wav","snote=motor|electric|hum|buzz|electrical|appliance|noise|rotator|rotate|spin|turn|rotator_motor_012wav|electric motors|3maze"
"rain_heavy_001.wav","EXT","3maze","https://sonniss.com/sound-effects/ext/","/3maze - EXT/rain_heavy_001.wav","snote=weather|rain|water|drops|storm|nature|ambience|ext|external|rain_heavy_001wav|ext|3maze"
"square_city_busy_brussels_004.wav","EXT","3maze","https://sonniss.com/sound-effects/ext/","/3maze - EXT/square_city_busy_brussels_004.wav","snote=urban|environment|city|brussels|belgium|ambience|square|neighbourhood|traffic|people|busy|cars|bus|car|ext|exterior|square_city_busy_brussels_004wav|ext|3maze"
"square_town_quiet_madrid_001.wav","EXT","3maze","https://sonniss.com/sound-effects/ext/","/3maze - EXT/square_town_quiet_madrid_001.wav","snote=urban|environment|city|madrid|spain|europe|ambience|square|neighbourhood|traffic|people|quiet|cars|car|ext|exterior|square_town_quiet_madrid_001wav|ext|3maze"
"waves_port_edge_malta_001.wav","EXT","3maze","https://sonniss.com/sound-effects/ext/","/3maze - EXT/waves_port_edge_malta_001.wav","snote=ext|exterior|malta|europe|waves|water|current|port|harbour|harbor|sea|coast|waves_port_edge_malta_001wav|ext|3maze"
"glass_bottle_smash_005.wav","FINAL IMPACT","3maze","https://sonniss.com/sound-effects/final-impact/","/3maze - FINAL IMPACT/glass_bottle_smash_005.wav","snote=glass|bottle|destruct|break|smash|hit|shatter|glass_bottle_smash_005wav|final impact|3maze"
"layered_material_hit_035.wav","FINAL IMPACT","3maze","https://sonniss.com/sound-effects/final-impact/","/3maze - FINAL IMPACT/layered_material_hit_035.wav","snote=impact|hit|designed|sound|design|complex|multi|layers|layered|material|mixed|layered_material_hit_035wav|final impact|3maze"
"metal_hit_004.wav","FINAL IMPACT","3maze","https://sonniss.com/sound-effects/final-impact/","/3maze - FINAL IMPACT/metal_hit_004.wav","snote=impact|hit|designed|sound|design|metal|iron|steel|layered|mixed|metal_hit_004wav|final impact|3maze"
"toon_hit_022.wav","FINAL IMPACT","3maze","https://sonniss.com/sound-effects/final-impact/","/3maze - FINAL IMPACT/toon_hit_022.wav","snote=impact|hit|designed|sound|design|smash|animated|animation|super|real|toon|toon_hit_022wav|final impact|3maze"
"digi_hit_008.wav","IMPACTUS","3maze","https://sonniss.com/sound-effects/impactus/","/3maze - IMPACTUS/digi_hit_008.wav","sfilename=digi_hit_008wavstrk1=|strk2=|snote=noise|hit|impact|digital|glitch|scifi|effect|sfx|sound|machine|crash|digi_hit_008wav|impactus|3maze"
"key_hit_single_bulbul_011.wav","IMPACTUS","3maze","https://sonniss.com/sound-effects/impactus/","/3maze - IMPACTUS/key_hit_single_bulbul_011.wav","snote=bul|bul|tarang|indian|instrument|hit|shot|impact|vibrate|disturb|metal|strings|wood|note|musical|music|key|ring|key_hit_single_bulbul_011wav|impactus|3maze"
"mixed_impact_013.wav","IMPACTUS","3maze","https://sonniss.com/sound-effects/impactus/","/3maze - IMPACTUS/mixed_impact_013.wav","snote=impact|metal|metallic|hit|shot|crash|hard|heavy|smash|sfx|mixed|layered|multi|mixed_impact_013wav|impactus|3maze"
"shatter_ice_001.wav","IMPACTUS","3maze","https://sonniss.com/sound-effects/impactus/","/3maze - IMPACTUS/shatter_ice_001.wav","snote=ice|shatter|debris|destroy|smash|falling|particles|pieces|shards|shatter_ice_001wav|impactus|3maze"
"carpark_underground_003.wav","INT","3maze","https://sonniss.com/sound-effects/int/","/3maze - INT/carpark_underground_003.wav","snote=carpark|int|interior|ambience|cars|auto|automobile|automobiles|parking|lot|underground|structure|carpark_underground_003wav|int|3maze"
"cathederal_belgium_001.wav","INT","3maze","https://sonniss.com/sound-effects/int/","/3maze - INT/cathederal_belgium_001.wav","snote=int|interior|cathederal|ambience|religion|religious|belgium|europe|cathederal_belgium_001wav|int|3maze"
"metro_train_madrid_busy_001.wav","INT","3maze","https://sonniss.com/sound-effects/int/","/3maze - INT/metro_train_madrid_busy_001.wav","snote=train|train|station|terminal|busy|transport|people|metro|madrid|noise|ambience|metro_train_madrid_busy_001wav|int|3maze"
"store_belgium_004.wav","INT","3maze","https://sonniss.com/sound-effects/int/","/3maze - INT/store_belgium_004.wav","snote=interior|int|ambience|recording|store|europe|walla|shop|people|belgium|store_belgium_004wav|3maze"
"electro_magnetic_interference_016.wav","Interference","3maze","https://sonniss.com/sound-effects/interference/","/3maze - Interference/electro_magnetic_interference_016.wav","snote=interference|electricity|electric|electromagnetic|contact|mic|waves|wires|wire|wave|electrical|buzz|magnetic|analogue|analog|circuit|electro_magnetic_interference_016wav|interference|3maze"
"electro_magnetic_interference_024.wav","Interference","3maze","https://sonniss.com/sound-effects/interference/","/3maze - Interference/electro_magnetic_interference_024.wav","snote=interference|electricity|electric|electromagnetic|contact|mic|waves|wires|wire|wave|electrical|buzz|magnetic|analogue|analog|circuit|electro_magnetic_interference_024wav|interference|3maze"
"draft_guinness_can_open_001.wav","Kitchenware","3maze","https://sonniss.com/sound-effects/kitchenware/","/3maze - Kitchenware/draft_guinness_can_open_001.wav","snote=drink|beer|guinness|can|open|release|pressure|gas|metal|snap|pop|draft_guinness_can_open_001wav|kitchenware|3maze"
"drinks_glasses_touching_003.wav","Kitchenware","3maze","https://sonniss.com/sound-effects/kitchenware/","/3maze - Kitchenware/drinks_glasses_touching_003.wav","snote=drinks|glass|glasses|drinking|ching|clink|wine|cheers|drinks_glasses_touching_003wav|kitchenware|3maze"
"juice_machine_running_base_001.wav","Kitchenware","3maze","https://sonniss.com/sound-effects/kitchenware/","/3maze - Kitchenware/juice_machine_running_base_001.wav","snote=juice|juicer|machine|electrical|electric|appliance|running|jiuce|smoothie|kitchen|juice_machine_running_base_001wav|kitchenware|3maze"
"small_grill_001.wav","Kitchenware","3maze","https://sonniss.com/sound-effects/kitchenware/","/3maze - Kitchenware/small_grill_001.wav","snote=grill|kitchen|appliance|household|food|cooking|grilling|hiss|hissing|small_grill_001wav|kitchenware|3maze"
"machine_004.wav","Sci-Fi FX","3maze","https://sonniss.com/sound-effects/sci-fi-fx/","/3maze - Sci-Fi FX/machine_004.wav","sfilename=machine_004wavstrk1=|strk2=|snote=machine|glitch|noise|pulse|sound|sfx|effect|robot|machine_004wav|sci-fi fx|3maze"
"scifi_glit_fx_007.wav","Sci-Fi FX","3maze","https://sonniss.com/sound-effects/sci-fi-fx/","/3maze - Sci-Fi FX/scifi_glit_fx_007.wav","snote=scifi|scifi|glitch|sfx|sound|design|effect|transition|designed|complex|scifi_glit_fx_007wav|sci-fi fx|3maze"
"spacecraft_pad_006.wav","Sci-Fi FX","3maze","https://sonniss.com/sound-effects/sci-fi-fx/","/3maze - Sci-Fi FX/spacecraft_pad_006.wav","snote=pad|texture|space|spacecraft|spaceship|glitch|scifi|sci|fi|alien|ufo|sfx|sound|design|designed|ambient|landing|craft|spacecraft_pad_006wav|sci-fi fx|3maze"
"tape_fx_001.wav","Sci-Fi FX","3maze","https://sonniss.com/sound-effects/sci-fi-fx/","/3maze - Sci-Fi FX/tape_fx_001.wav","snote=designed|sfx|tape|digital|glitch|bent|effect|fx|tape_fx_001wav|sci-fi fx|3maze"
"future_swipe_002.wav","UI FX","3maze","https://sonniss.com/sound-effects/ui-fx/","/3maze - UI FX/future_swipe_002.wav","snote=swipe|turn|page|across|interface|ui|app|3maze|future|futuristic|future_swipe_002wav|ui fx"
"gizmo_alarm_loop_001.wav","UI FX","3maze","https://sonniss.com/sound-effects/ui-fx/","/3maze - UI FX/gizmo_alarm_loop_001.wav","snote=alarm|notification|loop|gizmo|gadget|interface|ui|alert|3maze|gizmo_alarm_loop_001wav|ui fx"
"marimba_tone_007.wav","UI FX","3maze","https://sonniss.com/sound-effects/ui-fx/","/3maze - UI FX/marimba_tone_007.wav","snote=mallet|marimba|note|notify|notification|app|alert|3maze|tone|marimba_tone_007wav|ui fx"
"owl_notification_005.wav","UI FX","3maze","https://sonniss.com/sound-effects/ui-fx/","/3maze - UI FX/owl_notification_005.wav","snote=notification|alert|notify|app|interface|ui|mobile|3maze|owl|creature|bird|owl_notification_005wav|ui fx"
"glow_med_C_002.wav","Zwoosh","3maze","https://sonniss.com/sound-effects/zwoosh/","/3maze - Zwoosh/glow_med_C_002.wav","snote=swoosh|transition|zoom|swish|scifi|center|glow_med_c_002wav|zwoosh|3maze"
"org_short_R_to_L_002.wav","Zwoosh","3maze","https://sonniss.com/sound-effects/zwoosh/","/3maze - Zwoosh/org_short_R_to_L_002.wav","snote=swoosh|transition|zoom|swish|scifi|center|org_short_r_to_l_002wav|zwoosh|3maze"
"swoosh_meta_L_R_006.wav","Zwoosh","3maze","https://sonniss.com/sound-effects/zwoosh/","/3maze - Zwoosh/swoosh_meta_L_R_006.wav","snote=swoosh|transition|zoom|swish|scifi|designed|swoosh_meta_l_r_006wav|zwoosh|3maze"
"wah_short_C_001.wav","Zwoosh","3maze","https://sonniss.com/sound-effects/zwoosh/","/3maze - Zwoosh/wah_short_C_001.wav","snote=swoosh|transition|zoom|swish|scifi|center|wah_short_c_001wav|zwoosh|3maze"
"Huge Planet, Rumble, Empty, Large, Space, Sci-Fi, Planet, Ambience, Exterior.wav","Alien Atmospheres","344 Audio","https://sonniss.com/sound-effects/alien-atmospheres/","/344 Audio - Alien Atmospheres/Huge Planet, Rumble, Empty, Large, Space, Sci-Fi, Planet, Ambience, Exterior.wav","huge|planet|rumble|empty|large|space|scifi|ambience|exterior|exteriorwav|alien atmospheres|344 audio"
"Radiation Planet, Distorted, Danger, Radioactive, Space, Sci-Fi, Planet, Ambience, Exterior.wav","Alien Atmospheres","344 Audio","https://sonniss.com/sound-effects/alien-atmospheres/","/344 Audio - Alien Atmospheres/Radiation Planet, Distorted, Danger, Radioactive, Space, Sci-Fi, Planet, Ambience, Exterior.wav","radiation|planet|distorted|danger|radioactive|space|scifi|ambience|exterior|exteriorwav|alien atmospheres|344 audio"
"Rainforest, Bugs, Choir, Heat, Alien, Space, Sci-Fi, Planet, Ambience, Exterior.wav","Alien Atmospheres","344 Audio","https://sonniss.com/sound-effects/alien-atmospheres/","/344 Audio - Alien Atmospheres/Rainforest, Bugs, Choir, Heat, Alien, Space, Sci-Fi, Planet, Ambience, Exterior.wav","rainforest|bugs|choir|heat|alien|space|scifi|planet|ambience|exterior|exteriorwav|alien atmospheres|344 audio"
"Analogue Synth FM, Scanning Digital Data, Descent, Drop, Pitch 1.wav","Data Processing","344 Audio","https://sonniss.com/sound-effects/data-processing/","/344 Audio - Data Processing/Analogue Synth FM, Scanning Digital Data, Descent, Drop, Pitch 1.wav","analogue|synth|fm|scanning|digital|data|descent|drop|pitch|1|1wav|data processing|344 audio"
"Analogue Synth Tone, Varispeed Data, Movement.wav","Data Processing","344 Audio","https://sonniss.com/sound-effects/data-processing/","/344 Audio - Data Processing/Analogue Synth Tone, Varispeed Data, Movement.wav","analogue|synth|tone|varispeed|data|movement|movementwav|data processing|344 audio"
"Digital Raw Data, Scanning Data, Harsh, Movement, Glitch, Noise.wav","Data Processing","344 Audio","https://sonniss.com/sound-effects/data-processing/","/344 Audio - Data Processing/Digital Raw Data, Scanning Data, Harsh, Movement, Glitch, Noise.wav","digital|raw|data|scanning|harsh|movement|glitch|noise|noisewav|data processing|344 audio"
"Electromagnetic Device, Moving File Data, Glitch, Click, Squeal.wav","Data Processing","344 Audio","https://sonniss.com/sound-effects/data-processing/","/344 Audio - Data Processing/Electromagnetic Device, Moving File Data, Glitch, Click, Squeal.wav","electromagnetic|device|moving|file|data|glitch|click|squeal|squealwav|data processing|344 audio"
"Alien Spaceship Filtered, Rumble.wav","Low Frequency Elements","344 Audio","https://sonniss.com/sound-effects/frequency-elements/","/344 Audio - Low Frequency Elements/Alien Spaceship Filtered, Rumble.wav","alien|spaceship|bed|atmosphere|filtered|low|frequency|rumble|sub|lfe|rumblewav|low frequency elements|344 audio"
"Analogue Synthesizer Filter Resonance Wave Unison A1.wav","Low Frequency Elements","344 Audio","https://sonniss.com/sound-effects/frequency-elements/","/344 Audio - Low Frequency Elements/Analogue Synthesizer Filter Resonance Wave Unison A1.wav","analogue|synthesizer|filter|resonance|waveform|unison|filtered|low|frequency|rumble|sub|lfe|wave|a1wav|low frequency elements|344 audio"
"Explosive Hit 10 Filtered, Low End.wav","Low Frequency Elements","344 Audio","https://sonniss.com/sound-effects/frequency-elements/","/344 Audio - Low Frequency Elements/Explosive Hit 10 Filtered, Low End.wav","explosion|hit|filtered|low|end|frequency|rumble|sub|lfe|explosive|10|endwav|low frequency elements|344 audio"
"Trailer Hit Cavernous 10 Filtered, Low End.wav","Low Frequency Elements","344 Audio","https://sonniss.com/sound-effects/frequency-elements/","/344 Audio - Low Frequency Elements/Trailer Hit Cavernous 10 Filtered, Low End.wav","trailer|cavernous|hit|filtered|low|end|frequency|rumble|sub|lfe|10|endwav|low frequency elements|344 audio"
"Whoosh,Sound Design,Airy,Full,Forceful,Soft.wav","Airy Whooshes","Airborne Sound","https://sonniss.com/sound-effects/airy-whooshes/","/Airborne Sound - Airy Whooshes/Whoosh,Sound Design,Airy,Full,Forceful,Soft.wav","whoosh|sound|design|airy|full|forceful|soft|softwav|airy whooshes|airborne sound"
"Whoosh,Sound Design,Airy,Full,Soft,Buffet,Medium.wav","Airy Whooshes","Airborne Sound","https://sonniss.com/sound-effects/airy-whooshes/","/Airborne Sound - Airy Whooshes/Whoosh,Sound Design,Airy,Full,Soft,Buffet,Medium.wav","whoosh|sound|design|airy|full|soft|buffet|medium|mediumwav|airy whooshes|airborne sound"
"Whoosh,Sound Design,Airy,Full,Soft,Shudder,Very Slow,Aftershock.wav","Airy Whooshes","Airborne Sound","https://sonniss.com/sound-effects/airy-whooshes/","/Airborne Sound - Airy Whooshes/Whoosh,Sound Design,Airy,Full,Soft,Shudder,Very Slow,Aftershock.wav","whoosh|sound|design|airy|full|soft|shudder|very|slow|aftershock|aftershockwav|airy whooshes|airborne sound"
"Jet,Fighter,CT-114,Tutor,Snowbird,Squad,Medium Distant,Climb,Starburst,Big,Slow,191.wav","Attack Aircraft Maneuvers","Airborne Sound","https://sonniss.com/sound-effects/attack-aircraft-maneuvers/","/Airborne Sound - Attack Aircraft Maneuvers/Jet,Fighter,CT-114,Tutor,Snowbird,Squad,Medium Distant,Climb,Starburst,Big,Slow,191.wav","jet|fighter|ct114|tutor|snowbird|squad|medium|distant|climb|starburst|big|slow|191|191wav|attack aircraft maneuvers|airborne sound"
"Jet,Fighter,F-16C,Fighting Falcon,Viper,Medium Distant,By,Right to Centre,Curl Away,Fast,Breathy,191.wav","Attack Aircraft Maneuvers","Airborne Sound","https://sonniss.com/sound-effects/attack-aircraft-maneuvers/","/Airborne Sound - Attack Aircraft Maneuvers/Jet,Fighter,F-16C,Fighting Falcon,Viper,Medium Distant,By,Right to Centre,Curl Away,Fast,Breathy,191.wav","jet|fighter|f16c|fighting|falcon|viper|medium|distant|by|right|to|center|curl|away|fast|breathy|191|centre|191wav|attack aircraft maneuvers|airborne sound"
"Jet,Fighter,FA-18C,Hornet,Medium Distant,Climb,Right to High,Crest and Hold,Kill Engine,191.wav","Attack Aircraft Maneuvers","Airborne Sound","https://sonniss.com/sound-effects/attack-aircraft-maneuvers/","/Airborne Sound - Attack Aircraft Maneuvers/Jet,Fighter,FA-18C,Hornet,Medium Distant,Climb,Right to High,Crest and Hold,Kill Engine,191.wav","jet|fighter|fa18c|hornet|medium|distant|climb|right|to|high|crest|and|hold|kill|engine|191|191wav|attack aircraft maneuvers|airborne sound"
"Howitzer,M101,C1,105 mm,Distant,Right Side,Shot,Pound,Thick.wav","Battlefield Howitzers","Airborne Sound","https://sonniss.com/sound-effects/battlefield-howitzers/","/Airborne Sound - Battlefield Howitzers/Howitzer,M101,C1,105 mm,Distant,Right Side,Shot,Pound,Thick.wav","howitzer|m101|c1|105|mm|distant|right|side|shot|pound|thick|thickwav|battlefield howitzers|airborne sound"
"Howitzer,M101,C3,105 mm,Distant,Right Side,Shot,Explode,Crack,Sweetener.wav","Battlefield Howitzers","Airborne Sound","https://sonniss.com/sound-effects/battlefield-howitzers/","/Airborne Sound - Battlefield Howitzers/Howitzer,M101,C3,105 mm,Distant,Right Side,Shot,Explode,Crack,Sweetener.wav","howitzer|m101|c3|105|mm|distant|right|side|shot|explode|crack|sweetener|sweetenerwav|battlefield howitzers|airborne sound"
"Howitzer,M101,C3,105 mm,Medium Distant,Right Side,Shot,Firm,Heavy,EQ Version,Soft Attack.wav","Battlefield Howitzers","Airborne Sound","https://sonniss.com/sound-effects/battlefield-howitzers/","/Airborne Sound - Battlefield Howitzers/Howitzer,M101,C3,105 mm,Medium Distant,Right Side,Shot,Firm,Heavy,EQ Version,Soft Attack.wav","howitzer|m101|c3|105|mm|medium|distant|right|side|shot|firm|heavy|eq|version|soft|attack|attackwav|battlefield howitzers|airborne sound"
"Impact,Sound Design,Hit,Chime,Resonant Hit,Chime Accent,Tinkle,Fast.wav","Crisis Accents","Airborne Sound","https://sonniss.com/sound-effects/crisis-accents/","/Airborne Sound - Crisis Accents/Impact,Sound Design,Hit,Chime,Resonant Hit,Chime Accent,Tinkle,Fast.wav","impact|sound|design|hit|chime|resonant|accent|tinkle|fast|fastwav|crisis accents|airborne sound"
"Impact,Sound Design,Tone to Hit,Metallic,Tonal Accent Up,Metallic,Very Fast,Deep Hit,Metallic Accent,Forceful.wav","Crisis Accents","Airborne Sound","https://sonniss.com/sound-effects/crisis-accents/","/Airborne Sound - Crisis Accents/Impact,Sound Design,Tone to Hit,Metallic,Tonal Accent Up,Metallic,Very Fast,Deep Hit,Metallic Accent,Forceful.wav","impact|sound|design|tone|to|hit|metallic|tonal|accent|up|very|fast|deep|forceful|forcefulwav|crisis accents|airborne sound"
"Impact,Sound Design,Whoosh to Hit,Glitch,Whoosh Up,Rumble,Long,Resonant Hit,Glitch Accent,Two Tone,Unnerving.wav","Crisis Accents","Airborne Sound","https://sonniss.com/sound-effects/crisis-accents/","/Airborne Sound - Crisis Accents/Impact,Sound Design,Whoosh to Hit,Glitch,Whoosh Up,Rumble,Long,Resonant Hit,Glitch Accent,Two Tone,Unnerving.wav","impact|sound|design|whoosh|to|hit|glitch|up|rumble|long|resonant|accent|two|tone|unnerving|unnervingwav|crisis accents|airborne sound"
"Whoosh,Sound Design,Airy,Hollow,Thick,Waver,Medium.wav","Eclectic Whooshes 2","Airborne Sound","https://sonniss.com/sound-effects/eclectic-whooshes-2/","/Airborne Sound - Eclectic Whooshes 2/Whoosh,Sound Design,Airy,Hollow,Thick,Waver,Medium.wav","whoosh|sound|design|airy|hollow|thick|waver|medium|mediumwav|eclectic whooshes 2|airborne sound"
"Whoosh,Sound Design,Chatter,Buzz,Tight,High,Fast,Decelerate.wav","Eclectic Whooshes 2","Airborne Sound","https://sonniss.com/sound-effects/eclectic-whooshes-2/","/Airborne Sound - Eclectic Whooshes 2/Whoosh,Sound Design,Chatter,Buzz,Tight,High,Fast,Decelerate.wav","whoosh|sound|design|chatter|buzz|tight|high|fast|decelerate|deceleratewav|eclectic whooshes 2|airborne sound"
"Whoosh,Sound Design,Swirl,Airy,Diffuse,Medium Slow,2.wav","Eclectic Whooshes 2","Airborne Sound","https://sonniss.com/sound-effects/eclectic-whooshes-2/","/Airborne Sound - Eclectic Whooshes 2/Whoosh,Sound Design,Swirl,Airy,Diffuse,Medium Slow,2.wav","whoosh|sound|design|swirl|airy|diffuse|medium|slow|2|2wav|eclectic whooshes 2|airborne sound"
"Whoosh,Sound Design,Cartoon,Thin,Very High,Tight,2.wav","Eclectic Whooshes 3","Airborne Sound","https://sonniss.com/sound-effects/eclectic-whooshes-3/","/Airborne Sound - Eclectic Whooshes 3/Whoosh,Sound Design,Cartoon,Thin,Very High,Tight,2.wav","whoosh|sound|design|cartoon|thin|very|high|tight|2|2wav|eclectic whooshes 3|airborne sound"
"Whoosh,Sound Design,Cartoon,Whir,2.wav","Eclectic Whooshes 3","Airborne Sound","https://sonniss.com/sound-effects/eclectic-whooshes-3/","/Airborne Sound - Eclectic Whooshes 3/Whoosh,Sound Design,Cartoon,Whir,2.wav","whoosh|sound|design|cartoon|whir|2|2wav|eclectic whooshes 3|airborne sound"
"Whoosh,Sound Design,Watery,Strong,Fast,Abrupt.wav","Eclectic Whooshes 3","Airborne Sound","https://sonniss.com/sound-effects/eclectic-whooshes-3/","/Airborne Sound - Eclectic Whooshes 3/Whoosh,Sound Design,Watery,Strong,Fast,Abrupt.wav","whoosh|sound|design|airy|watery|strong|fast|abrupt|abruptwav|eclectic whooshes 3|airborne sound"
"Accent,Sound Design,Electric,Arc,Buzz,Resonant,Fizzle,Surges,Long.wav","Electric-Magnetic","Airborne Sound","https://sonniss.com/sound-effects/electric-magnetic/","/Airborne Sound - Electric-Magnetic/Accent,Sound Design,Electric,Arc,Buzz,Resonant,Fizzle,Surges,Long.wav","accent|sound|design|electric|arc|buzz|resonant|fizzle|surges|long|longwav|electric-magnetic|airborne sound"
"Accent,Sound Design,Electric,Buzz,Resonant,Frayed Buzz,Insistent,Medium Fast.wav","Electric-Magnetic","Airborne Sound","https://sonniss.com/sound-effects/electric-magnetic/","/Airborne Sound - Electric-Magnetic/Accent,Sound Design,Electric,Buzz,Resonant,Frayed Buzz,Insistent,Medium Fast.wav","accent|sound|design|electric|buzz|resonant|frayed|insistent|medium|fast|fastwav|electric-magnetic|airborne sound"
"Tone,Sound Design,Electric,Spark,Gritty,Thin,Crackle,Dense,Steady.wav","Electric-Magnetic","Airborne Sound","https://sonniss.com/sound-effects/electric-magnetic/","/Airborne Sound - Electric-Magnetic/Tone,Sound Design,Electric,Spark,Gritty,Thin,Crackle,Dense,Steady.wav","tone|sound|design|electric|spark|gritty|thin|crackle|dense|steady|steadywav|electric-magnetic|airborne sound"
"Glass,Crush,Debris,Compress,Constant,Heavy,Violent,Uneasy,Neumann.wav","Elements Glass","Airborne Sound","https://sonniss.com/sound-effects/elements-glass/","/Airborne Sound - Elements Glass/Glass,Crush,Debris,Compress,Constant,Heavy,Violent,Uneasy,Neumann.wav","glass|crush|debris|compress|constant|heavy|violent|uneasy|neumann|neumannwav|elements glass|airborne sound"
"Glass,Pint Glass,Break,Debris,Rock,Medium Distant.wav","Elements Glass","Airborne Sound","https://sonniss.com/sound-effects/elements-glass/","/Airborne Sound - Elements Glass/Glass,Pint Glass,Break,Debris,Rock,Medium Distant.wav","glass|pint|break|debris|rock|medium|distant|distantwav|elements glass|airborne sound"
"Glass,Plate Glass,Thick,Break,Topple,Schoeps.wav","Elements Glass","Airborne Sound","https://sonniss.com/sound-effects/elements-glass/","/Airborne Sound - Elements Glass/Glass,Plate Glass,Thick,Break,Topple,Schoeps.wav","glass|plate|thick|break|topple|schoeps|schoepswav|elements glass|airborne sound"
"Metal,Crash,Concrete,Sheet Metal,20 Gauge,Slow,Complex.wav","Elements Metal","Airborne Sound","https://sonniss.com/sound-effects/elements-metal/","/Airborne Sound - Elements Metal/Metal,Crash,Concrete,Sheet Metal,20 Gauge,Slow,Complex.wav","metal|crash|concrete|sheet|20|gauge|slow|complex|complexwav|elements metal|airborne sound"
"Metal,Hits,Pipe,Mixed,Fast,Irregular.wav","Elements Metal","Airborne Sound","https://sonniss.com/sound-effects/elements-metal/","/Airborne Sound - Elements Metal/Metal,Hits,Pipe,Mixed,Fast,Irregular.wav","metal|hits|pipe|mixed|fast|irregular|irregularwav|elements metal|airborne sound"
"Metal,Rebar,Drop,Concrete,Low Height,3,Medium Distant.wav","Elements Metal","Airborne Sound","https://sonniss.com/sound-effects/elements-metal/","/Airborne Sound - Elements Metal/Metal,Rebar,Drop,Concrete,Low Height,3,Medium Distant.wav","metal|rebar|drop|concrete|low|height|3|medium|distant|distantwav|elements metal|airborne sound"
"Crowd,Fair,CNE,Interior,Food Building,Eating Area,Medium Distant,Thick,Wash,Ambient Fan.wav","Fairgrounds","Airborne Sound","https://sonniss.com/sound-effects/fairgrounds/","/Airborne Sound - Fairgrounds/Crowd,Fair,CNE,Interior,Food Building,Eating Area,Medium Distant,Thick,Wash,Ambient Fan.wav","crowd|fair|cne|interior|food|building|eating|area|medium|distant|thick|wash|ambient|fan|fanwav|fairgrounds|airborne sound"
"Fair Ride,The Rainbow,Start,Swirl,Decelerate,Stop,Some Voices.wav","Fairgrounds","Airborne Sound","https://sonniss.com/sound-effects/fairgrounds/","/Airborne Sound - Fairgrounds/Fair Ride,The Rainbow,Start,Swirl,Decelerate,Stop,Some Voices.wav","fair|ride|the|rainbow|start|swirl|decelerate|stop|some|voices|voiceswav|fairgrounds|airborne sound"
"Game,Fair,CNE,Shooting Gallery,Air Gun,Plate Break,Voices - some faint background machinery, background fair ambience.wav","Fairgrounds","Airborne Sound","https://sonniss.com/sound-effects/fairgrounds/","/Airborne Sound - Fairgrounds/Game,Fair,CNE,Shooting Gallery,Air Gun,Plate Break,Voices - some faint background machinery, background fair ambience.wav","game|fair|cne|shooting|gallery|air|gun|plate|break|voices|some|faint|background|machinery|fair|ambience|ambiencewav|fairgrounds|airborne sound"
"Jet,Fighter,CF-18,Hornet,By,Slow,Rip to Whistle.wav","Jet Fighter Maneuvers","Airborne Sound","https://sonniss.com/sound-effects/jet-fighter-maneuvers/","/Airborne Sound - Jet Fighter Maneuvers/Jet,Fighter,CF-18,Hornet,By,Slow,Rip to Whistle.wav","jet|fighter|cf18|hornet|by|slow|rip|to|whistle|whistlewav|jet fighter maneuvers|airborne sound"
"Jet,Fighter,F-16,Fighting Falcon,Medium Distant,By,Whip,Buffet.wav","Jet Fighter Maneuvers","Airborne Sound","https://sonniss.com/sound-effects/jet-fighter-maneuvers/","/Airborne Sound - Jet Fighter Maneuvers/Jet,Fighter,F-16,Fighting Falcon,Medium Distant,By,Whip,Buffet.wav","jet|fighter|f16|fighting|falcon|medium|distant|by|whip|buffet|buffetwav|jet fighter maneuvers|airborne sound"
"Accent,Glitch,Airy,Coarse,Swell to Sting.wav","Manic Glitches","Airborne Sound","https://sonniss.com/sound-effects/manic-glitches/","/Airborne Sound - Manic Glitches/Accent,Glitch,Airy,Coarse,Swell to Sting.wav","accent|glitch|airy|coarse|swell|to|sting|stingwav|manic glitches|airborne sound"
"Glitch,Chatter,Metallic,Thin,4 Tone,Even.wav","Manic Glitches","Airborne Sound","https://sonniss.com/sound-effects/manic-glitches/","/Airborne Sound - Manic Glitches/Glitch,Chatter,Metallic,Thin,4 Tone,Even.wav","glitch|chatter|metallic|thin|4|tone|even|evenwav|manic glitches|airborne sound"
"Glitch,Warble,Choppy,Swells,Bouncy,Deep.wav","Manic Glitches","Airborne Sound","https://sonniss.com/sound-effects/manic-glitches/","/Airborne Sound - Manic Glitches/Glitch,Warble,Choppy,Swells,Bouncy,Deep.wav","glitch|warble|choppy|swells|bouncy|deep|deepwav|manic glitches|airborne sound"
"Race Car,CTCC,Straight,By,Medium Slow,Growl.wav","Motorsports 1","Airborne Sound","https://sonniss.com/sound-effects/motorsports-1/","/Airborne Sound - Motorsports 1/Race Car,CTCC,Straight,By,Medium Slow,Growl.wav","race|car|ctcc|straight|by|medium|slow|growl|growlwav|motorsports 1|airborne sound"
"Race Car,USF2000,Turn 3,By,Decelerate,Fast,Choppy,Irregular.wav","Motorsports 1","Airborne Sound","https://sonniss.com/sound-effects/motorsports-1/","/Airborne Sound - Motorsports 1/Race Car,USF2000,Turn 3,By,Decelerate,Fast,Choppy,Irregular.wav","race|car|usf2000|turn|3|by|decelerate|fast|choppy|irregular|irregularwav|motorsports 1|airborne sound"
"Race,F1,Formula 1,Grand Prix,Practice,Turn 8,By,Decelerate to Accelerate,Swells,Steady,Fast,Growl.wav","Motorsports 1","Airborne Sound","https://sonniss.com/sound-effects/motorsports-1/","/Airborne Sound - Motorsports 1/Race,F1,Formula 1,Grand Prix,Practice,Turn 8,By,Decelerate to Accelerate,Swells,Steady,Fast,Growl.wav","race|f1|formula|1|grand|prix|practice|turn|8|by|decelerate|to|accelerate|swells|steady|fast|growl|growlwav|motorsports 1|airborne sound"
"Whoosh,Organic,Fabric,Glove,Airy,Breathy,Punchy.wav","Organic Whooshes","Airborne Sound","https://sonniss.com/sound-effects/organic-whooshes/","/Airborne Sound - Organic Whooshes/Whoosh,Organic,Fabric,Glove,Airy,Breathy,Punchy.wav","whoosh|organic|fabric|glove|airy|breathy|punchy|punchywav|organic whooshes|airborne sound"
"Whoosh,Organic,Fabric,Strap,Zip,High,Stagger,Pushy.wav","Organic Whooshes","Airborne Sound","https://sonniss.com/sound-effects/organic-whooshes/","/Airborne Sound - Organic Whooshes/Whoosh,Organic,Fabric,Strap,Zip,High,Stagger,Pushy.wav","whoosh|organic|fabric|strap|zip|high|stagger|pushy|pushywav|organic whooshes|airborne sound"
"Whoosh,Organic,Styrofoam,Plank,Airy,Smooth,Texture,1.wav","Organic Whooshes","Airborne Sound","https://sonniss.com/sound-effects/organic-whooshes/","/Airborne Sound - Organic Whooshes/Whoosh,Organic,Styrofoam,Plank,Airy,Smooth,Texture,1.wav","whoosh|organic|styrofoam|plank|airy|smooth|texture|1|1wav|organic whooshes|airborne sound"
"Whoosh,Sound Design,Blast,Energy,Crispy,Very Slow,Crackling Approach.wav","Power Accents","Airborne Sound","https://sonniss.com/sound-effects/power-accents/","/Airborne Sound - Power Accents/Whoosh,Sound Design,Blast,Energy,Crispy,Very Slow,Crackling Approach.wav","whoosh|sound|design|blast|energy|crispy|very|slow|crackling|approach|approachwav|power accents|airborne sound"
"Whoosh,Sound Design,Blast,Tonal,Dissonant,Medium.wav","Power Accents","Airborne Sound","https://sonniss.com/sound-effects/power-accents/","/Airborne Sound - Power Accents/Whoosh,Sound Design,Blast,Tonal,Dissonant,Medium.wav","whoosh|sound|design|blast|tonal|dissonant|medium|mediumwav|power accents|airborne sound"
"Whoosh,Sound Design,Whip By,Airy,Thick,Release to Choppy,Very Slow.wav","Power Accents","Airborne Sound","https://sonniss.com/sound-effects/power-accents/","/Airborne Sound - Power Accents/Whoosh,Sound Design,Whip By,Airy,Thick,Release to Choppy,Very Slow.wav","whoosh|sound|design|whip|by|airy|choppy|thick|release|to|very|slowwav|power accents|airborne sound"
"Race Car,Indy Lights,Before Turn,By,Downshift,Crazy.wav","Race Cars","Airborne Sound","https://sonniss.com/sound-effects/race-cars-2/","/Airborne Sound - Race Cars/Race Car,Indy Lights,Before Turn,By,Downshift,Crazy.wav","race|car|indy|lights|before|turn|by|downshift|crazy|crazywav|race cars|airborne sound"
"Race Car,IndyCar,Qualifying,Pit Lane,Wait at Pit Lane Exit,Rev,Intense,Away.wav","Race Cars","Airborne Sound","https://sonniss.com/sound-effects/race-cars-2/","/Airborne Sound - Race Cars/Race Car,IndyCar,Qualifying,Pit Lane,Wait at Pit Lane Exit,Rev,Intense,Away.wav","race|car|indycar|qualifying|pit|lane|wait|at|exit|rev|intense|away|awaywav|race cars|airborne sound"
"Race,Pro Mazda,Qualifying,Straight,Singles,Steady,Spread Out,Backfire.wav","Race Cars","Airborne Sound","https://sonniss.com/sound-effects/race-cars-2/","/Airborne Sound - Race Cars/Race,Pro Mazda,Qualifying,Straight,Singles,Steady,Spread Out,Backfire.wav","race|pro|mazda|qualifying|straight|singles|steady|spread|out|backfire|backfirewav|race cars|airborne sound"
"Train,Steam,4-6-4,Royal Hudson,H1e Class,No 2860,Ride,Engine,Rail Clatter,Rhythmic,Constant,Sizzle,Loop.wav","Steam Train","Airborne Sound","https://sonniss.com/sound-effects/steam-train/","/Airborne Sound - Steam Train/Train,Steam,4-6-4,Royal Hudson,H1e Class,No 2860,Ride,Engine,Rail Clatter,Rhythmic,Constant,Sizzle,Loop.wav","train|steam|464|royal|hudson|h1e|class|no|2860|ride|engine|rail|clatter|rhythmic|constant|sizzle|loop|loopwav|steam train|airborne sound"
"Train,Steam,4-6-4,Royal Hudson,H1e Class,No 2860,Whistle,Engine POV,Tired - While moving.wav","Steam Train","Airborne Sound","https://sonniss.com/sound-effects/steam-train/","/Airborne Sound - Steam Train/Train,Steam,4-6-4,Royal Hudson,H1e Class,No 2860,Whistle,Engine POV,Tired - While moving.wav","train|steam|464|royal|hudson|h1e|class|no|2860|whistle|engine|pov|tired|while|moving|movingwav|steam train|airborne sound"
"Air Compressor,Omega,5 hp,20 Gallon,Twin Cylinder,Air Release,x2.wav","Tools","Airborne Sound","https://sonniss.com/sound-effects/tools/","/Airborne Sound - Tools/Air Compressor,Omega,5 hp,20 Gallon,Twin Cylinder,Air Release,x2.wav","air|compressor|omega|5|hp|20|gallon|twin|cylinder|release|x2|x2wav|tools|airborne sound"
"Saw,Circular,Porter-Cable,315,7 1 4 inch blade,16 tooth,On,Cut,Plywood,Off.wav","Tools","Airborne Sound","https://sonniss.com/sound-effects/tools/","/Airborne Sound - Tools/Saw,Circular,Porter-Cable,315,7 1 4 inch blade,16 tooth,On,Cut,Plywood,Off.wav","saw|circular|porter|cable|315|7|1|4|inch|blade|16|tooth|on|cut|plywood|off|portercable|offwav|tools|airborne sound"
"Work,Hammer,Wall,Concrete Block,Sledgehammers,Pair,Hit,Debris,Patient - very faint background construction.wav","Tools","Airborne Sound","https://sonniss.com/sound-effects/tools/","/Airborne Sound - Tools/Work,Hammer,Wall,Concrete Block,Sledgehammers,Pair,Hit,Debris,Patient - very faint background construction.wav","work|hammer|wall|concrete|block|sledgehammers|pair|hit|debris|patient|very|faint|background|construction|constructionwav|tools|airborne sound"
"Accent,Noise,Transmission,Soft,Whine,Crackle,Complex,1.wav","Transmission - Interference","Airborne Sound","https://sonniss.com/sound-effects/transmission-interference/","/Airborne Sound - Transmission - Interference/Accent,Noise,Transmission,Soft,Whine,Crackle,Complex,1.wav","accent|noise|transmission|soft|whine|crackle|complex|1|1wav|transmission - interference|airborne sound"
"Tone,Buzz,Noise,Steady,Buzz,Coarse,Harsh with Noise,Thin,High.wav","Transmission - Interference","Airborne Sound","https://sonniss.com/sound-effects/transmission-interference/","/Airborne Sound - Transmission - Interference/Tone,Buzz,Noise,Steady,Buzz,Coarse,Harsh with Noise,Thin,High.wav","tone|buzz|noise|steady|coarse|harsh|with|thin|high|highwav|transmission - interference|airborne sound"
"Tone,Buzz,Noise,Steady,Interference,Buzz,Resonant,Right with Noise,Hits,Tight,Loop.wav","Transmission - Interference","Airborne Sound","https://sonniss.com/sound-effects/transmission-interference/","/Airborne Sound - Transmission - Interference/Tone,Buzz,Noise,Steady,Interference,Buzz,Resonant,Right with Noise,Hits,Tight,Loop.wav","tone|buzz|noise|steady|interference|resonant|right|with|hits|tight|loop|loopwav|transmission - interference|airborne sound"
"Helicopter,Bell,222,Idle,Grow,Take Off,Away - faint background birds.wav","Vehicles Aviation","Airborne Sound","https://sonniss.com/sound-effects/vehicles-aviation/","/Airborne Sound - Vehicles Aviation/Helicopter,Bell,222,Idle,Grow,Take Off,Away - faint background birds.wav","helicopter|bell|222|idle|grow|take|off|away|faint|background|birdswav|vehicles aviation|airborne sound"
"Plane,Seaplane,de Havilland,DHC-2,Beaver,Single-Engine,Medium Distant,Idle,Taxi,Turn,Fast,Away.wav","Vehicles Aviation","Airborne Sound","https://sonniss.com/sound-effects/vehicles-aviation/","/Airborne Sound - Vehicles Aviation/Plane,Seaplane,de Havilland,DHC-2,Beaver,Single-Engine,Medium Distant,Idle,Taxi,Turn,Fast,Away.wav","seaplane|de|havilland|dhc2|beaver|medium|distant|idle|taxi|turn|fast|away|plane|singleengine|awaywav|vehicles aviation|airborne sound"
"Plane,Seaplane,Ride POV,Cabin,Maneuver,Swing Around.wav","Vehicles Aviation","Airborne Sound","https://sonniss.com/sound-effects/vehicles-aviation/","/Airborne Sound - Vehicles Aviation/Plane,Seaplane,Ride POV,Cabin,Maneuver,Swing Around.wav","seaplane|cabin|maneuver|swing|around|no|crowd|plane|ride|pov|aroundwav|vehicles aviation|airborne sound"
"Boat,Bow Wash,Ferry,Midship,Whine,Deep,Slosh.wav","Vehicles Boats 1 Ferry","Airborne Sound","https://sonniss.com/sound-effects/vehicles-boats-1-ferry/","/Airborne Sound - Vehicles Boats 1 Ferry/Boat,Bow Wash,Ferry,Midship,Whine,Deep,Slosh.wav","bow|wash|ferry|midship|whine|deep|slosh|boat|sloshwav|vehicles boats 1 ferry|airborne sound"
"Boat,Ferry,C Class,7 Ton,12000 hp,Bow,Ext POV,Cars Exit over Metal Grate - a few faint voices.wav","Vehicles Boats 1 Ferry","Airborne Sound","https://sonniss.com/sound-effects/vehicles-boats-1-ferry/","/Airborne Sound - Vehicles Boats 1 Ferry/Boat,Ferry,C Class,7 Ton,12000 hp,Bow,Ext POV,Cars Exit over Metal Grate - a few faint voices.wav","ferry|c|class|7|ton|12000|hp|bow|ext|pov|cars|exit|over|metal|grate|a|few|faint|voices|boat|voiceswav|vehicles boats 1 ferry|airborne sound"
"Boat,Ferry,V Class,9 Ton,8500 hp,Washroom,Vent Rattle,Pipe Hiss.wav","Vehicles Boats 1 Ferry","Airborne Sound","https://sonniss.com/sound-effects/vehicles-boats-1-ferry/","/Airborne Sound - Vehicles Boats 1 Ferry/Boat,Ferry,V Class,9 Ton,8500 hp,Washroom,Vent Rattle,Pipe Hiss.wav","ferry|v|class|9|ton|8500|hp|washroom|vent|rattle|pipe|hiss|boat|hisswav|vehicles boats 1 ferry|airborne sound"
"BMW,323i,2007,Dirt,Away,Peel Out,Fish Tail,Hard Accel Away.wav","Vehicles Car Sound Effects 1 Elements","Airborne Sound","https://sonniss.com/sound-effects/vehicles-car-sound-effects-1-elements/","/Airborne Sound - Vehicles Car Sound Effects 1 Elements/BMW,323i,2007,Dirt,Away,Peel Out,Fish Tail,Hard Accel Away.wav","bmw|323i|2007|dirt|away|peel|out|fish|tail|hard|accel|awaywav|vehicles car sound effects 1 elements|airborne sound"
"Honda,Civic,2001,By,Wet,50 kph,Intrepid.wav","Vehicles Car Sound Effects 1 Elements","Airborne Sound","https://sonniss.com/sound-effects/vehicles-car-sound-effects-1-elements/","/Airborne Sound - Vehicles Car Sound Effects 1 Elements/Honda,Civic,2001,By,Wet,50 kph,Intrepid.wav","honda|civic|2001|wet|by|50|kph|intrepid|intrepidwav|vehicles car sound effects 1 elements|airborne sound"
"Mazda,3,2011,Ride POV,Medium,Bumpy,Decelerate,Stop.wav","Vehicles Car Sound Effects 1 Elements","Airborne Sound","https://sonniss.com/sound-effects/vehicles-car-sound-effects-1-elements/","/Airborne Sound - Vehicles Car Sound Effects 1 Elements/Mazda,3,2011,Ride POV,Medium,Bumpy,Decelerate,Stop.wav","mazda|3|2011|ride|pov|medium|bumpy|decelerate|stop|stopwav|vehicles car sound effects 1 elements|airborne sound"
"Train,Freight,Bridge,By,Away - very close perspective, crystal clear.wav","Vehicles Freight Trains 1","Airborne Sound","https://sonniss.com/sound-effects/vehicles-freight-trains-1/","/Airborne Sound - Vehicles Freight Trains 1/Train,Freight,Bridge,By,Away - very close perspective, crystal clear.wav","train|freight|bridge|by|away|very|close|perspective|crystal|clear|clearwav|vehicles freight trains 1|airborne sound"
"Train,Freight,Diesel-Electric,GE,AC4400CW,5821,Locomotive,3 Cars,By,Slow,Bell,D50.wav","Vehicles Freight Trains 1","Airborne Sound","https://sonniss.com/sound-effects/vehicles-freight-trains-1/","/Airborne Sound - Vehicles Freight Trains 1/Train,Freight,Diesel-Electric,GE,AC4400CW,5821,Locomotive,3 Cars,By,Slow,Bell,D50.wav","train|freight|dieselelectric|ge|ac4400cw|5821|locomotive|3|cars|by|slow|bell|d50|d50wav|vehicles freight trains 1|airborne sound"
"Train,Freight,Locomotive,Cars,Up,By,Away,Engine on End,Neumann.wav","Vehicles Freight Trains 1","Airborne Sound","https://sonniss.com/sound-effects/vehicles-freight-trains-1/","/Airborne Sound - Vehicles Freight Trains 1/Train,Freight,Locomotive,Cars,Up,By,Away,Engine on End,Neumann.wav","train|freight|locomotive|cars|up|by|away|engine|on|end|neumann|neumannwav|vehicles freight trains 1|airborne sound"
"Train,Diesel,Passenger,Ride POV,First Class,Decelerate,Stop,Distant Brake Squeals.wav","Vehicles Passenger Trains 1","Airborne Sound","https://sonniss.com/sound-effects/vehicles-passenger-trains-1/","/Airborne Sound - Vehicles Passenger Trains 1/Train,Diesel,Passenger,Ride POV,First Class,Decelerate,Stop,Distant Brake Squeals.wav","train|diesel|passenger|ride|pov|first|class|decelerate|stop|distant|brake|squeals|squealswav|vehicles passenger trains 1|airborne sound"
"Train,Locomotive,Diesel-Electric,MPI,MP40PH-3C,Distant,Idle,Whine.wav","Vehicles Passenger Trains 1","Airborne Sound","https://sonniss.com/sound-effects/vehicles-passenger-trains-1/","/Airborne Sound - Vehicles Passenger Trains 1/Train,Locomotive,Diesel-Electric,MPI,MP40PH-3C,Distant,Idle,Whine.wav","train|locomotive|dieselelectric|mpi|mp40ph3c|distant|idle|whine|whinewav|vehicles passenger trains 1|airborne sound"
"Train,Passenger,Diesel Electric,General Electric,Genesis,P42DC,903,Idle,Chuffs,Bell,Away.wav","Vehicles Passenger Trains 1","Airborne Sound","https://sonniss.com/sound-effects/vehicles-passenger-trains-1/","/Airborne Sound - Vehicles Passenger Trains 1/Train,Passenger,Diesel Electric,General Electric,Genesis,P42DC,903,Idle,Chuffs,Bell,Away.wav","train|passenger|diesel|electric|general|genesis|p42dc|903|idle|chuffs|bell|away|awaywav|vehicles passenger trains 1|airborne sound"
"Subway,New York,6 Line,Up,Stop,Chime,Door Open.wav","Vehicles Transit Trains","Airborne Sound","https://sonniss.com/sound-effects/vehicles-transit-trains/","/Airborne Sound - Vehicles Transit Trains/Subway,New York,6 Line,Up,Stop,Chime,Door Open.wav","subway|new|york|6|line|up|stop|chime|door|open|openwav|vehicles transit trains|airborne sound"
"Train,Rapid Transit,Toronto,ICTS,Chime,Door Close,Away,Shudder,Loose,Hasty.wav","Vehicles Transit Trains","Airborne Sound","https://sonniss.com/sound-effects/vehicles-transit-trains/","/Airborne Sound - Vehicles Transit Trains/Train,Rapid Transit,Toronto,ICTS,Chime,Door Close,Away,Shudder,Loose,Hasty.wav","train|rapid|transit|toronto|icts|chime|door|close|away|shudder|loose|hasty|hastywav|vehicles transit trains|airborne sound"
"Train,S-Bahn,Germany,Berlin,Ride POV,Start,Relaxed,PA,Stop.wav","Vehicles Transit Trains","Airborne Sound","https://sonniss.com/sound-effects/vehicles-transit-trains/","/Airborne Sound - Vehicles Transit Trains/Train,S-Bahn,Germany,Berlin,Ride POV,Start,Relaxed,PA,Stop.wav","train|sbahn|germany|berlin|ride|pov|start|relaxed|pa|stop|stopwav|vehicles transit trains|airborne sound"
"Motorcycle,Victory Vegas,2004,96 Cubic Inch,1507 CC,Onboard,Start,Drive,Fast Speed,Punch It.wav","Victory Vegas Motorcycle","Airborne Sound","https://sonniss.com/sound-effects/victory-vegas-motorcycle/","/Airborne Sound - Victory Vegas Motorcycle/Motorcycle,Victory Vegas,2004,96 Cubic Inch,1507 CC,Onboard,Start,Drive,Fast Speed,Punch It.wav","motorcycle|victory|vegas|2004|96|cubic|inch|1507|cc|onboard|start|drive|fast|speed|punch|it|left|is|transmission|right|muffler|center|mix|itwav|victory vegas motorcycle|airborne sound"
"Motorcycle,Victory Vegas,2004,96 Cubic Inch,1507 CC,Start,Idle,Off.wav","Victory Vegas Motorcycle","Airborne Sound","https://sonniss.com/sound-effects/victory-vegas-motorcycle/","/Airborne Sound - Victory Vegas Motorcycle/Motorcycle,Victory Vegas,2004,96 Cubic Inch,1507 CC,Start,Idle,Off.wav","motorcycle|victory|vegas|2004|96|cubic|inch|1507|cc|start|idle|off|offwav|victory vegas motorcycle|airborne sound"
"Motorcycle,Victory Vegas,2004,96 Cubic Inch,1507 CC,Up,30 kph,By,Off,2.wav","Victory Vegas Motorcycle","Airborne Sound","https://sonniss.com/sound-effects/victory-vegas-motorcycle/","/Airborne Sound - Victory Vegas Motorcycle/Motorcycle,Victory Vegas,2004,96 Cubic Inch,1507 CC,Up,30 kph,By,Off,2.wav","motorcycle|victory|vegas|2004|96|cubic|inch|1507|cc|up|30|kph|by|off|2|2wav|victory vegas motorcycle|airborne sound"
"Seawash, 1m, Heavy, Stoney, B Format.wav","Ambisonic Bishopstone Beach","Ambisound","https://sonniss.com/sound-effects/ambisonic-bishopstone-beach/","/Ambisound - Ambisonic Bishopstone Beach/Seawash, 1m, Heavy, Stoney, B Format.wav","seawash|waves|heavy|stoney|beach|sea|bformat|1m|b|formatwav|ambisonic bishopstone beach|ambisound"
"Seawash, In Waves, Heavy, Stoney, Binaural.wav","Ambisonic Bishopstone Beach","Ambisound","https://sonniss.com/sound-effects/ambisonic-bishopstone-beach/","/Ambisound - Ambisonic Bishopstone Beach/Seawash, In Waves, Heavy, Stoney, Binaural.wav","seawash|waves|heavy|stoney|beach|sea|binaural|in|binauralwav|ambisonic bishopstone beach|ambisound"
"DD Heavy Interference.wav","Domestic Drones","Ambisound","https://sonniss.com/sound-effects/domestic-drones/","/Ambisound - Domestic Drones/DD Heavy Interference.wav","domestic|drone|alien|scifi|disturbing|distorted|wind|creepy|mechanical|ambient|dd|heavy|interferencewav|domestic drones|ambisound"
"DD Watery Dreams.wav","Domestic Drones","Ambisound","https://sonniss.com/sound-effects/domestic-drones/","/Ambisound - Domestic Drones/DD Watery Dreams.wav","domestic|drone|alien|scifi|disturbing|distorted|wind|creepy|mechanical|ambient|dd|watery|dreamswav|domestic drones|ambisound"
"DD Whirring Spirals.wav","Domestic Drones","Ambisound","https://sonniss.com/sound-effects/domestic-drones/","/Ambisound - Domestic Drones/DD Whirring Spirals.wav","domestic|drone|alien|scifi|disturbing|distorted|wind|creepy|mechanical|ambient|dd|whirring|spiralswav|domestic drones|ambisound"
"Ethereal Breaths - Abstract w_Reverb.wav","Ethereal Breaths","Ambisound","https://sonniss.com/sound-effects/ethereal-breaths/","/Ambisound - Ethereal Breaths/Ethereal Breaths - Abstract w_Reverb.wav","abstract|breaths|breathe|human|long|reverb|tail|sound|design|cinematic|transition|ghostly|ethereal|w_reverbwav|ethereal breaths|ambisound"
"Ethereal Breaths - Long Rvb Whooshes.wav","Ethereal Breaths","Ambisound","https://sonniss.com/sound-effects/ethereal-breaths/","/Ambisound - Ethereal Breaths/Ethereal Breaths - Long Rvb Whooshes.wav","whoosh|breath|sound|design|reverb|tail|ethereal|long|binaural|cinematic|transition|breaths|rvb|whoosheswav|ethereal breaths|ambisound"
"BMW E46, Cars, Vehicles, Engine, Acceleration Medium, Driving At Constant Speed 06 (3ch Mix).wav","BMW 3 Series E46","Andrew Vailcross","https://sonniss.com/sound-effects/bmw-3-series-e46/","/Andrew Vailcross - BMW 3 Series E46/BMW E46, Cars, Vehicles, Engine, Acceleration Medium, Driving At Constant Speed 06 (3ch Mix).wav","engine|acceleration|driving|with|constant|speed|bmw|e46|cars|vehicles|medium|at|constant|speed|06|(3ch|mix)wav|bmw 3 series e46|andrew vailcross"
"BMW E46, Cars, Vehicles, Engine, Idle, Loop 07 (NTG4) Exhaust.wav","BMW 3 Series E46","Andrew Vailcross","https://sonniss.com/sound-effects/bmw-3-series-e46/","/Andrew Vailcross - BMW 3 Series E46/BMW E46, Cars, Vehicles, Engine, Idle, Loop 07 (NTG4) Exhaust.wav","engine|idling|rumbling|motor|mechanical|loop|exhaust|bmw|e46|cars|vehicles|idle|07|(ntg4)|exhaustwav|bmw 3 series e46|andrew vailcross"
"BMW E46, Cars, Vehicles, Engine, Start-Up, Idle, Engine Stop 01 (CM3).wav","BMW 3 Series E46","Andrew Vailcross","https://sonniss.com/sound-effects/bmw-3-series-e46/","/Andrew Vailcross - BMW 3 Series E46/BMW E46, Cars, Vehicles, Engine, Start-Up, Idle, Engine Stop 01 (CM3).wav","engine|startup|idling|then|turning|of|the|motor|bmw|e46|cars|vehicles|idle|stop|01|(cm3)wav|bmw 3 series e46|andrew vailcross"
"Cartoon Babbling On Telephone.wav","Cartoon Sounds Volume 1","Apple Hill Studios","https://sonniss.com/sound-effects/apple-hill-studios-cartoon-sounds-volume-1/","/Apple Hill Studios - Apple Hill Studios Cartoon Sounds Volume 1/Cartoon Babbling On Telephone.wav","cartoon|babbling|on|telephonewav|cartoon sounds volume 1|apple hill studios"
"Cartoon Caveman Finding Humor.wav","Cartoon Sounds Volume 1","Apple Hill Studios","https://sonniss.com/sound-effects/apple-hill-studios-cartoon-sounds-volume-1/","/Apple Hill Studios - Apple Hill Studios Cartoon Sounds Volume 1/Cartoon Caveman Finding Humor.wav","cartoon|caveman|finding|humorwav|cartoon sounds volume 1|apple hill studios"
"Cartoon Character Goofy Laugh.wav","Cartoon Sounds Volume 1","Apple Hill Studios","https://sonniss.com/sound-effects/apple-hill-studios-cartoon-sounds-volume-1/","/Apple Hill Studios - Apple Hill Studios Cartoon Sounds Volume 1/Cartoon Character Goofy Laugh.wav","cartoon|character|goofy|laughwav|cartoon sounds volume 1|apple hill studios"
"Cartoon Character Wee Moving In Stereo 1.wav","Cartoon Sounds Volume 1","Apple Hill Studios","https://sonniss.com/sound-effects/apple-hill-studios-cartoon-sounds-volume-1/","/Apple Hill Studios - Apple Hill Studios Cartoon Sounds Volume 1/Cartoon Character Wee Moving In Stereo 1.wav","cartoon|character|wee|moving|in|stereo|1wav|cartoon sounds volume 1|apple hill studios"
"Military Radio Voice A (HHG) All Clear 2.wav","Military Radio Voices","Apple Hill Studios","https://sonniss.com/sound-effects/military-radio-voices/","/Apple Hill Studios - Military Radio Voices/Military Radio Voice A (HHG) All Clear 2.wav","the|sound|of|a|male|soldier|saying|"all|clear"|on|hand|held|gated|military|radio|military|radio|voice|a|(hhg)|all|clear|2wav|military radio voices|apple hill studios"
"Military Radio Voice A (HHG) Troops In Contact Message.wav","Military Radio Voices","Apple Hill Studios","https://sonniss.com/sound-effects/military-radio-voices/","/Apple Hill Studios - Military Radio Voices/Military Radio Voice A (HHG) Troops In Contact Message.wav","the|sound|of|a|male|soldier|giving|troops|in|contact|message|on|hand|held|gated|military|radio|military|radio|voice|a|(hhg)|in|contact|messagewav|military radio voices|apple hill studios"
"Military Radio Voice A (IP) Put That Gun Down Now.wav","Military Radio Voices","Apple Hill Studios","https://sonniss.com/sound-effects/military-radio-voices/","/Apple Hill Studios - Military Radio Voices/Military Radio Voice A (IP) Put That Gun Down Now.wav","the|sound|of|a|male|soldier|yelling|"put|that|gun|down|now"|on|talkback|mic|instrument|panel|military|radio|military|radio|voice|a|(ip)|put|that|gun|down|nowwav|military radio voices|apple hill studios"
"Military Radio Voice D (HI-3) Forty Mike Mike Request.wav","Military Radio Voices","Apple Hill Studios","https://sonniss.com/sound-effects/military-radio-voices/","/Apple Hill Studios - Military Radio Voices/Military Radio Voice D (HI-3) Forty Mike Mike Request.wav","the|sound|of|a|male|soldier|requesting|forty|mike|on|talkback|mic|instrument|panel|military|radio|military|radio|voice|d|(hi3)|forty|mike|requestwav|military radio voices|apple hill studios"
"FAN Air Conditioner, Hard Metal Grinding Noise, Hum, Buzz, LOOP.wav","100 Fans, HVAC, & Mechanical Drones","Articulated Sounds","https://sonniss.com/sound-effects/100-fans-hvac-mechanical-drones/","/Articulated Sounds - 100 Fans, HVAC, & Mechanical Drones/FAN Air Conditioner, Hard Metal Grinding Noise, Hum, Buzz, LOOP.wav","fan|air|conditioner|hard|metal|grinding|noise|hum|buzz|loop|fan|loopwav|100 fans, hvac, & mechanical drones|articulated sounds"
"FAN Electronic Computer, Low Rumble, Fast Tumbling, LOOP.wav","100 Fans, HVAC, & Mechanical Drones","Articulated Sounds","https://sonniss.com/sound-effects/100-fans-hvac-mechanical-drones/","/Articulated Sounds - 100 Fans, HVAC, & Mechanical Drones/FAN Electronic Computer, Low Rumble, Fast Tumbling, LOOP.wav","fan|electronic|computer|low|rumble|fast|tumbling|loop|fan|loopwav|100 fans, hvac, & mechanical drones|articulated sounds"
"FAN Outdoor AC Unit, Constant Blow Drone Noise, LOOP.wav","100 Fans, HVAC, & Mechanical Drones","Articulated Sounds","https://sonniss.com/sound-effects/100-fans-hvac-mechanical-drones/","/Articulated Sounds - 100 Fans, HVAC, & Mechanical Drones/FAN Outdoor AC Unit, Constant Blow Drone Noise, LOOP.wav","fan|outdoor|ac|unit|constant|blow|drone|noise|loop|fan|loopwav|100 fans, hvac, & mechanical drones|articulated sounds"
"FAN Watery Messy Bubbling HVAC Noise, LOOP.wav","100 Fans, HVAC, & Mechanical Drones","Articulated Sounds","https://sonniss.com/sound-effects/100-fans-hvac-mechanical-drones/","/Articulated Sounds - 100 Fans, HVAC, & Mechanical Drones/FAN Watery Messy Bubbling HVAC Noise, LOOP.wav","fan|watery|messy|bubbling|hvac|noise|loop|fan|loopwav|100 fans, hvac, & mechanical drones|articulated sounds"
"EMOTE Ashley, Woman, Anger Fight Grunt Big 02.wav","Fight Vocalizations","Articulated Sounds","https://sonniss.com/sound-effects/fight-vocalizations/","/Articulated Sounds - Fight Vocalizations/EMOTE Ashley, Woman, Anger Fight Grunt Big 02.wav","female|40's|mature|adult|angry|combat|assault|fight|grunt|ehh|ha|emote|ashley|woman|anger|grunt|big|02wav|fight vocalizations|articulated sounds"
"EMOTE David, Man, Anger Fight Grunt Special Power 03.wav","Fight Vocalizations","Articulated Sounds","https://sonniss.com/sound-effects/fight-vocalizations/","/Articulated Sounds - Fight Vocalizations/EMOTE David, Man, Anger Fight Grunt Special Power 03.wav","male|50's|adult|battling|shout|charging|and|hitting|in|battle|warrior|yell|powerful|strike|long|fight|grunt|faaa|emote|david|man|anger|fight|grunt|special|power|03wav|fight vocalizations|articulated sounds"
"EMOTE Joshua, Man, Pain Hurt Grunt Big 03.wav","Fight Vocalizations","Articulated Sounds","https://sonniss.com/sound-effects/fight-vocalizations/","/Articulated Sounds - Fight Vocalizations/EMOTE Joshua, Man, Pain Hurt Grunt Big 03.wav","male|30's|adult|hurt|injured|pain|grunt|yelling|in|pain|hah|emote|joshua|man|grunt|big|03wav|fight vocalizations|articulated sounds"
"EMOTE Lily, Child, Anger Fight Ninja 01.wav","Fight Vocalizations","Articulated Sounds","https://sonniss.com/sound-effects/fight-vocalizations/","/Articulated Sounds - Fight Vocalizations/EMOTE Lily, Child, Anger Fight Ninja 01.wav","girl|kid|ninja|yell|martial|arts|karate|angry|fight|knock|out|haaah|huh|emote|lily|child|anger|fight|01wav|fight vocalizations|articulated sounds"
"ATMO EERIE Cave, Water Drips, Emptyness, Howling Interior Wind, Oppressive, LOOP.wav","Ghosts Return","Articulated Sounds","https://sonniss.com/sound-effects/ghosts-return/","/Articulated Sounds - Ghosts Return/ATMO EERIE Cave, Water Drips, Emptyness, Howling Interior Wind, Oppressive, LOOP.wav","eerie|atmosphere|cave|water|drips|emptyness|howling|interior|wind|oppressive|loop|atmo|eerie|loopwav|ghosts return|articulated sounds"
"CREATURE GHOST Male, Whisper, Breathe, Language, Short, DRY 01.wav","Ghosts Return","Articulated Sounds","https://sonniss.com/sound-effects/ghosts-return/","/Articulated Sounds - Ghosts Return/CREATURE GHOST Male, Whisper, Breathe, Language, Short, DRY 01.wav","ghost|creature|male|whisper|breathe|language|short|dry|creature|ghost|01wav|ghosts return|articulated sounds"
"DOOR KNOCK Bathroom A, Wood, Heavy, Fist, Medium 01, From INSIDE.wav","Ghosts Return","Articulated Sounds","https://sonniss.com/sound-effects/ghosts-return/","/Articulated Sounds - Ghosts Return/DOOR KNOCK Bathroom A, Wood, Heavy, Fist, Medium 01, From INSIDE.wav","door|knock|bathroom|a|wood|heavy|fist|medium|from|inside|door|knock|01|insidewav|ghosts return|articulated sounds"
"METAL CHAIN Old Barn, Manipulation, Clinking 04.wav","Ghosts Return","Articulated Sounds","https://sonniss.com/sound-effects/ghosts-return/","/Articulated Sounds - Ghosts Return/METAL CHAIN Old Barn, Manipulation, Clinking 04.wav","metal|chain|old|barn|manipulation|clinking|metal|chain|04wav|ghosts return|articulated sounds"
"GROUND IMPACT Large, Falling Rocks, Various 04.wav","Magic Elements vol.1","Articulated Sounds","https://sonniss.com/sound-effects/magic-elements-vol-1/","/Articulated Sounds - Magic Elements vol.1/GROUND IMPACT Large, Falling Rocks, Various 04.wav","ground|impact|large|stone|hit|falling|rocks|and|stones|on|ground|debris|gravel|ground|impact|rocks|various|04wav|magic elements vol.1|articulated sounds"
"MAGIC AIR Large Whoosh, Swirl, Wind Gust, Foliage 01.wav","Magic Elements vol.1","Articulated Sounds","https://sonniss.com/sound-effects/magic-elements-vol-1/","/Articulated Sounds - Magic Elements vol.1/MAGIC AIR Large Whoosh, Swirl, Wind Gust, Foliage 01.wav","magic|air|large|whoosh|swirl|wind|gust|foliage|airy|flyin|elemental|fly|away|magic|air|01wav|magic elements vol.1|articulated sounds"
"MAGIC GENERIC Haunted Old Grimoire, Open, Flip Through, Close 01.wav","Magic Elements vol.1","Articulated Sounds","https://sonniss.com/sound-effects/magic-elements-vol-1/","/Articulated Sounds - Magic Elements vol.1/MAGIC GENERIC Haunted Old Grimoire, Open, Flip Through, Close 01.wav","magic|generic|haunted|old|grimoire|open|flip|through|close|fast|pages|rustle|paper|slam|hard|magic|generic|01wav|magic elements vol.1|articulated sounds"
"MAGIC ICE Whoosh, Ice Bloc, Debris 01.wav","Magic Elements vol.1","Articulated Sounds","https://sonniss.com/sound-effects/magic-elements-vol-1/","/Articulated Sounds - Magic Elements vol.1/MAGIC ICE Whoosh, Ice Bloc, Debris 01.wav","magic|ice|whoosh|bloc|debris|fast|missile|projectile|passby|gritty|magic|ice|01wav|magic elements vol.1|articulated sounds"
"INSTRU STRING Double Bass, Bowed, Harmonic, Low, Slide, Whale Call 01.wav","Special Double Bass Fx","Articulated Sounds","https://sonniss.com/sound-effects/special-double-bass-fx/","/Articulated Sounds - Special Double Bass Fx/INSTRU STRING Double Bass, Bowed, Harmonic, Low, Slide, Whale Call 01.wav","instru|string|double|bass|bowed|harmonic|low|slide|whale|call|short|harmonic|strike|vibrating|tone|tone|down|drop|01wav|special double bass fx|articulated sounds"
"INSTRU STRING Double Bass, Bowed, Slide Down, High Pitch 02.wav","Special Double Bass Fx","Articulated Sounds","https://sonniss.com/sound-effects/special-double-bass-fx/","/Articulated Sounds - Special Double Bass Fx/INSTRU STRING Double Bass, Bowed, Slide Down, High Pitch 02.wav","instru|string|double|bass|bowed|slide|down|high|pitch|like|accelarate|machine|revs|scratch|02wav|special double bass fx|articulated sounds"
"INSTRU STRING Double Bass, Hit, Bow Impact, Muted String, Bounce 01.wav","Special Double Bass Fx","Articulated Sounds","https://sonniss.com/sound-effects/special-double-bass-fx/","/Articulated Sounds - Special Double Bass Fx/INSTRU STRING Double Bass, Hit, Bow Impact, Muted String, Bounce 01.wav","instru|string|double|bass|hit|bow|impact|muted|string|bounce|plastic|hit|aggressive|01wav|special double bass fx|articulated sounds"
"INSTRU STRING Double Bass, Screech, Scrape, Harsh, Short 08.wav","Special Double Bass Fx","Articulated Sounds","https://sonniss.com/sound-effects/special-double-bass-fx/","/Articulated Sounds - Special Double Bass Fx/INSTRU STRING Double Bass, Screech, Scrape, Harsh, Short 08.wav","instru|string|double|bass|screech|scrape|harsh|short|single|bow|stroke|aggressive|against|rubber|or|plastic|surface|weird|tone|hinge|squeak|08wav|special double bass fx|articulated sounds"
"VO_001_Female_Choking_Strangled_03.wav","Voice Pack One - Emma","AudioDesire","https://sonniss.com/sound-effects/voice-pack-emma/","/AudioDesire - Voice Pack One - Emma/VO_001_Female_Choking_Strangled_03.wav","voice|human|female|choke|cough|strangle|gasp|vo_001_female_choking_strangled_03wav|voice pack one - emma|audiodesire"
"VO_001_Female_Laugh_03.wav","Voice Pack One - Emma","AudioDesire","https://sonniss.com/sound-effects/voice-pack-emma/","/AudioDesire - Voice Pack One - Emma/VO_001_Female_Laugh_03.wav","voice|human|female|laugh|vo_001_female_laugh_03wav|voice pack one - emma|audiodesire"
"VO_001_Female_Pain_20.wav","Voice Pack One - Emma","AudioDesire","https://sonniss.com/sound-effects/voice-pack-emma/","/AudioDesire - Voice Pack One - Emma/VO_001_Female_Pain_20.wav","voice|human|female|pain|damaged|impact|grunt|vo_001_female_pain_20wav|voice pack one - emma|audiodesire"
"VO_001_Female_Scream_High_03.wav","Voice Pack One - Emma","AudioDesire","https://sonniss.com/sound-effects/voice-pack-emma/","/AudioDesire - Voice Pack One - Emma/VO_001_Female_Scream_High_03.wav","voice|human|female|scream|terror|frightened|high|vo_001_female_scream_high_03wav|voice pack one - emma|audiodesire"
"Dog_big_close_barking_3-011.wav","Dogs","Bart Kamski","https://sonniss.com/sound-effects/dogs-2/","/Bart Kamski - Dogs - game ready/Dog_big_close_barking_3-011.wav","dog_big_close_barking_3011wav|dogs|bart kamski"
"Dog_big_close_barking_growling.wav","Dogs","Bart Kamski","https://sonniss.com/sound-effects/dogs-2/","/Bart Kamski - Dogs - game ready/Dog_big_close_barking_growling.wav","dog_big_close_barking_growlingwav|dogs|bart kamski"
"Dog_small_far_barking_echo-017.wav","Dogs","Bart Kamski","https://sonniss.com/sound-effects/dogs-2/","/Bart Kamski - Dogs - game ready/Dog_small_far_barking_echo-017.wav","dog_small_far_barking_echo017wav|dogs|bart kamski"
"Dogs_big_close_barking.wav","Dogs","Bart Kamski","https://sonniss.com/sound-effects/dogs-2/","/Bart Kamski - Dogs - game ready/Dogs_big_close_barking.wav","dogs_big_close_barkingwav|dogs|bart kamski"
"15 Drone.wav","DRONE","Baxter Audio","https://sonniss.com/sound-effects/drone/","/Baxter Audio - DRONE/15 Drone.wav","15|dronewav|drone|baxter audio"
"32 Drone.wav","DRONE","Baxter Audio","https://sonniss.com/sound-effects/drone/","/Baxter Audio - DRONE/32 Drone.wav","32|dronewav|drone|baxter audio"
"03 Hit Big Drum.wav","IMPACT","Baxter Audio","https://sonniss.com/sound-effects/impact-2/","/Baxter Audio - IMPACT/03 Hit Big Drum.wav","03|hit|big|drumwav|impact|baxter audio"
"10 Hit Deep Thud.wav","IMPACT","Baxter Audio","https://sonniss.com/sound-effects/impact-2/","/Baxter Audio - IMPACT/10 Hit Deep Thud.wav","10|hit|deep|thudwav|impact|baxter audio"
"Bluezone_BC0247_008_ambience_wind.wav","Alien Planet Ambiences","BlueZone","https://sonniss.com/sound-effects/alien-planet/","/BlueZone - Alien Planet Ambiences and Sound Effects/Bluezone_BC0247_008_ambience_wind.wav","bluezone_bc0247_008_ambience_windwav|alien planet ambiences|bluezone"
"Bluezone_BC0247_036_ambience_scifi_night_creature.wav","Alien Planet Ambiences","BlueZone","https://sonniss.com/sound-effects/alien-planet/","/BlueZone - Alien Planet Ambiences and Sound Effects/Bluezone_BC0247_036_ambience_scifi_night_creature.wav","bluezone_bc0247_036_ambience_scifi_night_creaturewav|alien planet ambiences|bluezone"
"Bluezone_BC0247_057_organic_texture.wav","Alien Planet Ambiences","BlueZone","https://sonniss.com/sound-effects/alien-planet/","/BlueZone - Alien Planet Ambiences and Sound Effects/Bluezone_BC0247_057_organic_texture.wav","bluezone_bc0247_057_organic_texturewav|alien planet ambiences|bluezone"
"Bluezone_BC0247_094_organic_texture_water.wav","Alien Planet Ambiences","BlueZone","https://sonniss.com/sound-effects/alien-planet/","/BlueZone - Alien Planet Ambiences and Sound Effects/Bluezone_BC0247_094_organic_texture_water.wav","bluezone_bc0247_094_organic_texture_waterwav|alien planet ambiences|bluezone"
"Bluezone_BC0242_alarm_002.wav","Alien Spacecraft","BlueZone","https://sonniss.com/sound-effects/alien-spacecraft/","/BlueZone - Alien Spacecraft Sound Effects/Bluezone_BC0242_alarm_002.wav","bluezone_bc0242_alarm_002wav|alien spacecraft|bluezone"
"Bluezone_BC0242_alien_synthetic_texture_010.wav","Alien Spacecraft","BlueZone","https://sonniss.com/sound-effects/alien-spacecraft/","/BlueZone - Alien Spacecraft Sound Effects/Bluezone_BC0242_alien_synthetic_texture_010.wav","bluezone_bc0242_alien_synthetic_texture_010wav|alien spacecraft|bluezone"
"Bluezone_BC0242_background_interior_ambience_014.wav","Alien Spacecraft","BlueZone","https://sonniss.com/sound-effects/alien-spacecraft/","/BlueZone - Alien Spacecraft Sound Effects/Bluezone_BC0242_background_interior_ambience_014.wav","bluezone_bc0242_background_interior_ambience_014wav|alien spacecraft|bluezone"
"Bluezone_BC0242_spacecraft_passby_008.wav","Alien Spacecraft","BlueZone","https://sonniss.com/sound-effects/alien-spacecraft/","/BlueZone - Alien Spacecraft Sound Effects/Bluezone_BC0242_spacecraft_passby_008.wav","bluezone_bc0242_spacecraft_passby_008wav|alien spacecraft|bluezone"
"Bluezone_BC0243_background_cockpit_ambience_001.wav","Cargo Spaceship","BlueZone","https://sonniss.com/sound-effects/cargo-spaceship/","/BlueZone - Cargo Spaceship Sound Effects/Bluezone_BC0243_background_cockpit_ambience_001.wav","bluezone_bc0243_background_cockpit_ambience_001wav|cargo spaceship|bluezone"
"Bluezone_BC0243_cockpit_alarm_006.wav","Cargo Spaceship","BlueZone","https://sonniss.com/sound-effects/cargo-spaceship/","/BlueZone - Cargo Spaceship Sound Effects/Bluezone_BC0243_cockpit_alarm_006.wav","bluezone_bc0243_cockpit_alarm_006wav|cargo spaceship|bluezone"
"Bluezone_BC0243_spaceship_cargo_element_02_001.wav","Cargo Spaceship","BlueZone","https://sonniss.com/sound-effects/cargo-spaceship/","/BlueZone - Cargo Spaceship Sound Effects/Bluezone_BC0243_spaceship_cargo_element_02_001.wav","bluezone_bc0243_spaceship_cargo_element_02_001wav|cargo spaceship|bluezone"
"Bluezone_BC0243_spaceship_passby_021_02.wav","Cargo Spaceship","BlueZone","https://sonniss.com/sound-effects/cargo-spaceship/","/BlueZone - Cargo Spaceship Sound Effects/Bluezone_BC0243_spaceship_passby_021_02.wav","bluezone_bc0243_spaceship_passby_021_02wav|cargo spaceship|bluezone"
"Bluezone_BC0250_ambience_texture_synth_07.wav","Cinematic Dark","BlueZone","https://sonniss.com/sound-effects/cinematic-dark-sound-effects/","/BlueZone - Cinematic Dark Sound Effects/Bluezone_BC0250_ambience_texture_synth_07.wav","bluezone_bc0250_ambience_texture_synth_07wav|cinematic dark|bluezone"
"Bluezone_BC0250_impact_metal_01.wav","Cinematic Dark","BlueZone","https://sonniss.com/sound-effects/cinematic-dark-sound-effects/","/BlueZone - Cinematic Dark Sound Effects/Bluezone_BC0250_impact_metal_01.wav","bluezone_bc0250_impact_metal_01wav|cinematic dark|bluezone"
"Bluezone_BC0250_transition_05.wav","Cinematic Dark","BlueZone","https://sonniss.com/sound-effects/cinematic-dark-sound-effects/","/BlueZone - Cinematic Dark Sound Effects/Bluezone_BC0250_transition_05.wav","bluezone_bc0250_transition_05wav|cinematic dark|bluezone"
"Bluezone_BC0250_transition_pan_05.wav","Cinematic Dark","BlueZone","https://sonniss.com/sound-effects/cinematic-dark-sound-effects/","/BlueZone - Cinematic Dark Sound Effects/Bluezone_BC0250_transition_pan_05.wav","bluezone_bc0250_transition_pan_05wav|cinematic dark|bluezone"
"Bluezone_BC0248_037_ambience_synth_atmosphere.wav","Dark Cinematic","BlueZone","https://sonniss.com/sound-effects/dark-cinematic/","/BlueZone - Dark Cinematic Soundscapes and Sound Effects/Bluezone_BC0248_037_ambience_synth_atmosphere.wav","bluezone_bc0248_037_ambience_synth_atmospherewav|dark cinematic|bluezone"
"Bluezone_BC0248_066_synth_texture.wav","Dark Cinematic","BlueZone","https://sonniss.com/sound-effects/dark-cinematic/","/BlueZone - Dark Cinematic Soundscapes and Sound Effects/Bluezone_BC0248_066_synth_texture.wav","bluezone_bc0248_066_synth_texturewav|dark cinematic|bluezone"
"Bluezone_BC0248_098_whoosh_hit.wav","Dark Cinematic","BlueZone","https://sonniss.com/sound-effects/dark-cinematic/","/BlueZone - Dark Cinematic Soundscapes and Sound Effects/Bluezone_BC0248_098_whoosh_hit.wav","bluezone_bc0248_098_whoosh_hitwav|dark cinematic|bluezone"
"Bluezone_BC0248_115_sfx.wav","Dark Cinematic","BlueZone","https://sonniss.com/sound-effects/dark-cinematic/","/BlueZone - Dark Cinematic Soundscapes and Sound Effects/Bluezone_BC0248_115_sfx.wav","bluezone_bc0248_115_sfxwav|dark cinematic|bluezone"
"Bluezone_BC0239_background_industrial_ambience_027.wav","Dark Mesa Industrial Ambiences","BlueZone","https://sonniss.com/sound-effects/dark-mesa/","/BlueZone - Dark Mesa Industrial Ambiences and SFX/Bluezone_BC0239_background_industrial_ambience_027.wav","bluezone_bc0239_background_industrial_ambience_027wav|dark mesa industrial ambiences|bluezone"
"Bluezone_BC0239_background_underground_lab_ambience_003.wav","Dark Mesa Industrial Ambiences","BlueZone","https://sonniss.com/sound-effects/dark-mesa/","/BlueZone - Dark Mesa Industrial Ambiences and SFX/Bluezone_BC0239_background_underground_lab_ambience_003.wav","bluezone_bc0239_background_underground_lab_ambience_003wav|dark mesa industrial ambiences|bluezone"
"Bluezone_BC0239_electric_crackling_001.wav","Dark Mesa Industrial Ambiences","BlueZone","https://sonniss.com/sound-effects/dark-mesa/","/BlueZone - Dark Mesa Industrial Ambiences and SFX/Bluezone_BC0239_electric_crackling_001.wav","bluezone_bc0239_electric_crackling_001wav|dark mesa industrial ambiences|bluezone"
"Bluezone_BC0239_metal_element_008.wav","Dark Mesa Industrial Ambiences","BlueZone","https://sonniss.com/sound-effects/dark-mesa/","/BlueZone - Dark Mesa Industrial Ambiences and SFX/Bluezone_BC0239_metal_element_008.wav","bluezone_bc0239_metal_element_008wav|dark mesa industrial ambiences|bluezone"
"Bluezone_BC0244_debris_011.wav","District 10 Mothership","BlueZone","https://sonniss.com/sound-effects/district-10-mothership/","/BlueZone - District 10 Mothership Sound Effects/Bluezone_BC0244_debris_011.wav","bluezone_bc0244_debris_011wav|district 10 mothership|bluezone"
"Bluezone_BC0244_explosion_009_01.wav","District 10 Mothership","BlueZone","https://sonniss.com/sound-effects/district-10-mothership/","/BlueZone - District 10 Mothership Sound Effects/Bluezone_BC0244_explosion_009_01.wav","bluezone_bc0244_explosion_009_01wav|district 10 mothership|bluezone"
"Bluezone_BC0244_mothership_texture_017.wav","District 10 Mothership","BlueZone","https://sonniss.com/sound-effects/district-10-mothership/","/BlueZone - District 10 Mothership Sound Effects/Bluezone_BC0244_mothership_texture_017.wav","bluezone_bc0244_mothership_texture_017wav|district 10 mothership|bluezone"
"Bluezone_BC0244_transmission_004.wav","District 10 Mothership","BlueZone","https://sonniss.com/sound-effects/district-10-mothership/","/BlueZone - District 10 Mothership Sound Effects/Bluezone_BC0244_transmission_004.wav","bluezone_bc0244_transmission_004wav|district 10 mothership|bluezone"
"Bluezone_BC0251_heavy_metal_impact_factory_door_vibrating_02_03.wav","Heavy Metal Impact","BlueZone","https://sonniss.com/sound-effects/heavy-metal-impact-sound-effects/","/BlueZone - Heavy Metal Impact Sound Effects/Bluezone_BC0251_heavy_metal_impact_factory_door_vibrating_02_03.wav","bluezone_bc0251_heavy_metal_impact_factory_door_vibrating_02_03wav|heavy metal impact|bluezone"
"Bluezone_BC0251_heavy_metal_impact_large_tank_01_03.wav","Heavy Metal Impact","BlueZone","https://sonniss.com/sound-effects/heavy-metal-impact-sound-effects/","/BlueZone - Heavy Metal Impact Sound Effects/Bluezone_BC0251_heavy_metal_impact_large_tank_01_03.wav","bluezone_bc0251_heavy_metal_impact_large_tank_01_03wav|heavy metal impact|bluezone"
"Bluezone_BC0251_heavy_metal_impact_metal_plate_medium.wav","Heavy Metal Impact","BlueZone","https://sonniss.com/sound-effects/heavy-metal-impact-sound-effects/","/BlueZone - Heavy Metal Impact Sound Effects/Bluezone_BC0251_heavy_metal_impact_metal_plate_medium.wav","bluezone_bc0251_heavy_metal_impact_metal_plate_mediumwav|heavy metal impact|bluezone"
"Bluezone_BC0251_heavy_metal_impact_steel_barrel_01.wav","Heavy Metal Impact","BlueZone","https://sonniss.com/sound-effects/heavy-metal-impact-sound-effects/","/BlueZone - Heavy Metal Impact Sound Effects/Bluezone_BC0251_heavy_metal_impact_steel_barrel_01.wav","bluezone_bc0251_heavy_metal_impact_steel_barrel_01wav|heavy metal impact|bluezone"
"Bluezone_BC0246_003_ambience_synth_tonal.wav","Invasion Cinematic Trailer","BlueZone","https://sonniss.com/sound-effects/invasion-cinematic-trailer/","/BlueZone - Invasion Cinematic Trailer Samples/Bluezone_BC0246_003_ambience_synth_tonal.wav","bluezone_bc0246_003_ambience_synth_tonalwav|invasion cinematic trailer|bluezone"
"Bluezone_BC0246_043_synth_texture_tonal.wav","Invasion Cinematic Trailer","BlueZone","https://sonniss.com/sound-effects/invasion-cinematic-trailer/","/BlueZone - Invasion Cinematic Trailer Samples/Bluezone_BC0246_043_synth_texture_tonal.wav","bluezone_bc0246_043_synth_texture_tonalwav|invasion cinematic trailer|bluezone"
"Bluezone_BC0246_100_rise.wav","Invasion Cinematic Trailer","BlueZone","https://sonniss.com/sound-effects/invasion-cinematic-trailer/","/BlueZone - Invasion Cinematic Trailer Samples/Bluezone_BC0246_100_rise.wav","bluezone_bc0246_100_risewav|invasion cinematic trailer|bluezone"
"Bluezone_BC0246_139_sfx.wav","Invasion Cinematic Trailer","BlueZone","https://sonniss.com/sound-effects/invasion-cinematic-trailer/","/BlueZone - Invasion Cinematic Trailer Samples/Bluezone_BC0246_139_sfx.wav","bluezone_bc0246_139_sfxwav|invasion cinematic trailer|bluezone"
"Bluezone_BC0252_isolated_lake_wave_01_01.wav","Lake Wave","BlueZone","https://sonniss.com/sound-effects/lake-wave-sound-effects/","/BlueZone - Lake Wave Sound Effects/Bluezone_BC0252_isolated_lake_wave_01_01.wav","bluezone_bc0252_isolated_lake_wave_01_01wav|lake wave|bluezone"
"Bluezone_BC0252_isolated_lake_wave_02_04.wav","Lake Wave","BlueZone","https://sonniss.com/sound-effects/lake-wave-sound-effects/","/BlueZone - Lake Wave Sound Effects/Bluezone_BC0252_isolated_lake_wave_02_04.wav","bluezone_bc0252_isolated_lake_wave_02_04wav|lake wave|bluezone"
"Bluezone_BC0252_isolated_lake_wave_short_06.wav","Lake Wave","BlueZone","https://sonniss.com/sound-effects/lake-wave-sound-effects/","/BlueZone - Lake Wave Sound Effects/Bluezone_BC0252_isolated_lake_wave_short_06.wav","bluezone_bc0252_isolated_lake_wave_short_06wav|lake wave|bluezone"
"Bluezone_BC0252_lake_wave_ambience_04.wav","Lake Wave","BlueZone","https://sonniss.com/sound-effects/lake-wave-sound-effects/","/BlueZone - Lake Wave Sound Effects/Bluezone_BC0252_lake_wave_ambience_04.wav","bluezone_bc0252_lake_wave_ambience_04wav|lake wave|bluezone"
"Bluezone_BC0249_008_organic_texture.wav","Organic Lifeform Textures","BlueZone","https://sonniss.com/sound-effects/organic-lifeform-textures/","/BlueZone - Organic Lifeform Textures/Bluezone_BC0249_008_organic_texture.wav","bluezone_bc0249_008_organic_texturewav|organic lifeform textures|bluezone"
"Bluezone_BC0249_027_organic_texture.wav","Organic Lifeform Textures","BlueZone","https://sonniss.com/sound-effects/organic-lifeform-textures/","/BlueZone - Organic Lifeform Textures/Bluezone_BC0249_027_organic_texture.wav","bluezone_bc0249_027_organic_texturewav|organic lifeform textures|bluezone"
"Bluezone_BC0249_045_organic_texture_giant_animal.wav","Organic Lifeform Textures","BlueZone","https://sonniss.com/sound-effects/organic-lifeform-textures/","/BlueZone - Organic Lifeform Textures/Bluezone_BC0249_045_organic_texture_giant_animal.wav","bluezone_bc0249_045_organic_texture_giant_animalwav|organic lifeform textures|bluezone"
"Bluezone_BC0249_086_organic_texture_insect.wav","Organic Lifeform Textures","BlueZone","https://sonniss.com/sound-effects/organic-lifeform-textures/","/BlueZone - Organic Lifeform Textures/Bluezone_BC0249_086_organic_texture_insect.wav","bluezone_bc0249_086_organic_texture_insectwav|organic lifeform textures|bluezone"
"Bluezone_BC0241_interface_beep_029.wav","Sci-Fi Interface","BlueZone","https://sonniss.com/sound-effects/sci-fi-interface/","/BlueZone - Sci-Fi Interface Sound Effects/Bluezone_BC0241_interface_beep_029.wav","bluezone_bc0241_interface_beep_029wav|sci-fi interface|bluezone"
"Bluezone_BC0241_interface_beep_053.wav","Sci-Fi Interface","BlueZone","https://sonniss.com/sound-effects/sci-fi-interface/","/BlueZone - Sci-Fi Interface Sound Effects/Bluezone_BC0241_interface_beep_053.wav","bluezone_bc0241_interface_beep_053wav|sci-fi interface|bluezone"
"Bluezone_BC0241_interface_beep_transmission_004.wav","Sci-Fi Interface","BlueZone","https://sonniss.com/sound-effects/sci-fi-interface/","/BlueZone - Sci-Fi Interface Sound Effects/Bluezone_BC0241_interface_beep_transmission_004.wav","bluezone_bc0241_interface_beep_transmission_004wav|sci-fi interface|bluezone"
"Bluezone_BC0241_interface_transition_006_02.wav","Sci-Fi Interface","BlueZone","https://sonniss.com/sound-effects/sci-fi-interface/","/BlueZone - Sci-Fi Interface Sound Effects/Bluezone_BC0241_interface_transition_006_02.wav","bluezone_bc0241_interface_transition_006_02wav|sci-fi interface|bluezone"
"Bluezone_BC0245_028_ambience_synth_atmosphere.wav","Spectral Density Cinematic","BlueZone","https://sonniss.com/sound-effects/spectral-density/","/BlueZone - Spectral Density Cinematic Samples/Bluezone_BC0245_028_ambience_synth_atmosphere.wav","bluezone_bc0245_028_ambience_synth_atmospherewav|spectral density cinematic|bluezone"
"Bluezone_BC0245_047_synth_texture_tonal.wav","Spectral Density Cinematic","BlueZone","https://sonniss.com/sound-effects/spectral-density/","/BlueZone - Spectral Density Cinematic Samples/Bluezone_BC0245_047_synth_texture_tonal.wav","bluezone_bc0245_047_synth_texture_tonalwav|spectral density cinematic|bluezone"
"Bluezone_BC0245_103_whoosh_hit_metal.wav","Spectral Density Cinematic","BlueZone","https://sonniss.com/sound-effects/spectral-density/","/BlueZone - Spectral Density Cinematic Samples/Bluezone_BC0245_103_whoosh_hit_metal.wav","bluezone_bc0245_103_whoosh_hit_metalwav|spectral density cinematic|bluezone"
"Bluezone_BC0245_129_sfx.wav","Spectral Density Cinematic","BlueZone","https://sonniss.com/sound-effects/spectral-density/","/BlueZone - Spectral Density Cinematic Samples/Bluezone_BC0245_129_sfx.wav","bluezone_bc0245_129_sfxwav|spectral density cinematic|bluezone"
"Bluezone_BC0254_wood_creaking_tree_005.wav","Wood Sound Effects","BlueZone","https://sonniss.com/sound-effects/wood-sound-effects/","/BlueZone - Wood Sound Effects/Bluezone_BC0254_wood_creaking_tree_005.wav","bluezone_bc0254_wood_creaking_tree_005wav|wood sound effects|bluezone"
"Bluezone_BC0254_wood_crushing_branches_001_001.wav","Wood Sound Effects","BlueZone","https://sonniss.com/sound-effects/wood-sound-effects/","/BlueZone - Wood Sound Effects/Bluezone_BC0254_wood_crushing_branches_001_001.wav","bluezone_bc0254_wood_crushing_branches_001_001wav|wood sound effects|bluezone"
"Bluezone_BC0254_wood_falling_log_002_006.wav","Wood Sound Effects","BlueZone","https://sonniss.com/sound-effects/wood-sound-effects/","/BlueZone - Wood Sound Effects/Bluezone_BC0254_wood_falling_log_002_006.wav","bluezone_bc0254_wood_falling_log_002_006wav|wood sound effects|bluezone"
"Bluezone_BC0254_wood_handling_003.wav","Wood Sound Effects","BlueZone","https://sonniss.com/sound-effects/wood-sound-effects/","/BlueZone - Wood Sound Effects/Bluezone_BC0254_wood_handling_003.wav","bluezone_bc0254_wood_handling_003wav|wood sound effects|bluezone"
"Bluezone_BC0253_ambience_texture_synth_21.wav","Ultimate Trailer Sound","BlueZone","https://sonniss.com/sound-effects/ultimate-trailer-sound-effects/","/BlueZone -Ultimate Trailer Sound Effects/Bluezone_BC0253_ambience_texture_synth_21.wav","bluezone_bc0253_ambience_texture_synth_21wav|ultimate trailer sound|bluezone"
"Bluezone_BC0253_impact_11.wav","Ultimate Trailer Sound","BlueZone","https://sonniss.com/sound-effects/ultimate-trailer-sound-effects/","/BlueZone -Ultimate Trailer Sound Effects/Bluezone_BC0253_impact_11.wav","bluezone_bc0253_impact_11wav|ultimate trailer sound|bluezone"
"Bluezone_BC0253_texture_03.wav","Ultimate Trailer Sound","BlueZone","https://sonniss.com/sound-effects/ultimate-trailer-sound-effects/","/BlueZone -Ultimate Trailer Sound Effects/Bluezone_BC0253_texture_03.wav","bluezone_bc0253_texture_03wav|ultimate trailer sound|bluezone"
"Bluezone_BC0253_transition_pan_04.wav","Ultimate Trailer Sound","BlueZone","https://sonniss.com/sound-effects/ultimate-trailer-sound-effects/","/BlueZone -Ultimate Trailer Sound Effects/Bluezone_BC0253_transition_pan_04.wav","bluezone_bc0253_transition_pan_04wav|ultimate trailer sound|bluezone"
"Bag Foley_Backpack small,Ikea_Polyester_Prescence.wav","Bag Foley","Borg Sound","https://sonniss.com/sound-effects/bag-foley/","/Borg Sound - Bag Foley/Bag Foley_Backpack small,Ikea_Polyester_Prescence.wav","bagfoley_backpacksmall|ikea_polyester_prescence|bag|foley_backpack|small|ikea_polyester_prescencewav|bag foley|borg sound"
"Bag Foley_Canvas bag_Cotton_Grab.wav","Bag Foley","Borg Sound","https://sonniss.com/sound-effects/bag-foley/","/Borg Sound - Bag Foley/Bag Foley_Canvas bag_Cotton_Grab.wav","bag|foley_canvas|bag_cotton_grabwav|bag foley|borg sound"
"Bag Foley_Duffel Sport bag_Polyester, Fake leather_Drop, Place.wav","Bag Foley","Borg Sound","https://sonniss.com/sound-effects/bag-foley/","/Borg Sound - Bag Foley/Bag Foley_Duffel Sport bag_Polyester, Fake leather_Drop, Place.wav","bag|foley_duffel|sport|bag_polyester|fake|leather_drop|placewav|bag foley|borg sound"
"Bag Foley_Wallet_Leather_Grab.wav","Bag Foley","Borg Sound","https://sonniss.com/sound-effects/bag-foley/","/Borg Sound - Bag Foley/Bag Foley_Wallet_Leather_Grab.wav","bag|foley_wallet_leather_grabwav|bag foley|borg sound"
"wind blowing mike v1.wav","Blowing winds","Borys Peter","https://sonniss.com/sound-effects/blowing-winds/","/Borys Peter - Blowing winds/wind blowing mike v1.wav","wind|strong|blustery|with|gusts|open|space|blowing|mike|v1wav|blowing winds|borys peter"
"wind winter open space v2.wav","Blowing winds","Borys Peter","https://sonniss.com/sound-effects/blowing-winds/","/Borys Peter - Blowing winds/wind winter open space v2.wav","wind|in|quiet|open|space|gentle|gusts|protected|feel|winter|v2wav|blowing winds|borys peter"
"countryside bird morning chorus Quadro.wav","Rural zone","Borys Peter","https://sonniss.com/sound-effects/rural-zone/","/Borys Peter - Rural zone/countryside bird morning chorus Quadro.wav","rural|countryside|morning|bird|chorus|crickets|eurasian|hoopoe|turkey|distant|rooster|and|dogs|traffic|quadrowav|rural zone|borys peter"
"countryside quiet forest bird gull call.wav","Rural zone","Borys Peter","https://sonniss.com/sound-effects/rural-zone/","/Borys Peter - Rural zone/countryside quiet forest bird gull call.wav","rural|countryside|forest|quiet|daytime|birds|insects|flybys|bird|gull|callwav|rural zone|borys peter"
"Church Choir_Dm.wav","Ambient Soundscapes","Certified Audio","https://sonniss.com/sound-effects/ambient-soundscapes/","/Certified Audio - Ambient Soundscapes/Church Choir_Dm.wav","church|choir_dmwav|ambient soundscapes|certified audio"
"Vinyl Noise_02.wav","Ambient Soundscapes","Certified Audio","https://sonniss.com/sound-effects/ambient-soundscapes/","/Certified Audio - Ambient Soundscapes/Vinyl Noise_02.wav","vinyl|noise_02wav|ambient soundscapes|certified audio"
"socket wrench 5.wav","Hand Tools","Cfry","https://sonniss.com/sound-effects/hand-tools/","/Cfry – Hand Tools/socket wrench 5.wav","socket|wrench|5wav|hand tools|cfry"
"toolbox shuffling 3.wav","Hand Tools","Cfry","https://sonniss.com/sound-effects/hand-tools/","/Cfry – Hand Tools/toolbox shuffling 3.wav","toolbox|shuffling|3wav|hand tools|cfry"
"wire brush 1.wav","Hand Tools","Cfry","https://sonniss.com/sound-effects/hand-tools/","/Cfry – Hand Tools/wire brush 1.wav","wire|brush|1wav|hand tools|cfry"
"ETH City street large traffic rumble group of student singing clapping from a roof top.wav","Ethiopia","Charlie Atanasyan","https://sonniss.com/sound-effects/ethiopia-sound-library-faunethic/","/Charlie Atanasyan - Ethiopia/ETH City street large traffic rumble group of student singing clapping from a roof top.wav","city|from|a|roof|top|light|rumble|traffic|tuktuk|and|cars|passing|by|group|of|student|singing|hand|clapping|the|evening|eth|street|large|topwav|ethiopia|charlie atanasyan"
"ETH Forest in mountain quiet insects very high and flyers.wav","Ethiopia","Charlie Atanasyan","https://sonniss.com/sound-effects/ethiopia-sound-library-faunethic/","/Charlie Atanasyan - Ethiopia/ETH Forest in mountain quiet insects very high and flyers.wav","forest|mountain|quiet|at|4000m|insects|grasshopper|very|high|frequency|with|light|birds|eth|in|and|flyerswav|ethiopia|charlie atanasyan"
"ETH Market large outdoor voices walla birds and activity.wav","Ethiopia","Charlie Atanasyan","https://sonniss.com/sound-effects/ethiopia-sound-library-faunethic/","/Charlie Atanasyan - Ethiopia/ETH Market large outdoor voices walla birds and activity.wav","market|medium|outdoor|voices|walla|activity|and|footsteps|on|sandy|dirt|ground|eth|large|birds|activitywav|ethiopia|charlie atanasyan"
"ETH Volcano medium activity magma erupting continuously degassing and rock falling.wav","Ethiopia","Charlie Atanasyan","https://sonniss.com/sound-effects/ethiopia-sound-library-faunethic/","/Charlie Atanasyan - Ethiopia/ETH Volcano medium activity magma erupting continuously degassing and rock falling.wav","volcano|erta|ale|medium|activity|magma|erupting|30m|down|continuously|degassing|and|volcanic|rock|falling|inside|the|caldera|eth|fallingwav|ethiopia|charlie atanasyan"
"Fail 3a.wav","Ambient Puzzle","Chris Logsdon","https://sonniss.com/sound-effects/ambient-puzzle-sfx-pack/","/Chris Logsdon - Ambient Puzzle SFX Pack/Fail 3a.wav","fail|3awav|ambient puzzle|chris logsdon"
"Menu Confirm.wav","Ambient Puzzle","Chris Logsdon","https://sonniss.com/sound-effects/ambient-puzzle-sfx-pack/","/Chris Logsdon - Ambient Puzzle SFX Pack/Menu Confirm.wav","menu|confirmwav|ambient puzzle|chris logsdon"
"Success 2a.wav","Ambient Puzzle","Chris Logsdon","https://sonniss.com/sound-effects/ambient-puzzle-sfx-pack/","/Chris Logsdon - Ambient Puzzle SFX Pack/Success 2a.wav","success|2awav|ambient puzzle|chris logsdon"
"Amb_EnergyHumDown.wav","Sci-Fi","Chris Logsdon","https://sonniss.com/sound-effects/sci-fi-sfx-pack/","/Chris Logsdon - Sci-Fi SFX Pack/Amb_EnergyHumDown.wav","amb_energyhumdownwav|sci-fi|chris logsdon"
"EnergyGun_Charge1.wav","Sci-Fi","Chris Logsdon","https://sonniss.com/sound-effects/sci-fi-sfx-pack/","/Chris Logsdon - Sci-Fi SFX Pack/EnergyGun_Charge1.wav","energygun_charge1wav|sci-fi|chris logsdon"
"Misc_BreathAttack.wav","Sci-Fi","Chris Logsdon","https://sonniss.com/sound-effects/sci-fi-sfx-pack/","/Chris Logsdon - Sci-Fi SFX Pack/Misc_BreathAttack.wav","misc_breathattackwav|sci-fi|chris logsdon"
"Misc_TechRise.wav","Sci-Fi","Chris Logsdon","https://sonniss.com/sound-effects/sci-fi-sfx-pack/","/Chris Logsdon - Sci-Fi SFX Pack/Misc_TechRise.wav","misc_techrisewav|sci-fi|chris logsdon"
"ai_4c.wav","Text & Dialogue","Chris Logsdon","https://sonniss.com/sound-effects/text-dialogue-sfx-pack/","/Chris Logsdon - Text & Dialogue SFX Pack/ai_4c.wav","ai_4cwav|text & dialogue|chris logsdon"
"chai_2b.wav","Text & Dialogue","Chris Logsdon","https://sonniss.com/sound-effects/text-dialogue-sfx-pack/","/Chris Logsdon - Text & Dialogue SFX Pack/chai_2b.wav","chai_2bwav|text & dialogue|chris logsdon"
"whisper_4c.wav","Text & Dialogue","Chris Logsdon","https://sonniss.com/sound-effects/text-dialogue-sfx-pack/","/Chris Logsdon - Text & Dialogue SFX Pack/whisper_4c.wav","whisper_4cwav|text & dialogue|chris logsdon"
"zappy_3b.wav","Text & Dialogue","Chris Logsdon","https://sonniss.com/sound-effects/text-dialogue-sfx-pack/","/Chris Logsdon - Text & Dialogue SFX Pack/zappy_3b.wav","zappy_3bwav|text & dialogue|chris logsdon"
"EFX SD Cymbal MEINL 10 Splash Dark Crash Unfinished Mallet 01 A.wav","Cymbal Flash","Coll Anderson","https://sonniss.com/sound-effects/cymbal-flash/","/Coll Anderson - Cymbal Flash/EFX SD Cymbal MEINL 10 Splash Dark Crash Unfinished Mallet 01 A.wav","cymbal|impacts|with|mallet|and|sticks|recorded|for|flash|creation|polished|unfinished|various|size|shape|manufacture|efx|sd|meinl|10|splash|dark|crash|unfinished|mallet|01|awav|cymbal flash|coll anderson"
"EFX SD Cymbal MEINL 22 China Bowl Bowed 04 B.wav","Cymbal Flash","Coll Anderson","https://sonniss.com/sound-effects/cymbal-flash/","/Coll Anderson - Cymbal Flash/EFX SD Cymbal MEINL 22 China Bowl Bowed 04 B.wav","cymbal|bowed|with|viola|bow|recorded|for|flash|creation|polished|and|unfinished|various|size|shape|manufacture|efx|sd|meinl|22|china|bowl|bowed|04|bwav|cymbal flash|coll anderson"
"EFX SD Flash 24 Ride Rivets 02.wav","Cymbal Flash","Coll Anderson","https://sonniss.com/sound-effects/cymbal-flash/","/Coll Anderson - Cymbal Flash/EFX SD Flash 24 Ride Rivets 02.wav","cymbal|reverse|flash|mono|and|stereo|efx|sd|24|ride|rivets|02wav|cymbal flash|coll anderson"
"EFX SD Lfe Pulsing Ring Out 02 A.wav","Cymbal Flash","Coll Anderson","https://sonniss.com/sound-effects/cymbal-flash/","/Coll Anderson - Cymbal Flash/EFX SD Lfe Pulsing Ring Out 02 A.wav","large|cymbal|pulsing|ring|out|recorded|for|lfe|playback|extreme|low|frequency|energy|efx|sd|pulsing|ring|out|02|awav|cymbal flash|coll anderson"
"EFX CTM Floor Board Creak 03 A.wav","House Library Add On","Coll Anderson","https://sonniss.com/sound-effects/house-sfx-library/","/Coll Anderson - House Library Add Ons/EFX CTM Floor Board Creak 03 A.wav","efx|ctm|floor|board|creak|03|awav|house library add on|coll anderson"
"EFX INT China Glass Rattle 18.wav","House Library Add On","Coll Anderson","https://sonniss.com/sound-effects/house-sfx-library/","/Coll Anderson - House Library Add Ons/EFX INT China Glass Rattle 18.wav","efx|int|china|glass|rattle|18wav|house library add on|coll anderson"
"EFX INT Door Bang Wood Swing Broken 01 A.wav","House Library Add On","Coll Anderson","https://sonniss.com/sound-effects/house-sfx-library/","/Coll Anderson - House Library Add Ons/EFX INT Door Bang Wood Swing Broken 01 A.wav","efx|int|door|bang|wood|swing|broken|01|awav|house library add on|coll anderson"
"EFX INT Light Bulb Shatter Concrete 08 B.wav","House Library Add On","Coll Anderson","https://sonniss.com/sound-effects/house-sfx-library/","/Coll Anderson - House Library Add Ons/EFX INT Light Bulb Shatter Concrete 08 B.wav","efx|int|light|bulb|shatter|concrete|08|bwav|house library add on|coll anderson"
"EFX EXT Car By with Music 01 A.wav","Music Drive Bys","Coll Anderson","https://sonniss.com/sound-effects/music-drive-bys/","/Coll Anderson - Music Drive Bys/EFX EXT Car By with Music 01 A.wav","car|by|with|generic|rap|beat|lots|of|sub|efx|ext|by|music|01|awav|music drive bys|coll anderson"
"EFX EXT Music Car By 30 MPH Blood In 03.wav","Music Drive Bys","Coll Anderson","https://sonniss.com/sound-effects/music-drive-bys/","/Coll Anderson - Music Drive Bys/EFX EXT Music Car By 30 MPH Blood In 03.wav","ext|music|playing|from|car|drive|by|metal|or|rock|efx|30|mph|blood|in|03wav|music drive bys|coll anderson"
"EFX EXT Music Car By 40 MPH Savior 03.wav","Music Drive Bys","Coll Anderson","https://sonniss.com/sound-effects/music-drive-bys/","/Coll Anderson - Music Drive Bys/EFX EXT Music Car By 40 MPH Savior 03.wav","ext|music|playing|from|car|drive|by|metal|or|rock|efx|40|mph|savior|03wav|music drive bys|coll anderson"
"ADR Battle In House 02.wav","Battle Crowd Add on","Coll Anderson","https://sonniss.com/sound-effects/battle-crowds-library/","/Coll Anderson - The Battle Crowd Collection Add on/ADR Battle In House 02.wav","adr|battle|in|house|02wav|battle crowd add on|coll anderson"
"EFX INT FS House Party Movement Fast 06 C.wav","Battle Crowd Add on","Coll Anderson","https://sonniss.com/sound-effects/battle-crowds-library/","/Coll Anderson - The Battle Crowd Collection Add on/EFX INT FS House Party Movement Fast 06 C.wav","home|fs|house|party|movement|arrive|walk|through|various|perspectives|including|below|floors|efx|int|fast|06|cwav|battle crowd add on|coll anderson"
"EFX INT Kicking Wood Door Rattle 01.wav","Battle Crowd Add on","Coll Anderson","https://sonniss.com/sound-effects/battle-crowds-library/","/Coll Anderson - The Battle Crowd Collection Add on/EFX INT Kicking Wood Door Rattle 01.wav","human|kicking|wood|door|rattle|fight|hit|efx|int|01wav|battle crowd add on|coll anderson"
"EFX SD FS In Debris With Glass On Wood 06 C.wav","Battle Crowd Add on","Coll Anderson","https://sonniss.com/sound-effects/battle-crowds-library/","/Coll Anderson - The Battle Crowd Collection Add on/EFX SD FS In Debris With Glass On Wood 06 C.wav","efx|sd|fs|in|debris|with|glass|on|wood|06|cwav|battle crowd add on|coll anderson"
"Rainy day with distant bird and a lone wolf.wav","Forest Orchestra","dmt3p","https://sonniss.com/sound-effects/forest-orchestra/","/dmt3p - Forest Orchestra/Rainy day with distant bird and a lone wolf.wav","rainy|day|with|distant|bird|and|a|lone|wolfwav|forest orchestra|dmt3p"
"Windy storm with trees rustling and bird croaking.wav","Forest Orchestra","dmt3p","https://sonniss.com/sound-effects/forest-orchestra/","/dmt3p - Forest Orchestra/Windy storm with trees rustling and bird croaking.wav","windy|storm|with|trees|rustling|and|bird|croakingwav|forest orchestra|dmt3p"
"Helinä,windbell,Japanese,porcelain,clapper,paperwindcatcher,cottonrope,gust,strong,shorttail,MidSide.wav","Helina","Eiravaein Works","https://sonniss.com/sound-effects/helina/","/Eiravaein Works - Helina/Helinä,windbell,Japanese,porcelain,clapper,paperwindcatcher,cottonrope,gust,strong,shorttail,MidSide.wav","helind|windbell|japanese|porcelain|clapper|paperwindcatcher|cottonrope|gust|strong|shorttail|midside|helinä|midsidewav|helina|eiravaein works"
"Helinä,windchimes,aluminum,pipes,woodclapper,aluminumwindcatcher,metalchain,twine,release,gentle,lingering,MidSide,alt.wav","Helina","Eiravaein Works","https://sonniss.com/sound-effects/helina/","/Eiravaein Works - Helina/Helinä,windchimes,aluminum,pipes,woodclapper,aluminumwindcatcher,metalchain,twine,release,gentle,lingering,MidSide,alt.wav","helind|windchimes|aluminum|pipes|woodclapper|aluminumwindcatcher|metalchain|twine|release|gentle|lingering|midside|alt|helinä|altwav|helina|eiravaein works"
"Helinä,windchimes,mixed,paper,aluminum,tuned,glassclappermini,windcatcher,cottonrope,release,gentle,lingering,MidSide.wav","Helina","Eiravaein Works","https://sonniss.com/sound-effects/helina/","/Eiravaein Works - Helina/Helinä,windchimes,mixed,paper,aluminum,tuned,glassclappermini,windcatcher,cottonrope,release,gentle,lingering,MidSide.wav","helind|windchimes|mixed|paper|aluminum|tuned|glassclappermini|windcatcher|cottonrope|release|gentle|lingering|midside|helinä|midsidewav|helina|eiravaein works"
"Helinä,windchimes,Pacific,obsidian,beads,kelppods,noclapper,nowindcatcher,twine,release,gentle,shorttail,MidSide.wav","Helina","Eiravaein Works","https://sonniss.com/sound-effects/helina/","/Eiravaein Works - Helina/Helinä,windchimes,Pacific,obsidian,beads,kelppods,noclapper,nowindcatcher,twine,release,gentle,shorttail,MidSide.wav","helind|windchimes|pacific|obsidian|beads|kelppods|noclapper|nowindcatcher|twine|release|gentle|shorttail|midside|helinä|midsidewav|helina|eiravaein works"
"Kieuk,laughter,female,30s,American,NEUnitedStates,aww,nominal,tapering,staggered,breathy,mouthclicks.wav","Kieuk","Eiravaein Works","https://sonniss.com/sound-effects/kieuk/","/Eiravaein Works - Kieuk/Kieuk,laughter,female,30s,American,NEUnitedStates,aww,nominal,tapering,staggered,breathy,mouthclicks.wav","kieuk|laughter|female|30s|american|neunitedstates|aww|nominal|tapering|staggered|breathy|mouthclicks|mouthclickswav|eiravaein works"
"Kieuk,laughter,female,30s,Charlotte,inhales,titter,lightsqueal.wav","Kieuk","Eiravaein Works","https://sonniss.com/sound-effects/kieuk/","/Eiravaein Works - Kieuk/Kieuk,laughter,female,30s,Charlotte,inhales,titter,lightsqueal.wav","kieuk|laughter|female|30s|charlotte|inhales|titter|lightsqueal|lightsquealwav|eiravaein works"
"Kieuk,laughter,female,70s,Baltimore,fry,slightburst,ooh,chuckle,taper.wav","Kieuk","Eiravaein Works","https://sonniss.com/sound-effects/kieuk/","/Eiravaein Works - Kieuk/Kieuk,laughter,female,70s,Baltimore,fry,slightburst,ooh,chuckle,taper.wav","kieuk|laughter|female|70s|baltimore|fry|slightburst|ooh|chuckle|taper|taperwav|eiravaein works"
"Kieuk,laughter,male,60s,OhioCarolina,heeing,restrained,chuckle,mouthclicks.wav","Kieuk","Eiravaein Works","https://sonniss.com/sound-effects/kieuk/","/Eiravaein Works - Kieuk/Kieuk,laughter,male,60s,OhioCarolina,heeing,restrained,chuckle,mouthclicks.wav","kieuk|laughter|male|60s|ohiocarolina|heeing|restrained|chuckle|mouthclicks|mouthclickswav|eiravaein works"
"Nocked,archery,crossbow1,composite,string,functions,bolt,slideintorest,set,drag,nock,remove,clatter,alt.wav","Nocked","Eiravaein Works","https://sonniss.com/sound-effects/nocked/","/Eiravaein Works - Nocked/Nocked,archery,crossbow1,composite,string,functions,bolt,slideintorest,set,drag,nock,remove,clatter,alt.wav","nocked|archery|crossbow1|composite|string|functions|bolt|slideintorest|set|drag|nock|remove|clatter|alt|altwav|eiravaein works"
"Nocked,archery,firing,loose,crossbow1,carbonbolt,atbow,snap,buzz,airy,bright,alt.wav","Nocked","Eiravaein Works","https://sonniss.com/sound-effects/nocked/","/Eiravaein Works - Nocked/Nocked,archery,firing,loose,crossbow1,carbonbolt,atbow,snap,buzz,airy,bright,alt.wav","nocked|archery|firing|loose|crossbow1|carbonbolt|atbow|snap|buzz|airy|bright|alt|altwav|eiravaein works"
"Nocked,archery,firing,loose,Pinakabow,mythic,midflight,wide,hum,sizzle,energy,alt8.wav","Nocked","Eiravaein Works","https://sonniss.com/sound-effects/nocked/","/Eiravaein Works - Nocked/Nocked,archery,firing,loose,Pinakabow,mythic,midflight,wide,hum,sizzle,energy,alt8.wav","nocked|archery|firing|loose|pinakabow|mythic|midflight|wide|hum|sizzle|energy|alt8|alt8wav|eiravaein works"
"Nocked,archery,firing,loose,Vaeyanbow,midflight,wide,mythic,sleek,swirl,rattle,alt14.wav","Nocked","Eiravaein Works","https://sonniss.com/sound-effects/nocked/","/Eiravaein Works - Nocked/Nocked,archery,firing,loose,Vaeyanbow,midflight,wide,mythic,sleek,swirl,rattle,alt14.wav","nocked|archery|firing|loose|vaeyanbow|midflight|wide|mythic|sleek|swirl|rattle|alt14|alt14wav|eiravaein works"
"Unfathomed,designed,eternitydrop,skipfall,centering,highsizzle,bright.wav","Unfathomed","Eiravaein Works","https://sonniss.com/sound-effects/unfathomed/","/Eiravaein Works - Unfathomed/Unfathomed,designed,eternitydrop,skipfall,centering,highsizzle,bright.wav","unfathomed|designed|eternitydrop|skipfall|centering|highsizzle|bright|brightwav|eiravaein works"
"Unfathomed,hydrophone,submerged,bottle,emptying,steady,choppy,light.wav","Unfathomed","Eiravaein Works","https://sonniss.com/sound-effects/unfathomed/","/Eiravaein Works - Unfathomed/Unfathomed,hydrophone,submerged,bottle,emptying,steady,choppy,light.wav","unfathomed|hydrophone|submerged|bottle|emptying|steady|choppy|light|lightwav|eiravaein works"
"Unfathomed,hydrophone,submerged,largeplastic,water,foam,gurgling,gentle.wav","Unfathomed","Eiravaein Works","https://sonniss.com/sound-effects/unfathomed/","/Eiravaein Works - Unfathomed/Unfathomed,hydrophone,submerged,largeplastic,water,foam,gurgling,gentle.wav","unfathomed|hydrophone|submerged|largeplastic|water|foam|gurgling|gentle|gentlewav|eiravaein works"
"Unfathomed,hydrophone,submerged,smallglass,effervescenttabs,carbonateddrink,pouring,filling,gurgling,fizz,alt.wav","Unfathomed","Eiravaein Works","https://sonniss.com/sound-effects/unfathomed/","/Eiravaein Works - Unfathomed/Unfathomed,hydrophone,submerged,smallglass,effervescenttabs,carbonateddrink,pouring,filling,gurgling,fizz,alt.wav","unfathomed|hydrophone|submerged|smallglass|effervescenttabs|carbonateddrink|pouring|filling|gurgling|fizz|alt|altwav|eiravaein works"
"WakeyWakey,coffee,beans,canister,flip,hit,single.wav","WakeyWakey","Eiravaein Works","https://sonniss.com/sound-effects/wakeywakey/","/Eiravaein Works - WakeyWakey/WakeyWakey,coffee,beans,canister,flip,hit,single.wav","wakeywakey|coffee|beans|canister|flip|hit|single|singlewav|eiravaein works"
"WakeyWakey,coffee,grinder,manual,ceramic,glass,silicone,attachjar,screwon,alt.wav","WakeyWakey","Eiravaein Works","https://sonniss.com/sound-effects/wakeywakey/","/Eiravaein Works - WakeyWakey/WakeyWakey,coffee,grinder,manual,ceramic,glass,silicone,attachjar,screwon,alt.wav","wakeywakey|coffee|grinder|manual|ceramic|glass|silicone|attachjar|screwon|alt|altwav|eiravaein works"
"WakeyWakey,tea,chai,kitchen,fullyprepared,pouring,mugtopot,liquid,fillup,aerate,alt.wav","WakeyWakey","Eiravaein Works","https://sonniss.com/sound-effects/wakeywakey/","/Eiravaein Works - WakeyWakey/WakeyWakey,tea,chai,kitchen,fullyprepared,pouring,mugtopot,liquid,fillup,aerate,alt.wav","wakeywakey|tea|chai|kitchen|fullyprepared|pouring|mugtopot|liquid|fillup|aerate|alt|altwav|eiravaein works"
"WakeyWakey,tea,gaiwan,ceramic,glazed,thick,3piece,cup,full,drink,sipping,slurp,swallow,mouthclicks,alt5.wav","WakeyWakey","Eiravaein Works","https://sonniss.com/sound-effects/wakeywakey/","/Eiravaein Works - WakeyWakey/WakeyWakey,tea,gaiwan,ceramic,glazed,thick,3piece,cup,full,drink,sipping,slurp,swallow,mouthclicks,alt5.wav","wakeywakey|tea|gaiwan|ceramic|glazed|thick|3piece|cup|full|drink|sipping|slurp|swallow|mouthclicks|alt5|alt5wav|eiravaein works"
"Coin02.wav","Video Game SFX","fascinatedsound","https://sonniss.com/sound-effects/video-game-sfx-mega-pack/","/fascinatedsound - Video Game SFX Mega Pack/Coin02.wav","coin02wav|video game sfx|fascinatedsound"
"GameOver01.wav","Video Game SFX","fascinatedsound","https://sonniss.com/sound-effects/video-game-sfx-mega-pack/","/fascinatedsound - Video Game SFX Mega Pack/GameOver01.wav","gameover01wav|video game sfx|fascinatedsound"
"PowerUp01.wav","Video Game SFX","fascinatedsound","https://sonniss.com/sound-effects/video-game-sfx-mega-pack/","/fascinatedsound - Video Game SFX Mega Pack/PowerUp01.wav","powerup01wav|video game sfx|fascinatedsound"
"Warp02.wav","Video Game SFX","fascinatedsound","https://sonniss.com/sound-effects/video-game-sfx-mega-pack/","/fascinatedsound - Video Game SFX Mega Pack/Warp02.wav","warp02wav|video game sfx|fascinatedsound"
"Annoying E.wav","Effective Trailer Alarms","Federico Soler Fernández","https://sonniss.com/sound-effects/effective-trailer-alarms/","/Federico Soler Fernández - Effective Trailer Alarms/Annoying E.wav","alert|alarmed|detector|annoying|disaster|emergency|security|attack|red|chaos|annoying|ewav|effective trailer alarms|federico soler fernández"
"Doubt D.wav","Effective Trailer Alarms","Federico Soler Fernández","https://sonniss.com/sound-effects/effective-trailer-alarms/","/Federico Soler Fernández - Effective Trailer Alarms/Doubt D.wav","alarms|attention|signal|security|system|fire|burglar|alarm|game|doubt|dwav|effective trailer alarms|federico soler fernández"
"Foreboding E.wav","Effective Trailer Alarms","Federico Soler Fernández","https://sonniss.com/sound-effects/effective-trailer-alarms/","/Federico Soler Fernández - Effective Trailer Alarms/Foreboding E.wav","evacuation|buzzing|anxiety|video|game|alarm|foreboding|ewav|effective trailer alarms|federico soler fernández"
"Trepidation E.wav","Effective Trailer Alarms","Federico Soler Fernández","https://sonniss.com/sound-effects/effective-trailer-alarms/","/Federico Soler Fernández - Effective Trailer Alarms/Trepidation E.wav","warning|siren|caution|breach|buzz|trepidation|ewav|effective trailer alarms|federico soler fernández"
"Boom 005.wav","Effective Trailer Booms","Federico Soler Fernández","https://sonniss.com/sound-effects/effective-trailer-booms/","/Federico Soler Fernández - Effective Trailer Booms/Boom 005.wav","boom|sub|impact|low|lowend|cinematic|bass|hit|film|dark|action|dramatic|horror|powerful|tension|epic|trailer|boom|005wav|effective trailer booms|federico soler fernández"
"Boom 036.wav","Effective Trailer Booms","Federico Soler Fernández","https://sonniss.com/sound-effects/effective-trailer-booms/","/Federico Soler Fernández - Effective Trailer Booms/Boom 036.wav","boom|sub|impact|low|lowend|cinematic|bass|hit|film|dark|action|dramatic|horror|powerful|tension|epic|trailer|boom|036wav|effective trailer booms|federico soler fernández"
"Boom 040.wav","Effective Trailer Booms","Federico Soler Fernández","https://sonniss.com/sound-effects/effective-trailer-booms/","/Federico Soler Fernández - Effective Trailer Booms/Boom 040.wav","boom|sub|impact|low|lowend|cinematic|bass|hit|film|dark|action|dramatic|horror|powerful|tension|epic|trailer|boom|040wav|effective trailer booms|federico soler fernández"
"Boom 091.wav","Effective Trailer Booms","Federico Soler Fernández","https://sonniss.com/sound-effects/effective-trailer-booms/","/Federico Soler Fernández - Effective Trailer Booms/Boom 091.wav","boom|sub|impact|low|lowend|cinematic|bass|hit|film|dark|action|dramatic|horror|powerful|tension|epic|trailer|boom|091wav|effective trailer booms|federico soler fernández"
"Clock 023.wav","Effective Trailer Clocks","Federico Soler Fernández","https://sonniss.com/sound-effects/effective-trailer-clocks/","/Federico Soler Fernández - Effective Trailer Clocks/Clock 023.wav","intense|trailer|clockwork|clock|023wav|effective trailer clocks|federico soler fernández"
"Clock 025.wav","Effective Trailer Clocks","Federico Soler Fernández","https://sonniss.com/sound-effects/effective-trailer-clocks/","/Federico Soler Fernández - Effective Trailer Clocks/Clock 025.wav","intense|trailer|watch|clock|025wav|effective trailer clocks|federico soler fernández"
"Clock 070.wav","Effective Trailer Clocks","Federico Soler Fernández","https://sonniss.com/sound-effects/effective-trailer-clocks/","/Federico Soler Fernández - Effective Trailer Clocks/Clock 070.wav","scary|cinematic|watch|clock|070wav|effective trailer clocks|federico soler fernández"
"Clock 097.wav","Effective Trailer Clocks","Federico Soler Fernández","https://sonniss.com/sound-effects/effective-trailer-clocks/","/Federico Soler Fernández - Effective Trailer Clocks/Clock 097.wav","dramatic|cinematic|clock|097wav|effective trailer clocks|federico soler fernández"
"Angry E.wav","Effective Trailer Hits & Impacts","Federico Soler Fernández","https://sonniss.com/sound-effects/effective-trailer-hits-impacts/","/Federico Soler Fernández - Effective Trailer Hits & Impacts/Angry E.wav","trailer|designed|scifi|dark|robotic|granular|distorted|metallic|noisy|angry|ewav|effective trailer hits & impacts|federico soler fernández"
"Dramatic E.wav","Effective Trailer Hits & Impacts","Federico Soler Fernández","https://sonniss.com/sound-effects/effective-trailer-hits-impacts/","/Federico Soler Fernández - Effective Trailer Hits & Impacts/Dramatic E.wav","trailer|designed|scifi|dark|robotic|granular|distorted|metallic|noisy|dramatic|ewav|effective trailer hits & impacts|federico soler fernández"
"Ruin B.wav","Effective Trailer Hits & Impacts","Federico Soler Fernández","https://sonniss.com/sound-effects/effective-trailer-hits-impacts/","/Federico Soler Fernández - Effective Trailer Hits & Impacts/Ruin B.wav","trailer|designed|scifi|dark|robotic|granular|distorted|metallic|noisy|ruin|bwav|effective trailer hits & impacts|federico soler fernández"
"Smash B.wav","Effective Trailer Hits & Impacts","Federico Soler Fernández","https://sonniss.com/sound-effects/effective-trailer-hits-impacts/","/Federico Soler Fernández - Effective Trailer Hits & Impacts/Smash B.wav","trailer|designed|scifi|dark|robotic|granular|distorted|metallic|noisy|smash|bwav|effective trailer hits & impacts|federico soler fernández"
"Action B.wav","Effective Trailer Whooshes","Federico Soler Fernández","https://sonniss.com/sound-effects/effective-trailer-whooshes/","/Federico Soler Fernández - Effective Trailer Whooshes/Action B.wav","anxious|dark|evil|futuristic|metallic|powerful|tension|trailer|action|bwav|effective trailer whooshes|federico soler fernández"
"Justice B.wav","Effective Trailer Whooshes","Federico Soler Fernández","https://sonniss.com/sound-effects/effective-trailer-whooshes/","/Federico Soler Fernández - Effective Trailer Whooshes/Justice B.wav","dark|deep|determined|disturbing|dramatic|eerie|energetic|trailer|justice|bwav|effective trailer whooshes|federico soler fernández"
"Titan D.wav","Effective Trailer Whooshes","Federico Soler Fernández","https://sonniss.com/sound-effects/effective-trailer-whooshes/","/Federico Soler Fernández - Effective Trailer Whooshes/Titan D.wav","ethereal|evil|frantic|futuristic|hard|heavy|horror|intense|trailer|titan|dwav|effective trailer whooshes|federico soler fernández"
"Warlock D.wav","Effective Trailer Whooshes","Federico Soler Fernández","https://sonniss.com/sound-effects/effective-trailer-whooshes/","/Federico Soler Fernández - Effective Trailer Whooshes/Warlock D.wav","ominous|powerful|scary|strange|suspense|tension|terror|trailer|warlock|dwav|effective trailer whooshes|federico soler fernández"
"Old_Car_Short_Passby_04.wav","Old Cars – Short Passby","Fox Audio Post-Production","https://sonniss.com/sound-effects/cars-short-passby/","/Fox Audio Post-Production - Old Cars – Short Passby/Old_Car_Short_Passby_04.wav","old|car|passby|slow|motor|engine|exhaust|old_car_short_passby_04wav|old cars – short passby|fox audio post-production"
"Old_Car_Short_Passby_06.wav","Old Cars – Short Passby","Fox Audio Post-Production","https://sonniss.com/sound-effects/cars-short-passby/","/Fox Audio Post-Production - Old Cars – Short Passby/Old_Car_Short_Passby_06.wav","old|car|passby|slow|motor|engine|exhaust|old_car_short_passby_06wav|old cars – short passby|fox audio post-production"
"Celery_Crunch_13.wav","Vegetable Murder – Crush & Crunch","Fox Audio Post-Production","https://sonniss.com/sound-effects/vegetable-murder-crush-crunch/","/Fox Audio Post-Production - Vegetable Murder – Crush & Crunch/Celery_Crunch_13.wav","celeri|crunch|celery_crunch_13wav|vegetable murder – crush & crunch|fox audio post-production"
"Pepper_Crush_06.wav","Vegetable Murder – Crush & Crunch","Fox Audio Post-Production","https://sonniss.com/sound-effects/vegetable-murder-crush-crunch/","/Fox Audio Post-Production - Vegetable Murder – Crush & Crunch/Pepper_Crush_06.wav","pepper|crush|pepper_crush_06wav|vegetable murder – crush & crunch|fox audio post-production"
"Alien Beast Deep - Medium 5.wav","Alien Voices","Gage Freeman","https://sonniss.com/sound-effects/alien-voices/","/Gage Freeman - Alien Voices/Alien Beast Deep - Medium 5.wav","alien|beast|deep|medium|5wav|alien voices|gage freeman"
"Alien Beast Small - Short 7.wav","Alien Voices","Gage Freeman","https://sonniss.com/sound-effects/alien-voices/","/Gage Freeman - Alien Voices/Alien Beast Small - Short 7.wav","alien|beast|small|short|7wav|alien voices|gage freeman"
"Deep Alien Robot - Long 2.wav","Alien Voices","Gage Freeman","https://sonniss.com/sound-effects/alien-voices/","/Gage Freeman - Alien Voices/Deep Alien Robot - Long 2.wav","deep|alien|robot|long|2wav|alien voices|gage freeman"
"Female Alien Robot - Long 3.wav","Alien Voices","Gage Freeman","https://sonniss.com/sound-effects/alien-voices/","/Gage Freeman - Alien Voices/Female Alien Robot - Long 3.wav","female|alien|robot|long|3wav|alien voices|gage freeman"
"Aerosol Spray Short.wav","Bathroom Sounds","Gage Freeman","https://sonniss.com/sound-effects/bathroom-sounds/","/Gage Freeman - Bathroom Sounds/Aerosol Spray Short.wav","aerosol|spray|shortwav|bathroom sounds|gage freeman"
"Pee Long.wav","Bathroom Sounds","Gage Freeman","https://sonniss.com/sound-effects/bathroom-sounds/","/Gage Freeman - Bathroom Sounds/Pee Long.wav","pee|longwav|bathroom sounds|gage freeman"
"Shower 1 Minute 2.wav","Bathroom Sounds","Gage Freeman","https://sonniss.com/sound-effects/bathroom-sounds/","/Gage Freeman - Bathroom Sounds/Shower 1 Minute 2.wav","shower|1|minute|2wav|bathroom sounds|gage freeman"
"Toilet Flush Long.wav","Bathroom Sounds","Gage Freeman","https://sonniss.com/sound-effects/bathroom-sounds/","/Gage Freeman - Bathroom Sounds/Toilet Flush Long.wav","toilet|flush|longwav|bathroom sounds|gage freeman"
"Bass Gritty Wobble.wav","Bass Weight - Low End Elements","Glitchedtones","https://sonniss.com/sound-effects/bass-weight-elements/","/Glitchedtones - Bass Weight - Low End Elements/Bass Gritty Wobble.wav","bass|sub|low|synthesized|impact|braam|trailer|bass|gritty|wobblewav|bass weight - low end elements|glitchedtones"
"Bass Sub Wub 02.wav","Bass Weight - Low End Elements","Glitchedtones","https://sonniss.com/sound-effects/bass-weight-elements/","/Glitchedtones - Bass Weight - Low End Elements/Bass Sub Wub 02.wav","bass|sub|low|synthesized|impact|braam|trailer|bass|sub|wub|02wav|bass weight - low end elements|glitchedtones"
"EMF Android Box 02.wav","Electromagnetic Field","Glitchedtones","https://sonniss.com/sound-effects/electromagnetic-field/","/Glitchedtones - Electromagnetic Field/EMF Android Box 02.wav","electromagnetic|field|emf|em|electrical|interference|noise|android|box|02wav|electromagnetic field|glitchedtones"
"EMF Cellphone Loop 01.wav","Electromagnetic Field","Glitchedtones","https://sonniss.com/sound-effects/electromagnetic-field/","/Glitchedtones - Electromagnetic Field/EMF Cellphone Loop 01.wav","electromagnetic|field|emf|em|electrical|loop|cellphone|loop|01wav|electromagnetic field|glitchedtones"
"EMF Extractor Fan Box 01.wav","Electromagnetic Field","Glitchedtones","https://sonniss.com/sound-effects/electromagnetic-field/","/Glitchedtones - Electromagnetic Field/EMF Extractor Fan Box 01.wav","electromagnetic|field|emf|em|electrical|interference|noise|extractor|fan|box|01wav|electromagnetic field|glitchedtones"
"EMF Monitor Speaker Abuse 01.wav","Electromagnetic Field","Glitchedtones","https://sonniss.com/sound-effects/electromagnetic-field/","/Glitchedtones - Electromagnetic Field/EMF Monitor Speaker Abuse 01.wav","electromagnetic|field|emf|em|electrical|interference|noise|monitor|speaker|abuse|01wav|electromagnetic field|glitchedtones"
"High Frequency Feedback Loop 11.wav","High Frequency Feedback Loops","Glitchedtones","https://sonniss.com/sound-effects/high-frequency-feedback-loops/","/Glitchedtones - High Frequency Feedback Loops/High Frequency Feedback Loop 11.wav","high|frequency|piercing|feedback|loop|analogue|noise|texture|noinput|mixer|high|frequency|feedback|loop|11wav|high frequency feedback loops|glitchedtones"
"High Frequency Feedback Loop 30.wav","High Frequency Feedback Loops","Glitchedtones","https://sonniss.com/sound-effects/high-frequency-feedback-loops/","/Glitchedtones - High Frequency Feedback Loops/High Frequency Feedback Loop 30.wav","high|frequency|piercing|feedback|loop|analogue|noise|texture|noinput|mixer|high|frequency|feedback|loop|30wav|high frequency feedback loops|glitchedtones"
"High Frequency Feedback Loop 37.wav","High Frequency Feedback Loops","Glitchedtones","https://sonniss.com/sound-effects/high-frequency-feedback-loops/","/Glitchedtones - High Frequency Feedback Loops/High Frequency Feedback Loop 37.wav","high|frequency|piercing|feedback|loop|analogue|noise|texture|noinput|mixer|high|frequency|feedback|loop|37wav|high frequency feedback loops|glitchedtones"
"Abstract FX 01.wav","Paranormal","Glitchedtones","https://sonniss.com/sound-effects/paranormal/","/Glitchedtones - Paranormal/Abstract FX 01.wav","horror|science|fiction|abstract|hit|abstract|fx|01wav|paranormal|glitchedtones"
"Drone Short 01.wav","Paranormal","Glitchedtones","https://sonniss.com/sound-effects/paranormal/","/Glitchedtones - Paranormal/Drone Short 01.wav","horror|science|fiction|drone|atmosphere|texture|drone|short|01wav|paranormal|glitchedtones"
"Eerie Passby 06.wav","Paranormal","Glitchedtones","https://sonniss.com/sound-effects/paranormal/","/Glitchedtones - Paranormal/Eerie Passby 06.wav","horror|science|fiction|atmosphere|texture|transition|passby|abstract|eerie|passby|06wav|paranormal|glitchedtones"
"Vocal Ghost We Are Coming For You 02.wav","Paranormal","Glitchedtones","https://sonniss.com/sound-effects/paranormal/","/Glitchedtones - Paranormal/Vocal Ghost We Are Coming For You 02.wav","horror|vocal|voice|abstract|texture|ghost|paranormal|evp|processed|male|vocal|ghost|we|are|coming|for|you|02wav|paranormal|glitchedtones"
"Retro Video Game FX (2).wav","Retro Video Game FX","Glitchedtones","https://sonniss.com/sound-effects/retro-video-game-fx/","/Glitchedtones - Retro Video Game FX/Retro Video Game FX (2).wav","video|game|8|bit|gameboy|retro|chiptune|retro|video|game|fx|(2)wav|retro video game fx|glitchedtones"
"Retro Video Game FX (8).wav","Retro Video Game FX","Glitchedtones","https://sonniss.com/sound-effects/retro-video-game-fx/","/Glitchedtones - Retro Video Game FX/Retro Video Game FX (8).wav","video|game|8|bit|gameboy|retro|chiptune|retro|video|game|fx|(8)wav|retro video game fx|glitchedtones"
"Retro Video Game FX (10).wav","Retro Video Game FX","Glitchedtones","https://sonniss.com/sound-effects/retro-video-game-fx/","/Glitchedtones - Retro Video Game FX/Retro Video Game FX (10).wav","video|game|8|bit|gameboy|retro|chiptune|retro|video|game|fx|(10)wav|retro video game fx|glitchedtones"
"Transition Alien Sonar 03.wav","Scene Switch- Transitions & Textures","Glitchedtones","https://sonniss.com/sound-effects/scene-switch-transitions-textures/","/Glitchedtones - Scene Switch- Transitions & Textures/Transition Alien Sonar 03.wav","transition|cutaway|wipe|cinematic|abstract|alien|science|fiction|scifi|transition|alien|sonar|03wav|scene switch- transitions & textures|glitchedtones"
"Transition Synth Delay 03.wav","Scene Switch- Transitions & Textures","Glitchedtones","https://sonniss.com/sound-effects/scene-switch-transitions-textures/","/Glitchedtones - Scene Switch- Transitions & Textures/Transition Synth Delay 03.wav","transition|cutaway|wipe|cinematic|abstract|synthesizer|transition|synth|delay|03wav|scene switch- transitions & textures|glitchedtones"
"Transition Synth Filter Drone.wav","Scene Switch- Transitions & Textures","Glitchedtones","https://sonniss.com/sound-effects/scene-switch-transitions-textures/","/Glitchedtones - Scene Switch- Transitions & Textures/Transition Synth Filter Drone.wav","transition|cutaway|wipe|cinematic|abstract|synthesizer|drone|transition|synth|filter|dronewav|scene switch- transitions & textures|glitchedtones"
"Zombie Groan Pitched Down (6).wav","Zombie","Glitchedtones","https://sonniss.com/sound-effects/zombie/","/Glitchedtones - Zombie/Zombie Groan Pitched Down (6).wav","zombie|horror|science|fiction|scifi|alien|monster|creature|voice|vocal|groan|growl|processed|pitched|down|(6)wav|glitchedtones"
"Zombie Subject B Groan (8).wav","Zombie","Glitchedtones","https://sonniss.com/sound-effects/zombie/","/Glitchedtones - Zombie/Zombie Subject B Groan (8).wav","zombie|horror|science|fiction|scifi|alien|monster|creature|voice|vocal|groan|growl|subject|b|(8)wav|glitchedtones"
"Zombie Subject B Hiss (1).wav","Zombie","Glitchedtones","https://sonniss.com/sound-effects/zombie/","/Glitchedtones - Zombie/Zombie Subject B Hiss (1).wav","zombie|horror|science|fiction|scifi|alien|monster|creature|voice|vocal|hiss|subject|b|(1)wav|glitchedtones"
"Zombie Subject C Zombie Brat Groan (9).wav","Zombie","Glitchedtones","https://sonniss.com/sound-effects/zombie/","/Glitchedtones - Zombie/Zombie Subject C Zombie Brat Groan (9).wav","zombie|horror|science|fiction|scifi|alien|monster|creature|voice|vocal|groan|growl|subject|c|brat|(9)wav|glitchedtones"
"Combat_Triple_Combo_Hit.wav","Super FX 8 and 16-bit Video Game SFX","Impact Soundworks","https://sonniss.com/sound-effects/super-fx-8-16-bit-video-game-sfx/","/Impact Soundworks - Super FX 8 and 16-bit Video Game SFX/Combat_Triple_Combo_Hit.wav","combat_triple_combo_hitwav|super fx 8 and 16-bit video game sfx|impact soundworks"
"Magic_Teleport.wav","Super FX 8 and 16-bit Video Game SFX","Impact Soundworks","https://sonniss.com/sound-effects/super-fx-8-16-bit-video-game-sfx/","/Impact Soundworks - Super FX 8 and 16-bit Video Game SFX/Magic_Teleport.wav","magic_teleportwav|super fx 8 and 16-bit video game sfx|impact soundworks"
"Misc_Glass_Crystal_Shatter.wav","Super FX 8 and 16-bit Video Game SFX","Impact Soundworks","https://sonniss.com/sound-effects/super-fx-8-16-bit-video-game-sfx/","/Impact Soundworks - Super FX 8 and 16-bit Video Game SFX/Misc_Glass_Crystal_Shatter.wav","misc_glass_crystal_shatterwav|super fx 8 and 16-bit video game sfx|impact soundworks"
"UI_Level_Up.wav","Super FX 8 and 16-bit Video Game SFX","Impact Soundworks","https://sonniss.com/sound-effects/super-fx-8-16-bit-video-game-sfx/","/Impact Soundworks - Super FX 8 and 16-bit Video Game SFX/UI_Level_Up.wav","ui_level_upwav|super fx 8 and 16-bit video game sfx|impact soundworks"
"Farting_Wet_Long_02.wav","44.1 General Library","InspectorJ","https://sonniss.com/sound-effects/44-1-general-library/","/InspectorJ - 44.1 General Library/Farting_Wet_Long_02.wav","a|male|farting|violently|some|flatulence|with|a|long|wet|watery|and|sticky|bottom|burp|from|diarrhea|some|reverberence|of|the|toilet|bowl|farting_wet_long_02wav|44.1 general library|inspectorj"
"Thunder_Very-Close_Rain_08.wav","44.1 General Library","InspectorJ","https://sonniss.com/sound-effects/44-1-general-library/","/InspectorJ - 44.1 General Library/Thunder_Very-Close_Rain_08.wav","a|very|close|booming|bright|crackling|thunder|lightning|strike|during|a|thunderstorm|with|moderate|rain|thunder_veryclose_rain_08wav|44.1 general library|inspectorj"
"Whistle_Finger_Moderate_02.wav","44.1 General Library","InspectorJ","https://sonniss.com/sound-effects/44-1-general-library/","/InspectorJ - 44.1 General Library/Whistle_Finger_Moderate_02.wav","a|male|finger|whistling|in|his|mouth|for|a|moderate|duration|slight|reverberation|church|whistle_finger_moderate_02wav|44.1 general library|inspectorj"
"Woodchipper_Close_01.wav","44.1 General Library","InspectorJ","https://sonniss.com/sound-effects/44-1-general-library/","/InspectorJ - 44.1 General Library/Woodchipper_Close_01.wav","a|woodchipper|vehicle|active|while|chopping|up|a|large|wooden|tree|branch|and|shredding|it|into|woodchips|sawdust|woodchipper_close_01wav|44.1 general library|inspectorj"
"AbstractSpaceship_Flyby_Ascending_A04.wav","Abstract Spaceships","InspectorJ","https://sonniss.com/sound-effects/abstract-spaceships/","/InspectorJ - Abstract Spaceships/AbstractSpaceship_Flyby_Ascending_A04.wav","a|small|spaceship|vehicle|flying|by|with|a|doppler|effect|ascending|in|pitch|and|dry|abstractspaceship_flyby_ascending_a04wav|abstract spaceships|inspectorj"
"AbstractSpaceship_Flyby_Ascending_C19.wav","Abstract Spaceships","InspectorJ","https://sonniss.com/sound-effects/abstract-spaceships/","/InspectorJ - Abstract Spaceships/AbstractSpaceship_Flyby_Ascending_C19.wav","a|small|spaceship|vehicle|flying|by|quickly|with|a|doppler|effect|ascending|in|pitch|and|dry|abstractspaceship_flyby_ascending_c19wav|abstract spaceships|inspectorj"
"AbstractSpaceship_Flyby_Descending_C10.wav","Abstract Spaceships","InspectorJ","https://sonniss.com/sound-effects/abstract-spaceships/","/InspectorJ - Abstract Spaceships/AbstractSpaceship_Flyby_Descending_C10.wav","a|moderate|spaceship|vehicle|flying|by|with|a|doppler|effect|descending|in|pitch|and|dry|abstractspaceship_flyby_descending_c10wav|abstract spaceships|inspectorj"
"AbstractSpaceshipA07_Flat.wav","Abstract Spaceships","InspectorJ","https://sonniss.com/sound-effects/abstract-spaceships/","/InspectorJ - Abstract Spaceships/AbstractSpaceshipA07_Flat.wav","the|raw|flat|sound|of|combining|metal|tin|scrapes|with|a|violin|bow|use|pitch|shifting|tools|to|create|spaceship|vehicle|ascensions|and|descensions|abstractspaceshipa07_flatwav|abstract spaceships|inspectorj"
"Amb_BRT_Batad_A02_Village_LOOP.wav","Banaue Rice Terraces","InspectorJ","https://sonniss.com/sound-effects/ambience-banaue-rice-terraces/","/InspectorJ - Ambience - Banaue Rice Terraces/Amb_BRT_Batad_A02_Village_LOOP.wav","ambience|from|the|banaue|rice|terraces|philippines|at|a|village|in|batad|animals|can|be|heard|such|as|crickets|and|close|roosters|voices|chatter|background|can|looped|amb_brt_batad_a02_village_loopwav|banaue rice terraces|inspectorj"
"Amb_BRT_Mid-Day_C11_Animals_LOOP.wav","Banaue Rice Terraces","InspectorJ","https://sonniss.com/sound-effects/ambience-banaue-rice-terraces/","/InspectorJ - Ambience - Banaue Rice Terraces/Amb_BRT_Mid-Day_C11_Animals_LOOP.wav","ambience|from|the|banaue|rice|terraces|philippines|at|midday|animals|can|be|heard|such|as|crickets|birds|dogs|and|a|close|rooster|waterfalls|rivers|are|in|background|can|looped|amb_brt_midday_c11_animals_loopwav|banaue rice terraces|inspectorj"
"Amb_BRT_Morning_B04_River_LOOP.wav","Banaue Rice Terraces","InspectorJ","https://sonniss.com/sound-effects/ambience-banaue-rice-terraces/","/InspectorJ - Ambience - Banaue Rice Terraces/Amb_BRT_Morning_B04_River_LOOP.wav","ambience|from|the|banaue|rice|terraces|philippines|in|morning|animals|can|be|heard|such|as|crickets|a|close|bird|and|roosters|waterfalls|rivers|are|background|can|looped|amb_brt_morning_b04_river_loopwav|banaue rice terraces|inspectorj"
"Amb_BRT_Night_E01_Clean_LOOP.wav","Banaue Rice Terraces","InspectorJ","https://sonniss.com/sound-effects/ambience-banaue-rice-terraces/","/InspectorJ - Ambience - Banaue Rice Terraces/Amb_BRT_Night_E01_Clean_LOOP.wav","ambience|from|the|banaue|rice|terraces|philippines|a|night|animals|can|be|heard|such|as|crickets|the|noise|has|been|removed|can|looped|amb_brt_night_e01_clean_loopwav|banaue rice terraces|inspectorj"
"BB_CreatureVoiceC_Dry_088.wav","Hidden Voices - Bodyboard","InspectorJ","https://sonniss.com/sound-effects/hidden-voices-bodyboard/","/InspectorJ - Hidden Voices- Bodyboard/BB_CreatureVoiceC_Dry_088.wav","a|creature|vocalization|made|by|combining|several|stretching|sounds|from|twisting|a|surfing|bodyboard|of|polystyrene|foam|then|pitch|shifted|with|high|timbre|no|reverberation|bb_creaturevoicec_dry_088wav|hidden voices - bodyboard|inspectorj"
"BB_CreatureVoiceG_Dry_281.wav","Hidden Voices - Bodyboard","InspectorJ","https://sonniss.com/sound-effects/hidden-voices-bodyboard/","/InspectorJ - Hidden Voices- Bodyboard/BB_CreatureVoiceG_Dry_281.wav","a|creature|vocalization|made|by|combining|several|stretching|sounds|from|twisting|a|surfing|bodyboard|of|polystyrene|foam|then|pitch|shifted|with|flanger|and|tremolo|effect|no|reverberation|bb_creaturevoiceg_dry_281wav|hidden voices - bodyboard|inspectorj"
"BB_Laugh_22.wav","Hidden Voices - Bodyboard","InspectorJ","https://sonniss.com/sound-effects/hidden-voices-bodyboard/","/InspectorJ - Hidden Voices- Bodyboard/BB_Laugh_22.wav","a|jagged|detached|finger|scrape|of|a|surfing|bodyboard|made|polystyrene|foam|bb_laugh_22wav|hidden voices - bodyboard|inspectorj"
"BB_Scrape_19.wav","Hidden Voices - Bodyboard","InspectorJ","https://sonniss.com/sound-effects/hidden-voices-bodyboard/","/InspectorJ - Hidden Voices- Bodyboard/BB_Scrape_19.wav","a|smooth|piercing|scrape|of|a|surfing|bodyboard|made|polystyrene|foam|rather|shrill|bb_scrape_19wav|hidden voices - bodyboard|inspectorj"
"Flexatone_Quiver_09.wav","Hidden Voices- Flexatone","InspectorJ","https://sonniss.com/sound-effects/hidden-voices-flexatone/","/InspectorJ - Hidden Voices- Flexatone/Flexatone_Quiver_09.wav","partially|hitting|a|metal|flexatone|with|mallet|or|quickly|shaking|it|to|create|brief|metallic|phrase|of|sound|that|changes|pitch|as|the|is|bent|creating|fast|quivering|flexatone_quiver_09wav|hidden voices- flexatone|inspectorj"
"Flexatone_VoiceA_Laugh_Long_08.wav","Hidden Voices- Flexatone","InspectorJ","https://sonniss.com/sound-effects/hidden-voices-flexatone/","/InspectorJ - Hidden Voices- Flexatone/Flexatone_VoiceA_Laugh_Long_08.wav","a|long|staggered|laughing|comical|metallic|machine|or|robot|voice|raw|with|no|effects|scraping|the|edge|of|a|metal|flexatone|violin|horse|hair|bow|flexatone_voicea_laugh_long_08wav|hidden voices- flexatone|inspectorj"
"Flexatone_VoiceA_Really_16.wav","Hidden Voices- Flexatone","InspectorJ","https://sonniss.com/sound-effects/hidden-voices-flexatone/","/InspectorJ - Hidden Voices- Flexatone/Flexatone_VoiceA_Really_16.wav","an|ascending|metallic|machine|or|robot|voice|similar|to|the|word|b|flexatone_voicea_really_16wav|hidden voices- flexatone|inspectorj"
"Flexatone_VoiceD_Talk_20.wav","Hidden Voices- Flexatone","InspectorJ","https://sonniss.com/sound-effects/hidden-voices-flexatone/","/InspectorJ - Hidden Voices- Flexatone/Flexatone_VoiceD_Talk_20.wav","a|childlike|conversational|metallic|machine|robot|or|scifi|computer|voice|talking|generally|higher|in|pitch|with|a|brighter|timbre|and|ascending|delay|scraping|the|edge|of|metal|flexatone|violin|horse|hair|bow|flexatone_voiced_talk_20wav|hidden voices- flexatone|inspectorj"
"Piano_MalletStrike_Metal_Damped_G_Full.wav","Piano Mallet Strikes and FX","InspectorJ","https://sonniss.com/sound-effects/piano-mallet-strikes-fx/","/InspectorJ - Piano Mallet Strikes and FX/Piano_MalletStrike_Metal_Damped_G_Full.wav","several|metal|mallet|strikes|of|piano|strings|on|the|pitch|'g'|that|are|damped|piano_malletstrike_metal_damped_g_fullwav|piano mallet strikes and fx|inspectorj"
"Piano_MetalMallet_Gliss_Mid_Asc_Leg_Damp_14.wav","Piano Mallet Strikes and FX","InspectorJ","https://sonniss.com/sound-effects/piano-mallet-strikes-fx/","/InspectorJ - Piano Mallet Strikes and FX/Piano_MetalMallet_Gliss_Mid_Asc_Leg_Damp_14.wav","scraping|a|metal|mallet|across|the|middle|piano|strings|with|dampers|resting|on|ascending|in|pitch|and|played|legato|for|smoother|glissando|piano_metalmallet_gliss_mid_asc_leg_damp_14wav|piano mallet strikes and fx|inspectorj"
"Piano_MetalMallet_Gliss_VeryHigh_Desc_Leg_6.wav","Piano Mallet Strikes and FX","InspectorJ","https://sonniss.com/sound-effects/piano-mallet-strikes-fx/","/InspectorJ - Piano Mallet Strikes and FX/Piano_MetalMallet_Gliss_VeryHigh_Desc_Leg_6.wav","scraping|a|metal|mallet|across|the|very|high|piano|strings|with|natural|sustain|due|to|absence|of|dampers|descending|in|pitch|and|played|legato|for|smoother|glissando|piano_metalmallet_gliss_veryhigh_desc_leg_6wav|piano mallet strikes and fx|inspectorj"
"Piano_MetalMallet_Scrape_FullString_Damp_Long_18.wav","Piano Mallet Strikes and FX","InspectorJ","https://sonniss.com/sound-effects/piano-mallet-strikes-fx/","/InspectorJ - Piano Mallet Strikes and FX/Piano_MetalMallet_Scrape_FullString_Damp_Long_18.wav","scraping|a|metal|mallet|along|one|or|two|low|piano|strings|to|create|brassy|metallic|almost|enginelike|sound|these|sounds|scrape|large|amount|of|the|string|piano_metalmallet_scrape_fullstring_damp_long_18wav|piano mallet strikes and fx|inspectorj"
"ToiletFlush_Airplane_Close_InFlight_2.wav","Toilet Flush","InspectorJ","https://sonniss.com/sound-effects/toilet-flush/","/InspectorJ - Toilet Flush/ToiletFlush_Airplane_Close_InFlight_2.wav","a|toilet|flush|on|a|boeing|commercial|airplane|in|flight|the|recorder|was|held|about|50cm|away|from|the|seat|engine|noise|of|plane|is|present|toiletflush_airplane_close_inflight_2wav|toilet flush|inspectorj"
"ToiletFlush_American7_Distant_LidUp_2.wav","Toilet Flush","InspectorJ","https://sonniss.com/sound-effects/toilet-flush/","/InspectorJ - Toilet Flush/ToiletFlush_American7_Distant_LidUp_2.wav","an|american|toilet|flushing|with|the|lid|up|the|recorder|was|about|1m|away|from|refilling|cycle|can|be|heard|toiletflush_american7_distant_lidup_2wav|toilet flush|inspectorj"
"ToiletFlush_European07_Distant_LidUp_1.wav","Toilet Flush","InspectorJ","https://sonniss.com/sound-effects/toilet-flush/","/InspectorJ - Toilet Flush/ToiletFlush_European07_Distant_LidUp_1.wav","a|european|toilet|flushing|with|the|lid|up|the|recorder|was|about|1m|away|from|refilling|cycle|can|be|heard|toiletflush_european07_distant_lidup_1wav|toilet flush|inspectorj"
"Urinal6_Multi_Close.wav","Toilet Flush","InspectorJ","https://sonniss.com/sound-effects/toilet-flush/","/InspectorJ - Toilet Flush/Urinal6_Multi_Close.wav","several|urinals|flushing|at|the|same|time|the|recorder|was|about|10cm|away|from|central|urinal|urinal6_multi_closewav|toilet flush|inspectorj"
"UI_Mechanical_Confirm_04_FX.wav","UI - Mechanical","InspectorJ","https://sonniss.com/sound-effects/ui-mechanical/","/InspectorJ - UI - Mechanical/UI_Mechanical_Confirm_04_FX.wav","mechanical|machine|user|interface|confirming|a|final|selection|on|menu|or|list|a|reversed|ascent|into|metallic|door|handle|with|echo|delay|and|deep|bass|booming|ui_mechanical_confirm_04_fxwav|ui - mechanical|inspectorj"
"UI_Mechanical_Error_11_FX_01.wav","UI - Mechanical","InspectorJ","https://sonniss.com/sound-effects/ui-mechanical/","/InspectorJ - UI - Mechanical/UI_Mechanical_Error_11_FX_01.wav","mechanical|machine|user|interface|error|alert|when|a|problem|or|issue|arises|a|printer|extract|descending|in|pitch|with|synthesized|tone|and|stereo|echo|delay|ui_mechanical_error_11_fx_01wav|ui - mechanical|inspectorj"
"UI_Mechanical_Move_40.wav","UI - Mechanical","InspectorJ","https://sonniss.com/sound-effects/ui-mechanical/","/InspectorJ - UI - Mechanical/UI_Mechanical_Move_40.wav","mechanical|machine|user|interface|moving|or|choosing|between|different|options|on|a|menu|list|a|plastic|piston|button|ui_mechanical_move_40wav|ui - mechanical|inspectorj"
"UI_Mechanical_Turning-On_03_Raw.wav","UI - Mechanical","InspectorJ","https://sonniss.com/sound-effects/ui-mechanical/","/InspectorJ - UI - Mechanical/UI_Mechanical_Turning-On_03_Raw.wav","mechanical|machine|user|interface|turning|on|booting|up|or|activating|a|printer|extract|ascending|in|pitch|with|a|deep|booming|bass|tone|ui_mechanical_turningon_03_rawwav|ui - mechanical|inspectorj"
"Destruction_Wooden_2.wav","Wooden Fence Destruction","InspectorJ","https://sonniss.com/sound-effects/wooden-fence-destruction/","/InspectorJ - Wooden Fence Destruction/Destruction_Wooden_2.wav","combining|several|wooden|fence|panel|snap|sounds|together|for|a|large|dry|destructive|sound|destruction_wooden_2wav|wooden fence destruction|inspectorj"
"Dropping_WoodPanel_Multi_6.wav","Wooden Fence Destruction","InspectorJ","https://sonniss.com/sound-effects/wooden-fence-destruction/","/InspectorJ - Wooden Fence Destruction/Dropping_WoodPanel_Multi_6.wav","dropping|several|pieces|of|wooden|debris|on|to|concrete|dropping_woodpanel_multi_6wav|wooden fence destruction|inspectorj"
"Dropping_WoodPile_79.wav","Wooden Fence Destruction","InspectorJ","https://sonniss.com/sound-effects/wooden-fence-destruction/","/InspectorJ - Wooden Fence Destruction/Dropping_WoodPile_79.wav","dropping|a|wooden|fence|panel|on|pile|of|small|dry|wood|dropping_woodpile_79wav|wooden fence destruction|inspectorj"
"WoodenFence_Thud_Multi_1.wav","Wooden Fence Destruction","InspectorJ","https://sonniss.com/sound-effects/wooden-fence-destruction/","/InspectorJ - Wooden Fence Destruction/WoodenFence_Thud_Multi_1.wav","separate|takes|of|bashing|a|dry|wooden|fence|panel|on|to|concrete|for|thud|woodenfence_thud_multi_1wav|wooden fence destruction|inspectorj"
"rain_shower of rain_steady rain_forest_leaves.wav","Storm, gale and thunderstorm","Invisible","https://sonniss.com/sound-effects/storm-gale-thunderstorm/","/Invisible - Storm, gale and thunderstorm/rain_shower of rain_steady rain_forest_leaves.wav","rain_shower|of|rain_steady|rain_forest_leaveswav|storm, gale and thunderstorm|invisible"
"rain_shower of rain_steady rain_thunder.wav","Storm, gale and thunderstorm","Invisible","https://sonniss.com/sound-effects/storm-gale-thunderstorm/","/Invisible - Storm, gale and thunderstorm/rain_shower of rain_steady rain_thunder.wav","rain_shower|of|rain_steady|rain_thunderwav|storm, gale and thunderstorm|invisible"
"thunderstorm_distant_blackbirds_singing_1.wav","Storm, gale and thunderstorm","Invisible","https://sonniss.com/sound-effects/storm-gale-thunderstorm/","/Invisible - Storm, gale and thunderstorm/thunderstorm_distant_blackbirds_singing_1.wav","thunderstorm_distant_blackbirds_singing_1wav|storm, gale and thunderstorm|invisible"
"01 Small beach_rolling stones 1.wav","Calm sea","Ivo Vicic","https://sonniss.com/sound-effects/calm-sea/","/Ivo Vicic - Calm sea/01 Small beach_rolling stones 1.wav","rolling|stones|on|small|beach|cave|alike|approx|3x6m|dimensions|calm|sea=rolling|searecorded|with|=rolling|sea|01|small|beach_rolling|1wav|calm sea|ivo vicic"
"08 Small beach_gentle waves_echo 1.wav","Calm sea","Ivo Vicic","https://sonniss.com/sound-effects/calm-sea/","/Ivo Vicic - Calm sea/08 Small beach_gentle waves_echo 1.wav","stake=120sspeed=subits=sfilename=t120_mswavstrk1=track|astrk2=track|b|08|small|beach_gentle|waves_echo|1wav|calm sea|ivo vicic"
"48 Small cave _waves 3.wav","Calm sea","Ivo Vicic","https://sonniss.com/sound-effects/calm-sea/","/Ivo Vicic - Calm sea/48 Small cave _waves 3.wav","stake=388sswver=267sproject=sscene=sfilename=t388wavstape=161123strk1=track|astrk2=track|b|48|small|cave|_waves|3wav|calm sea|ivo vicic"
"59 Beach_wave_near 6.wav","Calm sea","Ivo Vicic","https://sonniss.com/sound-effects/calm-sea/","/Ivo Vicic - Calm sea/59 Beach_wave_near 6.wav","sfilename=file1543_mswavstrk1=|strk2=|snote=calm|sea|northern|mediterranean|msmidsennheiser|mkh40/|sidesennheiser|mkh30>|sound|devices|744t;|rycote|blimp|(windjammer|on)|on|tripod;|rec|by|ivo|vicic|ivovicic@gmailcom|59|beach_wave_near|6wav|calm sea|ivo vicic"
"05 Crickets_owls_summer night.WAV","Natural ambiences vol.1","Ivo Vicic","https://sonniss.com/sound-effects/natural-ambiences-vol-1/","/Ivo Vicic - Natural ambiences vol.1/05 Crickets_owls_summer night.WAV","sfilename=cricket_owls_summer|nightwavstrk1=|strk2=|05|crickets_owls_summer|nightwav|natural ambiences vol.1|ivo vicic"
"38 Wind in grass_Velebit mountain.WAV","Natural ambiences vol.1","Ivo Vicic","https://sonniss.com/sound-effects/natural-ambiences-vol-1/","/Ivo Vicic - Natural ambiences vol.1/38 Wind in grass_Velebit mountain.WAV","sfilename=wind|in|grass_velebit|mountainwavstrk1=|strk2=|38|wind|mountainwav|natural ambiences vol.1|ivo vicic"
"43 Little owl_river_night_distant.WAV","Natural ambiences vol.1","Ivo Vicic","https://sonniss.com/sound-effects/natural-ambiences-vol-1/","/Ivo Vicic - Natural ambiences vol.1/43 Little owl_river_night_distant.WAV","sfilename=little|owl_river_night_distantwavstrk1=|strk2=|43|little|owl_river_night_distantwav|natural ambiences vol.1|ivo vicic"
"03 Overhead power line in wind.wav","Structure borne sound - metal resonances and textures","Ivo Vicic","https://sonniss.com/sound-effects/structure-borne-sound-metal-resonances-textures/","/Ivo Vicic - Structure borne sound - metal resonances and textures/03 Overhead power line in wind.wav","sfilename=03|131228_03wavstrk1=|strk2=|snote=recorded|with|2xjrf|contact|mics|and|sony|pcmd50;|structure|borne|soundoverhead|power|line|in|wind;|sound|fx|library;|recorded|by|ivo|vicic|(ivovicic@gmailcom)|03|overhead|windwav|structure borne sound - metal resonances and textures|ivo vicic"
"08 Overhead power line in wind.wav","Structure borne sound - metal resonances and textures","Ivo Vicic","https://sonniss.com/sound-effects/structure-borne-sound-metal-resonances-textures/","/Ivo Vicic - Structure borne sound - metal resonances and textures/08 Overhead power line in wind.wav","sfilename=08|file0623wavstrk1=|strk2=|snote=recorded|with|2xjrf|contact|mics|sound|devices|mix|pre|and|maudio|microtrack|ii;|structure|borne|soundoverhead|power|line|in|wind;|fx|library;|recorded|by|ivo|vicic|(ivovicic@gmailcom)|08|overhead|windwav|structure borne sound - metal resonances and textures|ivo vicic"
"11 Overhead power line in wind.wav","Structure borne sound - metal resonances and textures","Ivo Vicic","https://sonniss.com/sound-effects/structure-borne-sound-metal-resonances-textures/","/Ivo Vicic - Structure borne sound - metal resonances and textures/11 Overhead power line in wind.wav","snote=recorded|with|2xjrf|contact|mics|sound|devices|mix|pre|and|maudio|microtrack|ii;|structure|borne|soundoverhead|power|line|in|wind;|fx|library;|recorded|by|ivo|vicic|(ivovicic@gmailcom)|11|overhead|windwav|structure borne sound - metal resonances and textures|ivo vicic"
"07 Blizzard_Snow melting_wind_MS stereo.wav","Winter textures vol.1","Ivo Vicic","https://sonniss.com/sound-effects/winter-textures-vol-1/","/Ivo Vicic - Winter textures vol.1/07 Blizzard_Snow melting_wind_MS stereo.wav","07|blizzard_snow|melting_wind_ms|stereowav|winter textures vol.1|ivo vicic"
"43 Ice on stream_wind_4_MS stereo.wav","Winter textures vol.1","Ivo Vicic","https://sonniss.com/sound-effects/winter-textures-vol-1/","/Ivo Vicic - Winter textures vol.1/43 Ice on stream_wind_4_MS stereo.wav","snote=ice|blocks|on|stream|wind|in|background|no|birds|recorded|with|sennheiser|mkh|40/30|rycote|blimp|and|windjammer|sound|devices|mix|pre|maudio|microtrack|ii|mogami|cables|by|ivo|vicic|(ivovicic@gmailcom)|2012|croatia|43|ice|stream_wind_4_ms|stereowav|winter textures vol.1|ivo vicic"
"58 Wind in pines_mid field_MS stereo.wav","Winter textures vol.1","Ivo Vicic","https://sonniss.com/sound-effects/winter-textures-vol-1/","/Ivo Vicic - Winter textures vol.1/58 Wind in pines_mid field_MS stereo.wav","snote=wind|pine|forest|mid|field|no|birds|recorded|with|sennheiser|mkh|40/30|rycote|blimp|and|windjammer|sound|devices|mix|pre|sd|744t|recorder|mogami|cables|by|ivo|vicic|(ivovicic@gmailcom)|winter|2018|in|croatia|58|wind|pines_mid|field_ms|stereowav|winter textures vol.1|ivo vicic"
"91 Wind_winter grass_2_MS stereo.wav","Winter textures vol.1","Ivo Vicic","https://sonniss.com/sound-effects/winter-textures-vol-1/","/Ivo Vicic - Winter textures vol.1/91 Wind_winter grass_2_MS stereo.wav","sfilename=wind_winter|grass_2_ms|stereowavstrk1=|strk2=|91|wind_winter|stereowav|winter textures vol.1|ivo vicic"
"20_Guitar_Pedal_Marshall_EH1_Echohead_Mod_Filter_Setting.wav","Unheard Sounds Electromagnetic Fields","ktwAudio","https://sonniss.com/sound-effects/unheard-sounds-electromagnetic-fields/","/ktwAudio - Unheard Sounds Electromagnetic Fields/20_Guitar_Pedal_Marshall_EH1_Echohead_Mod_Filter_Setting.wav","emf|magnetic|field|buzz|hum|electronics|guitar|effect|fx|pedal|20_guitar_pedal_marshall_eh1_echohead_mod_filter_settingwav|unheard sounds electromagnetic fields|ktwaudio"
"21_Ford_Focus_In_Motion_Windscreen_Wipers.wav","Unheard Sounds Electromagnetic Fields","ktwAudio","https://sonniss.com/sound-effects/unheard-sounds-electromagnetic-fields/","/ktwAudio - Unheard Sounds Electromagnetic Fields/21_Ford_Focus_In_Motion_Windscreen_Wipers.wav","emf|magnetic|field|buzz|hum|electronics|car|ford|focus|windscreen|wipers|21_ford_focus_in_motion_windscreen_wiperswav|unheard sounds electromagnetic fields|ktwaudio"
"77_Mobile_Phone_Locked_Screen_On.wav","Unheard Sounds Electromagnetic Fields","ktwAudio","https://sonniss.com/sound-effects/unheard-sounds-electromagnetic-fields/","/ktwAudio - Unheard Sounds Electromagnetic Fields/77_Mobile_Phone_Locked_Screen_On.wav","emf|magnetic|field|buzz|hum|electronics|mobile|phone|cell|77_mobile_phone_locked_screen_onwav|unheard sounds electromagnetic fields|ktwaudio"
"81_Wireless_Landline_Telephone.wav","Unheard Sounds Electromagnetic Fields","ktwAudio","https://sonniss.com/sound-effects/unheard-sounds-electromagnetic-fields/","/ktwAudio - Unheard Sounds Electromagnetic Fields/81_Wireless_Landline_Telephone.wav","emf|magnetic|field|buzz|hum|electronics|wireless|telephone|phone|home|landline|81_wireless_landline_telephonewav|unheard sounds electromagnetic fields|ktwaudio"
"Hovers 03.wav","Game & UI Interface 001","L.A. Sounds","https://sonniss.com/sound-effects/game-ui-interface-001/","/L.A. Sounds - Game & UI Interface 001/Hovers 03.wav","hovers|03wav|game & ui interface 001|l.a. sounds"
"Scatter Plops 04.wav","Game & UI Interface 001","L.A. Sounds","https://sonniss.com/sound-effects/game-ui-interface-001/","/L.A. Sounds - Game & UI Interface 001/Scatter Plops 04.wav","scatter|plops|04wav|game & ui interface 001|l.a. sounds"
"Triple Click 01.wav","Game & UI Interface 001","L.A. Sounds","https://sonniss.com/sound-effects/game-ui-interface-001/","/L.A. Sounds - Game & UI Interface 001/Triple Click 01.wav","triple|click|01wav|game & ui interface 001|l.a. sounds"
"Distorted Sub Drone Medium.wav","Transition Movement Pack 002","L.A. Sounds","https://sonniss.com/sound-effects/transition-movement-pack-002/","/L.A. Sounds - Transition Movement Pack 002/Distorted Sub Drone Medium.wav","distorted|sub|drone|medium|mediumwav|transition movement pack 002|l.a. sounds"
"Power Whoosh Large 05.wav","Transition Movement Pack 002","L.A. Sounds","https://sonniss.com/sound-effects/transition-movement-pack-002/","/L.A. Sounds - Transition Movement Pack 002/Power Whoosh Large 05.wav","whoosh|power|large|02|05wav|transition movement pack 002|l.a. sounds"
"Sword Ring Scrape Gleam 02.wav","Transition Movement Pack 002","L.A. Sounds","https://sonniss.com/sound-effects/transition-movement-pack-002/","/L.A. Sounds - Transition Movement Pack 002/Sword Ring Scrape Gleam 02.wav","sword|ring|scrape|gleam|02|02wav|transition movement pack 002|l.a. sounds"
"Whoosh Vacuum Movement Medium.wav","Transition Movement Pack 002","L.A. Sounds","https://sonniss.com/sound-effects/transition-movement-pack-002/","/L.A. Sounds - Transition Movement Pack 002/Whoosh Vacuum Movement Medium.wav","whoosh|vacuum|movement|medium|mediumwav|transition movement pack 002|l.a. sounds"
"Air Movement Breeze 01.wav","Transitions 003","L.A. Sounds","https://sonniss.com/sound-effects/transitions-003/","/L.A. Sounds - Transitions 003/Air Movement Breeze 01.wav","air|movement|breeze|01wav|transitions 003|l.a. sounds"
"Reverse Flutter Riser 01.wav","Transitions 003","L.A. Sounds","https://sonniss.com/sound-effects/transitions-003/","/L.A. Sounds - Transitions 003/Reverse Flutter Riser 01.wav","reverse|flutter|riser|01wav|transitions 003|l.a. sounds"
"Sci Fi Movement Long 01.wav","Transitions 003","L.A. Sounds","https://sonniss.com/sound-effects/transitions-003/","/L.A. Sounds - Transitions 003/Sci Fi Movement Long 01.wav","sci|fi|movement|long|01wav|transitions 003|l.a. sounds"
"Sub Low Movement 01.wav","Transitions 003","L.A. Sounds","https://sonniss.com/sound-effects/transitions-003/","/L.A. Sounds - Transitions 003/Sub Low Movement 01.wav","sub|low|movement|01wav|transitions 003|l.a. sounds"
"Construction Scene 8.wav","Construction Sites","Larry Salzman","https://sonniss.com/sound-effects/construction-sites/","/Larry Salzman - Construction Sites/Construction Scene 8.wav","construction|scene|8wav|construction sites|larry salzman"
"Construction Scene 10.wav","Construction Sites","Larry Salzman","https://sonniss.com/sound-effects/construction-sites/","/Larry Salzman - Construction Sites/Construction Scene 10.wav","construction|scene|10wav|construction sites|larry salzman"
"mining on mars .wav","STRANGE WORLDS PART 1","Leslie Reid","https://sonniss.com/sound-effects/strange-worlds-part-1/","/Leslie Reid - STRANGE WORLDS PART 1/mining on mars .wav","mining|on|mars|wav|strange worlds part 1|leslie reid"
"second planet.wav","STRANGE WORLDS PART 1","Leslie Reid","https://sonniss.com/sound-effects/strange-worlds-part-1/","/Leslie Reid - STRANGE WORLDS PART 1/second planet.wav","second|planetwav|strange worlds part 1|leslie reid"
"spacecraft engine 2.wav","STRANGE WORLDS PART 1","Leslie Reid","https://sonniss.com/sound-effects/strange-worlds-part-1/","/Leslie Reid - STRANGE WORLDS PART 1/spacecraft engine 2.wav","spacecraft|engine|2wav|strange worlds part 1|leslie reid"
"distorted world 3.wav","STRANGE WORLDS PART 2","Leslie Reid","https://sonniss.com/sound-effects/strange-worlds-part-2/","/Leslie Reid - STRANGE WORLDS PART 2/distorted world 3.wav","distorted|world|3wav|strange worlds part 2|leslie reid"
"monks on mars.wav","STRANGE WORLDS PART 2","Leslie Reid","https://sonniss.com/sound-effects/strange-worlds-part-2/","/Leslie Reid - STRANGE WORLDS PART 2/monks on mars.wav","monks|on|marswav|strange worlds part 2|leslie reid"
"rumble and echo 4.wav","STRANGE WORLDS PART 2","Leslie Reid","https://sonniss.com/sound-effects/strange-worlds-part-2/","/Leslie Reid - STRANGE WORLDS PART 2/rumble and echo 4.wav","rumble|and|echo|4wav|strange worlds part 2|leslie reid"
"Impact element_Big_Hit-02.wav","Affix","MatiasMacSD","https://sonniss.com/sound-effects/affix/","/MatiasMacSD - Affix/Impact element_Big_Hit-02.wav","production|element|impact|hit|atmospheric|cinematic|mega|big|energy|element_big_hit02wav|affix|matiasmacsd"
"Impact element_Tension-02.wav","Affix","MatiasMacSD","https://sonniss.com/sound-effects/affix/","/MatiasMacSD - Affix/Impact element_Tension-02.wav","production|element|impact|hit|atmospheric|cinematic|tension|pressure|element_tension02wav|affix|matiasmacsd"
"Atmospheric element_Tension-11.wav","Dare","MatiasMacSD","https://sonniss.com/sound-effects/dare_small-pack/","/MatiasMacSD - Dare Small Pack/Atmospheric element_Tension-11.wav","dare|atmospheric|element|fx|movement|cinematic|tension|horror|fear|paranormal|element_tension11wav|matiasmacsd"
"Atmospheric element_Tension-26.wav","Dare","MatiasMacSD","https://sonniss.com/sound-effects/dare_small-pack/","/MatiasMacSD - Dare Small Pack/Atmospheric element_Tension-26.wav","dare|atmospheric|element|fx|movement|cinematic|tension|horror|fear|paranormal|element_tension26wav|matiasmacsd"
"Fx_Atmospheric_Distant-06.wav","Dare","MatiasMacSD","https://sonniss.com/sound-effects/dare_small-pack/","/MatiasMacSD - Dare Small Pack/Fx_Atmospheric_Distant-06.wav","dare|production|element|fx|low|frequency|distant|cinematic|atmospheric|movement|tension|horror|fear|paranormal|fx_atmospheric_distant06wav|matiasmacsd"
"Delay_Movement_Atmospheric-05.wav","DELAY","MatiasMacSD","https://sonniss.com/sound-effects/delay_small-pack/","/MatiasMacSD - DELAY Small Pack/Delay_Movement_Atmospheric-05.wav","production|element|delay|movement|texture|atmospheric|cinematic|delay_movement_atmospheric05wav|delay|matiasmacsd"
"Delay_Movement_Surreal-01.wav","DELAY","MatiasMacSD","https://sonniss.com/sound-effects/delay_small-pack/","/MatiasMacSD - DELAY Small Pack/Delay_Movement_Surreal-01.wav","production|element|delay|movement|texture|atmospheric|cinematic|surreal|experimental|delay_movement_surreal01wav|delay|matiasmacsd"
"Atmospheric Element-02.wav","Dodge This","MatiasMacSD","https://sonniss.com/sound-effects/dodge/","/MatiasMacSD - Dodge This/Atmospheric Element-02.wav","slow|motion|or|bullet|time|mode|production|element|atmospheric|atmosphere|focus|concentration|element02wav|dodge this|matiasmacsd"
"Dodge_Pass By_Movement-22.wav","Dodge This","MatiasMacSD","https://sonniss.com/sound-effects/dodge/","/MatiasMacSD - Dodge This/Dodge_Pass By_Movement-22.wav","slow|motion|bullet|time|production|element|dodge|pass|by|evasion|movement|dodge_pass|by_movement22wav|dodge this|matiasmacsd"
"Fx_Movement_Tremolo-05.wav","Dodge This","MatiasMacSD","https://sonniss.com/sound-effects/dodge/","/MatiasMacSD - Dodge This/Fx_Movement_Tremolo-05.wav","slow|motion|bullet|time|production|element|fx|movement|tremolo|texture|fx_movement_tremolo05wav|dodge this|matiasmacsd"
"Hit_Shot_Sci-fi-04.wav","Dodge This","MatiasMacSD","https://sonniss.com/sound-effects/dodge/","/MatiasMacSD - Dodge This/Hit_Shot_Sci-fi-04.wav","slow|motion|bullet|time|production|element|shot|gunshot|weapon|scifi|science|fiction|hit_shot_scifi04wav|dodge this|matiasmacsd"
"Planet_Explosion_High-12.wav","Eradication","MatiasMacSD","https://sonniss.com/sound-effects/eradication_small-pack/","/MatiasMacSD - Eradication - Small Pack/Planet_Explosion_High-12.wav","eradication|planet|space|explosion|blast|energy|scifi|science|fiction|high|planet_explosion_high12wav|matiasmacsd"
"Planet_Explosion_Low-04.wav","Eradication","MatiasMacSD","https://sonniss.com/sound-effects/eradication_small-pack/","/MatiasMacSD - Eradication - Small Pack/Planet_Explosion_Low-04.wav","eradication|planet|space|explosion|blast|energy|scifi|science|fiction|low|planet_explosion_low04wav|matiasmacsd"
"Atmospheric Flute_Soundscape-12.wav","Flute","MatiasMacSD","https://sonniss.com/sound-effects/flute/","/MatiasMacSD - Flute/Atmospheric Flute_Soundscape-12.wav","flute|atmospheric|atmosphere|drone|soundscape|calm|meditative|peace|flow|musical|fantasy|production|element|cinematic|flute_soundscape12wav|matiasmacsd"
"Tin whistle-03.wav","Flute","MatiasMacSD","https://sonniss.com/sound-effects/flute/","/MatiasMacSD - Flute/Tin whistle-03.wav","musical|instrument|flute|tin|whistle|penny|irish|melody|whistle03wav|matiasmacsd"
"Transverse flute_Bamboo-07.wav","Flute","MatiasMacSD","https://sonniss.com/sound-effects/flute/","/MatiasMacSD - Flute/Transverse flute_Bamboo-07.wav","musical|instrument|flute|transverse|bamboo|melody|flute_bamboo07wav|matiasmacsd"
"Atmospheric element_Low-02.wav","INFILTRATION","MatiasMacSD","https://sonniss.com/sound-effects/infiltration/","/MatiasMacSD - INFILTRATION/Atmospheric element_Low-02.wav","infiltration|spy|espionage|stealth|atmospheric|element|low|frequency|cinematic|scifi|science|fiction|tension|suspense|mystery|trailer|element_low02wav|matiasmacsd"
"Fx_Distant_Atmospheric-05.wav","INFILTRATION","MatiasMacSD","https://sonniss.com/sound-effects/infiltration/","/MatiasMacSD - INFILTRATION/Fx_Distant_Atmospheric-05.wav","infiltration|spy|espionage|stealth|fx|distant|atmospheric|cinematic|tension|suspense|mystery|trailer|fx_distant_atmospheric05wav|matiasmacsd"
"Fx_Reverse_Transition-03.wav","INFILTRATION","MatiasMacSD","https://sonniss.com/sound-effects/infiltration/","/MatiasMacSD - INFILTRATION/Fx_Reverse_Transition-03.wav","infiltration|spy|espionage|stealth|fx|reverse|transition|movement|cinematic|scifi|science|fiction|tension|suspense|mystery|trailer|fx_reverse_transition03wav|matiasmacsd"
"Fx_Transition-04.wav","INFILTRATION","MatiasMacSD","https://sonniss.com/sound-effects/infiltration/","/MatiasMacSD - INFILTRATION/Fx_Transition-04.wav","infiltration|spy|espionage|stealth|fx|transition|movement|cinematic|scifi|science|fiction|tension|suspense|mystery|trailer|fx_transition04wav|matiasmacsd"
"Fx_Mutation_Small Creature_Blood_Flesh-03.wav","Mutation","MatiasMacSD","https://sonniss.com/sound-effects/mutation/","/MatiasMacSD - Mutation/Fx_Mutation_Small Creature_Blood_Flesh-03.wav","texture|fx|production|element|movement|scifi|horror|mutation|morph|monster|creature|small|blood|flesh|cinematic|fx_mutation_small|creature_blood_flesh03wav|matiasmacsd"
"Guitar Pick_Metallic_Drop-02.wav","Mutation","MatiasMacSD","https://sonniss.com/sound-effects/mutation/","/MatiasMacSD - Mutation/Guitar Pick_Metallic_Drop-02.wav","guitar|pick|metallic|drop|pick_metallic_drop02wav|mutation|matiasmacsd"
"Plastic Bottle_Movement-03.wav","Mutation","MatiasMacSD","https://sonniss.com/sound-effects/mutation/","/MatiasMacSD - Mutation/Plastic Bottle_Movement-03.wav","plastic|bottle|movement|interaction|bottle_movement03wav|mutation|matiasmacsd"
"Transition_Flanger-05.wav","The Transition","MatiasMacSD","https://sonniss.com/sound-effects/transition/","/MatiasMacSD - The Transition/Transition_Flanger-05.wav","transition|flanger|whoosh|cinematic|atmosphere|atmospheric|movement|production|element|transition_flanger05wav|the transition|matiasmacsd"
"Transition_Glitch-11.wav","The Transition","MatiasMacSD","https://sonniss.com/sound-effects/transition/","/MatiasMacSD - The Transition/Transition_Glitch-11.wav","transition|scifi|science|fiction|glitch|cinematic|atmosphere|atmospheric|movement|production|element|transition_glitch11wav|the transition|matiasmacsd"
"Transition_Sci-fi-12.wav","The Transition","MatiasMacSD","https://sonniss.com/sound-effects/transition/","/MatiasMacSD - The Transition/Transition_Sci-fi-12.wav","transition|scifi|science|fiction|whoosh|cinematic|atmosphere|atmospheric|movement|production|element|transition_scifi12wav|the transition|matiasmacsd"
"Transition_Tremolo-04.wav","The Transition","MatiasMacSD","https://sonniss.com/sound-effects/transition/","/MatiasMacSD - The Transition/Transition_Tremolo-04.wav","transition|tremolo|cinematic|atmosphere|atmospheric|movement|production|element|transition_tremolo04wav|the transition|matiasmacsd"
"Atmospheric element_Designed-14.wav","UNSOLVED","MatiasMacSD","https://sonniss.com/sound-effects/unsolved/","/MatiasMacSD - UNSOLVED/Atmospheric element_Designed-14.wav","unsolved|cinematic|atmosphere|atmospheric|element|designed|mystery|suspense|police|crime|investigation|element_designed14wav|matiasmacsd"
"Musical element_Crime scene_Calm-06.wav","UNSOLVED","MatiasMacSD","https://sonniss.com/sound-effects/unsolved/","/MatiasMacSD - UNSOLVED/Musical element_Crime scene_Calm-06.wav","unsolved|cinematic|atmosphere|atmospheric|musical|element|calm|mystery|suspense|police|crime|scene|investigation|element_crime|scene_calm06wav|matiasmacsd"
"Musical element_Texture-04.wav","UNSOLVED","MatiasMacSD","https://sonniss.com/sound-effects/unsolved/","/MatiasMacSD - UNSOLVED/Musical element_Texture-04.wav","unsolved|cinematic|atmosphere|atmospheric|musical|element|texture|police|crime|investigation|element_texture04wav|matiasmacsd"
"Transition_Mystery-08.wav","UNSOLVED","MatiasMacSD","https://sonniss.com/sound-effects/unsolved/","/MatiasMacSD - UNSOLVED/Transition_Mystery-08.wav","unsolved|cinematic|atmosphere|atmospheric|element|transition|mystery|suspense|police|crime|investigation|transition_mystery08wav|matiasmacsd"
"Texture_Sci-fi_Atmospheric element-10.wav","Sense","MatiasMacSD","https://sonniss.com/sound-effects/sense/","/MatiasMacSD -Sense/Texture_Sci-fi_Atmospheric element-10.wav","texture|production|element|atmospheric|drone|scifi|science|fiction|cinematic|texture_scifi_atmospheric|element10wav|sense|matiasmacsd"
"Texture_Sci-fi_Glitch-02.wav","Sense","MatiasMacSD","https://sonniss.com/sound-effects/sense/","/MatiasMacSD -Sense/Texture_Sci-fi_Glitch-02.wav","texture|production|element|glitch|interference|error|signal|scifi|science|fiction|cinematic|texture_scifi_glitch02wav|sense|matiasmacsd"
"Texture_Sci-fi_Interference-01.wav","Sense","MatiasMacSD","https://sonniss.com/sound-effects/sense/","/MatiasMacSD -Sense/Texture_Sci-fi_Interference-01.wav","texture|production|element|interference|noise|signal|scifi|science|fiction|cinematic|texture_scifi_interference01wav|sense|matiasmacsd"
"Texture_Sci-fi_Robotic-02.wav","Sense","MatiasMacSD","https://sonniss.com/sound-effects/sense/","/MatiasMacSD -Sense/Texture_Sci-fi_Robotic-02.wav","texture|production|element|robotic|movement|scifi|science|fiction|cinematic|texture_scifi_robotic02wav|sense|matiasmacsd"
"2017_Triumph_Street Twin_motorcycle_drive away_left to right_gear shift.wav","2017 TRIUMPH STREET TWIN 900 CC MOTORCYCLE","Matt Script","https://sonniss.com/sound-effects/2017-triumph-street-twin-900-cc-motorcycle/","/Matt Script - 2017 TRIUMPH STREET TWIN 900 CC MOTORCYCLE/2017_Triumph_Street Twin_motorcycle_drive away_left to right_gear shift.wav","2017|triumph|street|twin|motorcycle|drive|away|left|to|right|gear|shift|2017_triumph_street|twin_motorcycle_drive|away_left|right_gear|shiftwav|2017 triumph street twin 900 cc motorcycle|matt script"
"2017_Triumph_Street Twin_motorcycle_idle_big rev_behind perspective.wav","2017 TRIUMPH STREET TWIN 900 CC MOTORCYCLE","Matt Script","https://sonniss.com/sound-effects/2017-triumph-street-twin-900-cc-motorcycle/","/Matt Script - 2017 TRIUMPH STREET TWIN 900 CC MOTORCYCLE/2017_Triumph_Street Twin_motorcycle_idle_big rev_behind perspective.wav","2017|triumph|street|twin|motorcycle|idle|big|rev|behind|perspective|2017_triumph_street|twin_motorcycle_idle_big|rev_behind|perspectivewav|2017 triumph street twin 900 cc motorcycle|matt script"
"2017_Triumph_Street Twin_Motorcycle_start_ignition_idle_revs_left side perspective_shut off.wav","2017 TRIUMPH STREET TWIN 900 CC MOTORCYCLE","Matt Script","https://sonniss.com/sound-effects/2017-triumph-street-twin-900-cc-motorcycle/","/Matt Script - 2017 TRIUMPH STREET TWIN 900 CC MOTORCYCLE/2017_Triumph_Street Twin_Motorcycle_start_ignition_idle_revs_left side perspective_shut off.wav","2017|triumph|street|twin|motorcycle|start|ignition|idle|revs|left|side|perspective|shut|off|2017_triumph_street|twin_motorcycle_start_ignition_idle_revs_left|perspective_shut|offwav|2017 triumph street twin 900 cc motorcycle|matt script"
"aircraft_airplane_commercial_bathroom_room noise.wav","Airplanes & Airports - Walla & Ambience","Matt Script","https://sonniss.com/sound-effects/airplanes-airports-walla-ambience/","/Matt Script - Airplanes & Airports - Walla & Ambience/aircraft_airplane_commercial_bathroom_room noise.wav","aircraft_airplane_commercial_bathroom_room|noise|noisewav|airplanes & airports - walla & ambience|matt script"
"Aircraft_inflight_walla_Airplane_commercial_cabin_during flight_ambience_talking_lughing_chatter_female_voices_chair_squeak_engine_propeller_accelerate_change_captain speaking.wav","Airplanes & Airports - Walla & Ambience","Matt Script","https://sonniss.com/sound-effects/airplanes-airports-walla-ambience/","/Matt Script - Airplanes & Airports - Walla & Ambience/Aircraft_inflight_walla_Airplane_commercial_cabin_during flight_ambience_talking_lughing_chatter_female_voices_chair_squeak_engine_propeller_accelerate_change_captain speaking.wav","aircraft_inflight_walla_airplane_commercial_cabin_during|flight_ambience_talking_lughing_chatter_female_voices_chair_squeak_engine_propeller_accelerate_change_captain|speaking|speakingwav|airplanes & airports - walla & ambience|matt script"
"Airport_ambience_walla_terminal_luggage_security check_beeping.wav","Airplanes & Airports - Walla & Ambience","Matt Script","https://sonniss.com/sound-effects/airplanes-airports-walla-ambience/","/Matt Script - Airplanes & Airports - Walla & Ambience/Airport_ambience_walla_terminal_luggage_security check_beeping.wav","airport_ambience_walla_terminal_luggage_security|check_beeping|check_beepingwav|airplanes & airports - walla & ambience|matt script"
"Airport_dallas_ambience_walla_terminal_beeping_boarding_intercom_coughing_eating_talking_chips_kids_cell phone_coughing_spanish_sneeze_04.wav","Airplanes & Airports - Walla & Ambience","Matt Script","https://sonniss.com/sound-effects/airplanes-airports-walla-ambience/","/Matt Script - Airplanes & Airports - Walla & Ambience/Airport_dallas_ambience_walla_terminal_beeping_boarding_intercom_coughing_eating_talking_chips_kids_cell phone_coughing_spanish_sneeze_04.wav","airport_dallas_ambience_walla_terminal_beeping_boarding_intercom_coughing_eating_talking_chips_kids_cell|phone_coughing_spanish_sneeze_04|phone_coughing_spanish_sneeze_04wav|airplanes & airports - walla & ambience|matt script"
"Billiards_Pool_Sports_sport_Ball_fall_pocket_plastic_hit_impact_02.wav","Billiards","Matt Script","https://sonniss.com/sound-effects/billiards/","/Matt Script - Billiards/Billiards_Pool_Sports_sport_Ball_fall_pocket_plastic_hit_impact_02.wav","billiards|pool|sports|sport|ball|fall|pocket|plastic|hit|impact|02|billiards_pool_sports_sport_ball_fall_pocket_plastic_hit_impact_02wav|matt script"
"Billiards_Pool_Sports_sport_cue_stick_setting_against_pool_table_01.wav","Billiards","Matt Script","https://sonniss.com/sound-effects/billiards/","/Matt Script - Billiards/Billiards_Pool_Sports_sport_cue_stick_setting_against_pool_table_01.wav","billiards|pool|sports|sport|cue|stick|setting|against|pool|table|01|billiards_pool_sports_sport_cue_stick_setting_against_pool_table_01wav|matt script"
"Billiards_Pool_Sports_sport_strike_hit_ball_shot_rail_collide_09.wav","Billiards","Matt Script","https://sonniss.com/sound-effects/billiards/","/Matt Script - Billiards/Billiards_Pool_Sports_sport_strike_hit_ball_shot_rail_collide_09.wav","billiards|pool|sports|sport|strike|hit|ball|shot|rail|collide|09|billiards_pool_sports_sport_strike_hit_ball_shot_rail_collide_09wav|matt script"
"Billliards_Pool_Sports_Sport_applying_rubbing_squeaking_chalk_to_Cue_Stick_18.wav","Billiards","Matt Script","https://sonniss.com/sound-effects/billiards/","/Matt Script - Billiards/Billliards_Pool_Sports_Sport_applying_rubbing_squeaking_chalk_to_Cue_Stick_18.wav","billiards|pool|sports|sport|applying|rubbing|squeaking|chalk|to|cue|stick|18|billliards_pool_sports_sport_applying_rubbing_squeaking_chalk_to_cue_stick_18wav|matt script"
"Piano_Destroyed_demolished_broken_Wurlitzer_Upright_hammers_debris_impact_crash_smash_sledge_hammer_03.wav","Destroyed Piano","Matt Script","https://sonniss.com/sound-effects/destroyed-piano/","/Matt Script - Destroyed Piano/Piano_Destroyed_demolished_broken_Wurlitzer_Upright_hammers_debris_impact_crash_smash_sledge_hammer_03.wav","piano|destroyed|demolished|broken|wurlitzer|upright|hammers|debris|impact|crash|smash|sledge|hammer|03|piano_destroyed_demolished_broken_wurlitzer_upright_hammers_debris_impact_crash_smash_sledge_hammer_03wav|destroyed piano|matt script"
"Piano_Destroyed_demolished_broken_Wurlitzer_Upright_Impact_string_note_hit_ringing out_buzzing_string_01.wav","Destroyed Piano","Matt Script","https://sonniss.com/sound-effects/destroyed-piano/","/Matt Script - Destroyed Piano/Piano_Destroyed_demolished_broken_Wurlitzer_Upright_Impact_string_note_hit_ringing out_buzzing_string_01.wav","piano|destroyed|demolished|broken|wurlitzer|upright|impact|string|note|hit|ringing|out|buzzing|01|piano_destroyed_demolished_broken_wurlitzer_upright_impact_string_note_hit_ringing|out_buzzing_string_01wav|destroyed piano|matt script"
"Piano_Destroyed_demolished_broken_Wurlitzer_Upright_Impact_string_note_hit_ringing out_buzzing_string_03.wav","Destroyed Piano","Matt Script","https://sonniss.com/sound-effects/destroyed-piano/","/Matt Script - Destroyed Piano/Piano_Destroyed_demolished_broken_Wurlitzer_Upright_Impact_string_note_hit_ringing out_buzzing_string_03.wav","piano|destroyed|demolished|broken|wurlitzer|upright|impact|string|note|hit|ringing|out|buzzing|03|piano_destroyed_demolished_broken_wurlitzer_upright_impact_string_note_hit_ringing|out_buzzing_string_03wav|destroyed piano|matt script"
"Piano_Destroyed_demolished_broken_Wurlitzer_Upright_Impact_string_note_hit_ringing out_pieces_falling_18.wav","Destroyed Piano","Matt Script","https://sonniss.com/sound-effects/destroyed-piano/","/Matt Script - Destroyed Piano/Piano_Destroyed_demolished_broken_Wurlitzer_Upright_Impact_string_note_hit_ringing out_pieces_falling_18.wav","piano|destroyed|demolished|broken|wurlitzer|upright|impact|string|note|hit|ringing|out|pieces|falling|18|piano_destroyed_demolished_broken_wurlitzer_upright_impact_string_note_hit_ringing|out_pieces_falling_18wav|destroyed piano|matt script"
"Ski_skiing_downhill_fall_falling_03.wav","Downhill Skiing","Matt Script","https://sonniss.com/sound-effects/downhill-skiing/","/Matt Script - Downhill Skiing/Ski_skiing_downhill_fall_falling_03.wav","ski_skiing_downhill_fall_falling_03|ski_skiing_downhill_fall_falling_03wav|downhill skiing|matt script"
"Skiing_ski_downhill_turning_carving_snow_ice_crunch_stop_01.wav","Downhill Skiing","Matt Script","https://sonniss.com/sound-effects/downhill-skiing/","/Matt Script - Downhill Skiing/Skiing_ski_downhill_turning_carving_snow_ice_crunch_stop_01.wav","skiing_ski_downhill_turning_carving_snow_ice_crunch_stop_01|skiing_ski_downhill_turning_carving_snow_ice_crunch_stop_01wav|downhill skiing|matt script"
"Skiing_ski_downhill_turning_carving_snow_ice_crunch_stop_06.wav","Downhill Skiing","Matt Script","https://sonniss.com/sound-effects/downhill-skiing/","/Matt Script - Downhill Skiing/Skiing_ski_downhill_turning_carving_snow_ice_crunch_stop_06.wav","skiing_ski_downhill_turning_carving_snow_ice_crunch_stop_06|skiing_ski_downhill_turning_carving_snow_ice_crunch_stop_06wav|downhill skiing|matt script"
"Chairlift_lift_walla_machine_in operation_ski_snowboard_moving.wav","Snowboarding","Matt Script","https://sonniss.com/sound-effects/snowboarding/","/Matt Script - Snowboarding/Chairlift_lift_walla_machine_in operation_ski_snowboard_moving.wav","chairlift_lift_walla_machine_in|operation_ski_snowboard_moving|operation_ski_snowboard_movingwav|snowboarding|matt script"
"Snowboard_snowboarding_passby_driveby_right to left_03.wav","Snowboarding","Matt Script","https://sonniss.com/sound-effects/snowboarding/","/Matt Script - Snowboarding/Snowboard_snowboarding_passby_driveby_right to left_03.wav","snowboard_snowboarding_passby_driveby_right|to|left_03|left_03wav|snowboarding|matt script"
"Snowboarding_snowboard_downhill_turning_carving_snow_ice_crunch_stop_jump_land_landing_jumps_01.wav","Snowboarding","Matt Script","https://sonniss.com/sound-effects/snowboarding/","/Matt Script - Snowboarding/Snowboarding_snowboard_downhill_turning_carving_snow_ice_crunch_stop_jump_land_landing_jumps_01.wav","snowboarding_snowboard_downhill_turning_carving_snow_ice_crunch_stop_jump_land_landing_jumps_01|snowboarding_snowboard_downhill_turning_carving_snow_ice_crunch_stop_jump_land_landing_jumps_01wav|snowboarding|matt script"
"Grinding_old_spring_breaking_alien_break_door_hinge_hits_impact_metal_creak_creaking_coil_eerie_back and forth_03.wav","Squeaks & Creaks","Matt Script","https://sonniss.com/sound-effects/squeaks-creaks/","/Matt Script - Squeaks & Creaks/Grinding_old_spring_breaking_alien_break_door_hinge_hits_impact_metal_creak_creaking_coil_eerie_back and forth_03.wav","grinding|old|spring|breaking|alien|break|door|hinge|hits|impact|metal|creak|creaking|coil|eerie|back|and|forth|03|grinding_old_spring_breaking_alien_break_door_hinge_hits_impact_metal_creak_creaking_coil_eerie_back|forth_03wav|squeaks & creaks|matt script"
"Grinding_plastic_bending_tension_squeaking_creaking_under_pressure_11.wav","Squeaks & Creaks","Matt Script","https://sonniss.com/sound-effects/squeaks-creaks/","/Matt Script - Squeaks & Creaks/Grinding_plastic_bending_tension_squeaking_creaking_under_pressure_11.wav","grinding|plastic|bending|tension|squeaking|creaking|under|pressure|11|grinding_plastic_bending_tension_squeaking_creaking_under_pressure_11wav|squeaks & creaks|matt script"
"Old wood floor_creak_creaking_slow_back and forth_04.wav","Squeaks & Creaks","Matt Script","https://sonniss.com/sound-effects/squeaks-creaks/","/Matt Script - Squeaks & Creaks/Old wood floor_creak_creaking_slow_back and forth_04.wav","old|wood|floor|creak|creaking|slow|back|and|forth|04|floor_creak_creaking_slow_back|forth_04wav|squeaks & creaks|matt script"
"wiping plate with wet hand_clean_shine_creak_alien_grind_squeak_squeaky_plate_ceramic_long_09.wav","Squeaks & Creaks","Matt Script","https://sonniss.com/sound-effects/squeaks-creaks/","/Matt Script - Squeaks & Creaks/wiping plate with wet hand_clean_shine_creak_alien_grind_squeak_squeaky_plate_ceramic_long_09.wav","wiping|plate|with|wet|hand|clean|shine|creak|alien|grind|squeak|squeaky|ceramic|long|09|hand_clean_shine_creak_alien_grind_squeak_squeaky_plate_ceramic_long_09wav|squeaks & creaks|matt script"
"ALIEN CREATURE_GROWL_FUNNY_THROATY_LONG_LOW TO HIGH_MOVEMENT.wav","The Mouth","Matt Script","https://sonniss.com/sound-effects/mouth/","/Matt Script - The Mouth/ALIEN CREATURE_GROWL_FUNNY_THROATY_LONG_LOW TO HIGH_MOVEMENT.wav","alien|creature|growl|funny|throaty|long|low|to|high|movement|creature_growl_funny_throaty_long_low|high_movementwav|the mouth|matt script"
"BLOWING OUT WITH TONGUE FART RASPBERRY_LONG_SHORT_WET_DRY_VARIATION.wav","The Mouth","Matt Script","https://sonniss.com/sound-effects/mouth/","/Matt Script - The Mouth/BLOWING OUT WITH TONGUE FART RASPBERRY_LONG_SHORT_WET_DRY_VARIATION.wav","blowing|out|with|tongue|fart|raspberry|long|short|wet|dry|variation|raspberry_long_short_wet_dry_variationwav|the mouth|matt script"
"SMACKING TONGUE ON ROOF OF MOUTH_CHIPMUNK_SQUIRREL_NIBBLING_MULTIPLE NIBBLES_EATING FOOD.wav","The Mouth","Matt Script","https://sonniss.com/sound-effects/mouth/","/Matt Script - The Mouth/SMACKING TONGUE ON ROOF OF MOUTH_CHIPMUNK_SQUIRREL_NIBBLING_MULTIPLE NIBBLES_EATING FOOD.wav","smacking|tongue|on|roof|of|mouth|chipmunk|squirrel|nibbling|multiple|nibbles|eating|food|mouth_chipmunk_squirrel_nibbling_multiple|nibbles_eating|foodwav|the mouth|matt script"
"TONGUE ROLL AIRY_MALE PURR_GROWL.wav","The Mouth","Matt Script","https://sonniss.com/sound-effects/mouth/","/Matt Script - The Mouth/TONGUE ROLL AIRY_MALE PURR_GROWL.wav","tongue|roll|airy|male|purr|growl|airy_male|purr_growlwav|the mouth|matt script"
"Brick_bricks_shuffle_impact_several_many_moving_laying_cement_hit_fall_10.wav","You Me & Debris","Matt Script","https://sonniss.com/sound-effects/debris/","/Matt Script - You Me & Debris/Brick_bricks_shuffle_impact_several_many_moving_laying_cement_hit_fall_10.wav","brick|bricks|shuffle|impact|several|many|moving|laying|cement|hit|fall|10|brick_bricks_shuffle_impact_several_many_moving_laying_cement_hit_fall_10wav|you me & debris|matt script"
"impact_gritty_grit_sandy_dirt_dig_shovel_shingle_roof_02.wav","You Me & Debris","Matt Script","https://sonniss.com/sound-effects/debris/","/Matt Script - You Me & Debris/impact_gritty_grit_sandy_dirt_dig_shovel_shingle_roof_02.wav","impact|gritty|grit|sandy|dirt|dig|shovel|shingle|roof|02|impact_gritty_grit_sandy_dirt_dig_shovel_shingle_roof_02wav|you me & debris|matt script"
"impact_wood_debris_fall_hit_02.wav","You Me & Debris","Matt Script","https://sonniss.com/sound-effects/debris/","/Matt Script - You Me & Debris/impact_wood_debris_fall_hit_02.wav","impact|wood|debris|fall|hit|02|impact_wood_debris_fall_hit_02wav|you me & debris|matt script"
"wood_breaking_cracking_snapping_breaking_peeling_bones_break_snap_crack_13.wav","You Me & Debris","Matt Script","https://sonniss.com/sound-effects/debris/","/Matt Script - You Me & Debris/wood_breaking_cracking_snapping_breaking_peeling_bones_break_snap_crack_13.wav","wood|breaking|cracking|snapping|peeling|bones|break|snap|crack|13|wood_breaking_cracking_snapping_breaking_peeling_bones_break_snap_crack_13wav|you me & debris|matt script"
"Desert Soundscape - Wind - Loop.wav","Natural Disasters","Olivier Girardot","https://sonniss.com/sound-effects/natural-disasters/","/Olivier Girardot - Natural Disasters/Desert Soundscape - Wind - Loop.wav","desert|soundscape|wind|loopwav|natural disasters|olivier girardot"
"Guns & Explosions Album - Bullet Impacts - Multiple 1.wav","Natural Disasters","Olivier Girardot","https://sonniss.com/sound-effects/natural-disasters/","/Olivier Girardot - Natural Disasters/Guns & Explosions Album - Bullet Impacts - Multiple 1.wav","guns|&|explosions|album|bullet|impacts|multiple|1wav|natural disasters|olivier girardot"
"Rocks Falling from the Sky.wav","Natural Disasters","Olivier Girardot","https://sonniss.com/sound-effects/natural-disasters/","/Olivier Girardot - Natural Disasters/Rocks Falling from the Sky.wav","rocks|falling|from|the|skywav|natural disasters|olivier girardot"
"Bolivia_Uruchipaya_Community_Desert_Amb_Ext_02_AmbiX.wav","Bolivia Desert Vol.1","Pachamedias","https://sonniss.com/sound-effects/bolivia-desert-vol-1/","/Pachamedias - Bolivia Desert Vol.1/Bolivia_Uruchipaya_Community_Desert_Amb_Ext_02_AmbiX.wav","bolivia|oruro|uruchipaya|community|desert|amb|ext|830|am|vast|dc)sert|with|llamas|sleep|flies|calm|ambix|bolivia_uruchipaya_community_desert_amb_ext_02_ambixwav|bolivia desert vol.1|pachamedias"
"Bolivia_Uyuni_Desert_Amb_Ext_05_AmbiX.wav","Bolivia Desert Vol.1","Pachamedias","https://sonniss.com/sound-effects/bolivia-desert-vol-1/","/Pachamedias - Bolivia Desert Vol.1/Bolivia_Uyuni_Desert_Amb_Ext_05_AmbiX.wav","bolivia|uyuni|salt|flats|tour|desert|amb|ext|700|am|desert|birds|ambix|bolivia_uyuni_desert_amb_ext_05_ambixwav|bolivia desert vol.1|pachamedias"
"Bolivia_Uyuni_Desert_Amb_Ext_14_ST.wav","Bolivia Desert Vol.1","Pachamedias","https://sonniss.com/sound-effects/bolivia-desert-vol-1/","/Pachamedias - Bolivia Desert Vol.1/Bolivia_Uyuni_Desert_Amb_Ext_14_ST.wav","bolivia|uyuni|salt|flats|tour|desert|amb|ext|1200|pm|laguna|khara|flamingos|lgs|birds|wind|squalls|stereo|bolivia_uyuni_desert_amb_ext_14_stwav|bolivia desert vol.1|pachamedias"
"Bolivia_Uyuni_Desert_Amb_Ext_18_ST.wav","Bolivia Desert Vol.1","Pachamedias","https://sonniss.com/sound-effects/bolivia-desert-vol-1/","/Pachamedias - Bolivia Desert Vol.1/Bolivia_Uyuni_Desert_Amb_Ext_18_ST.wav","bolivia|uyuni|salt|flats|tour|desert|amb|ext|1530|pm|laguna|negra|wind|squalls|birds|ducks|stereo|bolivia_uyuni_desert_amb_ext_18_stwav|bolivia desert vol.1|pachamedias"
"Bolivia_Amazonia_Cobija_Jungle_Amb_Ext_01_ST.wav","Bolivia Jungle Vol.1","Pachamedias","https://sonniss.com/sound-effects/bolivia-jungle-vol-1/","/Pachamedias - Bolivia Jungle Vol.1/Bolivia_Amazonia_Cobija_Jungle_Amb_Ext_01_ST.wav","bolivia|amazonia|cobija|palacio|community|amb|ext|1500|pm|rain|birds|crickets|stereo|bolivia_amazonia_cobija_jungle_amb_ext_01_stwav|bolivia jungle vol.1|pachamedias"
"Bolivia_Coroico_Jungle_Amb_Ext_02_ST.wav","Bolivia Jungle Vol.1","Pachamedias","https://sonniss.com/sound-effects/bolivia-jungle-vol-1/","/Pachamedias - Bolivia Jungle Vol.1/Bolivia_Coroico_Jungle_Amb_Ext_02_ST.wav","bolivia|coroico|jungle|amb|ext|730|am|in|the|jungle|many|birds|stereo|bolivia_coroico_jungle_amb_ext_02_stwav|bolivia jungle vol.1|pachamedias"
"Bolivia_Coroico_Jungle_Amb_Ext_05_ST.wav","Bolivia Jungle Vol.1","Pachamedias","https://sonniss.com/sound-effects/bolivia-jungle-vol-1/","/Pachamedias - Bolivia Jungle Vol.1/Bolivia_Coroico_Jungle_Amb_Ext_05_ST.wav","bolivia|coroico|jungle|amb|ext|1500|pm|in|the|jungle|river|mds|birds|grasshoppers|crickets|stereo|bolivia_coroico_jungle_amb_ext_05_stwav|bolivia jungle vol.1|pachamedias"
"Bolivia_Coroico_Jungle_Amb_Ext_07_AmbiX.wav","Bolivia Jungle Vol.1","Pachamedias","https://sonniss.com/sound-effects/bolivia-jungle-vol-1/","/Pachamedias - Bolivia Jungle Vol.1/Bolivia_Coroico_Jungle_Amb_Ext_07_AmbiX.wav","bolivia|coroico|jungle|amb|ext|1500|pm|in|the|jungle|small|waterfall|csu|birds|ambix|bolivia_coroico_jungle_amb_ext_07_ambixwav|bolivia jungle vol.1|pachamedias"
"Bolivia_Amazonia_Cobija_Farm_Amb_Ext_01_AmbiX.wav","Bolivia Nature Vol.1","Pachamedias","https://sonniss.com/sound-effects/bolivia-nature-vol-1/","/Pachamedias - Bolivia Nature Vol.1/Bolivia_Amazonia_Cobija_Farm_Amb_Ext_01_AmbiX.wav","bolivia|amazonia|cobija|farm|amb|ext|1030|am|grasshoppers|crickets|birds|insects|wind|drops|of|water|on|leaves|banana|field|ambix|bolivia_amazonia_cobija_farm_amb_ext_01_ambixwav|bolivia nature vol.1|pachamedias"
"Bolivia_Amazonia_Riberalta_Farm_Amb_Ext_01_AmbiX.wav","Bolivia Nature Vol.1","Pachamedias","https://sonniss.com/sound-effects/bolivia-nature-vol-1/","/Pachamedias - Bolivia Nature Vol.1/Bolivia_Amazonia_Riberalta_Farm_Amb_Ext_01_AmbiX.wav","bolivia|amazonia|riberalta|farm|amb|ext|700|am|grasshoppers|crickets|birds|insects|roosters|ambix|bolivia_amazonia_riberalta_farm_amb_ext_01_ambixwav|bolivia nature vol.1|pachamedias"
"Bolivia_Sorata_Lagoon_Amb_Ext_03_ST.wav","Bolivia Nature Vol.1","Pachamedias","https://sonniss.com/sound-effects/bolivia-nature-vol-1/","/Pachamedias - Bolivia Nature Vol.1/Bolivia_Sorata_Lagoon_Amb_Ext_03_ST.wav","bolivia|la|paz|dept|sorata|chilata|lagoon|amb|ext|1400|pm|facing|a|lagoon|really|calm|some|birds|waterfall|lgs|stereo|bolivia_sorata_lagoon_amb_ext_03_stwav|bolivia nature vol.1|pachamedias"
"Bolivia_Sorata_San_Pedro_Caves_Amb_Int_01_ST.wav","Bolivia Nature Vol.1","Pachamedias","https://sonniss.com/sound-effects/bolivia-nature-vol-1/","/Pachamedias - Bolivia Nature Vol.1/Bolivia_Sorata_San_Pedro_Caves_Amb_Int_01_ST.wav","bolivia|la|paz|dept|sorata|san|pedro|caves|amb|int|800|am|inside|the|cave|drops|of|water|falling|some|bats|stereo|bolivia_sorata_san_pedro_caves_amb_int_01_stwav|bolivia nature vol.1|pachamedias"
"Bolivia_Samaipata_Amboro_National_Park_Amb_Ext_01_ST.wav","Bolivia Nature Vol.2","Pachamedias","https://sonniss.com/sound-effects/bolivia-nature-vol-2/","/Pachamedias - Bolivia Nature Vol.2/Bolivia_Samaipata_Amboro_National_Park_Amb_Ext_01_ST.wav","bolivia|santa|cruz|dept|samaipata|amboro|national|park|amb|ext|am|top|of|mountain|birds|crickets|grasshoppers|wind|in|leaves|csu|stereo|bolivia_samaipata_amboro_national_park_amb_ext_01_stwav|bolivia nature vol.2|pachamedias"
"Bolivia_Samaipata_Forest_Amb_Ext_04_AmbiX.wav","Bolivia Nature Vol.2","Pachamedias","https://sonniss.com/sound-effects/bolivia-nature-vol-2/","/Pachamedias - Bolivia Nature Vol.2/Bolivia_Samaipata_Forest_Amb_Ext_04_AmbiX.wav","bolivia|santa|cruz|dept|samaipata|bosque|de|helechos|gigantes|forest|amb|ext|900|am|forest|birds|insects|drops|of|water|on|leaves|crickets|calm|wind|in|ambix|bolivia_samaipata_forest_amb_ext_04_ambixwav|bolivia nature vol.2|pachamedias"
"Bolivia_Samaipata_River_Amb_Ext_05_ST.wav","Bolivia Nature Vol.2","Pachamedias","https://sonniss.com/sound-effects/bolivia-nature-vol-2/","/Pachamedias - Bolivia Nature Vol.2/Bolivia_Samaipata_River_Amb_Ext_05_ST.wav","bolivia|santa|cruz|dept|samaipata|mama|pascuala|river|amb|ext|1730|pm|river|mds|crickets|grasshoppers|birds|wind|stereo|bolivia_samaipata_river_amb_ext_05_stwav|bolivia nature vol.2|pachamedias"
"PM_BB_CLEAN_STABS_20.wav","BLOODBATH","PMSFX","https://sonniss.com/sound-effects/bloodbath/","/PMSFX - BLOODBATH/PM_BB_CLEAN_STABS_20.wav","knife|stab|wet|gore|blood|horror|pm_bb_clean_stabs_20wav|bloodbath|pmsfx"
"PM_BB_DESIGNED_CINEMATIC_CHOPS_19.wav","BLOODBATH","PMSFX","https://sonniss.com/sound-effects/bloodbath/","/PMSFX - BLOODBATH/PM_BB_DESIGNED_CINEMATIC_CHOPS_19.wav","axe|cleaver|chop|pull|out|cinematic|impact|gore|blood|horror|flesh|pm_bb_designed_cinematic_chops_19wav|bloodbath|pmsfx"
"PM_BB_DESIGNED_CINEMATIC_CHOPS_25.wav","BLOODBATH","PMSFX","https://sonniss.com/sound-effects/bloodbath/","/PMSFX - BLOODBATH/PM_BB_DESIGNED_CINEMATIC_CHOPS_25.wav","axe|cleaver|chop|pull|out|cinematic|impact|gore|blood|horror|flesh|pm_bb_designed_cinematic_chops_25wav|bloodbath|pmsfx"
"PM_BB_DESIGNED_CINEMATIC_TEXTURE_FLESH_GUSH_1.wav","BLOODBATH","PMSFX","https://sonniss.com/sound-effects/bloodbath/","/PMSFX - BLOODBATH/PM_BB_DESIGNED_CINEMATIC_TEXTURE_FLESH_GUSH_1.wav","gush|texture|guts|movement|cinematic|impact|gore|blood|horror|flesh|pm_bb_designed_cinematic_texture_flesh_gush_1wav|bloodbath|pmsfx"
"PM_BlurryDreams_32.wav","BLURRY DREAMS","PMSFX","https://sonniss.com/sound-effects/blurry-dreams/","/PMSFX - BLURRY DREAMS/PM_BlurryDreams_32.wav","phil|michalski|||pmsfx|@pmsfx|pm_blurrydreams_32wav|blurry dreams"
"PM_BlurryDreams_82.wav","BLURRY DREAMS","PMSFX","https://sonniss.com/sound-effects/blurry-dreams/","/PMSFX - BLURRY DREAMS/PM_BlurryDreams_82.wav","phil|michalski|||pmsfx|@pmsfx|pm_blurrydreams_82wav|blurry dreams"
"PM_BlurryDreams_102.wav","BLURRY DREAMS","PMSFX","https://sonniss.com/sound-effects/blurry-dreams/","/PMSFX - BLURRY DREAMS/PM_BlurryDreams_102.wav","phil|michalski|||pmsfx|@pmsfx|pm_blurrydreams_102wav|blurry dreams"
"PM_BlurryDreams_140.wav","BLURRY DREAMS","PMSFX","https://sonniss.com/sound-effects/blurry-dreams/","/PMSFX - BLURRY DREAMS/PM_BlurryDreams_140.wav","phil|michalski|||pmsfx|@pmsfx|pm_blurrydreams_140wav|blurry dreams"
"PM_BA_BOOK_0_29 Book, Open, Paper.wav","Books Alive","PMSFX","https://sonniss.com/sound-effects/books-alive/","/PMSFX - Books Alive/PM_BA_BOOK_0_29 Book, Open, Paper.wav","pm|books|alive|pm_ba_book_0_29|book|open|paperwav|books alive|pmsfx"
"PM_BA_BOOK_2_6 Book, Paper, Page Turn.wav","Books Alive","PMSFX","https://sonniss.com/sound-effects/books-alive/","/PMSFX - Books Alive/PM_BA_BOOK_2_6 Book, Paper, Page Turn.wav","pm|books|alive|pm_ba_book_2_6|book|paper|page|turnwav|books alive|pmsfx"
"PM_BA_BOOK_6_14 Book, Paper, Page Turn.wav","Books Alive","PMSFX","https://sonniss.com/sound-effects/books-alive/","/PMSFX - Books Alive/PM_BA_BOOK_6_14 Book, Paper, Page Turn.wav","pm|books|alive|pm_ba_book_6_14|book|paper|page|turnwav|books alive|pmsfx"
"PM_CNDP_08.wav","CineDrop","PMSFX","https://sonniss.com/sound-effects/cinedrop/","/PMSFX - CineDrop/PM_CNDP_08.wav","cinedrop|by|phil|michalski|||pmsfx|@pmsfx|pm_cndp_08wav"
"PM_CNDP_21.wav","CineDrop","PMSFX","https://sonniss.com/sound-effects/cinedrop/","/PMSFX - CineDrop/PM_CNDP_21.wav","cinedrop|by|phil|michalski|||pmsfx|@pmsfx|pm_cndp_21wav"
"PM_CNDP_23.wav","CineDrop","PMSFX","https://sonniss.com/sound-effects/cinedrop/","/PMSFX - CineDrop/PM_CNDP_23.wav","cinedrop|by|phil|michalski|||pmsfx|@pmsfx|pm_cndp_23wav"
"PM_CNDP_57.wav","CineDrop","PMSFX","https://sonniss.com/sound-effects/cinedrop/","/PMSFX - CineDrop/PM_CNDP_57.wav","cinedrop|by|phil|michalski|||pmsfx|@pmsfx|pm_cndp_57wav"
"PM_CNE_24.wav","Cinenergy","PMSFX","https://sonniss.com/sound-effects/cinenergy/","/PMSFX - Cinenergy/PM_CNE_24.wav","cinenergy|by|phil|michalski|||pmsfx|@pmsfx|pm_cne_24wav"
"PM_CNE_76.wav","Cinenergy","PMSFX","https://sonniss.com/sound-effects/cinenergy/","/PMSFX - Cinenergy/PM_CNE_76.wav","cinenergy|by|phil|michalski|||pmsfx|@pmsfx|pm_cne_76wav"
"PM_CNE_87.wav","Cinenergy","PMSFX","https://sonniss.com/sound-effects/cinenergy/","/PMSFX - Cinenergy/PM_CNE_87.wav","cinenergy|by|phil|michalski|||pmsfx|@pmsfx|pm_cne_87wav"
"PM_CNE_99.wav","Cinenergy","PMSFX","https://sonniss.com/sound-effects/cinenergy/","/PMSFX - Cinenergy/PM_CNE_99.wav","cinenergy|by|phil|michalski|||pmsfx|@pmsfx|pm_cne_99wav"
"PM_CNES_02.wav","Cinescapes","PMSFX","https://sonniss.com/sound-effects/cinescapes/","/PMSFX - Cinescapes/PM_CNES_02.wav","cinescapes|by|phil|michalski|||pmsfx|@pmsfx|pm_cnes_02wav"
"PM_CNES_12.wav","Cinescapes","PMSFX","https://sonniss.com/sound-effects/cinescapes/","/PMSFX - Cinescapes/PM_CNES_12.wav","cinescapes|by|phil|michalski|||pmsfx|@pmsfx|pm_cnes_12wav"
"PM_COSTAL_SPAIN_11 Marina, Docks, Floating Pier, Deck, Waves, Wind, Sail Flap, Flags, Creaks, Gr.wav","COSTAL SPAIN","PMSFX","https://sonniss.com/sound-effects/costal-spain/","/PMSFX - COSTAL SPAIN/PM_COSTAL_SPAIN_11 Marina, Docks, Floating Pier, Deck, Waves, Wind, Sail Flap, Flags, Creaks, Gr.wav","costal|spain|by|phil|michalski|||pmsfx|@pmsfx|pm_costal_spain_11|marina|docks|floating|pier|deck|waves|wind|sail|flap|flags|creaks|grwav|costal spain"
"PM_COSTAL_SPAIN_18 Walla, People, Restaurants, Wind, City Presence, Traffic, Plates, Cutlery, Ol.wav","COSTAL SPAIN","PMSFX","https://sonniss.com/sound-effects/costal-spain/","/PMSFX - COSTAL SPAIN/PM_COSTAL_SPAIN_18 Walla, People, Restaurants, Wind, City Presence, Traffic, Plates, Cutlery, Ol.wav","costal|spain|by|phil|michalski|||pmsfx|@pmsfx|pm_costal_spain_18|walla|people|restaurants|wind|city|presence|traffic|plates|cutlery|olwav|costal spain"
"PM_ECR_1 Rain, City, Light, Thunder, Peel.wav","EMPTY CITY RAIN","PMSFX","https://sonniss.com/sound-effects/empty-city-rain/","/PMSFX - EMPTY CITY RAIN/PM_ECR_1 Rain, City, Light, Thunder, Peel.wav","phil|michalski|||pmsfx|@pmsfx|pm_ecr_1|rain|city|light|thunder|peelwav|empty city rain"
"PM_ECR_6 Rain, City, Medium, Drippy, Distant Rumble, AC Hum.wav","EMPTY CITY RAIN","PMSFX","https://sonniss.com/sound-effects/empty-city-rain/","/PMSFX - EMPTY CITY RAIN/PM_ECR_6 Rain, City, Medium, Drippy, Distant Rumble, AC Hum.wav","phil|michalski|||pmsfx|@pmsfx|pm_ecr_6|rain|city|medium|drippy|distant|rumble|ac|humwav|empty city rain"
"PM_FN_Events_LvlUps_PowerUps_25.wav","Forgotten Neons","PMSFX","https://sonniss.com/sound-effects/forgotten-neons/","/PMSFX - Forgotten Neons/PM_FN_Events_LvlUps_PowerUps_25.wav","event|power|up|level|healing|magic|tonal|musical|imaginary|pm_fn_events_lvlups_powerups_25wav|forgotten neons|pmsfx"
"PM_FN_Fight_Hits_1.wav","Forgotten Neons","PMSFX","https://sonniss.com/sound-effects/forgotten-neons/","/PMSFX - Forgotten Neons/PM_FN_Fight_Hits_1.wav","fight|hit|whoosh|pm_fn_fight_hits_1wav|forgotten neons|pmsfx"
"PM_FN_Objects_Items_Interactions_Menus_118.wav","Forgotten Neons","PMSFX","https://sonniss.com/sound-effects/forgotten-neons/","/PMSFX - Forgotten Neons/PM_FN_Objects_Items_Interactions_Menus_118.wav","object|iteam|interaction|menu|ui|action|pm_fn_objects_items_interactions_menus_118wav|forgotten neons|pmsfx"
"PM_FN_Spawns_Portals_Teleports_1.wav","Forgotten Neons","PMSFX","https://sonniss.com/sound-effects/forgotten-neons/","/PMSFX - Forgotten Neons/PM_FN_Spawns_Portals_Teleports_1.wav","portal|teleport|spawn|warp|magic|pm_fn_spawns_portals_teleports_1wav|forgotten neons|pmsfx"
"PM_FSSF_AMBIENCE_SOUNDSCAPE_LOOP_1.wav","Foundation Series SCI-FI","PMSFX","https://sonniss.com/sound-effects/pm-foundation-series-sci-fi/","/PMSFX - Foundation Series SCI-FI/PM_FSSF_AMBIENCE_SOUNDSCAPE_LOOP_1.wav","ambience|soundscape|drone|scifi|hum|spaceship|seamless|loop|pm_fssf_ambience_soundscape_loop_1wav|foundation series sci-fi|pmsfx"
"PM_FSSF_DOOR_MID_9.wav","Foundation Series SCI-FI","PMSFX","https://sonniss.com/sound-effects/pm-foundation-series-sci-fi/","/PMSFX - Foundation Series SCI-FI/PM_FSSF_DOOR_MID_9.wav","door|spaceship|scifi|pm_fssf_door_mid_9wav|foundation series sci-fi|pmsfx"
"PM_FSSF_GUN_SHOTGUN_2.wav","Foundation Series SCI-FI","PMSFX","https://sonniss.com/sound-effects/pm-foundation-series-sci-fi/","/PMSFX - Foundation Series SCI-FI/PM_FSSF_GUN_SHOTGUN_2.wav","weapon|gun|laser|scifi|ray|gunshot|impact|pm_fssf_gun_shotgun_2wav|foundation series sci-fi|pmsfx"
"PM_FSSF_UI_HOLOGRAM_AMB_LOOP.wav","Foundation Series SCI-FI","PMSFX","https://sonniss.com/sound-effects/pm-foundation-series-sci-fi/","/PMSFX - Foundation Series SCI-FI/PM_FSSF_UI_HOLOGRAM_AMB_LOOP.wav","ui|hud|hologram|ambiance|hum|low|lfe|seamless|loop|pm_fssf_ui_hologram_amb_loopwav|foundation series sci-fi|pmsfx"
"PM_HD_Designed_01 Doors, Old, Wooden, Scary, Horror, Open, Creeking.wav","HAUNTED DOORS","PMSFX","https://sonniss.com/sound-effects/haunted-doors-designedsource/","/PMSFX - HAUNTED DOORS/PM_HD_Designed_01 Doors, Old, Wooden, Scary, Horror, Open, Creeking.wav","phil|michalski|||pmsfx|@pmsfx|pm_hd_designed_01|doors|old|wooden|scary|horror|open|creekingwav|haunted doors"
"PM_HD_Designed_45 Doors, Old, Wooden, Scary, Horror, Close, Impact, Trailer,.wav","HAUNTED DOORS","PMSFX","https://sonniss.com/sound-effects/haunted-doors-designedsource/","/PMSFX - HAUNTED DOORS/PM_HD_Designed_45 Doors, Old, Wooden, Scary, Horror, Close, Impact, Trailer,.wav","phil|michalski|||pmsfx|@pmsfx|pm_hd_designed_45|doors|old|wooden|scary|horror|close|impact|trailer|wav|haunted doors"
"PM_HD_Source_39 Door, Close, Long Creak, Creaking.wav","HAUNTED DOORS","PMSFX","https://sonniss.com/sound-effects/haunted-doors-designedsource/","/PMSFX - HAUNTED DOORS/PM_HD_Source_39 Door, Close, Long Creak, Creaking.wav","phil|michalski|||pmsfx|@pmsfx|pm_hd_source_39|door|close|long|creak|creakingwav|haunted doors"
"PM_HD_Source_99 Door, Knob, Twist, Turn.wav","HAUNTED DOORS","PMSFX","https://sonniss.com/sound-effects/haunted-doors-designedsource/","/PMSFX - HAUNTED DOORS/PM_HD_Source_99 Door, Knob, Twist, Turn.wav","phil|michalski|||pmsfx|@pmsfx|pm_hd_source_99|door|knob|twist|turnwav|haunted doors"
"Metal_Ringout_DPA4060_10.wav","Industrial Terror","PMSFX","https://sonniss.com/sound-effects/industrial-terror/","/PMSFX - Industrial Terror/Metal_Ringout_DPA4060_10.wav","metal|ringout|impmact|metal_ringout_dpa4060_10wav|industrial terror|pmsfx"
"Metal_Ringout_MKH8060_14.wav","Industrial Terror","PMSFX","https://sonniss.com/sound-effects/industrial-terror/","/PMSFX - Industrial Terror/Metal_Ringout_MKH8060_14.wav","metal|ringout|impmact|metal_ringout_mkh8060_14wav|industrial terror|pmsfx"
"PM_INT_02.wav","Industrial Terror","PMSFX","https://sonniss.com/sound-effects/industrial-terror/","/PMSFX - Industrial Terror/PM_INT_02.wav","http//pmsfxcom|pm_int_02wav|industrial terror|pmsfx"
"PM_INT_EXC_18.wav","Industrial Terror","PMSFX","https://sonniss.com/sound-effects/industrial-terror/","/PMSFX - Industrial Terror/PM_INT_EXC_18.wav","http//pmsfxcom|pm_int_exc_18wav|industrial terror|pmsfx"
"PM_INT_HnT_18.wav","Industrial Terror - Hits & Transitions","PMSFX","https://sonniss.com/sound-effects/industrial-terror-hits-transitions/","/PMSFX - Industrial Terror - Hits & Transitions/PM_INT_HnT_18.wav","http//pmsfxcom|pm_int_hnt_18wav|industrial terror - hits & transitions|pmsfx"
"PM_INT_HnT_64.wav","Industrial Terror - Hits & Transitions","PMSFX","https://sonniss.com/sound-effects/industrial-terror-hits-transitions/","/PMSFX - Industrial Terror - Hits & Transitions/PM_INT_HnT_64.wav","http//pmsfxcom|pm_int_hnt_64wav|industrial terror - hits & transitions|pmsfx"
"PM_INT_HnT_103.wav","Industrial Terror - Hits & Transitions","PMSFX","https://sonniss.com/sound-effects/industrial-terror-hits-transitions/","/PMSFX - Industrial Terror - Hits & Transitions/PM_INT_HnT_103.wav","http//pmsfxcom|pm_int_hnt_103wav|industrial terror - hits & transitions|pmsfx"
"PM_INT_HnT_130.wav","Industrial Terror - Hits & Transitions","PMSFX","https://sonniss.com/sound-effects/industrial-terror-hits-transitions/","/PMSFX - Industrial Terror - Hits & Transitions/PM_INT_HnT_130.wav","http//pmsfxcom|pm_int_hnt_130wav|industrial terror - hits & transitions|pmsfx"
"PM_LFT_47 UI, HUD, Short, Terminal, Beep, Lofi, Reto, Scifi, Menu, Action, C.wav","LOFI TERMINAL","PMSFX","https://sonniss.com/sound-effects/lofi-terminal/","/PMSFX - LOFI TERMINAL/PM_LFT_47 UI, HUD, Short, Terminal, Beep, Lofi, Reto, Scifi, Menu, Action, C.wav","ui|hud|lofi|reto|glitch|old|scifi|futuristic|pm_lft_47|short|terminal|beep|lofi|scifi|menu|action|cwav|lofi terminal|pmsfx"
"PM_LFT_84 UI, HUD, Short, Terminal, Beep, Lofi, Reto, Scifi, Menu, Action, C.wav","LOFI TERMINAL","PMSFX","https://sonniss.com/sound-effects/lofi-terminal/","/PMSFX - LOFI TERMINAL/PM_LFT_84 UI, HUD, Short, Terminal, Beep, Lofi, Reto, Scifi, Menu, Action, C.wav","ui|hud|lofi|reto|glitch|old|scifi|futuristic|pm_lft_84|short|terminal|beep|lofi|scifi|menu|action|cwav|lofi terminal|pmsfx"
"PM_LFT_117 UI, HUD, Short, Terminal, Beep, Lofi, Reto, Scifi, Menu, Action,.wav","LOFI TERMINAL","PMSFX","https://sonniss.com/sound-effects/lofi-terminal/","/PMSFX - LOFI TERMINAL/PM_LFT_117 UI, HUD, Short, Terminal, Beep, Lofi, Reto, Scifi, Menu, Action,.wav","ui|hud|lofi|reto|glitch|old|scifi|futuristic|pm_lft_117|short|terminal|beep|lofi|scifi|menu|action|wav|lofi terminal|pmsfx"
"PM_LFT_181 UI, HUD, Terminal, Beep, Lofi, Reto, Scifi, Menu, Action, Clik, G.wav","LOFI TERMINAL","PMSFX","https://sonniss.com/sound-effects/lofi-terminal/","/PMSFX - LOFI TERMINAL/PM_LFT_181 UI, HUD, Terminal, Beep, Lofi, Reto, Scifi, Menu, Action, Clik, G.wav","ui|hud|lofi|reto|glitch|old|scifi|futuristic|pm_lft_181|terminal|beep|lofi|scifi|menu|action|clik|gwav|lofi terminal|pmsfx"
"PM_MDT_Sea_between_rocks_cavity_cracks_calm_4.wav","MEDITERRANIA","PMSFX","https://sonniss.com/sound-effects/mediterrania/","/PMSFX - MEDITERRANIA/PM_MDT_Sea_between_rocks_cavity_cracks_calm_4.wav","sea|water|movement|between|rocks|and|cracks|cavity|calm|muffled|waves|sea|foam|low|bubbles|pm_mdt_sea_between_rocks_cavity_cracks_calm_4wav|mediterrania|pmsfx"
"PM_MDT_Sea_mid_waves_splashing_rocks_close_to_drain_1.wav","MEDITERRANIA","PMSFX","https://sonniss.com/sound-effects/mediterrania/","/PMSFX - MEDITERRANIA/PM_MDT_Sea_mid_waves_splashing_rocks_close_to_drain_1.wav","sea|water|splashing|against|rocks|and|concrete|support|medium|waves|close|to|rain|drain|pm_mdt_sea_mid_waves_splashing_rocks_close_to_drain_1wav|mediterrania|pmsfx"
"Designed_Soundscape_LOOP_35.wav","Obscure Frequencies","PMSFX","https://sonniss.com/sound-effects/obscure-frequencies/","/PMSFX - Obscure Frequencies/Designed_Soundscape_LOOP_35.wav","pmsfx|designed_soundscape_loop_35wav|obscure frequencies"
"Electro_Magnetic_One_Shots_61.wav","Obscure Frequencies","PMSFX","https://sonniss.com/sound-effects/obscure-frequencies/","/PMSFX - Obscure Frequencies/Electro_Magnetic_One_Shots_61.wav","pmsfx|electro_magnetic_one_shots_61wav|obscure frequencies"
"Electro_Magnetic_One_Shots_113.wav","Obscure Frequencies","PMSFX","https://sonniss.com/sound-effects/obscure-frequencies/","/PMSFX - Obscure Frequencies/Electro_Magnetic_One_Shots_113.wav","pmsfx|electro_magnetic_one_shots_113wav|obscure frequencies"
"Hybrid_Electro_Magnetic_LOOP_5.wav","Obscure Frequencies","PMSFX","https://sonniss.com/sound-effects/obscure-frequencies/","/PMSFX - Obscure Frequencies/Hybrid_Electro_Magnetic_LOOP_5.wav","pmsfx|hybrid_electro_magnetic_loop_5wav|obscure frequencies"
"PM_SDNG_Single_Step_Footstep_19.wav","STEPS Dirt & Gravel","PMSFX","https://sonniss.com/sound-effects/steps-dirt-gravel/","/PMSFX - STEPS Dirt & Gravel/PM_SDNG_Single_Step_Footstep_19.wav","footstep|dirt|gravel|walk|hiking|sneakers|single|step|pm_sdng_single_step_footstep_19wav|steps dirt & gravel|pmsfx"
"PM_SDNG_Single_Step_Footstep_46.wav","STEPS Dirt & Gravel","PMSFX","https://sonniss.com/sound-effects/steps-dirt-gravel/","/PMSFX - STEPS Dirt & Gravel/PM_SDNG_Single_Step_Footstep_46.wav","footstep|dirt|gravel|walk|hiking|sneakers|single|step|pm_sdng_single_step_footstep_46wav|steps dirt & gravel|pmsfx"
"PM_SDNG_Stereo_Walk_Seamless_Loop_1.wav","STEPS Dirt & Gravel","PMSFX","https://sonniss.com/sound-effects/steps-dirt-gravel/","/PMSFX - STEPS Dirt & Gravel/PM_SDNG_Stereo_Walk_Seamless_Loop_1.wav","footsteps|dirt|gravel|walk|hiking|sneakers|stereo|pm_sdng_stereo_walk_seamless_loop_1wav|steps dirt & gravel|pmsfx"
"PM_SA_CINEMATIC_IMPACT_101.wav","SynthAssault","PMSFX","https://sonniss.com/sound-effects/synthassault/","/PMSFX - SynthAssault/PM_SA_CINEMATIC_IMPACT_101.wav","impact|boom|trailer|cinematic|hard|synth|analog|pm_sa_cinematic_impact_101wav|synthassault|pmsfx"
"PM_SA_DESIGNED_58_Vacum.wav","SynthAssault","PMSFX","https://sonniss.com/sound-effects/synthassault/","/PMSFX - SynthAssault/PM_SA_DESIGNED_58_Vacum.wav","impact|boom|trailer|cinematic|hard|synth|analog|pm_sa_designed_58_vacumwav|synthassault|pmsfx"
"PM_SA_WARPED_1.wav","SynthAssault","PMSFX","https://sonniss.com/sound-effects/synthassault/","/PMSFX - SynthAssault/PM_SA_WARPED_1.wav","impact|boom|trailer|cinematic|hard|synth|analog|pm_sa_warped_1wav|synthassault|pmsfx"
"agusta_a109_t1_ext_idle_take_off_away_behind_ORTF_MKH8040.wav","Agusta A109","Pole Position","https://sonniss.com/sound-effects/agusta-a109/","/Pole Position - Agusta A109/agusta_a109_t1_ext_idle_take_off_away_behind_ORTF_MKH8040.wav","agusta|a109|exterior|idle|take|off|away|behind|ortf|sennheiser|mkh|8040|agusta_a109_t1_ext_idle_take_off_away_behind_ortf_mkh8040wav|agusta a109|pole position"
"agusta_a109_t1_ext_idle_take_off_away_double_ms_CMC6.wav","Agusta A109","Pole Position","https://sonniss.com/sound-effects/agusta-a109/","/Pole Position - Agusta A109/agusta_a109_t1_ext_idle_take_off_away_double_ms_CMC6.wav","agusta|a109|exterior|idle|take|off|away|double|ms|schoeps|cmc6|agusta_a109_t1_ext_idle_take_off_away_double_ms_cmc6wav|agusta a109|pole position"
"agusta_a109_t14_ext_idle_turbine_rotors_alternative_tones_left_distant_LS5.wav","Agusta A109","Pole Position","https://sonniss.com/sound-effects/agusta-a109/","/Pole Position - Agusta A109/agusta_a109_t14_ext_idle_turbine_rotors_alternative_tones_left_distant_LS5.wav","agusta|a109|exterior|idle|turbine|rotors|alternative|tones|left|distant|olympus|ls5|agusta_a109_t14_ext_idle_turbine_rotors_alternative_tones_left_distant_ls5wav|agusta a109|pole position"
"amc_javelin_t10_ext_bys_gearshifts_CSS5.wav","AMC Javelin 1968","Pole Position","https://sonniss.com/sound-effects/amc-javelin-1968/","/Pole Position - AMC Javelin 1968/amc_javelin_t10_ext_bys_gearshifts_CSS5.wav","amc|javelin|exterior|bys|gearshifts|sanken|css5|amc_javelin_t10_ext_bys_gearshifts_css5wav|amc javelin 1968|pole position"
"amc_javelin_t12_ext_start_idle_blips_off_XY_RSM191.wav","AMC Javelin 1968","Pole Position","https://sonniss.com/sound-effects/amc-javelin-1968/","/Pole Position - AMC Javelin 1968/amc_javelin_t12_ext_start_idle_blips_off_XY_RSM191.wav","amc|javelin|exterior|start|idle|blips|off|xy|neumann|rsm|191|amc_javelin_t12_ext_start_idle_blips_off_xy_rsm191wav|amc javelin 1968|pole position"
"amc_javelin_t16_var_sfx_ext_door_open_crispy_XY_RSM191.wav","AMC Javelin 1968","Pole Position","https://sonniss.com/sound-effects/amc-javelin-1968/","/Pole Position - AMC Javelin 1968/amc_javelin_t16_var_sfx_ext_door_open_crispy_XY_RSM191.wav","amc|javelin|various|sfx|exterior|door|open|crispy|xy|neumann|rsm|191|amc_javelin_t16_var_sfx_ext_door_open_crispy_xy_rsm191wav|amc javelin 1968|pole position"
"arctic_cat_m_8000_t5_ext_medium_by_5100_rpm_x2_ORTF_MKH8040.wav","Arctic Cat M 8000 2015","Pole Position","https://sonniss.com/sound-effects/arctic-cat-8000-2015/","/Pole Position - Arctic Cat M 8000 2015/arctic_cat_m_8000_t5_ext_medium_by_5100_rpm_x2_ORTF_MKH8040.wav","arctic|cat|m|8000|exterior|medium|by|5100|rpm|x2|ortf|sennheiser|mkh|8040|arctic_cat_m_8000_t5_ext_medium_by_5100_rpm_x2_ortf_mkh8040wav|arctic cat m 8000 2015|pole position"
"arctic_cat_m_8000_t15_ext_start_fast_reverse_up_rev_off_wide_AB_MKH8060.wav","Arctic Cat M 8000 2015","Pole Position","https://sonniss.com/sound-effects/arctic-cat-8000-2015/","/Pole Position - Arctic Cat M 8000 2015/arctic_cat_m_8000_t15_ext_start_fast_reverse_up_rev_off_wide_AB_MKH8060.wav","arctic|cat|m|8000|exterior|start|fast|reverse|up|rev|off|wide|ab|sennheiser|mkh|8060|arctic_cat_m_8000_t15_ext_start_fast_reverse_up_rev_off_wide_ab_mkh8060wav|arctic cat m 8000 2015|pole position"
"arctic_cat_m_8000_t24_onbrd_start_try_fail_engine_intake_PZM.wav","Arctic Cat M 8000 2015","Pole Position","https://sonniss.com/sound-effects/arctic-cat-8000-2015/","/Pole Position - Arctic Cat M 8000 2015/arctic_cat_m_8000_t24_onbrd_start_try_fail_engine_intake_PZM.wav","arctic|cat|m|8000|onboard|start|try|fail|engine|intake|crown|pzm|arctic_cat_m_8000_t24_onbrd_start_try_fail_engine_intake_pzmwav|arctic cat m 8000 2015|pole position"
"Aston_Martin_DB9_t4_Ext_By_Gearshifts_M10.wav","Aston Martin DB9 2017","Pole Position","https://sonniss.com/sound-effects/aston-martin-db9-2017/","/Pole Position - Aston Martin DB9 2017/Aston_Martin_DB9_t4_Ext_By_Gearshifts_M10.wav","aston|martin|db9|exterior|by|gearshifts|left|turn|point|sony|pcmm10|aston_martin_db9_t4_ext_by_gearshifts_m10wav|aston martin db9 2017|pole position"
"Aston_Martin_DB9_t7_Onbrd_Start_Idle_Blips_Steadies_in_Neutral_Off_Engine_Right_DPA4062.wav","Aston Martin DB9 2017","Pole Position","https://sonniss.com/sound-effects/aston-martin-db9-2017/","/Pole Position - Aston Martin DB9 2017/Aston_Martin_DB9_t7_Onbrd_Start_Idle_Blips_Steadies_in_Neutral_Off_Engine_Right_DPA4062.wav","aston|martin|db9|onboard|start|idle|blips|steadies|in|neutral|off|engine|right|dpa|4062|aston_martin_db9_t7_onbrd_start_idle_blips_steadies_in_neutral_off_engine_right_dpa4062wav|aston martin db9 2017|pole position"
"Aston_Martin_DB9_t11_Var_SFX_Horn_Various_Engine_Intake_Left_DPA4062.wav","Aston Martin DB9 2017","Pole Position","https://sonniss.com/sound-effects/aston-martin-db9-2017/","/Pole Position - Aston Martin DB9 2017/Aston_Martin_DB9_t11_Var_SFX_Horn_Various_Engine_Intake_Left_DPA4062.wav","aston|martin|db9|various|sfx|horn|engine|intake|left|dpa|4062|aston_martin_db9_t11_var_sfx_horn_various_engine_intake_left_dpa4062wav|aston martin db9 2017|pole position"
"barge_t1_onbrd_slow_drive_steady_deck_wheelhouse_Holophone.wav","Barge Bronz diesel 1941","Pole Position","https://sonniss.com/sound-effects/barge-bronz-diesel-1941/","/Pole Position - Barge Bronz diesel 1941/barge_t1_onbrd_slow_drive_steady_deck_wheelhouse_Holophone.wav","barge|onboard|slow|drive|steady|deck|wheelhouse|holophone|barge_t1_onbrd_slow_drive_steady_deck_wheelhouse_holophonewav|barge bronz diesel 1941|pole position"
"barge_t16_onbrd_reverse_hydrophone_left.wav","Barge Bronz diesel 1941","Pole Position","https://sonniss.com/sound-effects/barge-bronz-diesel-1941/","/Pole Position - Barge Bronz diesel 1941/barge_t16_onbrd_reverse_hydrophone_left.wav","barge|onboard|reverse|hydrophone|left|barge_t16_onbrd_reverse_hydrophone_leftwav|barge bronz diesel 1941|pole position"
"barge_t29_var_sfx_air_compressor_steady_2_CSS5.wav","Barge Bronz diesel 1941","Pole Position","https://sonniss.com/sound-effects/barge-bronz-diesel-1941/","/Pole Position - Barge Bronz diesel 1941/barge_t29_var_sfx_air_compressor_steady_2_CSS5.wav","barge|various|sfx|air|compressor|steady|2|sanken|css5|barge_t29_var_sfx_air_compressor_steady_2_css5wav|barge bronz diesel 1941|pole position"
"Dog_German_Shepherd_t2_Ext_Field_Bark_Many_TImes_Start_and_Stop_DPA4060.wav","Barking Dog","Pole Position","https://sonniss.com/sound-effects/barking-dog/","/Pole Position - Barking Dog/Dog_German_Shepherd_t2_Ext_Field_Bark_Many_TImes_Start_and_Stop_DPA4060.wav","dog|german|shepherd|exterior|field|bark|many|times|start|and|stop|dpa|4060|dog_german_shepherd_t2_ext_field_bark_many_times_start_and_stop_dpa4060wav|barking dog|pole position"
"Dog_German_Shepherd_t15_Int_Bark_Slow_Distant_RSM191.wav","Barking Dog","Pole Position","https://sonniss.com/sound-effects/barking-dog/","/Pole Position - Barking Dog/Dog_German_Shepherd_t15_Int_Bark_Slow_Distant_RSM191.wav","dog|german|shepherd|int|bark|slow|distant|neumann|rsm|191|dog_german_shepherd_t15_int_bark_slow_distant_rsm191wav|barking dog|pole position"
"black_hawk_t3_ext_up_land_idle_off_front_XY_MKH8040.wav","Black Hawk UH-60M","Pole Position","https://sonniss.com/sound-effects/black-hawk-uh-60m/","/Pole Position - Black Hawk UH-60M/black_hawk_t3_ext_up_land_idle_off_front_XY_MKH8040.wav","black|hawk|uh|60m|exterior|up|land|idle|off|front|xy|sennheiser|mkh|8040|^|some|wind|black_hawk_t3_ext_up_land_idle_off_front_xy_mkh8040wav|black hawk uh-60m|pole position"
"black_hawk_t16_ext_idle_turbine_rotors_off_left_Co100k.wav","Black Hawk UH-60M","Pole Position","https://sonniss.com/sound-effects/black-hawk-uh-60m/","/Pole Position - Black Hawk UH-60M/black_hawk_t16_ext_idle_turbine_rotors_off_left_Co100k.wav","black|hawk|uh|60m|exterior|idle|turbine|rotors|off|left|sanken|co100k|background|door|black_hawk_t16_ext_idle_turbine_rotors_off_left_co100kwav|black hawk uh-60m|pole position"
"black_hawk_t44_var_sfx_parking_brake_MKH418S.wav","Black Hawk UH-60M","Pole Position","https://sonniss.com/sound-effects/black-hawk-uh-60m/","/Pole Position - Black Hawk UH-60M/black_hawk_t44_var_sfx_parking_brake_MKH418S.wav","black|hawk|uh|60m|various|sfx|parking|brake|sennheiser|mkh|418s|black_hawk_t44_var_sfx_parking_brake_mkh418swav|black hawk uh-60m|pole position"
"Boeing_B17_t2_Ext_Take_Off_By_CSS5.wav","Boeing B-17G 1945","Pole Position","https://sonniss.com/sound-effects/boeing-b-17g-1945/","/Pole Position - Boeing B-17G 1945/Boeing_B17_t2_Ext_Take_Off_By_CSS5.wav","boeing|b17|exterior|take|off|by|sanken|css5|boeing_b17_t2_ext_take_off_by_css5wav|boeing b-17g 1945|pole position"
"Boeing_B17_t20_Ext_Idle_Stationary_on_Ground_Increase_RPMs_Various_Front_XY_DPA4021.wav","Boeing B-17G 1945","Pole Position","https://sonniss.com/sound-effects/boeing-b-17g-1945/","/Pole Position - Boeing B-17G 1945/Boeing_B17_t20_Ext_Idle_Stationary_on_Ground_Increase_RPMs_Various_Front_XY_DPA4021.wav","boeing|b17|exterior|idle|stationary|on|ground|increase|rpms|various|front|xy|dpa|4021|boeing_b17_t20_ext_idle_stationary_on_ground_increase_rpms_various_front_xy_dpa4021wav|boeing b-17g 1945|pole position"
"Boeing_B17_t25_Var_SFX_Bomb_Bay_Doors_Close_Interior_Nose_Left_DPA4061.wav","Boeing B-17G 1945","Pole Position","https://sonniss.com/sound-effects/boeing-b-17g-1945/","/Pole Position - Boeing B-17G 1945/Boeing_B17_t25_Var_SFX_Bomb_Bay_Doors_Close_Interior_Nose_Left_DPA4061.wav","boeing|b17|various|sfx|bomb|bay|doors|close|interior|nose|left|dpa|4061|boeing_b17_t25_var_sfx_bomb_bay_doors_close_interior_nose_left_dpa4061wav|boeing b-17g 1945|pole position"
"BRDM_t2_Onbrd_Start_Medium_Drive_Stop_Reverse_Drive_Stop_Off_Interior_Above_Engine_Right_DPA4061.wav","BRDM-2 APC 1964","Pole Position","https://sonniss.com/sound-effects/brdm-2-apc-1964/","/Pole Position - BRDM-2 APC 1964/BRDM_t2_Onbrd_Start_Medium_Drive_Stop_Reverse_Drive_Stop_Off_Interior_Above_Engine_Right_DPA4061.wav","brdm|onboard|start|medium|drive|stop|reverse|off|interior|above|engine|right|dpa|4061|brdm_t2_onbrd_start_medium_drive_stop_reverse_drive_stop_off_interior_above_engine_right_dpa4061wav|brdm-2 apc 1964|pole position"
"BRDM_t8_Onbrd_Slow_Drive_Stop_Off_Interior_DPA4021.wav","BRDM-2 APC 1964","Pole Position","https://sonniss.com/sound-effects/brdm-2-apc-1964/","/Pole Position - BRDM-2 APC 1964/BRDM_t8_Onbrd_Slow_Drive_Stop_Off_Interior_DPA4021.wav","brdm|onboard|slow|drive|stop|off|interior|dpa|4021|brdm_t8_onbrd_slow_drive_stop_off_interior_dpa4021wav|brdm-2 apc 1964|pole position"
"BRDM_t12_Var_SFX_Interior_Instrument_2_CMC6XT_MK41_MK8.wav","BRDM-2 APC 1964","Pole Position","https://sonniss.com/sound-effects/brdm-2-apc-1964/","/Pole Position - BRDM-2 APC 1964/BRDM_t12_Var_SFX_Interior_Instrument_2_CMC6XT_MK41_MK8.wav","brdm|various|sfx|interior|instrument|2|schoeps|cmc6xt|mk41|mk8|brdm_t12_var_sfx_interior_instrument_2_cmc6xt_mk41_mk8wav|brdm-2 apc 1964|pole position"
"blenheim_mk_i_t3_ext_distant_medium_fly_bys_end_of_runway_ORTF_MKH8040.wav","Bristol Blenheim Mk 1 1934","Pole Position","https://sonniss.com/sound-effects/bristol-blenheim-mk-1-1934-2/","/Pole Position - Bristol Blenheim Mk 1 1934/blenheim_mk_i_t3_ext_distant_medium_fly_bys_end_of_runway_ORTF_MKH8040.wav","bristol|blenheim|mk|i|exterior|distant|medium|fly|bys|end|of|runway|ortf|sennheiser|mkh|8040|blenheim_mk_i_t3_ext_distant_medium_fly_bys_end_of_runway_ortf_mkh8040wav|bristol blenheim mk 1 1934|pole position"
"blenheim_mk_i_t9_onbrd_taxi_to_idle_turret_RSM191.wav","Bristol Blenheim Mk 1 1934","Pole Position","https://sonniss.com/sound-effects/bristol-blenheim-mk-1-1934-2/","/Pole Position - Bristol Blenheim Mk 1 1934/blenheim_mk_i_t9_onbrd_taxi_to_idle_turret_RSM191.wav","bristol|blenheim|mk|i|onboard|taxi|to|idle|turret|neumann|rsm|191|blenheim_mk_i_t9_onbrd_taxi_to_idle_turret_rsm191wav|bristol blenheim mk 1 1934|pole position"
"blenheim_mk_i_t16_var_sfx_hatch_loose_cockpit_MKH8020.wav","Bristol Blenheim Mk 1 1934","Pole Position","https://sonniss.com/sound-effects/bristol-blenheim-mk-1-1934-2/","/Pole Position - Bristol Blenheim Mk 1 1934/blenheim_mk_i_t16_var_sfx_hatch_loose_cockpit_MKH8020.wav","bristol|blenheim|mk|i|various|sfx|hatch|loose|cockpit|sennheiser|mkh|8020|blenheim_mk_i_t16_var_sfx_hatch_loose_cockpit_mkh8020wav|bristol blenheim mk 1 1934|pole position"
"BSA_M20_t12_Onbrd_Start_Idle_Steady_Blips_Off_Exhaust_Mix.wav","BSA M20 1940","Pole Position","https://sonniss.com/sound-effects/bsa-m20-1940/","/Pole Position - BSA M20 1940/BSA_M20_t12_Onbrd_Start_Idle_Steady_Blips_Off_Exhaust_Mix.wav","bsa|m20|onboard|start|idle|steady|blips|off|exhaust|mix|bsa_m20_t12_onbrd_start_idle_steady_blips_off_exhaust_mixwav|bsa m20 1940|pole position"
"BSA_M20_t13_Onbrd_Idle_Revs_Saddle_DPA4061.wav","BSA M20 1940","Pole Position","https://sonniss.com/sound-effects/bsa-m20-1940/","/Pole Position - BSA M20 1940/BSA_M20_t13_Onbrd_Idle_Revs_Saddle_DPA4061.wav","bsa|m20|onboard|idle|revs|saddle|dpa|4061|bsa_m20_t13_onbrd_idle_revs_saddle_dpa4061wav|bsa m20 1940|pole position"
"BSA_M20_t20_Var_SFX_Rough_Handling_MS_CMC6XT_MK41_MK8.wav","BSA M20 1940","Pole Position","https://sonniss.com/sound-effects/bsa-m20-1940/","/Pole Position - BSA M20 1940/BSA_M20_t20_Var_SFX_Rough_Handling_MS_CMC6XT_MK41_MK8.wav","bsa|m20|various|sfx|rough|handling|ms|schoeps|cmc6xt|mk41|mk8|bsa_m20_t20_var_sfx_rough_handling_ms_cmc6xt_mk41_mk8wav|bsa m20 1940|pole position"
"Case_Puma_180_t4_Onbrd_Drive_Gearshifts_Stop_Off_Interior_Mix.wav","Case Puma CVX 2001","Pole Position","https://sonniss.com/sound-effects/case-puma-cvx-2001/","/Pole Position - Case Puma CVX 2001/Case_Puma_180_t4_Onbrd_Drive_Gearshifts_Stop_Off_Interior_Mix.wav","case|puma|180|onboard|drive|gearshifts|stop|off|interior|mix|case_puma_180_t4_onbrd_drive_gearshifts_stop_off_interior_mixwav|case puma cvx 2001|pole position"
"Case_Puma_180_t8_Ext_By_Steady_RPMs_High_Distant_D100.wav","Case Puma CVX 2001","Pole Position","https://sonniss.com/sound-effects/case-puma-cvx-2001/","/Pole Position - Case Puma CVX 2001/Case_Puma_180_t8_Ext_By_Steady_RPMs_High_Distant_D100.wav","case|puma|180|exterior|by|steady|rpms|high|distant|sony|pcmd100|case_puma_180_t8_ext_by_steady_rpms_high_distant_d100wav|case puma cvx 2001|pole position"
"Case_Puma_180_t14_Var_SFX_Horn_Various_Wide_AB_MKH8060.wav","Case Puma CVX 2001","Pole Position","https://sonniss.com/sound-effects/case-puma-cvx-2001/","/Pole Position - Case Puma CVX 2001/Case_Puma_180_t14_Var_SFX_Horn_Various_Wide_AB_MKH8060.wav","case|puma|180|various|sfx|horn|wide|ab|sennheiser|mkh|8060|case_puma_180_t14_var_sfx_horn_various_wide_ab_mkh8060wav|case puma cvx 2001|pole position"
"Chieftain_t4_Ext_Start_Medium_Away_Up_Stop_Off_XY_RSM191.wav","Chieftain tank 60’s","Pole Position","https://sonniss.com/sound-effects/chieftain-tank-60s/","/Pole Position - Chieftain tank 60’s/Chieftain_t4_Ext_Start_Medium_Away_Up_Stop_Off_XY_RSM191.wav","chieftain|exterior|start|medium|away|up|stop|off|xy|neumann|rsm|191|chieftain_t4_ext_start_medium_away_up_stop_off_xy_rsm191wav|chieftain tank 60’s|pole position"
"Chieftain_t6_Onbrd_Start_Fast_Drive_Stop_Off_Interior_Mix.wav","Chieftain tank 60’s","Pole Position","https://sonniss.com/sound-effects/chieftain-tank-60s/","/Pole Position - Chieftain tank 60’s/Chieftain_t6_Onbrd_Start_Fast_Drive_Stop_Off_Interior_Mix.wav","chieftain|onboard|start|fast|drive|stop|off|interior|mix|chieftain_t6_onbrd_start_fast_drive_stop_off_interior_mixwav|chieftain tank 60’s|pole position"
"Chieftain_t9_Onbrd_Idle_Steady_Exhaust_Mix.wav","Chieftain tank 60’s","Pole Position","https://sonniss.com/sound-effects/chieftain-tank-60s/","/Pole Position - Chieftain tank 60’s/Chieftain_t9_Onbrd_Idle_Steady_Exhaust_Mix.wav","chieftain|onboard|idle|steady|exhaust|mix|chieftain_t9_onbrd_idle_steady_exhaust_mixwav|chieftain tank 60’s|pole position"
"Jungle,Costa Rica,06 32 AM,Insect Chatter Swells,River,Holophone.wav","Costa Rica Jungle & Rainforest","Pole Position","https://sonniss.com/sound-effects/costa-rica-jungle-rainforest/","/Pole Position - Costa Rica Jungle & Rainforest/Jungle,Costa Rica,06 32 AM,Insect Chatter Swells,River,Holophone.wav","jungle|costa|rica|06|32|am|insect|chatter|swells|river|holophone|holophonewav|costa rica jungle & rainforest|pole position"
"Jungle,Costa Rica,Morning,Insect Bed,Distant Bird Calls,Spaced AB,CMC6.wav","Costa Rica Jungle & Rainforest","Pole Position","https://sonniss.com/sound-effects/costa-rica-jungle-rainforest/","/Pole Position - Costa Rica Jungle & Rainforest/Jungle,Costa Rica,Morning,Insect Bed,Distant Bird Calls,Spaced AB,CMC6.wav","jungle|costa|rica|morning|insect|bed|distant|bird|calls|spaced|ab|schoeps|cmc6|cmc6wav|costa rica jungle & rainforest|pole position"
"Rainforest,Costa Rica,Waking Up,Bird Calls,Faint Insect Bed,1,Spaced AB,CMC6.wav","Costa Rica Jungle & Rainforest","Pole Position","https://sonniss.com/sound-effects/costa-rica-jungle-rainforest/","/Pole Position - Costa Rica Jungle & Rainforest/Rainforest,Costa Rica,Waking Up,Bird Calls,Faint Insect Bed,1,Spaced AB,CMC6.wav","rainforest|costa|rica|waking|up|bird|calls|faint|insect|bed|1|spaced|ab|schoeps|cmc6|cmc6wav|costa rica jungle & rainforest|pole position"
"Cromwell_t2_Ext_Slow_By_Wide_AB_MKH8040.wav","Cromwell 1943","Pole Position","https://sonniss.com/sound-effects/cromwell-1943/","/Pole Position - Cromwell 1943/Cromwell_t2_Ext_Slow_By_Wide_AB_MKH8040.wav","cromwell|exterior|slow|by|wide|ab|sennheiser|mkh|8040|cromwell_t2_ext_slow_by_wide_ab_mkh8040wav|cromwell 1943|pole position"
"Cromwell_t6_Onbrd_Fast_Drive_Stop_Off_Interior_MKH8020.wav","Cromwell 1943","Pole Position","https://sonniss.com/sound-effects/cromwell-1943/","/Pole Position - Cromwell 1943/Cromwell_t6_Onbrd_Fast_Drive_Stop_Off_Interior_MKH8020.wav","cromwell|onboard|fast|drive|stop|off|interior|sennheiser|mkh|8020|cromwell_t6_onbrd_fast_drive_stop_off_interior_mkh8020wav|cromwell 1943|pole position"
"Cromwell_t9_Var_SFX_Loaders_Hatch_XY_RSM191.wav","Cromwell 1943","Pole Position","https://sonniss.com/sound-effects/cromwell-1943/","/Pole Position - Cromwell 1943/Cromwell_t9_Var_SFX_Loaders_Hatch_XY_RSM191.wav","cromwell|various|sfx|loaders|hatch|xy|neumann|rsm|191|cromwell_t9_var_sfx_loaders_hatch_xy_rsm191wav|cromwell 1943|pole position"
"Dodge_A100_t6_Onbrd_Medium_Drive_Decelerate_Stop_Off_Exhaust_Mix.wav","Dodge A100 1965","Pole Position","https://sonniss.com/sound-effects/dodge-a100-1965/","/Pole Position - Dodge A100 1965/Dodge_A100_t6_Onbrd_Medium_Drive_Decelerate_Stop_Off_Exhaust_Mix.wav","dodge|a100|onboard|medium|drive|decelerate|stop|off|exhaust|mix|dodge_a100_t6_onbrd_medium_drive_decelerate_stop_off_exhaust_mixwav|dodge a100 1965|pole position"
"Dodge_A100_t7_Ext_Fast_Up_Reverse_Stop_Away_By_x2_ORTF_MKH8040.wav","Dodge A100 1965","Pole Position","https://sonniss.com/sound-effects/dodge-a100-1965/","/Pole Position - Dodge A100 1965/Dodge_A100_t7_Ext_Fast_Up_Reverse_Stop_Away_By_x2_ORTF_MKH8040.wav","dodge|a100|exterior|fast|up|reverse|stop|away|by|x2|ortf|sennheiser|mkh|8040|dodge_a100_t7_ext_fast_up_reverse_stop_away_by_x2_ortf_mkh8040wav|dodge a100 1965|pole position"
"Dodge_A100_t14_Var_SFX_Door_Open_Classic_Interior_Mix.wav","Dodge A100 1965","Pole Position","https://sonniss.com/sound-effects/dodge-a100-1965/","/Pole Position - Dodge A100 1965/Dodge_A100_t14_Var_SFX_Door_Open_Classic_Interior_Mix.wav","dodge|a100|various|sfx|door|open|classic|interior|mix|dodge_a100_t14_var_sfx_door_open_classic_interior_mixwav|dodge a100 1965|pole position"
"Dodge_Challenger_Hellcat_t8_Onbrd_Start_Slow_Drive_Short_Off_Engine_MKH8020.wav","Dodge Challenger Hellcat 2015","Pole Position","https://sonniss.com/sound-effects/dodge-challenger-hellcat-2015/","/Pole Position - Dodge Challenger Hellcat 2015/Dodge_Challenger_Hellcat_t8_Onbrd_Start_Slow_Drive_Short_Off_Engine_MKH8020.wav","dodge|challenger|hellcat|onboard|start|slow|drive|short|off|engine|sennheiser|mkh|8020|dodge_challenger_hellcat_t8_onbrd_start_slow_drive_short_off_engine_mkh8020wav|dodge challenger hellcat 2015|pole position"
"Dodge_Challenger_Hellcat_t9_Onbrd_Medium_Drive_Various_Off_Engine_Left_DPA4062.wav","Dodge Challenger Hellcat 2015","Pole Position","https://sonniss.com/sound-effects/dodge-challenger-hellcat-2015/","/Pole Position - Dodge Challenger Hellcat 2015/Dodge_Challenger_Hellcat_t9_Onbrd_Medium_Drive_Various_Off_Engine_Left_DPA4062.wav","dodge|challenger|hellcat|onboard|medium|drive|various|off|engine|left|dpa|4062|dodge_challenger_hellcat_t9_onbrd_medium_drive_various_off_engine_left_dpa4062wav|dodge challenger hellcat 2015|pole position"
"Dodge_Challenger_Hellcat_t12_Var_SFX_Doors_Various_Interior_MKH8040.wav","Dodge Challenger Hellcat 2015","Pole Position","https://sonniss.com/sound-effects/dodge-challenger-hellcat-2015/","/Pole Position - Dodge Challenger Hellcat 2015/Dodge_Challenger_Hellcat_t12_Var_SFX_Doors_Various_Interior_MKH8040.wav","dodge|challenger|hellcat|various|sfx|doors|interior|sennheiser|mkh|8040|dodge_challenger_hellcat_t12_var_sfx_doors_various_interior_mkh8040wav|dodge challenger hellcat 2015|pole position"
"Ferrari_F40_LM_t5_Onbrd_Start_Fast_Drive_Various_Stop_Off_Turbo_Wastegate_DPA4061.wav","Ferrari F40 LM 1991","Pole Position","https://sonniss.com/sound-effects/ferrari-f40-lm-1991/","/Pole Position - Ferrari F40 LM 1991/Ferrari_F40_LM_t5_Onbrd_Start_Fast_Drive_Various_Stop_Off_Turbo_Wastegate_DPA4061.wav","ferrari|f40|lm|onboard|start|fast|drive|various|stop|off|turbo|wastegate|dpa|4061|ferrari_f40_lm_t5_onbrd_start_fast_drive_various_stop_off_turbo_wastegate_dpa4061wav|ferrari f40 lm 1991|pole position"
"Ferrari_F40_LM_t15_Onbrd_Idle_Steady_Short_Exhaust_Mix.wav","Ferrari F40 LM 1991","Pole Position","https://sonniss.com/sound-effects/ferrari-f40-lm-1991/","/Pole Position - Ferrari F40 LM 1991/Ferrari_F40_LM_t15_Onbrd_Idle_Steady_Short_Exhaust_Mix.wav","ferrari|f40|lm|onboard|idle|steady|short|exhaust|mix|ferrari_f40_lm_t15_onbrd_idle_steady_short_exhaust_mixwav|ferrari f40 lm 1991|pole position"
"Ferrari_F40_LM_t20_Var_SFX_Door_Open_Interior_DPA4021.wav","Ferrari F40 LM 1991","Pole Position","https://sonniss.com/sound-effects/ferrari-f40-lm-1991/","/Pole Position - Ferrari F40 LM 1991/Ferrari_F40_LM_t20_Var_SFX_Door_Open_Interior_DPA4021.wav","ferrari|f40|lm|various|sfx|door|open|interior|dpa|4021|ferrari_f40_lm_t20_var_sfx_door_open_interior_dpa4021wav|ferrari f40 lm 1991|pole position"
"fokker_d_vii_t7_ext_slow_taxi_by_XY_RSM191.wav","Fokker D.VII 1918","Pole Position","https://sonniss.com/sound-effects/fokker-d-vii-1918/","/Pole Position - Fokker D.VII 1918/fokker_d_vii_t7_ext_slow_taxi_by_XY_RSM191.wav","fokker|dvii|exterior|slow|taxi|by|xy|neumann|rsm|191|fokker_d_vii_t7_ext_slow_taxi_by_xy_rsm191wav|fokker d.vii 1918|pole position"
"fokker_d_vii_t10_onbrd_start_idle_low_to_high_RPMs_off_engine_DPA4062.wav","Fokker D.VII 1918","Pole Position","https://sonniss.com/sound-effects/fokker-d-vii-1918/","/Pole Position - Fokker D.VII 1918/fokker_d_vii_t10_onbrd_start_idle_low_to_high_RPMs_off_engine_DPA4062.wav","fokker|dvii|onboard|start|idle|low|to|high|rpms|off|engine|dpa|4062|fokker_d_vii_t10_onbrd_start_idle_low_to_high_rpms_off_engine_dpa4062wav|fokker d.vii 1918|pole position"
"fokker_d_vii_t23_var_sfx_onbrd_various_cockpit_instruments_5_cockpit_front_panel_DPA4061.wav","Fokker D.VII 1918","Pole Position","https://sonniss.com/sound-effects/fokker-d-vii-1918/","/Pole Position - Fokker D.VII 1918/fokker_d_vii_t23_var_sfx_onbrd_various_cockpit_instruments_5_cockpit_front_panel_DPA4061.wav","fokker|dvii|various|sfx|onboard|cockpit|instruments|5|front|panel|dpa|4061|fokker_d_vii_t23_var_sfx_onbrd_various_cockpit_instruments_5_cockpit_front_panel_dpa4061wav|fokker d.vii 1918|pole position"
"Ford_Probe_t3_Onbrd_Start_Fast_Drive_Stop_Reverse_Stop_Drive_Stop_Off_Engine_Right_PZM.wav","Ford Probe 1995","Pole Position","https://sonniss.com/sound-effects/ford-probe-1995/","/Pole Position - Ford Probe 1995/Ford_Probe_t3_Onbrd_Start_Fast_Drive_Stop_Reverse_Stop_Drive_Stop_Off_Engine_Right_PZM.wav","ford|probe|onboard|start|fast|drive|stop|reverse|off|engine|right|crown|pzm|ford_probe_t3_onbrd_start_fast_drive_stop_reverse_stop_drive_stop_off_engine_right_pzmwav|ford probe 1995|pole position"
"Ford_Probe_t7_Ext_Start_Idle_Steady_Blips_Off_XY_RSM191.wav","Ford Probe 1995","Pole Position","https://sonniss.com/sound-effects/ford-probe-1995/","/Pole Position - Ford Probe 1995/Ford_Probe_t7_Ext_Start_Idle_Steady_Blips_Off_XY_RSM191.wav","ford|probe|exterior|start|idle|steady|blips|off|xy|neumann|rsm|191|ford_probe_t7_ext_start_idle_steady_blips_off_xy_rsm191wav|ford probe 1995|pole position"
"Ford_Probe_t12_Var_SFX_Doors_Various_Interior_AMBEO_2.wav","Ford Probe 1995","Pole Position","https://sonniss.com/sound-effects/ford-probe-1995/","/Pole Position - Ford Probe 1995/Ford_Probe_t12_Var_SFX_Doors_Various_Interior_AMBEO_2.wav","ford|probe|various|sfx|doors|interior|sennheiser|ambeo|2|ford_probe_t12_var_sfx_doors_various_interior_ambeo_2wav|ford probe 1995|pole position"
"polonez_1500_t10_onbrd_start_medium_drive_siren_stop_reverse_stop_drive_stop_off_mix_interior.wav","FSO Polonez 1500 Police Car 1984","Pole Position","https://sonniss.com/sound-effects/fso-polonez-1500-police-car-1984/","/Pole Position - FSO Polonez 1500 Police Car 1984/polonez_1500_t10_onbrd_start_medium_drive_siren_stop_reverse_stop_drive_stop_off_mix_interior.wav","polonez|1500|onboard|start|medium|drive|siren|stop|reverse|off|mix|interior|polonez_1500_t10_onbrd_start_medium_drive_siren_stop_reverse_stop_drive_stop_off_mix_interiorwav|fso polonez 1500 police car 1984|pole position"
"polonez_1500_t17_onbrd_start_idle_steady_blips_off_engine_right_PZM.wav","FSO Polonez 1500 Police Car 1984","Pole Position","https://sonniss.com/sound-effects/fso-polonez-1500-police-car-1984/","/Pole Position - FSO Polonez 1500 Police Car 1984/polonez_1500_t17_onbrd_start_idle_steady_blips_off_engine_right_PZM.wav","polonez|1500|onboard|start|idle|steady|blips|off|engine|right|crown|pzm|polonez_1500_t17_onbrd_start_idle_steady_blips_off_engine_right_pzmwav|fso polonez 1500 police car 1984|pole position"
"polonez_1500_t30_var_sfx_wiper_switch_2_interior_pov_XY_RSM191.wav","FSO Polonez 1500 Police Car 1984","Pole Position","https://sonniss.com/sound-effects/fso-polonez-1500-police-car-1984/","/Pole Position - FSO Polonez 1500 Police Car 1984/polonez_1500_t30_var_sfx_wiper_switch_2_interior_pov_XY_RSM191.wav","polonez|1500|various|sfx|wiper|switch|2|interior|pov|xy|neumann|rsm|191|polonez_1500_t30_var_sfx_wiper_switch_2_interior_pov_xy_rsm191wav|fso polonez 1500 police car 1984|pole position"
"gaz_69_t12_onbrd_medium_drive_stop_off_exhaust_DPA4062.wav","GAZ-69 1965","Pole Position","https://sonniss.com/sound-effects/gaz-69-1965/","/Pole Position - GAZ-69 1965/gaz_69_t12_onbrd_medium_drive_stop_off_exhaust_DPA4062.wav","gaz|69|onboard|medium|drive|stop|off|exhaust|dpa|4062|gaz_69_t12_onbrd_medium_drive_stop_off_exhaust_dpa4062wav|gaz-69 1965|pole position"
"gaz_69_t21_onbrd_idle_steady_engine_gearbox_DPA4061.wav","GAZ-69 1965","Pole Position","https://sonniss.com/sound-effects/gaz-69-1965/","/Pole Position - GAZ-69 1965/gaz_69_t21_onbrd_idle_steady_engine_gearbox_DPA4061.wav","gaz|69|onboard|idle|steady|engine|gearbox|dpa|4061|gaz_69_t21_onbrd_idle_steady_engine_gearbox_dpa4061wav|gaz-69 1965|pole position"
"gaz_69_t27_var_sfx_siren_modulation_x2_MKH8060.wav","GAZ-69 1965","Pole Position","https://sonniss.com/sound-effects/gaz-69-1965/","/Pole Position - GAZ-69 1965/gaz_69_t27_var_sfx_siren_modulation_x2_MKH8060.wav","gaz|69|various|sfx|siren|modulation|x2|sennheiser|mkh|8060|gaz_69_t27_var_sfx_siren_modulation_x2_mkh8060wav|gaz-69 1965|pole position"
"Jeep_SRT8_t9_Onbrd_Fast_Drive_Short_Stop_Engine_Right_DPA4061.wav","Jeep SRT8 2014","Pole Position","https://sonniss.com/sound-effects/jeep-srt8-2014/","/Pole Position - Jeep SRT8 2014/Jeep_SRT8_t9_Onbrd_Fast_Drive_Short_Stop_Engine_Right_DPA4061.wav","jeep|srt8|onboard|fast|drive|short|stop|engine|right|dpa|4061|jeep_srt8_t9_onbrd_fast_drive_short_stop_engine_right_dpa4061wav|jeep srt8 2014|pole position"
"Jeep_SRT8_t10_Ext_Fast_By_Distant_LS5.wav","Jeep SRT8 2014","Pole Position","https://sonniss.com/sound-effects/jeep-srt8-2014/","/Pole Position - Jeep SRT8 2014/Jeep_SRT8_t10_Ext_Fast_By_Distant_LS5.wav","jeep|srt8|exterior|fast|by|distant|olympus|ls5|jeep_srt8_t10_ext_fast_by_distant_ls5wav|jeep srt8 2014|pole position"
"Jeep_SRT8_t11_Onbrd_Start_Drive_Gearshifts_Exhaust_Center_DPA4062.wav","Jeep SRT8 2014","Pole Position","https://sonniss.com/sound-effects/jeep-srt8-2014/","/Pole Position - Jeep SRT8 2014/Jeep_SRT8_t11_Onbrd_Start_Drive_Gearshifts_Exhaust_Center_DPA4062.wav","jeep|srt8|onboard|start|drive|gearshifts|exhaust|center|dpa|4062|jeep_srt8_t11_onbrd_start_drive_gearshifts_exhaust_center_dpa4062wav|jeep srt8 2014|pole position"
"John_Deere_Tractor_t2_Ext_Medium_Up_Stop_Reverse_Away_By_x2_CSS5.wav","John Deere 6330 2010","Pole Position","https://sonniss.com/sound-effects/john-deere-6330-2010/","/Pole Position - John Deere 6330 2010/John_Deere_Tractor_t2_Ext_Medium_Up_Stop_Reverse_Away_By_x2_CSS5.wav","john|deere|tractor|exterior|medium|up|stop|reverse|away|by|x2|sanken|css5|john_deere_tractor_t2_ext_medium_up_stop_reverse_away_by_x2_css5wav|john deere 6330 2010|pole position"
"John_Deere_Tractor_t3_Onbrd_Start_Fast_Drive_Stop_Reverse_Stop_Drive_Stop_Off_Exhaust_Mix.wav","John Deere 6330 2010","Pole Position","https://sonniss.com/sound-effects/john-deere-6330-2010/","/Pole Position - John Deere 6330 2010/John_Deere_Tractor_t3_Onbrd_Start_Fast_Drive_Stop_Reverse_Stop_Drive_Stop_Off_Exhaust_Mix.wav","john|deere|tractor|onboard|start|fast|drive|stop|reverse|off|exhaust|mix|john_deere_tractor_t3_onbrd_start_fast_drive_stop_reverse_stop_drive_stop_off_exhaust_mixwav|john deere 6330 2010|pole position"
"John_Deere_Tractor_t12_Var_SFX_Blinker_Lever_XY_RSM191.wav","John Deere 6330 2010","Pole Position","https://sonniss.com/sound-effects/john-deere-6330-2010/","/Pole Position - John Deere 6330 2010/John_Deere_Tractor_t12_Var_SFX_Blinker_Lever_XY_RSM191.wav","john|deere|tractor|various|sfx|blinker|lever|xy|neumann|rsm|191|john_deere_tractor_t12_var_sfx_blinker_lever_xy_rsm191wav|john deere 6330 2010|pole position"
"lamborghini_huracan_t10_ext_bys_gearshifts_left_turn_point_XY_MKH8040.wav","Lamborghini Huracan 2014","Pole Position","https://sonniss.com/sound-effects/lamborghini-huracan-2014/","/Pole Position - Lamborghini Huracan 2014/lamborghini_huracan_t10_ext_bys_gearshifts_left_turn_point_XY_MKH8040.wav","lamborghini|huracan|exterior|bys|gearshifts|left|turn|point|xy|sennheiser|mkh|8040|lamborghini_huracan_t10_ext_bys_gearshifts_left_turn_point_xy_mkh8040wav|lamborghini huracan 2014|pole position"
"lamborghini_huracan_t12_ext_start_idle_blips_off_XY_RSM191.wav","Lamborghini Huracan 2014","Pole Position","https://sonniss.com/sound-effects/lamborghini-huracan-2014/","/Pole Position - Lamborghini Huracan 2014/lamborghini_huracan_t12_ext_start_idle_blips_off_XY_RSM191.wav","lamborghini|huracan|exterior|start|idle|blips|off|xy|neumann|rsm|191|lamborghini_huracan_t12_ext_start_idle_blips_off_xy_rsm191wav|lamborghini huracan 2014|pole position"
"lamborghini_huracan_t17_var_sfx_onbrd_door_close_key_rattle_engine_left_MKH8020.wav","Lamborghini Huracan 2014","Pole Position","https://sonniss.com/sound-effects/lamborghini-huracan-2014/","/Pole Position - Lamborghini Huracan 2014/lamborghini_huracan_t17_var_sfx_onbrd_door_close_key_rattle_engine_left_MKH8020.wav","lamborghini|huracan|various|sfx|onboard|door|close|key|rattle|engine|left|sennheiser|mkh|8020|lamborghini_huracan_t17_var_sfx_onbrd_door_close_key_rattle_engine_left_mkh8020wav|lamborghini huracan 2014|pole position"
"man_lions_coach_t14_onbrd_drive_gearshifts_engine_VP88.wav","MAN Lion’s Coach 2015","Pole Position","https://sonniss.com/sound-effects/man-lions-coach-2015/","/Pole Position - MAN Lion’s Coach 2015/man_lions_coach_t14_onbrd_drive_gearshifts_engine_VP88.wav","man|lion's|coach|onboard|drive|gearshifts|engine|shure|vp88|man_lions_coach_t14_onbrd_drive_gearshifts_engine_vp88wav|man lion’s coach 2015|pole position"
"man_lions_coach_t18_onbrd_start_reverse_stop_off_engine_VP88.wav","MAN Lion’s Coach 2015","Pole Position","https://sonniss.com/sound-effects/man-lions-coach-2015/","/Pole Position - MAN Lion’s Coach 2015/man_lions_coach_t18_onbrd_start_reverse_stop_off_engine_VP88.wav","man|lion's|coach|onboard|start|reverse|stop|off|engine|shure|vp88|man_lions_coach_t18_onbrd_start_reverse_stop_off_engine_vp88wav|man lion’s coach 2015|pole position"
"man_lions_coach_t29_var_sfx_window_open_and_close_MS_RSM191.wav","MAN Lion’s Coach 2015","Pole Position","https://sonniss.com/sound-effects/man-lions-coach-2015/","/Pole Position - MAN Lion’s Coach 2015/man_lions_coach_t29_var_sfx_window_open_and_close_MS_RSM191.wav","man|lion's|coach|various|sfx|window|open|and|close|ms|neumann|rsm|191|man_lions_coach_t29_var_sfx_window_open_and_close_ms_rsm191wav|man lion’s coach 2015|pole position"
"Mazda_RX7_t3_Onbrd_Start_Fast_Drive_Stop_Reverse_Drive_Stop_Interior_Mix.wav","Mazda RX-7 1990","Pole Position","https://sonniss.com/sound-effects/mazda-rx-7-1990/","/Pole Position - Mazda RX-7 1990/Mazda_RX7_t3_Onbrd_Start_Fast_Drive_Stop_Reverse_Drive_Stop_Interior_Mix.wav","mazda|rx7|onboard|start|fast|drive|stop|reverse|interior|mix|mazda_rx7_t3_onbrd_start_fast_drive_stop_reverse_drive_stop_interior_mixwav|mazda rx-7 1990|pole position"
"Mazda_RX7_t7_Ext_Idle_Blips_Steadies_in_Neutral_Off_Wide_AB_CMC6.wav","Mazda RX-7 1990","Pole Position","https://sonniss.com/sound-effects/mazda-rx-7-1990/","/Pole Position - Mazda RX-7 1990/Mazda_RX7_t7_Ext_Idle_Blips_Steadies_in_Neutral_Off_Wide_AB_CMC6.wav","mazda|rx7|exterior|idle|blips|steadies|in|neutral|off|wide|ab|schoeps|cmc6|mazda_rx7_t7_ext_idle_blips_steadies_in_neutral_off_wide_ab_cmc6wav|mazda rx-7 1990|pole position"
"Mazda_RX7_t12_Var_SFX_Door_Close_Interior_DPA4021.wav","Mazda RX-7 1990","Pole Position","https://sonniss.com/sound-effects/mazda-rx-7-1990/","/Pole Position - Mazda RX-7 1990/Mazda_RX7_t12_Var_SFX_Door_Close_Interior_DPA4021.wav","mazda|rx7|various|sfx|door|close|interior|dpa|4021|mazda_rx7_t12_var_sfx_door_close_interior_dpa4021wav|mazda rx-7 1990|pole position"
"mercedes_amg_gtr_t13_ext_start_fast_away_by_up_stop_off_wide_AB_MKH8060.wav","Mercedes AMG GT R 2018","Pole Position","https://sonniss.com/sound-effects/mercedes-amg-gt-2018/","/Pole Position - Mercedes AMG GT R 2018/mercedes_amg_gtr_t13_ext_start_fast_away_by_up_stop_off_wide_AB_MKH8060.wav","mercedes|amg|gtr|exterior|start|fast|away|by|up|stop|off|wide|ab|sennheiser|mkh|8060|mercedes_amg_gtr_t13_ext_start_fast_away_by_up_stop_off_wide_ab_mkh8060wav|mercedes amg gt r 2018|pole position"
"mercedes_amg_gtr_t13_onbrd_start_fast_drive_stop_off_interior_DPA4021.wav","Mercedes AMG GT R 2018","Pole Position","https://sonniss.com/sound-effects/mercedes-amg-gt-2018/","/Pole Position - Mercedes AMG GT R 2018/mercedes_amg_gtr_t13_onbrd_start_fast_drive_stop_off_interior_DPA4021.wav","mercedes|amg|gtr|onboard|start|fast|drive|stop|off|interior|dpa|4021|mercedes_amg_gtr_t13_onbrd_start_fast_drive_stop_off_interior_dpa4021wav|mercedes amg gt r 2018|pole position"
"mercedes_amg_gtr_t54_var_sfx_onbrd_window_close_interior_AMBEO_1.wav","Mercedes AMG GT R 2018","Pole Position","https://sonniss.com/sound-effects/mercedes-amg-gt-2018/","/Pole Position - Mercedes AMG GT R 2018/mercedes_amg_gtr_t54_var_sfx_onbrd_window_close_interior_AMBEO_1.wav","mercedes|amg|gtr|various|sfx|onboard|window|close|interior|sennheiser|ambeo|1|mercedes_amg_gtr_t54_var_sfx_onbrd_window_close_interior_ambeo_1wav|mercedes amg gt r 2018|pole position"
"narrowboat_t8_onbrd_medium_drive_accelerate_slowly_decelerate_stop_deck_pointing_stern_ORTF_MKH8040.wav","Narrowboat Gardner 4LW 1960","Pole Position","https://sonniss.com/sound-effects/narrowboat-gardner-4lw-1960/","/Pole Position - Narrowboat Gardner 4LW 1960/narrowboat_t8_onbrd_medium_drive_accelerate_slowly_decelerate_stop_deck_pointing_stern_ORTF_MKH8040.wav","narrowboat|onboard|medium|drive|accelerate|slowly|decelerate|stop|deck|pointing|stern|ortf|sennheiser|mkh|8040|narrowboat_t8_onbrd_medium_drive_accelerate_slowly_decelerate_stop_deck_pointing_stern_ortf_mkh8040wav|narrowboat gardner 4lw 1960|pole position"
"narrowboat_t18_onbrd_idle_steady_water_right_hydrophone.wav","Narrowboat Gardner 4LW 1960","Pole Position","https://sonniss.com/sound-effects/narrowboat-gardner-4lw-1960/","/Pole Position - Narrowboat Gardner 4LW 1960/narrowboat_t18_onbrd_idle_steady_water_right_hydrophone.wav","narrowboat|onboard|idle|steady|water|right|hydrophone|narrowboat_t18_onbrd_idle_steady_water_right_hydrophonewav|narrowboat gardner 4lw 1960|pole position"
"narrowboat_t23_var_sfx_horn_various_XY_RSM191.wav","Narrowboat Gardner 4LW 1960","Pole Position","https://sonniss.com/sound-effects/narrowboat-gardner-4lw-1960/","/Pole Position - Narrowboat Gardner 4LW 1960/narrowboat_t23_var_sfx_horn_various_XY_RSM191.wav","narrowboat|various|sfx|horn|xy|neumann|rsm|191|narrowboat_t23_var_sfx_horn_various_xy_rsm191wav|narrowboat gardner 4lw 1960|pole position"
"opel_blitz_t14_ext_fast_bys_horn_position_b_MKH416.wav","Opel Blitz 3600 1939","Pole Position","https://sonniss.com/sound-effects/opel-blitz-3600-1939/","/Pole Position - Opel Blitz 3600 1939/opel_blitz_t14_ext_fast_bys_horn_position_b_MKH416.wav","opel|blitz|exterior|fast|bys|horn|position|b|sennheiser|mkh|416|some|birds|and|crickets|opel_blitz_t14_ext_fast_bys_horn_position_b_mkh416wav|opel blitz 3600 1939|pole position"
"opel_blitz_t15_onbrd_start_idle_steady_blips_off_interior_DPA4021.wav","Opel Blitz 3600 1939","Pole Position","https://sonniss.com/sound-effects/opel-blitz-3600-1939/","/Pole Position - Opel Blitz 3600 1939/opel_blitz_t15_onbrd_start_idle_steady_blips_off_interior_DPA4021.wav","opel|blitz|onboard|start|idle|steady|blips|off|interior|dpa|4021|opel_blitz_t15_onbrd_start_idle_steady_blips_off_interior_dpa4021wav|opel blitz 3600 1939|pole position"
"opel_blitz_t18_var_sfx_door_close_interior_AMBEO_4.wav","Opel Blitz 3600 1939","Pole Position","https://sonniss.com/sound-effects/opel-blitz-3600-1939/","/Pole Position - Opel Blitz 3600 1939/opel_blitz_t18_var_sfx_door_close_interior_AMBEO_4.wav","opel|blitz|various|sfx|door|close|interior|sennheiser|ambeo|4|opel_blitz_t18_var_sfx_door_close_interior_ambeo_4wav|opel blitz 3600 1939|pole position"
"panzer_iii_t3_onbrd_slow_drive_uneven_stop_tracks_right.wav","Panzer III Ausf. M","Pole Position","https://sonniss.com/sound-effects/panzer-iii-ausf/","/Pole Position - Panzer III Ausf. M/panzer_iii_t3_onbrd_slow_drive_uneven_stop_tracks_right.wav","panzer|iii|onboard|slow|drive|uneven|stop|tracks|right|panzer_iii_t3_onbrd_slow_drive_uneven_stop_tracks_rightwav|panzer iii ausf. m|pole position"
"panzer_iii_t12_ext_fast_by_stop_off_tracking_a.wav","Panzer III Ausf. M","Pole Position","https://sonniss.com/sound-effects/panzer-iii-ausf/","/Pole Position - Panzer III Ausf. M/panzer_iii_t12_ext_fast_by_stop_off_tracking_a.wav","panzer|iii|exterior|fast|by|stop|off|tracking|a|panzer_iii_t12_ext_fast_by_stop_off_tracking_awav|panzer iii ausf. m|pole position"
"panzer_iii_t15_onbrd_idle_revs_blips_interior.wav","Panzer III Ausf. M","Pole Position","https://sonniss.com/sound-effects/panzer-iii-ausf/","/Pole Position - Panzer III Ausf. M/panzer_iii_t15_onbrd_idle_revs_blips_interior.wav","panzer|iii|onboard|idle|revs|blips|interior|panzer_iii_t15_onbrd_idle_revs_blips_interiorwav|panzer iii ausf. m|pole position"
"panzer_iv_t1_ext_start_slow_away_up_stop_off_main.wav","Panzer IV Ausf. G","Pole Position","https://sonniss.com/sound-effects/panzer-iv-ausf/","/Pole Position - Panzer IV Ausf. G/panzer_iv_t1_ext_start_slow_away_up_stop_off_main.wav","panzer|iv|exterior|start|slow|away|up|stop|off|main|panzer_iv_t1_ext_start_slow_away_up_stop_off_mainwav|panzer iv ausf. g|pole position"
"panzer_iv_t6_onbrd_start_medium_drive_various_stop_off_tracks_right.wav","Panzer IV Ausf. G","Pole Position","https://sonniss.com/sound-effects/panzer-iv-ausf/","/Pole Position - Panzer IV Ausf. G/panzer_iv_t6_onbrd_start_medium_drive_various_stop_off_tracks_right.wav","panzer|iv|onboard|start|medium|drive|various|stop|off|tracks_right|panzer_iv_t6_onbrd_start_medium_drive_various_stop_off_tracks_rightwav|panzer iv ausf. g|pole position"
"panzer_iv_t10_ext_start_idle_steady_blips_main.wav","Panzer IV Ausf. G","Pole Position","https://sonniss.com/sound-effects/panzer-iv-ausf/","/Pole Position - Panzer IV Ausf. G/panzer_iv_t10_ext_start_idle_steady_blips_main.wav","panzer|iv|exterior|start|idle|steady|blips|main|panzer_iv_t10_ext_start_idle_steady_blips_mainwav|panzer iv ausf. g|pole position"
"peugeot_307_sw_t10_onbrd_start_fast_drive_stop_reverse_stop_drive_stop_off_exhaust_right_RE50.wav","Peugeot 307 SW 2004","Pole Position","https://sonniss.com/sound-effects/peugeot-307-sw-2004/","/Pole Position - Peugeot 307 SW 2004/peugeot_307_sw_t10_onbrd_start_fast_drive_stop_reverse_stop_drive_stop_off_exhaust_right_RE50.wav","peugeot|307|sw|onboard|start|fast|drive|stop|reverse|off|exhaust|right|electrovoice|re50|peugeot_307_sw_t10_onbrd_start_fast_drive_stop_reverse_stop_drive_stop_off_exhaust_right_re50wav|peugeot 307 sw 2004|pole position"
"peugeot_307_sw_t13_ext_bys_ramps_up_stop_off_MS_RSM191.wav","Peugeot 307 SW 2004","Pole Position","https://sonniss.com/sound-effects/peugeot-307-sw-2004/","/Pole Position - Peugeot 307 SW 2004/peugeot_307_sw_t13_ext_bys_ramps_up_stop_off_MS_RSM191.wav","peugeot|307|sw|exterior|bys|ramps|up|stop|off|ms|neumann|rsm|191|some|faint|background|car|passes|peugeot_307_sw_t13_ext_bys_ramps_up_stop_off_ms_rsm191wav|peugeot 307 sw 2004|pole position"
"peugeot_307_sw_t23_onbrd_horn_various_AMBEO_1.wav","Peugeot 307 SW 2004","Pole Position","https://sonniss.com/sound-effects/peugeot-307-sw-2004/","/Pole Position - Peugeot 307 SW 2004/peugeot_307_sw_t23_onbrd_horn_various_AMBEO_1.wav","peugeot|307|sw|onboard|horn|various|sennheiser|ambeo|1|peugeot_307_sw_t23_onbrd_horn_various_ambeo_1wav|peugeot 307 sw 2004|pole position"
"peugeot_p4_t2_ext_slow_by_stop_reverse_by_front_DPA4021.wav","Peugeot P4","Pole Position","https://sonniss.com/sound-effects/peugeot-p4/","/Pole Position - Peugeot P4/peugeot_p4_t2_ext_slow_by_stop_reverse_by_front_DPA4021.wav","peugeot|p4|exterior|slow|by|stop|reverse|front|dpa|4021|peugeot_p4_t2_ext_slow_by_stop_reverse_by_front_dpa4021wav|peugeot p4|pole position"
"peugeot_p4_t10_onbrd_drive_ramps_long_single_stop_exhaust_RE20.wav","Peugeot P4","Pole Position","https://sonniss.com/sound-effects/peugeot-p4/","/Pole Position - Peugeot P4/peugeot_p4_t10_onbrd_drive_ramps_long_single_stop_exhaust_RE20.wav","peugeot|p4|onboard|drive|ramps|long|single|stop|exhaust|electrovoice|re20|peugeot_p4_t10_onbrd_drive_ramps_long_single_stop_exhaust_re20wav|peugeot p4|pole position"
"peugeot_p4_t26_var_sfx_latch_MKH8040.wav","Peugeot P4","Pole Position","https://sonniss.com/sound-effects/peugeot-p4/","/Pole Position - Peugeot P4/peugeot_p4_t26_var_sfx_latch_MKH8040.wav","peugeot|p4|various|sfx|latch|sennheiser|mkh|8040|peugeot_p4_t26_var_sfx_latch_mkh8040wav|peugeot p4|pole position"
"Vespa_150GS_t3_Ext_Start_Fast_Away_By_x2_Up_Stop_Off_Wide_AB_MKH8060.wav","Piaggio Vespa GS 150 1955","Pole Position","https://sonniss.com/sound-effects/piaggio-vespa-gs-150-1955/","/Pole Position - Piaggio Vespa GS 150 1955/Vespa_150GS_t3_Ext_Start_Fast_Away_By_x2_Up_Stop_Off_Wide_AB_MKH8060.wav","vespa|150|gs|exterior|start|fast|away|by|x2|up|stop|off|wide|ab|sennheiser|mkh|8060|vespa_150gs_t3_ext_start_fast_away_by_x2_up_stop_off_wide_ab_mkh8060wav|piaggio vespa gs 150 1955|pole position"
"Vespa_150GS_t7_Ext_Start_Idle_Short_Off_XY_RSM191.wav","Piaggio Vespa GS 150 1955","Pole Position","https://sonniss.com/sound-effects/piaggio-vespa-gs-150-1955/","/Pole Position - Piaggio Vespa GS 150 1955/Vespa_150GS_t7_Ext_Start_Idle_Short_Off_XY_RSM191.wav","vespa|150|gs|exterior|start|idle|short|off|xy|neumann|rsm|191|vespa_150gs_t7_ext_start_idle_short_off_xy_rsm191wav|piaggio vespa gs 150 1955|pole position"
"Vespa_150GS_t13_Var_SFX_Gearshift_Driver_Left_DPA4061.wav","Piaggio Vespa GS 150 1955","Pole Position","https://sonniss.com/sound-effects/piaggio-vespa-gs-150-1955/","/Pole Position - Piaggio Vespa GS 150 1955/Vespa_150GS_t13_Var_SFX_Gearshift_Driver_Left_DPA4061.wav","vespa|150|gs|various|sfx|gearshift|driver|left|dpa|4061|vespa_150gs_t13_var_sfx_gearshift_driver_left_dpa4061wav|piaggio vespa gs 150 1955|pole position"
"polaris_indy_trail_deluxe_t8_ext_away_bys_ramps_up_stop_off_XY_RSM191.wav","Polaris Indy Trail Deluxe 1991","Pole Position","https://sonniss.com/sound-effects/polaris-indy-trail-deluxe-1991/","/Pole Position - Polaris Indy Trail Deluxe 1991/polaris_indy_trail_deluxe_t8_ext_away_bys_ramps_up_stop_off_XY_RSM191.wav","polaris|indy|trail|deluxe|exterior|away|bys|ramps|up|stop|off|xy|neumann|rsm|191|polaris_indy_trail_deluxe_t8_ext_away_bys_ramps_up_stop_off_xy_rsm191wav|polaris indy trail deluxe 1991|pole position"
"polaris_indy_trail_deluxe_t10_onbrd_start_drive_circles_stop_off_engine_hood_a_DPA4061.wav","Polaris Indy Trail Deluxe 1991","Pole Position","https://sonniss.com/sound-effects/polaris-indy-trail-deluxe-1991/","/Pole Position - Polaris Indy Trail Deluxe 1991/polaris_indy_trail_deluxe_t10_onbrd_start_drive_circles_stop_off_engine_hood_a_DPA4061.wav","polaris|indy|trail|deluxe|onboard|start|drive|circles|stop|off|engine|hood|a|dpa|4061|polaris_indy_trail_deluxe_t10_onbrd_start_drive_circles_stop_off_engine_hood_a_dpa4061wav|polaris indy trail deluxe 1991|pole position"
"polaris_indy_trail_deluxe_t15_ext_start_try_fail_XY_RSM191.wav","Polaris Indy Trail Deluxe 1991","Pole Position","https://sonniss.com/sound-effects/polaris-indy-trail-deluxe-1991/","/Pole Position - Polaris Indy Trail Deluxe 1991/polaris_indy_trail_deluxe_t15_ext_start_try_fail_XY_RSM191.wav","polaris|indy|trail|deluxe|exterior|start|try|fail|xy|neumann|rsm|191|polaris_indy_trail_deluxe_t15_ext_start_try_fail_xy_rsm191wav|polaris indy trail deluxe 1991|pole position"
"Polaris_RZR_t1_Onbrd_Start_Slow_Drive_Stop_Reverse_Stop_Drive_Stop_Off_Engine_Mix.wav","Polaris RZR XP 1000 EPS 2017","Pole Position","https://sonniss.com/sound-effects/polaris-rzr-xp-1000-eps-2017/","/Pole Position - Polaris RZR XP 1000 EPS 2017/Polaris_RZR_t1_Onbrd_Start_Slow_Drive_Stop_Reverse_Stop_Drive_Stop_Off_Engine_Mix.wav","polaris|rzr|onboard|start|slow|drive|stop|reverse|off|engine|mix|polaris_rzr_t1_onbrd_start_slow_drive_stop_reverse_stop_drive_stop_off_engine_mixwav|polaris rzr xp 1000 eps 2017|pole position"
"Polaris_RZR_t6_Ext_By_Steady_RPMs_CSS5.wav","Polaris RZR XP 1000 EPS 2017","Pole Position","https://sonniss.com/sound-effects/polaris-rzr-xp-1000-eps-2017/","/Pole Position - Polaris RZR XP 1000 EPS 2017/Polaris_RZR_t6_Ext_By_Steady_RPMs_CSS5.wav","polaris|rzr|exterior|by|steady|rpms|sanken|css5|polaris_rzr_t6_ext_by_steady_rpms_css5wav|polaris rzr xp 1000 eps 2017|pole position"
"Polaris_RZR_t9_Var_SFX_Parking_Brake_Behind_Drivers_Seat_DPA4062.wav","Polaris RZR XP 1000 EPS 2017","Pole Position","https://sonniss.com/sound-effects/polaris-rzr-xp-1000-eps-2017/","/Pole Position - Polaris RZR XP 1000 EPS 2017/Polaris_RZR_t9_Var_SFX_Parking_Brake_Behind_Drivers_Seat_DPA4062.wav","polaris|rzr|various|sfx|parking|brake|behind|drivers|seat|dpa|4062|polaris_rzr_t9_var_sfx_parking_brake_behind_drivers_seat_dpa4062wav|polaris rzr xp 1000 eps 2017|pole position"
"pontiac_gto_t12_ext_away_bys_gearshifts_stop_XY_RSM191.wav","Pontiac GTO 1967","Pole Position","https://sonniss.com/sound-effects/pontiac-gto-1967/","/Pole Position - Pontiac GTO 1967/pontiac_gto_t12_ext_away_bys_gearshifts_stop_XY_RSM191.wav","pontiac|gto|exterior|away|bys|gearshifts|stop|xy|neumann|rsm|191|some|distant|dog|wind|pontiac_gto_t12_ext_away_bys_gearshifts_stop_xy_rsm191wav|pontiac gto 1967|pole position"
"pontiac_gto_t13_onbrd_drive_steady_RPMs_stop_Engine_MIX.wav","Pontiac GTO 1967","Pole Position","https://sonniss.com/sound-effects/pontiac-gto-1967/","/Pole Position - Pontiac GTO 1967/pontiac_gto_t13_onbrd_drive_steady_RPMs_stop_Engine_MIX.wav","pontiac|gto|onboard|drive|steady|rpms|stop|engine|mix|pontiac_gto_t13_onbrd_drive_steady_rpms_stop_engine_mixwav|pontiac gto 1967|pole position"
"pontiac_gto_t25_var_sfx_onbrd_door_close_hard_interior_AMBEO_2.wav","Pontiac GTO 1967","Pole Position","https://sonniss.com/sound-effects/pontiac-gto-1967/","/Pole Position - Pontiac GTO 1967/pontiac_gto_t25_var_sfx_onbrd_door_close_hard_interior_AMBEO_2.wav","pontiac|gto|various|sfx|onboard|door|close|hard|interior|sennheiser|ambeo|2|pontiac_gto_t25_var_sfx_onbrd_door_close_hard_interior_ambeo_2wav|pontiac gto 1967|pole position"
"RC_Jet_Viggen_AJ36_t1_Ext_Start_Ignition_Idle_Blast_Static_on_Ground_Off_Bursts_Right_DPA4062.wav","RC Jet","Pole Position","https://sonniss.com/sound-effects/rc-jet/","/Pole Position - RC Jet/RC_Jet_Viggen_AJ36_t1_Ext_Start_Ignition_Idle_Blast_Static_on_Ground_Off_Bursts_Right_DPA4062.wav","rc|jet|viggen|aj36|exterior|start|ignition|idle|blast|static|on|ground|off|bursts|right|dpa|4062|rc_jet_viggen_aj36_t1_ext_start_ignition_idle_blast_static_on_ground_off_bursts_right_dpa4062wav|rc jet|pole position"
"RC_Jet_Viggen_AJ36_t2_Ext_Start_Ignition_Idle_Blast_Static_on_Ground_Off_Bursts_Left_DPA4021.wav","RC Jet","Pole Position","https://sonniss.com/sound-effects/rc-jet/","/Pole Position - RC Jet/RC_Jet_Viggen_AJ36_t2_Ext_Start_Ignition_Idle_Blast_Static_on_Ground_Off_Bursts_Left_DPA4021.wav","rc|jet|viggen|aj36|exterior|start|ignition|idle|blast|static|on|ground|off|bursts|left|dpa|4021|rc_jet_viggen_aj36_t2_ext_start_ignition_idle_blast_static_on_ground_off_bursts_left_dpa4021wav|rc jet|pole position"
"SKOT_t9_Onbrd_Start_Drive_Gearshifts_Change_Direction_Interior_Passenger_Compartment_Mix.wav","SKOT OT-64 1968","Pole Position","https://sonniss.com/sound-effects/skot-ot-64-1968/","/Pole Position - SKOT OT-64 1968/SKOT_t9_Onbrd_Start_Drive_Gearshifts_Change_Direction_Interior_Passenger_Compartment_Mix.wav","skot|onboard|start|drive|gearshifts|change|direction|interior|passenger|compartment|mix|skot_t9_onbrd_start_drive_gearshifts_change_direction_interior_passenger_compartment_mixwav|skot ot-64 1968|pole position"
"SKOT_t17_Onbrd_Idle_Revs_Interior_Drivers_Compartment_AMBEO1.wav","SKOT OT-64 1968","Pole Position","https://sonniss.com/sound-effects/skot-ot-64-1968/","/Pole Position - SKOT OT-64 1968/SKOT_t17_Onbrd_Idle_Revs_Interior_Drivers_Compartment_AMBEO1.wav","skot|onboard|idle|revs|interior|drivers|compartment|sennheiser|ambeo|1|skot_t17_onbrd_idle_revs_interior_drivers_compartment_ambeo1wav|skot ot-64 1968|pole position"
"SKOT_t23_Var_SFX_Tail_Door_Close_MKH8060.wav","SKOT OT-64 1968","Pole Position","https://sonniss.com/sound-effects/skot-ot-64-1968/","/Pole Position - SKOT OT-64 1968/SKOT_t23_Var_SFX_Tail_Door_Close_MKH8060.wav","skot|various|sfx|tail|door|close|sennheiser|mkh|8060|skot_t23_var_sfx_tail_door_close_mkh8060wav|skot ot-64 1968|pole position"
"m42_t1_ext_slow_away_reverse_by_x2_up_stop_Holophone.wav","SKP m42 APC 1942","Pole Position","https://sonniss.com/sound-effects/skp-m42-apc-1942/","/Pole Position - SKP m42 APC 1942/m42_t1_ext_slow_away_reverse_by_x2_up_stop_Holophone.wav","m42|exterior|slow|away|reverse|by|x2|up|stop|holophone|some|slight|rain|m42_t1_ext_slow_away_reverse_by_x2_up_stop_holophonewav|skp m42 apc 1942|pole position"
"m42_t14_onbrd_fast_reverse_stop_drive_stop_interior_driver_RSM191.wav","SKP m42 APC 1942","Pole Position","https://sonniss.com/sound-effects/skp-m42-apc-1942/","/Pole Position - SKP m42 APC 1942/m42_t14_onbrd_fast_reverse_stop_drive_stop_interior_driver_RSM191.wav","m42|onboard|fast|reverse|stop|drive|interior|driver|neumann|rsm|191|m42_t14_onbrd_fast_reverse_stop_drive_stop_interior_driver_rsm191wav|skp m42 apc 1942|pole position"
"m42_t42_var_sfx_back_door_open_light_exhaust_DPA4062.wav","SKP m42 APC 1942","Pole Position","https://sonniss.com/sound-effects/skp-m42-apc-1942/","/Pole Position - SKP m42 APC 1942/m42_t42_var_sfx_back_door_open_light_exhaust_DPA4062.wav","m42|various|sfx|back|door|open|light|exhaust|dpa|4062|m42_t42_var_sfx_back_door_open_light_exhaust_dpa4062wav|skp m42 apc 1942|pole position"
"stug_40_t6_onbrd_start_fast_drive_stop_off_tracks_right.wav","StuG 40","Pole Position","https://sonniss.com/sound-effects/stug-40/","/Pole Position - StuG 40/stug_40_t6_onbrd_start_fast_drive_stop_off_tracks_right.wav","stug|40|onboard|start|fast|drive|stop|off|tracks|right|stug_40_t6_onbrd_start_fast_drive_stop_off_tracks_rightwav|stug 40|pole position"
"stug_40_t12_onbrd_start_idle_revs_interior.wav","StuG 40","Pole Position","https://sonniss.com/sound-effects/stug-40/","/Pole Position - StuG 40/stug_40_t12_onbrd_start_idle_revs_interior.wav","stug|40|onboard|start|idle|revs|interior|stug_40_t12_onbrd_start_idle_revs_interiorwav|stug 40|pole position"
"stug_40_t16_onbrd_start_try_fail_false_start_exhaust_left.wav","StuG 40","Pole Position","https://sonniss.com/sound-effects/stug-40/","/Pole Position - StuG 40/stug_40_t16_onbrd_start_try_fail_false_start_exhaust_left.wav","stug|40|onboard|start|try|fail|false|exhaust|left|stug_40_t16_onbrd_start_try_fail_false_start_exhaust_leftwav|stug 40|pole position"
"spitfire_mk_ix_t4_ext_take_off_by_right_position_CSS5.wav","Supermarine Spitfire Mk IX 1943","Pole Position","https://sonniss.com/sound-effects/supermarine-spitfire-mk-ix-1943/","/Pole Position - Supermarine Spitfire Mk IX 1943/spitfire_mk_ix_t4_ext_take_off_by_right_position_CSS5.wav","spitfire|mk|ix|exterior|take|off|by|right|position|sanken|css5|spitfire_mk_ix_t4_ext_take_off_by_right_position_css5wav|supermarine spitfire mk ix 1943|pole position"
"spitfire_mk_ix_t12_onbrd_idle_blips_engine_a_DPA4062.wav","Supermarine Spitfire Mk IX 1943","Pole Position","https://sonniss.com/sound-effects/supermarine-spitfire-mk-ix-1943/","/Pole Position - Supermarine Spitfire Mk IX 1943/spitfire_mk_ix_t12_onbrd_idle_blips_engine_a_DPA4062.wav","spitfire|mk|ix|onboard|idle|blips|engine|a|dpa|4062|some|background|plane|at|end|spitfire_mk_ix_t12_onbrd_idle_blips_engine_a_dpa4062wav|supermarine spitfire mk ix 1943|pole position"
"spitfire_mk_ix_t20_var_sfx_air_release_brakes_CSS5.wav","Supermarine Spitfire Mk IX 1943","Pole Position","https://sonniss.com/sound-effects/supermarine-spitfire-mk-ix-1943/","/Pole Position - Supermarine Spitfire Mk IX 1943/spitfire_mk_ix_t20_var_sfx_air_release_brakes_CSS5.wav","spitfire|mk|ix|various|sfx|air|release|brakes|sanken|css5|spitfire_mk_ix_t20_var_sfx_air_release_brakes_css5wav|supermarine spitfire mk ix 1943|pole position"
"rain_medium_steady_some_drops_on_metal_h4n.wav","Thunder & Rain","Pole Position","https://sonniss.com/sound-effects/thunder-rain-2/","/Pole Position - Thunder & Rain/rain_medium_steady_some_drops_on_metal_h4n.wav","rain|medium|steady|some|drops|on|metal|h4n|rain_medium_steady_some_drops_on_metal_h4nwav|thunder & rain|pole position"
"rain_urban_medium_light_steady_some_distant_car_passes.wav","Thunder & Rain","Pole Position","https://sonniss.com/sound-effects/thunder-rain-2/","/Pole Position - Thunder & Rain/rain_urban_medium_light_steady_some_distant_car_passes.wav","rain|urban|medium|light|steady|some|distant|car|passes|rain_urban_medium_light_steady_some_distant_car_passeswav|thunder & rain|pole position"
"thunderstorm_summer_morning_distant_rumble_sparse_approaching_2.wav","Thunder & Rain","Pole Position","https://sonniss.com/sound-effects/thunder-rain-2/","/Pole Position - Thunder & Rain/thunderstorm_summer_morning_distant_rumble_sparse_approaching_2.wav","thunderstorm|summer|morning|distant|rumble|sparse|approaching|2|some|distant|birds|thunderstorm_summer_morning_distant_rumble_sparse_approaching_2wav|thunder & rain|pole position"
"tiger_ii_t2_ext_slow_by_stop_point_exhaust_CSS5.wav","Tiger II","Pole Position","https://sonniss.com/sound-effects/tiger-ii/","/Pole Position - Tiger II/tiger_ii_t2_ext_slow_by_stop_point_exhaust_CSS5.wav","tiger|ii|exterior|slow|by|stop|point|exhaust|sanken|css5|tiger_ii_t2_ext_slow_by_stop_point_exhaust_css5wav|tiger ii|pole position"
"tiger_ii_t12_onbrd_start_drive_gearshifts_stop_off_engine_RE20.wav","Tiger II","Pole Position","https://sonniss.com/sound-effects/tiger-ii/","/Pole Position - Tiger II/tiger_ii_t12_onbrd_start_drive_gearshifts_stop_off_engine_RE20.wav","tiger|ii|onboard|start|drive|gearshifts|stop|off|engine|electrovoice|re20|tiger_ii_t12_onbrd_start_drive_gearshifts_stop_off_engine_re20wav|tiger ii|pole position"
"tiger_ii_t29_var_sfx_hatch_close_slam_and_open_tracking_MKH60.wav","Tiger II","Pole Position","https://sonniss.com/sound-effects/tiger-ii/","/Pole Position - Tiger II/tiger_ii_t29_var_sfx_hatch_close_slam_and_open_tracking_MKH60.wav","tiger|ii|various|sfx|hatch|close|slam|and|open|tracking|sennheiser|mkh|60|tiger_ii_t29_var_sfx_hatch_close_slam_and_open_tracking_mkh60wav|tiger ii|pole position"
"Toyota_CHR_Turbo_t4_Onbrd_Slow_Drive_Short_Stop_Exhaust_Distant_DPA4062.wav","Toyota C-HR Turbo 2017","Pole Position","https://sonniss.com/sound-effects/toyota-c-hr-turbo-2017/","/Pole Position - Toyota C-HR Turbo 2017/Toyota_CHR_Turbo_t4_Onbrd_Slow_Drive_Short_Stop_Exhaust_Distant_DPA4062.wav","toyota|chr|turbo|onboard|slow|drive|short|stop|exhaust|distant|dpa|4062|toyota_chr_turbo_t4_onbrd_slow_drive_short_stop_exhaust_distant_dpa4062wav|toyota c-hr turbo 2017|pole position"
"Toyota_CHR_Turbo_t14_Ext_Start_Idle_Blips_Off_Holophone.wav","Toyota C-HR Turbo 2017","Pole Position","https://sonniss.com/sound-effects/toyota-c-hr-turbo-2017/","/Pole Position - Toyota C-HR Turbo 2017/Toyota_CHR_Turbo_t14_Ext_Start_Idle_Blips_Off_Holophone.wav","toyota|chr|turbo|exterior|start|idle|blips|off|holophone|toyota_chr_turbo_t14_ext_start_idle_blips_off_holophonewav|toyota c-hr turbo 2017|pole position"
"Toyota_CHR_Turbo_t18_Var_SFX_Window_Close_Interior_DPA4021.wav","Toyota C-HR Turbo 2017","Pole Position","https://sonniss.com/sound-effects/toyota-c-hr-turbo-2017/","/Pole Position - Toyota C-HR Turbo 2017/Toyota_CHR_Turbo_t18_Var_SFX_Window_Close_Interior_DPA4021.wav","toyota|chr|turbo|various|sfx|window|close|interior|dpa|4021|toyota_chr_turbo_t18_var_sfx_window_close_interior_dpa4021wav|toyota c-hr turbo 2017|pole position"
"tugboat_t1_onbrd_slow_drive_slight_acceleraton_engine_room_XY_DPA4021.wav","Tugboat Deutz VM 145","Pole Position","https://sonniss.com/sound-effects/tugboat-deutz-vm-145/","/Pole Position - Tugboat Deutz VM 145/tugboat_t1_onbrd_slow_drive_slight_acceleraton_engine_room_XY_DPA4021.wav","tugboat|onboard|slow|drive|slight|acceleraton|engine|room|xy|dpa|4021|tugboat_t1_onbrd_slow_drive_slight_acceleraton_engine_room_xy_dpa4021wav|tugboat deutz vm 145|pole position"
"tugboat_t24_onbrd_idle_steady_deck_propeller_MKH8040.wav","Tugboat Deutz VM 145","Pole Position","https://sonniss.com/sound-effects/tugboat-deutz-vm-145/","/Pole Position - Tugboat Deutz VM 145/tugboat_t24_onbrd_idle_steady_deck_propeller_MKH8040.wav","tugboat|onboard|idle|steady|deck|propeller|sennheiser|mkh|8040|tugboat_t24_onbrd_idle_steady_deck_propeller_mkh8040wav|tugboat deutz vm 145|pole position"
"tugboat_t30_var_sfx_moisture_drain_air_release_steady_various_mix_RSM191.wav","Tugboat Deutz VM 145","Pole Position","https://sonniss.com/sound-effects/tugboat-deutz-vm-145/","/Pole Position - Tugboat Deutz VM 145/tugboat_t30_var_sfx_moisture_drain_air_release_steady_various_mix_RSM191.wav","tugboat|various|sfx|moisture|drain|air|release|steady|mix|neumann|rsm|191|tugboat_t30_var_sfx_moisture_drain_air_release_steady_various_mix_rsm191wav|tugboat deutz vm 145|pole position"
"Typewriter_t5_Halda_classroom_small_close_dist.wav","Typewriters","Pole Position","https://sonniss.com/sound-effects/typewriters/","/Pole Position - Typewriters/Typewriter_t5_Halda_classroom_small_close_dist.wav","typewriter|halda|classroom|small|close|distance|sd788|neumann|rsm|191|typewriter_t5_halda_classroom_small_close_distwav|typewriters|pole position"
"Typewriter_t9_Halda_classroom_med_med_dist.wav","Typewriters","Pole Position","https://sonniss.com/sound-effects/typewriters/","/Pole Position - Typewriters/Typewriter_t9_Halda_classroom_med_med_dist.wav","typewriter|halda|classroom|medium|med|distance|sd788|holophone|typewriter_t9_halda_classroom_med_med_distwav|typewriters|pole position"
"Dnepr_M72_t11_Onbrd_Drive_Gearshifts_Stop_Off_Engine_Mix.wav","Ural Dnepr M-72 1944","Pole Position","https://sonniss.com/sound-effects/ural-dnepr-m-72-1944/","/Pole Position - Ural Dnepr M-72 1944/Dnepr_M72_t11_Onbrd_Drive_Gearshifts_Stop_Off_Engine_Mix.wav","dnepr|m72|onboard|drive|gearshifts|stop|off|engine|mix|dnepr_m72_t11_onbrd_drive_gearshifts_stop_off_engine_mixwav|ural dnepr m-72 1944|pole position"
"Dnepr_M72_t18_Ext_Idle_Short_Off_ORTF_MKH8040.wav","Ural Dnepr M-72 1944","Pole Position","https://sonniss.com/sound-effects/ural-dnepr-m-72-1944/","/Pole Position - Ural Dnepr M-72 1944/Dnepr_M72_t18_Ext_Idle_Short_Off_ORTF_MKH8040.wav","dnepr|m72|exterior|idle|short|off|ortf|sennheiser|mkh|8040|dnepr_m72_t18_ext_idle_short_off_ortf_mkh8040wav|ural dnepr m-72 1944|pole position"
"Dnepr_M72_t19_Var_SFX_Kickstart_Try_Fail_Engine_Mix.wav","Ural Dnepr M-72 1944","Pole Position","https://sonniss.com/sound-effects/ural-dnepr-m-72-1944/","/Pole Position - Ural Dnepr M-72 1944/Dnepr_M72_t19_Var_SFX_Kickstart_Try_Fail_Engine_Mix.wav","dnepr|m72|various|sfx|kickstart|try|fail|engine|mix|dnepr_m72_t19_var_sfx_kickstart_try_fail_engine_mixwav|ural dnepr m-72 1944|pole position"
"Kubelwagen_t12_Ext_Bys_Gearshifts_H6.wav","Volkswagen Kübelwagen 1943","Pole Position","https://sonniss.com/sound-effects/volkswagen-kubelwagen-1943/","/Pole Position - Volkswagen Kübelwagen 1943/Kubelwagen_t12_Ext_Bys_Gearshifts_H6.wav","kubelwagen|exterior|bys|gearshifts|turn|point|h6|some|wind|kubelwagen_t12_ext_bys_gearshifts_h6wav|volkswagen kübelwagen 1943|pole position"
"Kubelwagen_t14_Ext_Start_Idle_Blips_Off_Distant_MS_KMR81_KM120.wav","Volkswagen Kübelwagen 1943","Pole Position","https://sonniss.com/sound-effects/volkswagen-kubelwagen-1943/","/Pole Position - Volkswagen Kübelwagen 1943/Kubelwagen_t14_Ext_Start_Idle_Blips_Off_Distant_MS_KMR81_KM120.wav","kubelwagen|exterior|start|idle|blips|off|distant|ms|neumann|kmr81|km120|kubelwagen_t14_ext_start_idle_blips_off_distant_ms_kmr81_km120wav|volkswagen kübelwagen 1943|pole position"
"Kubelwagen_t17_Var_SFX_Replacing_Gas_Can_Interior_AMBEO3.wav","Volkswagen Kübelwagen 1943","Pole Position","https://sonniss.com/sound-effects/volkswagen-kubelwagen-1943/","/Pole Position - Volkswagen Kübelwagen 1943/Kubelwagen_t17_Var_SFX_Replacing_Gas_Can_Interior_AMBEO3.wav","kubelwagen|various|sfx|replacing|gas|can|interior|sennheiser|ambeo|3|kubelwagen_t17_var_sfx_replacing_gas_can_interior_ambeo3wav|volkswagen kübelwagen 1943|pole position"
"Drag_Car_Volvo_142_t2_Ext_Fast_Bys_ORTF_MKH8040.wav","Volvo 142 Drag Car","Pole Position","https://sonniss.com/sound-effects/volvo-142-drag-car/","/Pole Position - Volvo 142 Drag Car/Drag_Car_Volvo_142_t2_Ext_Fast_Bys_ORTF_MKH8040.wav","swedish|volvo|142|drag|car|built|in|stages|from|20052012|with|a|7|liter|high|comp|v8|1100|horsepower|engine|racing|auto|motor|modified|custom|exterior|fast|bys|position|b|ortf|sennheiser|mkh|8040|some|movement|drag_car_volvo_142_t2_ext_fast_bys_ortf_mkh8040wav|volvo 142 drag car|pole position"
"Drag_Car_Volvo_142_t4_Onbrd_Start_Medium_Drive_Stop_Off_Engine_Center_MKH8020.wav","Volvo 142 Drag Car","Pole Position","https://sonniss.com/sound-effects/volvo-142-drag-car/","/Pole Position - Volvo 142 Drag Car/Drag_Car_Volvo_142_t4_Onbrd_Start_Medium_Drive_Stop_Off_Engine_Center_MKH8020.wav","swedish|volvo|142|drag|car|built|in|stages|from|20052012|with|a|7|liter|high|comp|v8|1100|horsepower|engine|racing|auto|motor|modified|custom|onboard|start|medium|drive|stop|off|engine|center|sennheiser|mkh|8020|drag_car_volvo_142_t4_onbrd_start_medium_drive_stop_off_engine_center_mkh8020wav|volvo 142 drag car|pole position"
"Drag_Car_Volvo_142_t4_Onbrd_Start_Medium_Drive_Stop_Off_Mix_Interior.wav","Volvo 142 Drag Car","Pole Position","https://sonniss.com/sound-effects/volvo-142-drag-car/","/Pole Position - Volvo 142 Drag Car/Drag_Car_Volvo_142_t4_Onbrd_Start_Medium_Drive_Stop_Off_Mix_Interior.wav","swedish|volvo|142|drag|car|built|in|stages|from|20052012|with|a|7|liter|high|comp|v8|1100|horsepower|engine|racing|auto|motor|modified|custom|onboard|start|medium|drive|stop|off|mix|interior|drag_car_volvo_142_t4_onbrd_start_medium_drive_stop_off_mix_interiorwav|volvo 142 drag car|pole position"
"Volvo_FM10_t3_Ext_Start_Fast_Away_Up_Reverse_Stop_Away_By_Up_Stop_Off_Wide_AB_MKH8060.wav","Volvo FM10 2003","Pole Position","https://sonniss.com/sound-effects/volvo-fm10-2003/","/Pole Position - Volvo FM10 2003/Volvo_FM10_t3_Ext_Start_Fast_Away_Up_Reverse_Stop_Away_By_Up_Stop_Off_Wide_AB_MKH8060.wav","volvo|fm10|exterior|start|fast|away|up|reverse|stop|by|off|wide|ab|sennheiser|mkh|8060|volvo_fm10_t3_ext_start_fast_away_up_reverse_stop_away_by_up_stop_off_wide_ab_mkh8060wav|volvo fm10 2003|pole position"
"Volvo_FM10_t5_Onbrd_Drive_Ramps_Gravel_Road_Stop_Off_Engine_Left_PZM.wav","Volvo FM10 2003","Pole Position","https://sonniss.com/sound-effects/volvo-fm10-2003/","/Pole Position - Volvo FM10 2003/Volvo_FM10_t5_Onbrd_Drive_Ramps_Gravel_Road_Stop_Off_Engine_Left_PZM.wav","volvo|fm10|onboard|drive|ramps|gravel|road|stop|off|engine|left|crown|pzm|volvo_fm10_t5_onbrd_drive_ramps_gravel_road_stop_off_engine_left_pzmwav|volvo fm10 2003|pole position"
"Volvo_FM10_t14_Var_SFX_Gear_Stick_Sequence_XY_RSM191.wav","Volvo FM10 2003","Pole Position","https://sonniss.com/sound-effects/volvo-fm10-2003/","/Pole Position - Volvo FM10 2003/Volvo_FM10_t14_Var_SFX_Gear_Stick_Sequence_XY_RSM191.wav","volvo|fm10|various|sfx|gear|stick|sequence|xy|neumann|rsm|191|volvo_fm10_t14_var_sfx_gear_stick_sequence_xy_rsm191wav|volvo fm10 2003|pole position"
"yamaha_rs_venture_t1_onbrd_start_slow_drive_stop_off_LS5.wav","Yamaha RS Venture 2006","Pole Position","https://sonniss.com/sound-effects/yamaha-rs-venture-2006/","/Pole Position - Yamaha RS Venture 2006/yamaha_rs_venture_t1_onbrd_start_slow_drive_stop_off_LS5.wav","yamaha|rs|venture|onboard|start|slow|drive|stop|off|olympus|ls5|yamaha_rs_venture_t1_onbrd_start_slow_drive_stop_off_ls5wav|yamaha rs venture 2006|pole position"
"yamaha_rs_venture_t7_ext_fast_bys_ORTF_CMC6.wav","Yamaha RS Venture 2006","Pole Position","https://sonniss.com/sound-effects/yamaha-rs-venture-2006/","/Pole Position - Yamaha RS Venture 2006/yamaha_rs_venture_t7_ext_fast_bys_ORTF_CMC6.wav","yamaha|rs|venture|exterior|fast|bys|ortf|schoeps|cmc6|some|wind|yamaha_rs_venture_t7_ext_fast_bys_ortf_cmc6wav|yamaha rs venture 2006|pole position"
"yamaha_rs_venture_t16_onbrd_start_blips_bogie_RE50.wav","Yamaha RS Venture 2006","Pole Position","https://sonniss.com/sound-effects/yamaha-rs-venture-2006/","/Pole Position - Yamaha RS Venture 2006/yamaha_rs_venture_t16_onbrd_start_blips_bogie_RE50.wav","yamaha|rs|venture|onboard|start|blips|bogie|electrovoice|re50|yamaha_rs_venture_t16_onbrd_start_blips_bogie_re50wav|yamaha rs venture 2006|pole position"
"MOROCCO BONUS Wood Door 6.wav","Background Morocco","Prismo Sound","https://sonniss.com/sound-effects/background-morocco/","/Prismo Sound - Background Morocco/MOROCCO BONUS Wood Door 6.wav","door|wood|open|close|hinge|rattle|jerky|grind|scrape|scoot|morocco|bonus|wood|door|6wav|background morocco|prismo sound"
"MOROCCO Desert Camp Morning Birds 2.wav","Background Morocco","Prismo Sound","https://sonniss.com/sound-effects/background-morocco/","/Prismo Sound - Background Morocco/MOROCCO Desert Camp Morning Birds 2.wav","ambience|desert|birds|morocco|desert|camp|morning|birds|2wav|background morocco|prismo sound"
"MOROCCO Essaouira Villa Birds and Foliage 1.wav","Background Morocco","Prismo Sound","https://sonniss.com/sound-effects/background-morocco/","/Prismo Sound - Background Morocco/MOROCCO Essaouira Villa Birds and Foliage 1.wav","ambience|wind|calm|foliage|birds|distant|car|generator|morocco|essaouira|villa|birds|and|foliage|1wav|background morocco|prismo sound"
"MOROCCO Marrakech Riad Roof Prayer.wav","Background Morocco","Prismo Sound","https://sonniss.com/sound-effects/background-morocco/","/Prismo Sound - Background Morocco/MOROCCO Marrakech Riad Roof Prayer.wav","ambience|riad|roof|prayer|movement|distant|traffic|walla|birds|morocco|marrakech|riad|roof|prayerwav|background morocco|prismo sound"
"JTP BULLET Onboard Passenger Cabin Boarding.wav","Japan Train and Platform","Prismo Sound","https://sonniss.com/sound-effects/japan-train-platform/","/Prismo Sound - Japan Train and Platform/JTP BULLET Onboard Passenger Cabin Boarding.wav","train|boarding|footsteps|walla|pass|movement|announcements|jtp|bullet|onboard|passenger|cabin|boardingwav|japan train and platform|prismo sound"
"JTP BULLET Onboard Stop Doors Depart 01.wav","Japan Train and Platform","Prismo Sound","https://sonniss.com/sound-effects/japan-train-platform/","/Prismo Sound - Japan Train and Platform/JTP BULLET Onboard Stop Doors Depart 01.wav","train|slows|to|stop|doors|announcement|boarding|departure|jtp|bullet|onboard|stop|doors|depart|01wav|japan train and platform|prismo sound"
"JTP SHINAGAWA Station 01.wav","Japan Train and Platform","Prismo Sound","https://sonniss.com/sound-effects/japan-train-platform/","/Prismo Sound - Japan Train and Platform/JTP SHINAGAWA Station 01.wav","ambience|train|station|ticketing|walla|children|announcements|jtp|shinagawa|station|01wav|japan train and platform|prismo sound"
"SINGING_BOWL_Strike_Sustain_D_02.wav","Singing Bowls","Prismo Sound","https://sonniss.com/sound-effects/singing-bowls/","/Prismo Sound - Singing Bowls/SINGING_BOWL_Strike_Sustain_D_02.wav","strike|and|play|sustain|strong|mallet|glass|sound|singing_bowl_strike_sustain_d_02wav|singing bowls|prismo sound"
"SINGING_BOWL_Strike_Sustain_Distort_A-st_04_OctaveDown.wav","Singing Bowls","Prismo Sound","https://sonniss.com/sound-effects/singing-bowls/","/Prismo Sound - Singing Bowls/SINGING_BOWL_Strike_Sustain_Distort_A-st_04_OctaveDown.wav","distorted|processed|sound|digital|quality|singing_bowl_strike_sustain_distort_ast_04_octavedownwav|singing bowls|prismo sound"
"SINGING_BOWL_Sustain_AandD_01_OctaveDown.wav","Singing Bowls","Prismo Sound","https://sonniss.com/sound-effects/singing-bowls/","/Prismo Sound - Singing Bowls/SINGING_BOWL_Sustain_AandD_01_OctaveDown.wav","play|sustain|both|bows|long|tails|emotive|singing_bowl_sustain_aandd_01_octavedownwav|singing bowls|prismo sound"
"SINGING_BOWL_Sustain_A-st_02_OctaveDown.wav","Singing Bowls","Prismo Sound","https://sonniss.com/sound-effects/singing-bowls/","/Prismo Sound - Singing Bowls/SINGING_BOWL_Sustain_A-st_02_OctaveDown.wav","nice|play|sustain|singing_bowl_sustain_ast_02_octavedownwav|singing bowls|prismo sound"
"RL_bodyfall_Concrete_Generic_Feet_Mid_Mono_Med_Impact_02.wav","Bodyfall","Red Libraries","https://sonniss.com/sound-effects/bodyfall/","/Red Libraries - Bodyfall/RL_bodyfall_Concrete_Generic_Feet_Mid_Mono_Med_Impact_02.wav","bodyfall_concrete_generic_feet_mid_mono_med_impact_02|rl_bodyfall_concrete_generic_feet_mid_mono_med_impact_02wav|bodyfall|red libraries"
"RL_bodyfall_Dirt_M4_Close_Stereo_Hard_Impact_10.wav","Bodyfall","Red Libraries","https://sonniss.com/sound-effects/bodyfall/","/Red Libraries - Bodyfall/RL_bodyfall_Dirt_M4_Close_Stereo_Hard_Impact_10.wav","bodyfall_dirt_m4_close_stereo_hard_impact_10|rl_bodyfall_dirt_m4_close_stereo_hard_impact_10wav|bodyfall|red libraries"
"RL_bodyfall_Metal_Grid_M3_Close_Stereo_Hard_Impact_07.wav","Bodyfall","Red Libraries","https://sonniss.com/sound-effects/bodyfall/","/Red Libraries - Bodyfall/RL_bodyfall_Metal_Grid_M3_Close_Stereo_Hard_Impact_07.wav","rl_bodyfall_metal_grid_m3_close_stereo_hard_impact_07|rl_bodyfall_metal_grid_m3_close_stereo_hard_impact_07wav|bodyfall|red libraries"
"RL_bodyfall_Wood_Rustic_M2_Distant_Mono_Soft_Impact_07.wav","Bodyfall","Red Libraries","https://sonniss.com/sound-effects/bodyfall/","/Red Libraries - Bodyfall/RL_bodyfall_Wood_Rustic_M2_Distant_Mono_Soft_Impact_07.wav","rl_bodyfall_wood_rustic_m2_distant_mono_soft_impact_07|rl_bodyfall_wood_rustic_m2_distant_mono_soft_impact_07wav|bodyfall|red libraries"
"BROKEN - CK - BEAM Wood Ceiling Drop On Concrete.wav","Broken","Rock The Speakerbox","https://sonniss.com/sound-effects/rock-speakerbox-broken/","/Rock The Speakerbox - Broken/BROKEN - CK - BEAM Wood Ceiling Drop On Concrete.wav","beam|wood|ceiling;|wood|beams|falling|and|dropping|on|concrete|surface|from|ceiling|occasional|metal|ring|indoor|reverb|broken|ck|ceiling|drop|on|concretewav|broken|rock the speakerbox"
"BROKEN - CK - EXPLOSION Boomy Crack.wav","Broken","Rock The Speakerbox","https://sonniss.com/sound-effects/rock-speakerbox-broken/","/Rock The Speakerbox - Broken/BROKEN - CK - EXPLOSION Boomy Crack.wav","explosion;|detonation|with|long|report|\|reflections|broken|ck|explosion|boomy|crackwav|broken|rock the speakerbox"
"BROKEN - DESIGNED - MINE SHAFT Wood Metal Stress Very Long 06.wav","Broken","Rock The Speakerbox","https://sonniss.com/sound-effects/rock-speakerbox-broken/","/Rock The Speakerbox - Broken/BROKEN - DESIGNED - MINE SHAFT Wood Metal Stress Very Long 06.wav","mine|shaft|tremor;|metal|and|wood|stress|wronks|squeaky|creaky|elements|within|underground|mine|shaft|or|building|during|earthquake|tremor|reverberant|interior|perspective|broken|designed|wood|stress|very|long|06wav|broken|rock the speakerbox"
"BROKEN - DESIGNED - WOOD Break Small.wav","Broken","Rock The Speakerbox","https://sonniss.com/sound-effects/rock-speakerbox-broken/","/Rock The Speakerbox - Broken/BROKEN - DESIGNED - WOOD Break Small.wav","wood|break|medium;|medium|sized|wood|stressing|bending|cracking|and|splintering|before|eventually|breaking|broken|designed|break|smallwav|broken|rock the speakerbox"
"HERO - CK - ARMOR Leather Walk.wav","Hero","Rock The Speakerbox","https://sonniss.com/sound-effects/rock-speakerbox-hero/","/Rock The Speakerbox - Hero/HERO - CK - ARMOR Leather Walk.wav","armor|leather|walk;|walking|with|leather|armor|hero|ck|leather|walkwav|hero|rock the speakerbox"
"HERO - CK - CROWD Fight 02.wav","Hero","Rock The Speakerbox","https://sonniss.com/sound-effects/rock-speakerbox-hero/","/Rock The Speakerbox - Hero/HERO - CK - CROWD Fight 02.wav","crowd|fight|audience;|audience|of|warriors|or|villagers|during|organized|fight|screams|yells|and|vocalizations|hero|ck|fight|02wav|hero|rock the speakerbox"
"HERO - DESIGNED - SWORD Unsheathe.wav","Hero","Rock The Speakerbox","https://sonniss.com/sound-effects/rock-speakerbox-hero/","/Rock The Speakerbox - Hero/HERO - DESIGNED - SWORD Unsheathe.wav","sword|unsheathe;|slowly|removing|sword|from|sheathe|with|ring|or|shing|tail|hero|designed|unsheathewav|hero|rock the speakerbox"
"HERO - DESIGNED - TOMB Slide Open.wav","Hero","Rock The Speakerbox","https://sonniss.com/sound-effects/rock-speakerbox-hero/","/Rock The Speakerbox - Hero/HERO - DESIGNED - TOMB Slide Open.wav","tomb|stone;|opening|a|stone|tomb|by|pushing|off|and|sliding|its|cover|heavy|scraping|character|hero|designed|slide|openwav|hero|rock the speakerbox"
"MELEE - CK - FLOG Leather Hit Smack 01.wav","Melee","Rock The Speakerbox","https://sonniss.com/sound-effects/rock-speakerbox-melee/","/Rock The Speakerbox - Melee/MELEE - CK - FLOG Leather Hit Smack 01.wav","leather|flog|hit;|smacking|a|leather|flog|on|concrete|useful|for|combat|melee|ck|leather|hit|smack|01wav|melee|rock the speakerbox"
"MELEE - CK - ROPE WHOOSH Fast Light 01.wav","Melee","Rock The Speakerbox","https://sonniss.com/sound-effects/rock-speakerbox-melee/","/Rock The Speakerbox - Melee/MELEE - CK - ROPE WHOOSH Fast Light 01.wav","rope|twirl|fast|light|whoosh;|twirling|a|synthetic|rope|around|fast|duration|light|intensity|melee|ck|whoosh|light|01wav|melee|rock the speakerbox"
"MELEE - DESIGNED - BASEBALL BAT Aluminum Hit Head.wav","Melee","Rock The Speakerbox","https://sonniss.com/sound-effects/rock-speakerbox-melee/","/Rock The Speakerbox - Melee/MELEE - DESIGNED - BASEBALL BAT Aluminum Hit Head.wav","baseball|bat|hit|head;|swinging|and|hitting|head|with|metal|aluminum|baseball|bat|mild|blood|gore|character|ring|melee|designed|aluminum|hit|headwav|melee|rock the speakerbox"
"MELEE - DESIGNED - HEADBUTT Crack.wav","Melee","Rock The Speakerbox","https://sonniss.com/sound-effects/rock-speakerbox-melee/","/Rock The Speakerbox - Melee/MELEE - DESIGNED - HEADBUTT Crack.wav","headbutt|crack;|headbutt|with|hollow|crack|melee|designed|crackwav|melee|rock the speakerbox"
"SORCERY - CK - EFFECT Reverse Explosion 02.wav","Sorcery","Rock The Speakerbox","https://sonniss.com/sound-effects/rock-speakerbox-sorcery/","/Rock The Speakerbox - Sorcery/SORCERY - CK - EFFECT Reverse Explosion 02.wav","effect|explosion|reverse;|processed|reversed|explosion|element|long|rise|leading|to|heavy|whoosh|with|reverberant|tail|sorcery|ck|reverse|explosion|02wav|sorcery|rock the speakerbox"
"SORCERY - CK - SIZZLE Water On Pan Medium 02.wav","Sorcery","Rock The Speakerbox","https://sonniss.com/sound-effects/rock-speakerbox-sorcery/","/Rock The Speakerbox - Sorcery/SORCERY - CK - SIZZLE Water On Pan Medium 02.wav","sizzle|water|medium;|water|poured|on|hot|sauce|pan|hissing|bubbling|and|sizzling|sorcery|ck|on|pan|medium|02wav|sorcery|rock the speakerbox"
"SORCERY - DESIGNED - MAGIC BLACK Summon Necromancer.wav","Sorcery","Rock The Speakerbox","https://sonniss.com/sound-effects/rock-speakerbox-sorcery/","/Rock The Speakerbox - Sorcery/SORCERY - DESIGNED - MAGIC BLACK Summon Necromancer.wav","magic|black|summon|necromancer;|necromancer|summoning|evil|zap|and|textured|metallic|hollow|element|leading|to|an|pad|with|vocal|textures|ending|a|fast|sudden|reversed|whoosh|sorcery|designed|summon|necromancerwav|sorcery|rock the speakerbox"
"SORCERY - DESIGNED - MAGIC ELECTRIC Cast Large.wav","Sorcery","Rock The Speakerbox","https://sonniss.com/sound-effects/rock-speakerbox-sorcery/","/Rock The Speakerbox - Sorcery/SORCERY - DESIGNED - MAGIC ELECTRIC Cast Large.wav","magic|electric|cast|large;|casting|and|shooting|off|a|large|electrical|spell|fast|whoosh|leading|to|steady|voltage|hum|with|static|arcing|elements|followed|by|an|amplitude|modulated|rise|hit|discharge|tail|sorcery|designed|cast|largewav|sorcery|rock the speakerbox"
"Bicycle,Approach,Gravel,Fast,Speed,Super,Skid_V4.wav","Ride on Bike","Rzpost","https://sonniss.com/sound-effects/ride-bike/","/Rzpost - Ride on Bike/Bicycle,Approach,Gravel,Fast,Speed,Super,Skid_V4.wav","bicycle|approach|gravel|fast|speed|super|skid|skid_v4wav|ride on bike|rzpost"
"Bicycle,Chain,Close,Prespective,Clean_V3.wav","Ride on Bike","Rzpost","https://sonniss.com/sound-effects/ride-bike/","/Rzpost - Ride on Bike/Bicycle,Chain,Close,Prespective,Clean_V3.wav","bicycle|chain|close|prespective|clean|clean_v3wav|ride on bike|rzpost"
"Bicycle,Chain,Perspective,Gravel,Fast,Speed,Skid_V2.wav","Ride on Bike","Rzpost","https://sonniss.com/sound-effects/ride-bike/","/Rzpost - Ride on Bike/Bicycle,Chain,Perspective,Gravel,Fast,Speed,Skid_V2.wav","bicycle|chain|perspective|gravel|fast|speed|skid|skid_v2wav|ride on bike|rzpost"
"Bicycle,Wheel,Perspective,Gravel,Uphill,Slow,Speed,Skid_V2.wav","Ride on Bike","Rzpost","https://sonniss.com/sound-effects/ride-bike/","/Rzpost - Ride on Bike/Bicycle,Wheel,Perspective,Gravel,Uphill,Slow,Speed,Skid_V2.wav","bicycle|wheel|perspective|gravel|uphill|slow|speed|skid|skid_v2wav|ride on bike|rzpost"
"Coin_Slide_Carpet.wav","The Mint – Coins and Money","Shapeforms","https://sonniss.com/sound-effects/mint-coins-money/","/Shapeforms - The Mint – Coins and Money/Coin_Slide_Carpet.wav","a|number|of|coins|are|slid|across|carpet|with|a|metallic|rattle|and|clink|coin_slide_carpetwav|the mint – coins and money|shapeforms"
"Coins_Bottlecaps_Drop.wav","The Mint – Coins and Money","Shapeforms","https://sonniss.com/sound-effects/mint-coins-money/","/Shapeforms - The Mint – Coins and Money/Coins_Bottlecaps_Drop.wav","a|handful|of|coins|and|bottlecaps|are|dropped|on|a|soft|surface|give|off|light|metallic|rattle|as|they|settle|coins_bottlecaps_dropwav|the mint – coins and money|shapeforms"
"Coins_Drop_Carpet_06.wav","The Mint – Coins and Money","Shapeforms","https://sonniss.com/sound-effects/mint-coins-money/","/Shapeforms - The Mint – Coins and Money/Coins_Drop_Carpet_06.wav","a|few|coins|are|dropped|onto|carpet|and|other|in|quick|succession|coins_drop_carpet_06wav|the mint – coins and money|shapeforms"
"Coins_In_Sack_Held_By_Drawstring_06.wav","The Mint – Coins and Money","Shapeforms","https://sonniss.com/sound-effects/mint-coins-money/","/Shapeforms - The Mint – Coins and Money/Coins_In_Sack_Held_By_Drawstring_06.wav","a|few|coins|in|a|burlap|sack|are|lifted|up|by|the|drawstring|and|then|settle|quickly|with|light|metallic|clink|coins_in_sack_held_by_drawstring_06wav|the mint – coins and money|shapeforms"
"Abnormal&Experimental - Multiverse Interaction.wav","Endless Drones","Sound Ex Machina","https://sonniss.com/sound-effects/endless-drones/","/Sound Ex Machina - Endless Drones/Abnormal&Experimental - Multiverse Interaction.wav","drone|ambience|loop|eerie|futuristic|majestic|mysterious|ominous|outer|space|scifi|sci|fi|strange|suspense|abnormal&experimental|multiverse|interactionwav|endless drones|sound ex machina"
"Abnormal&Experimental - Religious Moan.wav","Endless Drones","Sound Ex Machina","https://sonniss.com/sound-effects/endless-drones/","/Sound Ex Machina - Endless Drones/Abnormal&Experimental - Religious Moan.wav","drone|ambience|loop|distant|eerie|hypnotic|majestic|meditative|mysterious|mystical|ominous|abnormal&experimental|religious|moanwav|endless drones|sound ex machina"
"Illusion&Mystery - Magical Water.wav","Endless Drones","Sound Ex Machina","https://sonniss.com/sound-effects/endless-drones/","/Sound Ex Machina - Endless Drones/Illusion&Mystery - Magical Water.wav","drone|ambience|loop|distant|dreamlike|euphoric|hypnotic|meditative|mysterious|mystical|ominous|peaceful|spacey|illusion&mystery|magical|waterwav|endless drones|sound ex machina"
"Sci-Fi&Futuristic - Ultraviolet Rays.wav","Endless Drones","Sound Ex Machina","https://sonniss.com/sound-effects/endless-drones/","/Sound Ex Machina - Endless Drones/Sci-Fi&Futuristic - Ultraviolet Rays.wav","drone|ambience|loop|sci|fi|buzz|engine|rotating|servo|tense|scifi&futuristic|ultraviolet|rayswav|endless drones|sound ex machina"
"Gentle rain, water runs off a pebble street, recorded through an air duct, background thunder at 1.46, loop.wav","RAIN CITY","Sound Ex Machina","https://sonniss.com/sound-effects/rain-city-3/","/Sound Ex Machina - RAIN CITY/Gentle rain, water runs off a pebble street, recorded through an air duct, background thunder at 1.46, loop.wav","gentle|rain|water|runs|off|pebble|street|recorded|through|an|air|duct|background|thunder|at|46|loop|a|146|loopwav|rain city|sound ex machina"
"Heavy rain drops on a car window, steady, recorded indoors, loop.wav","RAIN CITY","Sound Ex Machina","https://sonniss.com/sound-effects/rain-city-3/","/Sound Ex Machina - RAIN CITY/Heavy rain drops on a car window, steady, recorded indoors, loop.wav","heavy|rain|drops|on|car|window|steady|recorded|indoors|loop|a|loopwav|rain city|sound ex machina"
"Soft rain, water flowing down from the roof and splashes on cement, city ambience, loop.wav","RAIN CITY","Sound Ex Machina","https://sonniss.com/sound-effects/rain-city-3/","/Sound Ex Machina - RAIN CITY/Soft rain, water flowing down from the roof and splashes on cement, city ambience, loop.wav","soft|rain|water|flowing|down|from|the|roof|and|splashes|on|cement|city|ambience|loop|loopwav|rain city|sound ex machina"
"Aluminum can rolling and bouncing on concrete.wav","Rolling Objects","Sound Ex Machina","https://sonniss.com/sound-effects/rolling-objects/","/Sound Ex Machina - Rolling Objects/Aluminum can rolling and bouncing on concrete.wav","aluminum|can|rolling|and|bouncing|on|concrete|concretewav|rolling objects|sound ex machina"
"Battery rolling from right to left on wooden surface.wav","Rolling Objects","Sound Ex Machina","https://sonniss.com/sound-effects/rolling-objects/","/Sound Ex Machina - Rolling Objects/Battery rolling from right to left on wooden surface.wav","battery|rolling|from|right|to|left|on|wooden|surface|surfacewav|rolling objects|sound ex machina"
"Metallic ball rolling on concrete 02.wav","Rolling Objects","Sound Ex Machina","https://sonniss.com/sound-effects/rolling-objects/","/Sound Ex Machina - Rolling Objects/Metallic ball rolling on concrete 02.wav","metallic|ball|rolling|on|concrete|02|02wav|rolling objects|sound ex machina"
"Wooden cart rolling on concrete 04.wav","Rolling Objects","Sound Ex Machina","https://sonniss.com/sound-effects/rolling-objects/","/Sound Ex Machina - Rolling Objects/Wooden cart rolling on concrete 04.wav","wooden|cart|rolling|on|concrete|04|04wav|rolling objects|sound ex machina"
"Cutting deep cardboard surface with a knife, slow movement, low frequency sound.wav","SCRATCHES","Sound Ex Machina","https://sonniss.com/sound-effects/scratches/","/Sound Ex Machina - SCRATCHES/Cutting deep cardboard surface with a knife, slow movement, low frequency sound.wav","cutting|deep|cardboard|surface|with|knife|slow|movement|low|frequency|sound|a|soundwav|scratches|sound ex machina"
"Masking tape being stripped off, quick movement 05.wav","SCRATCHES","Sound Ex Machina","https://sonniss.com/sound-effects/scratches/","/Sound Ex Machina - SCRATCHES/Masking tape being stripped off, quick movement 05.wav","masking|tape|being|stripped|off|quick|movement|05|05wav|scratches|sound ex machina"
"Scratching knife on metallic jagged surface 02.wav","SCRATCHES","Sound Ex Machina","https://sonniss.com/sound-effects/scratches/","/Sound Ex Machina - SCRATCHES/Scratching knife on metallic jagged surface 02.wav","scratching|knife|on|metallic|jagged|surface|02|02wav|scratches|sound ex machina"
"Scratching knife on wooden table.wav","SCRATCHES","Sound Ex Machina","https://sonniss.com/sound-effects/scratches/","/Sound Ex Machina - SCRATCHES/Scratching knife on wooden table.wav","scratching|knife|on|wooden|table|tablewav|scratches|sound ex machina"
"Calculation_digital_processing_06.wav","UI SOUNDS - FUTURISTIC","Sound Ex Machina","https://sonniss.com/sound-effects/ui-sounds-futuristic/","/Sound Ex Machina - UI SOUNDS - FUTURISTIC/Calculation_digital_processing_06.wav","calculation|digital|processing|06|calculation_digital_processing_06wav|ui sounds - futuristic|sound ex machina"
"Notification_alarm_subtle_signal_periodic_loop_01.wav","UI SOUNDS - FUTURISTIC","Sound Ex Machina","https://sonniss.com/sound-effects/ui-sounds-futuristic/","/Sound Ex Machina - UI SOUNDS - FUTURISTIC/Notification_alarm_subtle_signal_periodic_loop_01.wav","notification|alarm|subtle|signal|periodic|loop|01|notification_alarm_subtle_signal_periodic_loop_01wav|ui sounds - futuristic|sound ex machina"
"Notification_futuristic_beep_05.wav","UI SOUNDS - FUTURISTIC","Sound Ex Machina","https://sonniss.com/sound-effects/ui-sounds-futuristic/","/Sound Ex Machina - UI SOUNDS - FUTURISTIC/Notification_futuristic_beep_05.wav","notification|futuristic|beep|05|notification_futuristic_beep_05wav|ui sounds - futuristic|sound ex machina"
"Select_heavy_complex_hi-tech_tone_01.wav","UI SOUNDS - FUTURISTIC","Sound Ex Machina","https://sonniss.com/sound-effects/ui-sounds-futuristic/","/Sound Ex Machina - UI SOUNDS - FUTURISTIC/Select_heavy_complex_hi-tech_tone_01.wav","select|heavy|complex|hi|tech|tone|01|select_heavy_complex_hitech_tone_01wav|ui sounds - futuristic|sound ex machina"
"Antique Wooden Phone (1930) - USA Standard Ringing 01.wav","Vintage Telephones","Sound Ex Machina","https://sonniss.com/sound-effects/vintage-telephones/","/Sound Ex Machina - Vintage Telephones/Antique Wooden Phone (1930) - USA Standard Ringing 01.wav","usa|standard|ringing|01|antique|wooden|phone|(1930)|01wav|vintage telephones|sound ex machina"
"Siemens FG STAT 23A (1956) - Handset picked up and set down roughly in cradle 01.wav","Vintage Telephones","Sound Ex Machina","https://sonniss.com/sound-effects/vintage-telephones/","/Sound Ex Machina - Vintage Telephones/Siemens FG STAT 23A (1956) - Handset picked up and set down roughly in cradle 01.wav","siemens|fg|stat|23a|(1956)|handset|picked|up|and|set|down|roughly|in|cradle|01wav|vintage telephones|sound ex machina"
"Siemens W48 Wandapparat 1934 - Slow Dialing 1-0.wav","Vintage Telephones","Sound Ex Machina","https://sonniss.com/sound-effects/vintage-telephones/","/Sound Ex Machina - Vintage Telephones/Siemens W48 Wandapparat 1934 - Slow Dialing 1-0.wav","slow|dialing|1|0|siemens|w48|wandapparat|1934|10wav|vintage telephones|sound ex machina"
"Siemens W48 Wandapparat 1934 - Telephone Rings Once 03.wav","Vintage Telephones","Sound Ex Machina","https://sonniss.com/sound-effects/vintage-telephones/","/Sound Ex Machina - Vintage Telephones/Siemens W48 Wandapparat 1934 - Telephone Rings Once 03.wav","siemens|w48|wandapparat|1934|telephone|rings|once|03wav|vintage telephones|sound ex machina"
"Harvester Claas Lexion 530 - Approach  with turn in the end - Stereo MS mixdown.wav","Harvester Claas Lexion 530","Sound of Essen","https://sonniss.com/sound-effects/harvester-claas-lexion-530/","/Sound of Essen - Harvester Claas Lexion 530/Harvester Claas Lexion 530 - Approach  with turn in the end - Stereo MS mixdown.wav","stake=01|mssspeed=30/1subits=sfilename=harvester|claas|lexion|530|approach|with|turn|in|the|end|stereo|ms|mixdownwavstrk1=strk2=sscene=exteerior|upstape=harvester|(sound|of|essen|001)|harvester|turn|ms|mixdownwav|harvester claas lexion 530|sound of essen"
"Harvester Claas Lexion 530 - Bypass - RL - LCR mixdown.wav","Harvester Claas Lexion 530","Sound of Essen","https://sonniss.com/sound-effects/harvester-claas-lexion-530/","/Sound of Essen - Harvester Claas Lexion 530/Harvester Claas Lexion 530 - Bypass - RL - LCR mixdown.wav","stake=01|lcrsfilename=mastered|nilsmosh|harvester|claas|lexion530|bypass|rl|lcr|mixdownwavsscene=exterior|bypassstape=harvester|lexion|530|(sound|of|essen|001)|mixdownwav|harvester claas lexion 530|sound of essen"
"Harvester Claas Lexion 530 - Turning Engine On to Idle to Running to Harvesting - mono Kmr81i.wav","Harvester Claas Lexion 530","Sound of Essen","https://sonniss.com/sound-effects/harvester-claas-lexion-530/","/Sound of Essen - Harvester Claas Lexion 530/Harvester Claas Lexion 530 - Turning Engine On to Idle to Running to Harvesting - mono Kmr81i.wav","stake=03sfilename=nilsmosh|harvester|claas|lexion530|turning|engine|on|to|idle|harvesting|mono|kmr81i|dwavsscene=exterior|from|groundstape=harvester|lexion|530|(sound|of|essen|001)|idle|running|kmr81iwav|harvester claas lexion 530|sound of essen"
"KramerKL11_On_Passby_Slow_Off_ MS.wav","Kramer KL11 Oldtimer Tractor (1955)","Sound of Essen","https://sonniss.com/sound-effects/kramer-kl11-oldtimer-tractor-1955/","/Sound of Essen - Kramer KL11 Oldtimer Tractor (1955)/KramerKL11_On_Passby_Slow_Off_ MS.wav","distant|on|to|slow|driving|with|close|passby|and|then|distant|off|tags|tractor|farm|machinery|vehicle|oldtimer|vintage|by|bypass|fourstroke|kramer|farming|single|cylinder|1955|50s|fifties|field|driving|on|kramerkl11_on_passby_slow_off_|mswav|kramer kl11 oldtimer tractor (1955)|sound of essen"
"KramerKL11_SFX_ContactMic_FootSpace_MediumDriving_Loop.wav","Kramer KL11 Oldtimer Tractor (1955)","Sound of Essen","https://sonniss.com/sound-effects/kramer-kl11-oldtimer-tractor-1955/","/Sound of Essen - Kramer KL11 Oldtimer Tractor (1955)/KramerKL11_SFX_ContactMic_FootSpace_MediumDriving_Loop.wav","medium|metallic|rattling|contact|mic|attached|to|the|foot|roomtractor|farm|machinery|vehicle|oldtimer|vintage|fourstroke|kramer|farming|single|cylinder|1955|50s|fifties|field|kramerkl11_sfx_contactmic_footspace_mediumdriving_loopwav|kramer kl11 oldtimer tractor (1955)|sound of essen"
"KramerKL11_Start_Idle_Stop_AB.wav","Kramer KL11 Oldtimer Tractor (1955)","Sound of Essen","https://sonniss.com/sound-effects/kramer-kl11-oldtimer-tractor-1955/","/Sound of Essen - Kramer KL11 Oldtimer Tractor (1955)/KramerKL11_Start_Idle_Stop_AB.wav","start|idle|stop|b|kramerkl11_start_idle_stop_abwav|kramer kl11 oldtimer tractor (1955)|sound of essen"
"KramerKL11_Take1_3_SteadyRPMMediumSpeedToFasterToSlowdown_BoomMic.wav","Kramer KL11 Oldtimer Tractor (1955)","Sound of Essen","https://sonniss.com/sound-effects/kramer-kl11-oldtimer-tractor-1955/","/Sound of Essen - Kramer KL11 Oldtimer Tractor (1955)/KramerKL11_Take1_3_SteadyRPMMediumSpeedToFasterToSlowdown_BoomMic.wav","steady|rpm|at|medium|speed|accelerating|to|a|faster|then|slow|down|tags|tractor|farm|machinery|vehicle|oldtimer|vintage|fourstroke|kramer|farming|single|cylinder|1955|50s|fifties|field|kramerkl11_take1_3_steadyrpmmediumspeedtofastertoslowdown_boommicwav|kramer kl11 oldtimer tractor (1955)|sound of essen"
"Airplane_Small_Propeller_Cessna172_Engine_Off_AMBIX.wav","Ambisonic Airplane Cessna 172","Sound Spark LLC","https://sonniss.com/sound-effects/ambisonic-airplane-cessna-172/","/Sound Spark LLC – Ambisonic Airplane Cessna 172/Airplane_Small_Propeller_Cessna172_Engine_Off_AMBIX.wav","airplane|aircraft|propeller|engine|drone|ambience|ambisonic|cessna|70s|binaural|off|shutdown|turnoff|airplane_small_propeller_cessna172_engine_off_ambixwav|ambisonic airplane cessna 172|sound spark llc"
"Airplane_Small_Propeller_Cessna172_Flying_Landing_Approach.wav","Ambisonic Airplane Cessna 172","Sound Spark LLC","https://sonniss.com/sound-effects/ambisonic-airplane-cessna-172/","/Sound Spark LLC – Ambisonic Airplane Cessna 172/Airplane_Small_Propeller_Cessna172_Flying_Landing_Approach.wav","airplane|aircraft|propeller|engine|drone|ambience|ambisonic|cessna|70s|binaural|landing|plane|flying|end|airplane_small_propeller_cessna172_flying_landing_approachwav|ambisonic airplane cessna 172|sound spark llc"
"Airplane_Small_Propeller_Cessna172_Taxi_Window_Open_A-FORMAT.wav","Ambisonic Airplane Cessna 172","Sound Spark LLC","https://sonniss.com/sound-effects/ambisonic-airplane-cessna-172/","/Sound Spark LLC – Ambisonic Airplane Cessna 172/Airplane_Small_Propeller_Cessna172_Taxi_Window_Open_A-FORMAT.wav","airplane|aircraft|propeller|engine|drone|ambience|ambisonic|cessna|70s|binaural|taxi|move|grounded|airplane_small_propeller_cessna172_taxi_window_open_aformatwav|ambisonic airplane cessna 172|sound spark llc"
"Flatwoods_Pinecastle_Nature_Forest_Whispering_Pines_02.wav","FOREST AMBIENCE 1 CENTRAL FLORIDA","Sound Spark LLC","https://sonniss.com/sound-effects/forest-ambience-1-central-florida/","/Sound Spark LLC – FOREST AMBIENCE 1 CENTRAL FLORIDA/Flatwoods_Pinecastle_Nature_Forest_Whispering_Pines_02.wav","ambience|ambiance|ambient|forest|nature|florida|woods|wild|grass|outdoor|trees|day|dusk|pine|whisper|breeze|crickets|flatwoods_pinecastle_nature_forest_whispering_pines_02wav|forest ambience 1 central florida|sound spark llc"
"Upland_Hardwoods_Green_Mountain_Nature_Forest_Cicadas_Isolated_02.wav","FOREST AMBIENCE 1 CENTRAL FLORIDA","Sound Spark LLC","https://sonniss.com/sound-effects/forest-ambience-1-central-florida/","/Sound Spark LLC – FOREST AMBIENCE 1 CENTRAL FLORIDA/Upland_Hardwoods_Green_Mountain_Nature_Forest_Cicadas_Isolated_02.wav","ambience|ambiance|ambient|forest|nature|florida|woods|wild|grass|outdoor|trees|day|dusk|cicada|bug|bugs|isolated|upland_hardwoods_green_mountain_nature_forest_cicadas_isolated_02wav|forest ambience 1 central florida|sound spark llc"
"Urban_Apartment_Nature_Trail_Day_02.wav","FOREST AMBIENCE 1 CENTRAL FLORIDA","Sound Spark LLC","https://sonniss.com/sound-effects/forest-ambience-1-central-florida/","/Sound Spark LLC – FOREST AMBIENCE 1 CENTRAL FLORIDA/Urban_Apartment_Nature_Trail_Day_02.wav","ambience|ambiance|ambient|forest|nature|florida|woods|wild|grass|outdoor|trees|day|dusk|urban|apartment|residential|human|background|noise|birds|urban_apartment_nature_trail_day_02wav|forest ambience 1 central florida|sound spark llc"
"Urban_Apartment_Porch_Rain_03.wav","FOREST AMBIENCE 1 CENTRAL FLORIDA","Sound Spark LLC","https://sonniss.com/sound-effects/forest-ambience-1-central-florida/","/Sound Spark LLC – FOREST AMBIENCE 1 CENTRAL FLORIDA/Urban_Apartment_Porch_Rain_03.wav","ambience|ambiance|ambient|forest|nature|florida|woods|wild|grass|outdoor|trees|day|dusk|rain|frog|dripping|water|storm|urban_apartment_porch_rain_03wav|forest ambience 1 central florida|sound spark llc"
"Device_Computation_Glitches_03.wav","Forge Sound Design Toolkit","Sound Spark LLC","https://sonniss.com/sound-effects/forge-sound-design-toolkit/","/Sound Spark LLC – Forge Sound Design Toolkit/Device_Computation_Glitches_03.wav","scifi|device|computer|calculate|randomize|glitch|scan|item|clicks|bleeps|bloops|blops|sweeps|device_computation_glitches_03wav|forge sound design toolkit|sound spark llc"
"Heart_Beat_02.wav","Forge Sound Design Toolkit","Sound Spark LLC","https://sonniss.com/sound-effects/forge-sound-design-toolkit/","/Sound Spark LLC – Forge Sound Design Toolkit/Heart_Beat_02.wav","interface|game|sound|ui|click|button|interaction|heart|heartbeat|tension|heart_beat_02wav|forge sound design toolkit|sound spark llc"
"Sci-FI_Movement_02.wav","Forge Sound Design Toolkit","Sound Spark LLC","https://sonniss.com/sound-effects/forge-sound-design-toolkit/","/Sound Spark LLC – Forge Sound Design Toolkit/Sci-FI_Movement_02.wav","transition|movement|cinematic|animated|stinger|scifi_movement_02wav|forge sound design toolkit|sound spark llc"
"Water_Pouring_02.wav","Forge Sound Design Toolkit","Sound Spark LLC","https://sonniss.com/sound-effects/forge-sound-design-toolkit/","/Sound Spark LLC – Forge Sound Design Toolkit/Water_Pouring_02.wav","generic|interface|sfx|basic|water|pouring|sink|drain|drainage|spaghetti|strainer|noodles|wet|water_pouring_02wav|forge sound design toolkit|sound spark llc"
"Glitch_Factory_01_Boom_Crackle_04.wav","GLITCH FACTORY 1- BOOM, CRACKLE AND SCREAM","Sound Spark LLC","https://sonniss.com/sound-effects/glitch-factory-1-boom-crackle-scream/","/Sound Spark LLC – GLITCH FACTORY 1- BOOM, CRACKLE AND SCREAM/Glitch_Factory_01_Boom_Crackle_04.wav","fireworks|boom|glitch|granular|crackle|pop|explode|implode|bass|hit|glitch_factory_01_boom_crackle_04wav|glitch factory 1- boom, crackle and scream|sound spark llc"
"Glitch_Factory_01_Decimated_01.wav","GLITCH FACTORY 1- BOOM, CRACKLE AND SCREAM","Sound Spark LLC","https://sonniss.com/sound-effects/glitch-factory-1-boom-crackle-scream/","/Sound Spark LLC – GLITCH FACTORY 1- BOOM, CRACKLE AND SCREAM/Glitch_Factory_01_Decimated_01.wav","fireworks|boom|glitch|granular|analog|distort|distortion|saturation|explode|glitchy|harsh|scifi|glitch_factory_01_decimated_01wav|glitch factory 1- boom, crackle and scream|sound spark llc"
"Glitch_Factory_01_Morphing_Version2_13.wav","GLITCH FACTORY 1- BOOM, CRACKLE AND SCREAM","Sound Spark LLC","https://sonniss.com/sound-effects/glitch-factory-1-boom-crackle-scream/","/Sound Spark LLC – GLITCH FACTORY 1- BOOM, CRACKLE AND SCREAM/Glitch_Factory_01_Morphing_Version2_13.wav","fireworks|boom|glitch|granular|morphing|granulation|grain|distort|distortion|digital|mangled|glitch_factory_01_morphing_version2_13wav|glitch factory 1- boom, crackle and scream|sound spark llc"
"Glitch_Factory_01_Screamers_10.wav","GLITCH FACTORY 1- BOOM, CRACKLE AND SCREAM","Sound Spark LLC","https://sonniss.com/sound-effects/glitch-factory-1-boom-crackle-scream/","/Sound Spark LLC – GLITCH FACTORY 1- BOOM, CRACKLE AND SCREAM/Glitch_Factory_01_Screamers_10.wav","fireworks|boom|glitch|granular|scream|screech|shrill|squeal|pop|crackle|bottle|rocket|glitch_factory_01_screamers_10wav|glitch factory 1- boom, crackle and scream|sound spark llc"
"Attack_Gore_Flesh_Rip_01.wav","Gore","Sound Spark LLC","https://sonniss.com/sound-effects/gore-2/","/Sound Spark LLC – Gore/Attack_Gore_Flesh_Rip_01.wav","horror|blood|guts|haunt|render|rend|rip|offgore|squish|crunch|organic|fruit|vegetable|snap|break|crush|bone|flesh|tear|slash|attack_gore_flesh_rip_01wav|gore|sound spark llc"
"Melee_Deep_Wound_05.wav","Gore","Sound Spark LLC","https://sonniss.com/sound-effects/gore-2/","/Sound Spark LLC – Gore/Melee_Deep_Wound_05.wav","horror|blood|guts|haunt|gore|squish|crunch|organic|fruit|vegetable|snap|break|crush|bone|flesh|rip|tear|slash|melee|weapon|sword|axe|mace|hit|melee_deep_wound_05wav|sound spark llc"
"Melee_Sword_Attack_04.wav","Gore","Sound Spark LLC","https://sonniss.com/sound-effects/gore-2/","/Sound Spark LLC – Gore/Melee_Sword_Attack_04.wav","horror|blood|guts|haunt|gore|squish|crunch|organic|fruit|vegetable|snap|break|crush|bone|flesh|rip|tear|slash|melee|weapon|sword|axe|mace|hit|melee_sword_attack_04wav|sound spark llc"
"Smash_Gore_Juicy_Smash_07.wav","Gore","Sound Spark LLC","https://sonniss.com/sound-effects/gore-2/","/Sound Spark LLC – Gore/Smash_Gore_Juicy_Smash_07.wav","horror|blood|guts|haunt|gore|squish|crunch|organic|fruit|vegetable|drip|ooze|wet|smack|impact|gush|slime|slimy|smash_gore_juicy_smash_07wav|sound spark llc"
"Industrial_Ambient_Drones_02.wav","Industrial Drones and Ambiences","Sound Spark LLC","https://sonniss.com/sound-effects/industrial-drones-ambiences/","/Sound Spark LLC – Industrial Drones and Ambiences/Industrial_Ambient_Drones_02.wav","industrial_ambient_drones_02wav|industrial drones and ambiences|sound spark llc"
"Industrial_Ambient_Spaces_04.wav","Industrial Drones and Ambiences","Sound Spark LLC","https://sonniss.com/sound-effects/industrial-drones-ambiences/","/Sound Spark LLC – Industrial Drones and Ambiences/Industrial_Ambient_Spaces_04.wav","industrial_ambient_spaces_04wav|industrial drones and ambiences|sound spark llc"
"Industrial_Drones_15.wav","Industrial Drones and Ambiences","Sound Spark LLC","https://sonniss.com/sound-effects/industrial-drones-ambiences/","/Sound Spark LLC – Industrial Drones and Ambiences/Industrial_Drones_15.wav","industrial_drones_15wav|industrial drones and ambiences|sound spark llc"
"Industrial_Spaces_05.wav","Industrial Drones and Ambiences","Sound Spark LLC","https://sonniss.com/sound-effects/industrial-drones-ambiences/","/Sound Spark LLC – Industrial Drones and Ambiences/Industrial_Spaces_05.wav","industrial_spaces_05wav|industrial drones and ambiences|sound spark llc"
"Arcane_Spell_Doppler_Shift_03.wav","Magic Spells, Buffs and Attacks","Sound Spark LLC","https://sonniss.com/sound-effects/magic-spells-buffs-attacks/","/Sound Spark LLC – Magic Spells, Buffs and Attacks/Arcane_Spell_Doppler_Shift_03.wav","magic|fantasy|spell|mmo|rpg|fairy|fairytale|magical|scifi|fiction|arcane|time|power|mana|arcane_spell_doppler_shift_03wav|magic spells, buffs and attacks|sound spark llc"
"Dark_Spell_Life_Tap_03.wav","Magic Spells, Buffs and Attacks","Sound Spark LLC","https://sonniss.com/sound-effects/magic-spells-buffs-attacks/","/Sound Spark LLC – Magic Spells, Buffs and Attacks/Dark_Spell_Life_Tap_03.wav","magic|fantasy|spell|mmo|rpg|fairy|fairytale|magical|scifi|fiction|death|darkness|evil|sinister|soul|dark_spell_life_tap_03wav|magic spells, buffs and attacks|sound spark llc"
"Fire_Spell_Dragon_Trap_03.wav","Magic Spells, Buffs and Attacks","Sound Spark LLC","https://sonniss.com/sound-effects/magic-spells-buffs-attacks/","/Sound Spark LLC – Magic Spells, Buffs and Attacks/Fire_Spell_Dragon_Trap_03.wav","magic|fantasy|spell|mmo|rpg|fairy|fairytale|magical|scifi|fiction|flames|inferno|magma|fire|explosion|explosive|fire_spell_dragon_trap_03wav|magic spells, buffs and attacks|sound spark llc"
"Ice_Spell_Ice_Spell_Buff_Positive_02.wav","Magic Spells, Buffs and Attacks","Sound Spark LLC","https://sonniss.com/sound-effects/magic-spells-buffs-attacks/","/Sound Spark LLC – Magic Spells, Buffs and Attacks/Ice_Spell_Ice_Spell_Buff_Positive_02.wav","magic|fantasy|spell|mmo|rpg|fairy|fairytale|magical|scifi|fiction|ice|frozen|frost|cold|wind|chill|ice_spell_ice_spell_buff_positive_02wav|magic spells, buffs and attacks|sound spark llc"
"Metal_Barrel_Bolt_Lock_Loose_Handling_03.wav","Metal Hits, Scrapes and Squeaks","Sound Spark LLC","https://sonniss.com/sound-effects/metal-hits-scrapes-squeaks/","/Sound Spark LLC – Metal Hits, Scrapes and Squeaks/Metal_Barrel_Bolt_Lock_Loose_Handling_03.wav","barrel|bolt|lock|loose|handling|drop|hit|impact|clank|clunk|junk|metal_barrel_bolt_lock_loose_handling_03wav|metal hits, scrapes and squeaks|sound spark llc"
"Metal_Dry_Ice_Spoon_14.wav","Metal Hits, Scrapes and Squeaks","Sound Spark LLC","https://sonniss.com/sound-effects/metal-hits-scrapes-squeaks/","/Sound Spark LLC – Metal Hits, Scrapes and Squeaks/Metal_Dry_Ice_Spoon_14.wav","dry|ice|sizzle|squeal|steam|hiss|squeak|entropy|cold|hot|freeze|oscillate|vibrate|metal_dry_ice_spoon_14wav|metal hits, scrapes and squeaks|sound spark llc"
"Metal_Large_Sheet_Oscillating_19.wav","Metal Hits, Scrapes and Squeaks","Sound Spark LLC","https://sonniss.com/sound-effects/metal-hits-scrapes-squeaks/","/Sound Spark LLC – Metal Hits, Scrapes and Squeaks/Metal_Large_Sheet_Oscillating_19.wav","sheet|metal|medium|size|oscillating|clang|clank|goofy|silly|cartoon|thunder|metal_large_sheet_oscillating_19wav|metal hits, scrapes and squeaks|sound spark llc"
"Metal_Sheets_Sledgehammer_Hit_02.wav","Metal Hits, Scrapes and Squeaks","Sound Spark LLC","https://sonniss.com/sound-effects/metal-hits-scrapes-squeaks/","/Sound Spark LLC – Metal Hits, Scrapes and Squeaks/Metal_Sheets_Sledgehammer_Hit_02.wav","metal|impact|hit|slam|drop|pang|cacophony|metal_sheets_sledgehammer_hit_02wav|metal hits, scrapes and squeaks|sound spark llc"
"Forest_Scrub_Forest_Ambience_With_Birds.wav","Nature and Urban Ambiences","Sound Spark LLC","https://sonniss.com/sound-effects/nature-urban-ambiences/","/Sound Spark LLC – Nature and Urban Ambiences/Forest_Scrub_Forest_Ambience_With_Birds.wav","ambience|environment|forest|nature|woods|outside|scrub|birds|rustle|rustling|chirping|buzzing|bee|cricket|forest_scrub_forest_ambience_with_birdswav|nature and urban ambiences|sound spark llc"
"Special_Hurricane_Irma_Home_Interior.wav","Nature and Urban Ambiences","Sound Spark LLC","https://sonniss.com/sound-effects/nature-urban-ambiences/","/Sound Spark LLC – Nature and Urban Ambiences/Special_Hurricane_Irma_Home_Interior.wav","ambience|environment|storm|home|interrior|extreme|weather|wind|hurricane|debris|danger|special_hurricane_irma_home_interiorwav|nature and urban ambiences|sound spark llc"
"Antique-Cash-Register_07.wav","Antiques","SoundBits","https://sonniss.com/sound-effects/antiques/","/SoundBits - Antiques/Antique-Cash-Register_07.wav","antique|cash|register|billing|machine|drawer|open|and|close|bell|ring|ding|handling|antiquecashregister_07wav|antiques|soundbits"
"Projector_Antique_A_Run_01.wav","Antiques","SoundBits","https://sonniss.com/sound-effects/antiques/","/SoundBits - Antiques/Projector_Antique_A_Run_01.wav","equipment|antique|film|projector|turn|on|hard|plastic|click|various|switch|operation|idle|off|fan|noise|sprockets|rattle|forward|or|reverse|running|projector_antique_a_run_01wav|antiques|soundbits"
"Rummage_Antique-Cutlery_09.wav","Antiques","SoundBits","https://sonniss.com/sound-effects/antiques/","/SoundBits - Antiques/Rummage_Antique-Cutlery_09.wav","kitchen|utility|cultery|drawer|metal|spoon|and|forks|search|through|rummage|clank|clatter|rummage_antiquecutlery_09wav|antiques|soundbits"
"Tobacco-Cutting-Machine_Antique_Crank_17.wav","Antiques","SoundBits","https://sonniss.com/sound-effects/antiques/","/SoundBits - Antiques/Tobacco-Cutting-Machine_Antique_Crank_17.wav","workshop|tool|antique|tobacco|cutting|machine|crank|pull|lever|down|metal|squeak|grind|rotate|movement|tobaccocuttingmachine_antique_crank_17wav|antiques|soundbits"
"Car_Adjustments_Seatbelt_01.wav","Mercedes E53 AMG","SoundBits","https://sonniss.com/sound-effects/car-sfx-mercedes-53-amg/","/SoundBits - Mercedes E53 AMG/Car_Adjustments_Seatbelt_01.wav","auto|mercedes|e53|amg|435|ps|sports|car|modern|handling|seat|belt|winding|up|electric|panel|hit|and|lock|car_adjustments_seatbelt_01wav|mercedes e53 amg|soundbits"
"Car_Idling-Mixture_ENGINE_06.wav","Mercedes E53 AMG","SoundBits","https://sonniss.com/sound-effects/car-sfx-mercedes-53-amg/","/SoundBits - Mercedes E53 AMG/Car_Idling-Mixture_ENGINE_06.wav","auto|mercedes|e53|amg|435|ps|sports|car|modern|idle|accelaration|in|neutral|rev|variations|engine|perspective|car_idlingmixture_engine_06wav|mercedes e53 amg|soundbits"
"Car_Pass-Bys_Moved-Mic_01.wav","Mercedes E53 AMG","SoundBits","https://sonniss.com/sound-effects/car-sfx-mercedes-53-amg/","/SoundBits - Mercedes E53 AMG/Car_Pass-Bys_Moved-Mic_01.wav","auto|mercedes|e53|amg|435|ps|sports|car|modern|pass|by|doppler|fast|speed|stuttering|engine|grinding|purr|hum|car_passbys_movedmic_01wav|mercedes e53 amg|soundbits"
"Car_Driving_Short_Engine_01_07.wav","Opel Astra H CTDi 1.7","SoundBits","https://sonniss.com/sound-effects/car-sfx-opel-astra-cdti-1-7/","/SoundBits - Opel Astra H CTDi 1.7/Car_Driving_Short_Engine_01_07.wav","auto|car|opel|astra|h|ctdi|17|125|ps|diesel|modern|idle|engive|rev|maneuvers|accelaration|engine|perspective|car_driving_short_engine_01_07wav|opel astra h ctdi 1.7|soundbits"
"Car_Driving_Short_INT_07.wav","Opel Astra H CTDi 1.7","SoundBits","https://sonniss.com/sound-effects/car-sfx-opel-astra-cdti-1-7/","/SoundBits - Opel Astra H CTDi 1.7/Car_Driving_Short_INT_07.wav","auto|car|opel|astra|h|ctdi|17|125|ps|diesel|modern|idle|gear|changing|slow|driving|onboard|bumpy|and|rattle|slows|down|interior|perspective|car_driving_short_int_07wav|opel astra h ctdi 1.7|soundbits"
"Car_Hazard-Light_INT_2.wav","Opel Astra H CTDi 1.7","SoundBits","https://sonniss.com/sound-effects/car-sfx-opel-astra-cdti-1-7/","/SoundBits - Opel Astra H CTDi 1.7/Car_Hazard-Light_INT_2.wav","auto|car|opel|astra|h|ctdi|17|125|ps|diesel|modern|hazard|light|interior|clicks|turn|signal|indicator|car_hazardlight_int_2wav|opel astra h ctdi 1.7|soundbits"
"Measuring-Tape_06.wav","Tiny Transitions 2","SoundBits","https://sonniss.com/sound-effects/tiny-transitions-2/","/SoundBits - Tiny Transitions 2/Measuring-Tape_06.wav","household|appliances|measurement|tape|pull|out|fast|measuringtape_06wav|tiny transitions 2|soundbits"
"Scrape_Cloth_10.wav","Tiny Transitions 2","SoundBits","https://sonniss.com/sound-effects/tiny-transitions-2/","/SoundBits - Tiny Transitions 2/Scrape_Cloth_10.wav","foley|blanket|cloth|scrape|medum|speed|scrape_cloth_10wav|tiny transitions 2|soundbits"
"Tiny-Transitions-2_013.wav","Tiny Transitions 2","SoundBits","https://sonniss.com/sound-effects/tiny-transitions-2/","/SoundBits - Tiny Transitions 2/Tiny-Transitions-2_013.wav","designed|whoosh|tiny|transition|whiz|metallic|zipper|tinytransitions2_013wav|tiny transitions 2|soundbits"
"Tiny-Transitions-2_281.wav","Tiny Transitions 2","SoundBits","https://sonniss.com/sound-effects/tiny-transitions-2/","/SoundBits - Tiny Transitions 2/Tiny-Transitions-2_281.wav","designed|whoosh|tiny|transition|ascend|metallic|rise|flutter|tinytransitions2_281wav|tiny transitions 2|soundbits"
"EMF_051_Smartphone.wav","Electromagnetic Fields Collection","Soundbox Library","https://sonniss.com/sound-effects/electromagnetic-fields-collection/","/Soundbox Library - Electromagnetic Fields Collection/EMF_051_Smartphone.wav","electromagnetic|fields|sony|xperia|beep|buzz|hum|crackle|glitch|noise|emf_051_smartphonewav|electromagnetic fields collection|soundbox library"
"EMF_090_DVD_Player.wav","Electromagnetic Fields Collection","Soundbox Library","https://sonniss.com/sound-effects/electromagnetic-fields-collection/","/Soundbox Library - Electromagnetic Fields Collection/EMF_090_DVD_Player.wav","electromagnetic|fields|panasonic|saht70|hum|buzz|noise|whoosh|movement|transition|passby|emf_090_dvd_playerwav|electromagnetic fields collection|soundbox library"
"EMF_121_Cnc_Wood_Carving_Machine.wav","Electromagnetic Fields Collection","Soundbox Library","https://sonniss.com/sound-effects/electromagnetic-fields-collection/","/Soundbox Library - Electromagnetic Fields Collection/EMF_121_Cnc_Wood_Carving_Machine.wav","electromagnetic|fields|buzz|constant|noise|hiss|robotics|movement|mechanical|emf_121_cnc_wood_carving_machinewav|electromagnetic fields collection|soundbox library"
"EMF_164_Desktop_Computer.wav","Electromagnetic Fields Collection","Soundbox Library","https://sonniss.com/sound-effects/electromagnetic-fields-collection/","/Soundbox Library - Electromagnetic Fields Collection/EMF_164_Desktop_Computer.wav","electromagnetic|fields|buzz|imac|constant|noise|hiss|crackle|emf_164_desktop_computerwav|electromagnetic fields collection|soundbox library"
"MS&R_029_Stream_Small.wav","Mountain Streams & Rivers Collection","Soundbox Library","https://sonniss.com/sound-effects/mountain-streams-rivers-collection/","/Soundbox Library - Mountain Streams & Rivers Collection/MS&R_029_Stream_Small.wav","stream|french|alps|small|close|perspective|water|flow|mountain|forest|loop|bubbling|gurgling|splashes|ms&r_029_stream_smallwav|mountain streams & rivers collection|soundbox library"
"MS&R_058_River_Rapids.wav","Mountain Streams & Rivers Collection","Soundbox Library","https://sonniss.com/sound-effects/mountain-streams-rivers-collection/","/Soundbox Library - Mountain Streams & Rivers Collection/MS&R_058_River_Rapids.wav","river|french|alps|strong|close|perspective|water|flow|mountain|forest|loop|rapids|wide|sparkling|lapping|current|faint|drumming|noise|ms&r_058_river_rapidswav|mountain streams & rivers collection|soundbox library"
"MS&R_072_River_Binaural.wav","Mountain Streams & Rivers Collection","Soundbox Library","https://sonniss.com/sound-effects/mountain-streams-rivers-collection/","/Soundbox Library - Mountain Streams & Rivers Collection/MS&R_072_River_Binaural.wav","river|french|alps|binaural|close|perspective|water|flow|mountain|forest|loop|sparkling|bubbling|lapping|faint|noise|background|current|shore|ms&r_072_river_binauralwav|mountain streams & rivers collection|soundbox library"
"boat Arvor 215 engine neutral gear than turn off mono 4061 mix1.wav","Arvor 215 Boat","Soundholder","https://sonniss.com/sound-effects/arvor-215-boat/","/Soundholder - Arvor 215 Boat/boat Arvor 215 engine neutral gear than turn off mono 4061 mix1.wav","sound|of|the|boat|working|on|neutral|gear|slowly|drifting|throught|calm|water|engine|is|turned|off|at|end|file|mix1|has|more|engine|than|propeller|arvor|215|turn|mono|4061|mix1wav|arvor 215 boat|soundholder"
"boat Arvor 215 engine propellers low rpm splashes stereo ORTF 8040.wav","Arvor 215 Boat","Soundholder","https://sonniss.com/sound-effects/arvor-215-boat/","/Soundholder - Arvor 215 Boat/boat Arvor 215 engine propellers low rpm splashes stereo ORTF 8040.wav","propeller|recorded|low|rpm|close|perspective|with|sennheisers|8040|in|ortf|pointed|at|the|back|of|boat|arvor|215|engine|propellers|splashes|stereo|8040wav|arvor 215 boat|soundholder"
"boat Arvor 215 exterior engine diesel on low rpms propeller stereo M10.wav","Arvor 215 Boat","Soundholder","https://sonniss.com/sound-effects/arvor-215-boat/","/Soundholder - Arvor 215 Boat/boat Arvor 215 exterior engine diesel on low rpms propeller stereo M10.wav","propeller|recorded|low|rpm|close|perspective|with|sony|pcmm10|pointed|at|the|back|of|boat|arvor|215|exterior|engine|diesel|on|rpms|propeller|stereo|m10wav|arvor 215 boat|soundholder"
"BMW 640D Gran Coupe engine more agressive driving with accelerations interior mono 8040.wav","BMW F12 640D Gran Coupe","Soundholder","https://sonniss.com/sound-effects/bmw-f12-640d-gran-coupe/","/Soundholder - BMW F12 640D Gran Coupe/BMW 640D Gran Coupe engine more agressive driving with accelerations interior mono 8040.wav","bmw|f12|640d|diesel|engine|acceleration|accelerations|high|speed|agressive|bmw|640d|gran|coupe|more|driving|with|interior|mono|8040wav|bmw f12 640d gran coupe|soundholder"
"BMW F12 640D Gran Coupe exterior wet asphalt stop engine off on and drive away following mono 8040.wav","BMW F12 640D Gran Coupe","Soundholder","https://sonniss.com/sound-effects/bmw-f12-640d-gran-coupe/","/Soundholder - BMW F12 640D Gran Coupe/BMW F12 640D Gran Coupe exterior wet asphalt stop engine off on and drive away following mono 8040.wav","bmw|f12|640d|diesel|engine|exterior|stop|off|on|drive|away|bmw|f12|640d|gran|coupe|wet|asphalt|and|following|mono|8040wav|bmw f12 640d gran coupe|soundholder"
"BMW F12 640D Gran Coupe exterior wet asphalt stopping from 40kmph and slowly drive away static mono 8040.wav","BMW F12 640D Gran Coupe","Soundholder","https://sonniss.com/sound-effects/bmw-f12-640d-gran-coupe/","/Soundholder - BMW F12 640D Gran Coupe/BMW F12 640D Gran Coupe exterior wet asphalt stopping from 40kmph and slowly drive away static mono 8040.wav","bmw|f12|640d|diesel|engine|exterior|stop|stopping|drive|away|bmw|f12|640d|gran|coupe|wet|asphalt|from|40kmph|and|slowly|static|mono|8040wav|bmw f12 640d gran coupe|soundholder"
"EMF macbook white unibody data transmission subtle with stereo flying glitches and high tones.wav","EMF","Soundholder","https://sonniss.com/sound-effects/emf/","/Soundholder - EMF/EMF macbook white unibody data transmission subtle with stereo flying glitches and high tones.wav","emf|electromagnetic|field|electricity|data|transmission|sending|gui|ui|emf|macbook|white|unibody|subtle|with|stereo|flying|glitches|and|high|toneswav|soundholder"
"EMF sonic toothbrush phased tone constant.wav","EMF","Soundholder","https://sonniss.com/sound-effects/emf/","/Soundholder - EMF/EMF sonic toothbrush phased tone constant.wav","emf|electromagnetic|field|electricity|tone|phasing|emf|sonic|toothbrush|phased|constantwav|soundholder"
"EMF Wacom Intuos Pro tablet data sending.wav","EMF","Soundholder","https://sonniss.com/sound-effects/emf/","/Soundholder - EMF/EMF Wacom Intuos Pro tablet data sending.wav","emf|electromagnetic|field|electricity|data|transmission|sending|gui|ui|emf|wacom|intuos|pro|tablet|sendingwav|soundholder"
"EMF xbox 360 hiss and ejecting cd.wav","EMF","Soundholder","https://sonniss.com/sound-effects/emf/","/Soundholder - EMF/EMF xbox 360 hiss and ejecting cd.wav","emf|electromagnetic|field|electricity|hiss|noise|processing|emf|xbox|360|and|ejecting|cdwav|soundholder"
"ambient Norway Nyksund shore waves hitting rocks close perspective stereo ORTF 8040.wav","Harbours Of Norway","Soundholder","https://sonniss.com/sound-effects/harbours-norway/","/Soundholder - Harbours Of Norway/ambient Norway Nyksund shore waves hitting rocks close perspective stereo ORTF 8040.wav","recording|of|the|waves|hitting|rocks|on|shore|mic|pointed|to|horizon|close|perspective|ambient|norway|nyksund|stereo|ortf|8040wav|harbours of norway|soundholder"
"ambient Norway pier boats floating and pulling lines seagulls and engine in the background stereo ORTF 8040.wav","Harbours Of Norway","Soundholder","https://sonniss.com/sound-effects/harbours-norway/","/Soundholder - Harbours Of Norway/ambient Norway pier boats floating and pulling lines seagulls and engine in the background stereo ORTF 8040.wav","recorded|in|small|port|ambient|of|the|boats|bumping|each|other|softly|ropes|rubbing|against|and|seagulls|there|is|also|boat|engine|background|norway|pier|floating|pulling|lines|stereo|ortf|8040wav|harbours of norway|soundholder"
"ambient Italy Sicily Erice wind on the top of the mountain birds and small chats stereo M10.wav","Italy - Sicilian Ambients","Soundholder","https://sonniss.com/sound-effects/italy-sicilian-ambients/","/Soundholder - Italy - Sicilian Ambients/ambient Italy Sicily Erice wind on the top of the mountain birds and small chats stereo M10.wav","ambient|atmosphere|italy|sicily|erice|wind|talking|talk|people|italian|italy|sicily|erice|on|the|top|of|mountain|birds|and|small|chats|stereo|m10wav|italy - sicilian ambients|soundholder"
"ambient Italy Sicily Trapani old town people passing and talking walla bicycles car stereo M10.wav","Italy - Sicilian Ambients","Soundholder","https://sonniss.com/sound-effects/italy-sicilian-ambients/","/Soundholder - Italy - Sicilian Ambients/ambient Italy Sicily Trapani old town people passing and talking walla bicycles car stereo M10.wav","ambient|atmosphere|italy|sicily|trapani|old|town|day|people|crossing|walking|talking|bicycles|cars|italy|sicily|trapani|passing|and|walla|car|stereo|m10wav|italy - sicilian ambients|soundholder"
"props deodorant spray mono 8040.wav","Props Box","Soundholder","https://sonniss.com/sound-effects/props-box/","/Soundholder - Props Box/props deodorant spray mono 8040.wav","using|deodorant|spray|short|and|long|sounds|props|mono|8040wav|props box|soundholder"
"props duct tape using short pulls mono 8040.wav","Props Box","Soundholder","https://sonniss.com/sound-effects/props-box/","/Soundholder - Props Box/props duct tape using short pulls mono 8040.wav","using|duct|tape|short|pulls|props|using|mono|8040wav|props box|soundholder"
"props stones small multiple dropped on the concrete floor mono 8040.wav","Props Box","Soundholder","https://sonniss.com/sound-effects/props-box/","/Soundholder - Props Box/props stones small multiple dropped on the concrete floor mono 8040.wav","dropping|small|stones|on|the|wooden|floor|props|multiple|dropped|concrete|mono|8040wav|props box|soundholder"
"props water spray mono 8040.wav","Props Box","Soundholder","https://sonniss.com/sound-effects/props-box/","/Soundholder - Props Box/props water spray mono 8040.wav","using|water|spray|props|mono|8040wav|props box|soundholder"
"swipes and whooshes broom long stick slow and long swings stereo ORTF 8040.wav","Swipes And Whooshes","Soundholder","https://sonniss.com/sound-effects/swipes-whooshes/","/Soundholder - Swipes And Whooshes/swipes and whooshes broom long stick slow and long swings stereo ORTF 8040.wav","air|cutting|sound|made|with|a|broom|waving|from|left|to|right|swipes|and|whooshes|long|stick|slow|swings|stereo|ortf|8040wav|swipes and whooshes|soundholder"
"swipes and whooshes metal grille slow and long swings stereo ORTF 8040.wav","Swipes And Whooshes","Soundholder","https://sonniss.com/sound-effects/swipes-whooshes/","/Soundholder - Swipes And Whooshes/swipes and whooshes metal grille slow and long swings stereo ORTF 8040.wav","air|cutting|sounds|made|with|metal|grille|swipes|and|whooshes|slow|long|swings|stereo|ortf|8040wav|swipes and whooshes|soundholder"
"swipes and whooshes tshirt fast and short swings stereo ORTF 8040.wav","Swipes And Whooshes","Soundholder","https://sonniss.com/sound-effects/swipes-whooshes/","/Soundholder - Swipes And Whooshes/swipes and whooshes tshirt fast and short swings stereo ORTF 8040.wav","whooshes|made|with|tshirt|more|agressive|and|punchy|sound|swipes|whooshes|fast|short|swings|stereo|ortf|8040wav|swipes and whooshes|soundholder"
"Volkswagen Golf V 1.6 FSI engine start idle gas pressing mono.wav","Volkswagen Golf V 1.6 FSI","Soundholder","https://sonniss.com/sound-effects/volkswagen-golf-1-6-fsi/","/Soundholder - Volkswagen Golf V 1.6 FSI/Volkswagen Golf V 1.6 FSI engine start idle gas pressing mono.wav","car|vehicle|volkswagen|golf|5|gas|engine|start|idle|pressing|volkswagen|golf|v|16|fsi|monowav|volkswagen golf v 1.6 fsi|soundholder"
"Volkswagen Golf V 1.6 FSI exterior passby with stop stereo ORTF 8040.wav","Volkswagen Golf V 1.6 FSI","Soundholder","https://sonniss.com/sound-effects/volkswagen-golf-1-6-fsi/","/Soundholder - Volkswagen Golf V 1.6 FSI/Volkswagen Golf V 1.6 FSI exterior passby with stop stereo ORTF 8040.wav","car|vehicle|volkswagen|golf|5|gas|engine|passby|stop|stops|volkswagen|golf|v|16|fsi|exterior|with|stereo|ortf|8040wav|volkswagen golf v 1.6 fsi|soundholder"
"Volkswagen Golf V 1.6 FSI exterior stop reverse and drive away mono NTG3.wav","Volkswagen Golf V 1.6 FSI","Soundholder","https://sonniss.com/sound-effects/volkswagen-golf-1-6-fsi/","/Soundholder - Volkswagen Golf V 1.6 FSI/Volkswagen Golf V 1.6 FSI exterior stop reverse and drive away mono NTG3.wav","car|vehicle|volkswagen|golf|5|gas|engine|reverse|passby|drive|away|volkswagen|golf|v|16|fsi|exterior|stop|and|mono|ntg3wav|volkswagen golf v 1.6 fsi|soundholder"
"PRB102 Harris Hawk (Heniek) - Call, Squawk Shriek, Harsh - Schoeps MF.wav","Predatory Birds","Soundmind","https://sonniss.com/sound-effects/predatory-birds/","/Soundmind - Predatory Birds/PRB102 Harris Hawk (Heniek) - Call, Squawk Shriek, Harsh - Schoeps MF.wav","harris|hawk|call|squawk|shriek|harsh|schoeps|prb102|(heniek)|mfwav|predatory birds|soundmind"
"PRB216 Saker Falcon (Tosia) - Call, Squawk Screech Scream Cry, High Nervous - 8060 MF.wav","Predatory Birds","Soundmind","https://sonniss.com/sound-effects/predatory-birds/","/Soundmind - Predatory Birds/PRB216 Saker Falcon (Tosia) - Call, Squawk Screech Scream Cry, High Nervous - 8060 MF.wav","saker|falcon|call|squawk|screech|scream|cry|high|nervous|8060|prb216|(tosia)|mfwav|predatory birds|soundmind"
"PRB315 Northern Goshawk (Lucjan) - Call, Squawk Shriek Screech Long, Wings Flapping Movements - Sanken MF.wav","Predatory Birds","Soundmind","https://sonniss.com/sound-effects/predatory-birds/","/Soundmind - Predatory Birds/PRB315 Northern Goshawk (Lucjan) - Call, Squawk Shriek Screech Long, Wings Flapping Movements - Sanken MF.wav","northern|goshawk|call|squawk|shriek|screech|long|wings|flapping|movements|sanken|prb315|(lucjan)|mfwav|predatory birds|soundmind"
"PRB524 Duet Bald Eagle & Tawny Eagle - Calls, Squawk Cry - Neumann MF.wav","Predatory Birds","Soundmind","https://sonniss.com/sound-effects/predatory-birds/","/Soundmind - Predatory Birds/PRB524 Duet Bald Eagle & Tawny Eagle - Calls, Squawk Cry - Neumann MF.wav","duet|bald|eagle|&|tawny|calls|squawk|cry|neumann|prb524|mfwav|predatory birds|soundmind"
"Robotic Lifeforms 2 - Impacts Source - Metal Tool Drawer Punch 03.wav","Robotic Lifeforms 2","SoundMorph","https://sonniss.com/sound-effects/robotic-lifeforms-2/","/SoundMorph - Robotic Lifeforms 2/Robotic Lifeforms 2 - Impacts Source - Metal Tool Drawer Punch 03.wav","soundmorph|rl2|rl2|robotic|lifeforms|2|robot|robotic|servo|metal|machine|gadget|motor|scifi|sci|fi|gear|source|audio|raw|impact|slam|hit|punch|impacts|source|metal|tool|drawer|punch|03wav|robotic lifeforms 2|soundmorph"
"Robotic Lifeforms 2 - Power - Autobot Disengage 08.wav","Robotic Lifeforms 2","SoundMorph","https://sonniss.com/sound-effects/robotic-lifeforms-2/","/SoundMorph - Robotic Lifeforms 2/Robotic Lifeforms 2 - Power - Autobot Disengage 08.wav","soundmorph|rl2|rl2|robotic|lifeforms|2|robot|robotic|servo|metal|machine|gadget|motor|scifi|sci|fi|gear|power|activate|energy|power|autobot|disengage|08wav|robotic lifeforms 2|soundmorph"
"Robotic Lifeforms 2 - Servos - Variable Nano Machine 12.wav","Robotic Lifeforms 2","SoundMorph","https://sonniss.com/sound-effects/robotic-lifeforms-2/","/SoundMorph - Robotic Lifeforms 2/Robotic Lifeforms 2 - Servos - Variable Nano Machine 12.wav","soundmorph|rl2|rl2|robotic|lifeforms|2|robot|robotic|servo|metal|machine|gadget|motor|scifi|sci|fi|gear|servos|variable|nano|machine|12wav|robotic lifeforms 2|soundmorph"
"Robotic Lifeforms 2 - Transforms - Synth Whoosher Mutation 07.wav","Robotic Lifeforms 2","SoundMorph","https://sonniss.com/sound-effects/robotic-lifeforms-2/","/SoundMorph - Robotic Lifeforms 2/Robotic Lifeforms 2 - Transforms - Synth Whoosher Mutation 07.wav","soundmorph|rl2|rl2|robotic|lifeforms|2|robot|robotic|servo|metal|machine|gadget|motor|scifi|sci|fi|gear|transform|transformer|mech|transforms|synth|whoosher|mutation|07wav|robotic lifeforms 2|soundmorph"
"China Cabinet_Door_Wood with Glass_Close_x5_Fienup_001.wav","Household Doors HD","Soundopolis","https://sonniss.com/sound-effects/household-doors-2/","/Soundopolis - Household Doors HD/China Cabinet_Door_Wood with Glass_Close_x5_Fienup_001.wav","china|cabinet|door|wood|glass|close|slam|shut|impact|household|office|soundopolis|china|cabinet_door_wood|with|glass_close_x5_fienup_001wav|household doors hd"
"Door Hinge 02_Creaky_x3_Fienup_001.wav","Household Doors HD","Soundopolis","https://sonniss.com/sound-effects/household-doors-2/","/Soundopolis - Household Doors HD/Door Hinge 02_Creaky_x3_Fienup_001.wav","door|wood|metal|hinge|grind|stress|squeak|creak|eerie|household|office|soundopolis|door|hinge|02_creaky_x3_fienup_001wav|household doors hd"
"Nightstand_Modern_Drawers_Wood_Close_x6_Fienup_001.wav","Household Doors HD","Soundopolis","https://sonniss.com/sound-effects/household-doors-2/","/Soundopolis - Household Doors HD/Nightstand_Modern_Drawers_Wood_Close_x6_Fienup_001.wav","nightstand|drawers|doors|wood|close|impact|shut|slam|slide|scrape|household|office|soundopolis|nightstand_modern_drawers_wood_close_x6_fienup_001wav|household doors hd"
"Nightstand_Old_Drawers_Wood_Open_x11_Fienup_001.wav","Household Doors HD","Soundopolis","https://sonniss.com/sound-effects/household-doors-2/","/Soundopolis - Household Doors HD/Nightstand_Old_Drawers_Wood_Open_x11_Fienup_001.wav","nightstand|drawers|doors|wood|open|impact|slide|scrape|handle|latch|metal|rattle|household|office|soundopolis|nightstand_old_drawers_wood_open_x11_fienup_001wav|household doors hd"
"Footsteps_Icy_Normal_Single_Fienup_006_SIS2.wav","Icy Snow 2 HD","Soundopolis","https://sonniss.com/sound-effects/icy-snow-2-hd/","/Soundopolis - Icy Snow 2 HD/Footsteps_Icy_Normal_Single_Fienup_006_SIS2.wav","footsteps|boots|snow|ice|debris|soundopolis|footsteps_icy_normal_single_fienup_006_sis2wav|icy snow 2 hd"
"Ice_Impact_Debris_Heavy_Single_Fienup_015_SIS2.wav","Icy Snow 2 HD","Soundopolis","https://sonniss.com/sound-effects/icy-snow-2-hd/","/Soundopolis - Icy Snow 2 HD/Ice_Impact_Debris_Heavy_Single_Fienup_015_SIS2.wav","ice|snow|icicle|crumble|crack|snap|debris|crackle|impact|powder|fragment|soundopolis|ice_impact_debris_heavy_single_fienup_015_sis2wav|icy snow 2 hd"
"Icicle_Sliding on Ice_Fienup_001_SIS2.wav","Icy Snow 2 HD","Soundopolis","https://sonniss.com/sound-effects/icy-snow-2-hd/","/Soundopolis - Icy Snow 2 HD/Icicle_Sliding on Ice_Fienup_001_SIS2.wav","ice|icicle|slide|sliding|debris|crackle|impact|soundopolis|icicle_sliding|on|ice_fienup_001_sis2wav|icy snow 2 hd"
"Snowball_Impact_Snow_Single_Fienup_004_SIS2.wav","Icy Snow 2 HD","Soundopolis","https://sonniss.com/sound-effects/icy-snow-2-hd/","/Soundopolis - Icy Snow 2 HD/Snowball_Impact_Snow_Single_Fienup_004_SIS2.wav","snow|snowball|impact|throw|catch|hit|fight|soundopolis|snowball_impact_snow_single_fienup_004_sis2wav|icy snow 2 hd"
"DryingRack_Metal_Impact_Hit_Rumble_Bell_Leaf-W.wav","Everything So Far - Collection","Soundreorganized","https://sonniss.com/sound-effects/collection/","/Soundreorganized - Everything So Far - Collection/DryingRack_Metal_Impact_Hit_Rumble_Bell_Leaf-W.wav","xscene=|001|/|001xtake=018xtape=20170304xdate=20170304xnote=sfxxtrk1=leafwxtrk2=laefp|dryingrack_metal_impact_hit_rumble_bell_leafwwav|everything so far - collection|soundreorganized"
"Kitchen_Room_Tone_Clock_Freezer_AmbiX.wav","Everything So Far - Collection","Soundreorganized","https://sonniss.com/sound-effects/collection/","/Soundreorganized - Everything So Far - Collection/Kitchen_Room_Tone_Clock_Freezer_AmbiX.wav","kitchen_room_tone_clock_freezer_ambixwav|everything so far - collection|soundreorganized"
"Snooring_Man_Close_Voice_Sleep_Human.WAV","Everything So Far - Collection","Soundreorganized","https://sonniss.com/sound-effects/collection/","/Soundreorganized - Everything So Far - Collection/Snooring_Man_Close_Voice_Sleep_Human.WAV","xscene=|001|/|001xtake=059xtape=20170109xdate=20170109xnote=xtrk1=boom|snooring_man_close_voice_sleep_humanwav|everything so far - collection|soundreorganized"
"Water_Stream_Small_Calm_Close.WAV","Everything So Far - Collection","Soundreorganized","https://sonniss.com/sound-effects/collection/","/Soundreorganized - Everything So Far - Collection/Water_Stream_Small_Calm_Close.WAV","dubits=$23041500dscene=1dtake=7dtape=torstaidframerate=24000nddspeed=024000ndfdtrk1=middtrk2=side|water_stream_small_calm_closewav|everything so far - collection|soundreorganized"
"Melancholy Texture A 3.wav","Melancholy Textures","SoundsArchaic","https://sonniss.com/sound-effects/melancholy-textures/","/SoundsArchaic - Melancholy Textures/Melancholy Texture A 3.wav","melancholy|texture|a|3wav|melancholy textures|soundsarchaic"
"Melancholy Texture D 4.wav","Melancholy Textures","SoundsArchaic","https://sonniss.com/sound-effects/melancholy-textures/","/SoundsArchaic - Melancholy Textures/Melancholy Texture D 4.wav","melancholy|texture|d|4wav|melancholy textures|soundsarchaic"
"Melancholy Texture G 7.wav","Melancholy Textures","SoundsArchaic","https://sonniss.com/sound-effects/melancholy-textures/","/SoundsArchaic - Melancholy Textures/Melancholy Texture G 7.wav","melancholy|texture|g|7wav|melancholy textures|soundsarchaic"
"Middle Eastern Darkness Drone 1.wav","Middle Eastern Darkness","SoundsArchaic","https://sonniss.com/sound-effects/middle-eastern-darkness/","/SoundsArchaic - Middle Eastern Darkness/Middle Eastern Darkness Drone 1.wav","middle|eastern|darkness|drone|1wav|middle eastern darkness|soundsarchaic"
"Middle Eastern Darkness Fear 9.wav","Middle Eastern Darkness","SoundsArchaic","https://sonniss.com/sound-effects/middle-eastern-darkness/","/SoundsArchaic - Middle Eastern Darkness/Middle Eastern Darkness Fear 9.wav","middle|eastern|darkness|fear|9wav|middle eastern darkness|soundsarchaic"
"Middle Eastern Darkness Forgotton 6.wav","Middle Eastern Darkness","SoundsArchaic","https://sonniss.com/sound-effects/middle-eastern-darkness/","/SoundsArchaic - Middle Eastern Darkness/Middle Eastern Darkness Forgotton 6.wav","middle|eastern|darkness|forgotton|6wav|middle eastern darkness|soundsarchaic"
"Middle Eastern Darkness Sorrow 9.wav","Middle Eastern Darkness","SoundsArchaic","https://sonniss.com/sound-effects/middle-eastern-darkness/","/SoundsArchaic - Middle Eastern Darkness/Middle Eastern Darkness Sorrow 9.wav","middle|eastern|darkness|sorrow|9wav|middle eastern darkness|soundsarchaic"
"Underwater_Designed_Acid_Soak_Hard_03.wav","Submersion","Spectravelers","https://sonniss.com/sound-effects/submersion/","/Spectravelers - Submersion/Underwater_Designed_Acid_Soak_Hard_03.wav","underwater|designed|soak|acid|sizzle|fizz|hiss|hard|impact|hit|liquid|dipped|leak|corrosive|underwater_designed_acid_soak_hard_03wav|submersion|spectravelers"
"Underwater_Designed_Ambience_Abyss.wav","Submersion","Spectravelers","https://sonniss.com/sound-effects/submersion/","/Spectravelers - Submersion/Underwater_Designed_Ambience_Abyss.wav","underwater|designed|ambience|realistic|low|light|bubbling|underwater_designed_ambience_abysswav|submersion|spectravelers"
"Underwater_Designed_Lava_Move_Huge_Medium_Speed.wav","Submersion","Spectravelers","https://sonniss.com/sound-effects/submersion/","/Spectravelers - Submersion/Underwater_Designed_Lava_Move_Huge_Medium_Speed.wav","underwater|designed|lava|moving|medium|volcan|ambiance|move|crackle|boiling|boil|hot|rumble|molten|fusion|huge|juicy|speed|underwater_designed_lava_move_huge_medium_speedwav|submersion|spectravelers"
"Underwater_Designed_Whoosh_Propeller_Long_01.wav","Submersion","Spectravelers","https://sonniss.com/sound-effects/submersion/","/Spectravelers - Submersion/Underwater_Designed_Whoosh_Propeller_Long_01.wav","underwater|designed|whooshes|pass|by|propeller|modulation|stutter|movement|various|long|large|big|slow|speed|underwater_designed_whoosh_propeller_long_01wav|submersion|spectravelers"
"Summer_Mountains_Ambience_Altitude_Sheep_Herd_Bells_Distants_Marmots_Wind.wav","Summer Mountains","Spectravelers","https://sonniss.com/sound-effects/summer-mountains/","/Spectravelers - Summer Mountains/Summer_Mountains_Ambience_Altitude_Sheep_Herd_Bells_Distants_Marmots_Wind.wav","ambience|altitude|light|wind|sheep|herd|with|bells|bleating|at|medium|perspective|distant|marmots|summer_mountains_ambience_altitude_sheep_herd_bells_distants_marmots_windwav|summer mountains|spectravelers"
"Summer_Mountains_Stream_Big_Forest_Distant_Perspective.wav","Summer Mountains","Spectravelers","https://sonniss.com/sound-effects/summer-mountains/","/Spectravelers - Summer Mountains/Summer_Mountains_Stream_Big_Forest_Distant_Perspective.wav","stream|big|forest|stream|river|few|birds|distant|perspective|summer_mountains_stream_big_forest_distant_perspectivewav|summer mountains|spectravelers"
"Summer_Mountains_Stream_Medium_Altitude_Close_Perspective_4.wav","Summer Mountains","Spectravelers","https://sonniss.com/sound-effects/summer-mountains/","/Spectravelers - Summer Mountains/Summer_Mountains_Stream_Medium_Altitude_Close_Perspective_4.wav","stream|big|forest|stream|river|few|birds|distant|perspective|summer_mountains_stream_medium_altitude_close_perspective_4wav|summer mountains|spectravelers"
"Atmospheric-Ambience.wav","Ambience Sound Library","Starbrick Sound","https://sonniss.com/sound-effects/ambience-sound-library/","/Starbrick Sound - Ambience Sound Library/Atmospheric-Ambience.wav","atmospheric|ambience|for|sound|design|and|looping|atmosphericambiencewav|ambience sound library|starbrick sound"
"Bathroom-Sink-1.wav","Ambience Sound Library","Starbrick Sound","https://sonniss.com/sound-effects/ambience-sound-library/","/Starbrick Sound - Ambience Sound Library/Bathroom-Sink-1.wav","bathroomsink1wav|ambience sound library|starbrick sound"
"Blinds-3.wav","Ambience Sound Library","Starbrick Sound","https://sonniss.com/sound-effects/ambience-sound-library/","/Starbrick Sound - Ambience Sound Library/Blinds-3.wav","blinds3wav|ambience sound library|starbrick sound"
"S23_SFX_Footsteps_Extras_Doormat_Scrapes_01.wav","Ultimate Footstep Collection","Studio 23","https://sonniss.com/sound-effects/ultimate-footstep-collection-2/","/Studio 23 - Ultimate Footstep Collection/S23_SFX_Footsteps_Extras_Doormat_Scrapes_01.wav","doormat|shoes|scraping|s23_sfx_footsteps_extras_doormat_scrapes_01wav|ultimate footstep collection|studio 23"
"S23_SFX_Footsteps_Gravel_Loafers_Loops_Walk_Normal.wav","Ultimate Footstep Collection","Studio 23","https://sonniss.com/sound-effects/ultimate-footstep-collection-2/","/Studio 23 - Ultimate Footstep Collection/S23_SFX_Footsteps_Gravel_Loafers_Loops_Walk_Normal.wav","s23_sfx_footsteps_gravel_loafers_loops_walk_normal|s23_sfx_footsteps_gravel_loafers_loops_walk_normalwav|ultimate footstep collection|studio 23"
"S23_SFX_Footsteps_Metal_Boots_Loop_Jogging.wav","Ultimate Footstep Collection","Studio 23","https://sonniss.com/sound-effects/ultimate-footstep-collection-2/","/Studio 23 - Ultimate Footstep Collection/S23_SFX_Footsteps_Metal_Boots_Loop_Jogging.wav","s23_sfx_footsteps_metal_boots_loop_jogging|s23_sfx_footsteps_metal_boots_loop_joggingwav|ultimate footstep collection|studio 23"
"S23_SFX_Footsteps_Snow_Singles_Sequence.wav","Ultimate Footstep Collection","Studio 23","https://sonniss.com/sound-effects/ultimate-footstep-collection-2/","/Studio 23 - Ultimate Footstep Collection/S23_SFX_Footsteps_Snow_Singles_Sequence.wav","s23_sfx_footsteps_snow_singles_sequence|s23_sfx_footsteps_snow_singles_sequencewav|ultimate footstep collection|studio 23"
"Backpedaling deraileur (fast) number 2.wav","Bowed Bicycle","Submerged Tapes","https://sonniss.com/sound-effects/bowed-bicycle/","/Submerged Tapes - Bowed Bicycle/Backpedaling deraileur (fast) number 2.wav","backpedalling|chain/mech|sound|backpedaling|deraileur|(fast)|number|2wav|bowed bicycle|submerged tapes"
"Bowed spoke 3.wav","Bowed Bicycle","Submerged Tapes","https://sonniss.com/sound-effects/bowed-bicycle/","/Submerged Tapes - Bowed Bicycle/Bowed spoke 3.wav","bowed|spoke|sound|3wav|bowed bicycle|submerged tapes"
"Rear shifter click .wav","Bowed Bicycle","Submerged Tapes","https://sonniss.com/sound-effects/bowed-bicycle/","/Submerged Tapes - Bowed Bicycle/Rear shifter click .wav","rear|shifter|clicking|click|wav|bowed bicycle|submerged tapes"
"Analog Synthesized UI - Bend Cancel Disengage.wav","Analog Synthesized UI & SFX","The Chris Alan","https://sonniss.com/sound-effects/analog-synthesized-ui-sfx/","/The Chris Alan - Analog Synthesized UI & SFX/Analog Synthesized UI - Bend Cancel Disengage.wav","analog|synthesized|ui|bend|cancel|disengage|disengagewav|analog synthesized ui & sfx|the chris alan"
"Analog Synthesized UI - Button Click Tone 1.wav","Analog Synthesized UI & SFX","The Chris Alan","https://sonniss.com/sound-effects/analog-synthesized-ui-sfx/","/The Chris Alan - Analog Synthesized UI & SFX/Analog Synthesized UI - Button Click Tone 1.wav","analog|synthesized|ui|button|click|tone|1|1wav|analog synthesized ui & sfx|the chris alan"
"Analog Synthesized UI - Confirm Notification 21.wav","Analog Synthesized UI & SFX","The Chris Alan","https://sonniss.com/sound-effects/analog-synthesized-ui-sfx/","/The Chris Alan - Analog Synthesized UI & SFX/Analog Synthesized UI - Confirm Notification 21.wav","analog|synthesized|ui|confirm|notification|21|21wav|analog synthesized ui & sfx|the chris alan"
"Analog Synthesized UI - Lock On Engage.wav","Analog Synthesized UI & SFX","The Chris Alan","https://sonniss.com/sound-effects/analog-synthesized-ui-sfx/","/The Chris Alan - Analog Synthesized UI & SFX/Analog Synthesized UI - Lock On Engage.wav","analog|synthesized|ui|lock|on|engage|engagewav|analog synthesized ui & sfx|the chris alan"
"Bell Guitar Gliss Up 01.wav","Gliss Bliss","The Chris Alan","https://sonniss.com/sound-effects/gliss-bliss/","/The Chris Alan - Gliss Bliss/Bell Guitar Gliss Up 01.wav","bell|guitar|gliss|up|01|01wav|gliss bliss|the chris alan"
"Marimba Gliss Down Fast 01.wav","Gliss Bliss","The Chris Alan","https://sonniss.com/sound-effects/gliss-bliss/","/The Chris Alan - Gliss Bliss/Marimba Gliss Down Fast 01.wav","marimba|gliss|down|fast|01|01wav|gliss bliss|the chris alan"
"Marimba Gliss Up Down Flourish Slow 04.wav","Gliss Bliss","The Chris Alan","https://sonniss.com/sound-effects/gliss-bliss/","/The Chris Alan - Gliss Bliss/Marimba Gliss Up Down Flourish Slow 04.wav","marimba|gliss|up|down|flourish|slow|04|04wav|gliss bliss|the chris alan"
"Xylophone Gliss Up Down Flourish Slow 01.wav","Gliss Bliss","The Chris Alan","https://sonniss.com/sound-effects/gliss-bliss/","/The Chris Alan - Gliss Bliss/Xylophone Gliss Up Down Flourish Slow 01.wav","xylophone|gliss|up|down|flourish|slow|01|01wav|gliss bliss|the chris alan"
"sports golfing golf bag remove club 02.wav","GOLF - Swings, Hits, Hazards, Golf Carts, and More","The Chris Alan","https://sonniss.com/sound-effects/golf-swings-hits-hazards-golf-carts/","/The Chris Alan - GOLF - Swings, Hits, Hazards, Golf Carts, and More/sports golfing golf bag remove club 02.wav","sports|golfing|golf|bag|remove|club|02|02wav|golf - swings, hits, hazards, golf carts, and more|the chris alan"
"sports golfing golf ball drops falls in hole 09.wav","GOLF - Swings, Hits, Hazards, Golf Carts, and More","The Chris Alan","https://sonniss.com/sound-effects/golf-swings-hits-hazards-golf-carts/","/The Chris Alan - GOLF - Swings, Hits, Hazards, Golf Carts, and More/sports golfing golf ball drops falls in hole 09.wav","sports|golfing|golf|ball|drops|falls|in|hole|09|09wav|golf - swings, hits, hazards, golf carts, and more|the chris alan"
"sports golfing golf club swing hit ball driver from tee 02.wav","GOLF - Swings, Hits, Hazards, Golf Carts, and More","The Chris Alan","https://sonniss.com/sound-effects/golf-swings-hits-hazards-golf-carts/","/The Chris Alan - GOLF - Swings, Hits, Hazards, Golf Carts, and More/sports golfing golf club swing hit ball driver from tee 02.wav","sports|golfing|golf|club|swing|hit|ball|driver|from|tee|02|02wav|golf - swings, hits, hazards, golf carts, and more|the chris alan"
"sports golfing golf club swing hit ball wedge from fairway 03.wav","GOLF - Swings, Hits, Hazards, Golf Carts, and More","The Chris Alan","https://sonniss.com/sound-effects/golf-swings-hits-hazards-golf-carts/","/The Chris Alan - GOLF - Swings, Hits, Hazards, Golf Carts, and More/sports golfing golf club swing hit ball wedge from fairway 03.wav","sports|golfing|golf|club|swing|hit|ball|wedge|from|fairway|03|03wav|golf - swings, hits, hazards, golf carts, and more|the chris alan"
"JET SKI PWC SEA DOO driving steady on-board loop 5000RPM driver perspective.wav","PWC – Jet Ski – Sea Doo Volume 2","The Chris Alan","https://sonniss.com/sound-effects/pwc-jet-ski-sea-doo-volume-2/","/The Chris Alan - PWC – Jet Ski – Sea Doo  Volume 2/JET SKI PWC SEA DOO driving steady on-board loop 5000RPM driver perspective.wav","jet|ski|pwc|sea|doo|driving|steady|onboard|loop|5000rpm|driver|perspective|perspectivewav|pwc – jet ski – sea doo volume 2|the chris alan"
"JET SKI PWC SEA DOO extra startup to full speed to off quickly.wav","PWC – Jet Ski – Sea Doo Volume 2","The Chris Alan","https://sonniss.com/sound-effects/pwc-jet-ski-sea-doo-volume-2/","/The Chris Alan - PWC – Jet Ski – Sea Doo  Volume 2/JET SKI PWC SEA DOO extra startup to full speed to off quickly.wav","jet|ski|pwc|sea|doo|extra|startup|to|full|speed|off|quickly|quicklywav|pwc – jet ski – sea doo volume 2|the chris alan"
"JET SKI PWC SEA DOO extra startup to full speed to off slowly.wav","PWC – Jet Ski – Sea Doo Volume 2","The Chris Alan","https://sonniss.com/sound-effects/pwc-jet-ski-sea-doo-volume-2/","/The Chris Alan - PWC – Jet Ski – Sea Doo  Volume 2/JET SKI PWC SEA DOO extra startup to full speed to off slowly.wav","jet|ski|pwc|sea|doo|extra|startup|to|full|speed|off|slowly|slowlywav|pwc – jet ski – sea doo volume 2|the chris alan"
"092602 - Handling Marbles 02.wav","Marbles","The Sound Pack Tree","https://sonniss.com/sound-effects/marbles/","/The Sound Pack Tree - Marbles/092602 - Handling Marbles 02.wav","092602|ball|casino|child|friction|gamble|gambling|game|gong|handle|handling|hands|kids|marble|movement|moving|nervous|play|preparing|qi|rock|rolling|sound|stone|taw|toy|turn|turning|handling|marbles|02wav|the sound pack tree"
"092801 - Shaking Marbles 01.wav","Marbles","The Sound Pack Tree","https://sonniss.com/sound-effects/marbles/","/The Sound Pack Tree - Marbles/092801 - Shaking Marbles 01.wav","092801|ball|casino|child|friction|gamble|gambling|game|gong|handle|handling|hands|kids|marble|movement|moving|nervous|play|preparing|qi|rock|rolling|sound|stone|taw|toy|turn|turning|shaking|marbles|01wav|the sound pack tree"
"246601 - Marble Roll And Hit Marbles 01.wav","Marbles","The Sound Pack Tree","https://sonniss.com/sound-effects/marbles/","/The Sound Pack Tree - Marbles/246601 - Marble Roll And Hit Marbles 01.wav","246601|marbles|pearls|balls|toys|games|casino|gamble|gambling|pinball|taw|arcade|labyrinth|rolling|around|movement|moving|over|obstacles|barriers|stumble|impact|dropping|down|tick|rebounce|throw|hit|wooden|surface|roll|marble|roll|and|hit|marbles|01wav|the sound pack tree"
"247405 - Small Marble Throw-In 05.wav","Marbles","The Sound Pack Tree","https://sonniss.com/sound-effects/marbles/","/The Sound Pack Tree - Marbles/247405 - Small Marble Throw-In 05.wav","247405|marbles|pearls|balls|toys|games|casino|gamble|gambling|pinball|taw|arcade|labyrinth|rolling|movement|over|falling|impact|dropping|down|tick|rebounce|throw|hit|wooden|surface|foosball|table|football|small|throwin|small|marble|throwin|05wav|marbles|the sound pack tree"
"003300 - Jungle River Paddling - Loop.wav","Sonic Seaside","The Sound Pack Tree","https://sonniss.com/sound-effects/sonic-seaside/","/The Sound Pack Tree - Sonic Seaside/003300 - Jungle River Paddling - Loop.wav","003300|birds|boat|crickets|guatemala|paddle|ride|river|row|water|wildlife|jungle|river|paddling|loopwav|sonic seaside|the sound pack tree"
"057500 - Bubbling Creek - Loop.wav","Sonic Seaside","The Sound Pack Tree","https://sonniss.com/sound-effects/sonic-seaside/","/The Sound Pack Tree - Sonic Seaside/057500 - Bubbling Creek - Loop.wav","057500|babble|bubble|burble|creek|flow|forest|patter|river|splash|water|wet|woods|bubbling|creek|loopwav|sonic seaside|the sound pack tree"
"205300 - Crazy Harbor Seagulls - Loop.wav","Sonic Seaside","The Sound Pack Tree","https://sonniss.com/sound-effects/sonic-seaside/","/The Sound Pack Tree - Sonic Seaside/205300 - Crazy Harbor Seagulls - Loop.wav","205300|seagulls|feeding|tweets|birds|sailing|peeping|twitter|chirping|noise|animals|harbor|harbour|haven|pier|dock|ships|port|wharf|shipping|navy|ambience|ambiance|surroundings|atmosphere|environment|background|nature|wildlife|coast|crazy|harbor|seagulls|loopwav|sonic seaside|the sound pack tree"
"209300 - Distant Ocean Waves - Loop.wav","Sonic Seaside","The Sound Pack Tree","https://sonniss.com/sound-effects/sonic-seaside/","/The Sound Pack Tree - Sonic Seaside/209300 - Distant Ocean Waves - Loop.wav","209300|ocean|waves|surf|sea|water|coast|break|wet|splash|noise|hiss|fizzle|foaming|beach|seaside|ambience|ambiance|atmosphere|environment|background|distant|distant|ocean|waves|loopwav|sonic seaside|the sound pack tree"
"222300 - Dynamic Through Draft - Loop.wav","This Library Sucks","The Sound Pack Tree","https://sonniss.com/sound-effects/library-sucks/","/The Sound Pack Tree - This Library Sucks/222300 - Dynamic Through Draft - Loop.wav","222300|suction|suck|vacuum|hoover|draw|pressure|stress|air|wind|draft|draught|flow|ventilation|condition|windy|blowing|stream|current|pipe|noise|exhaust|swoosh|hiss|swish|whoosh|sizzle|storm|desert|gust|through|dynamic|through|draft|loopwav|this library sucks|the sound pack tree"
"222400 - Dynamic Vacuum Suction 01 - Loop.wav","This Library Sucks","The Sound Pack Tree","https://sonniss.com/sound-effects/library-sucks/","/The Sound Pack Tree - This Library Sucks/222400 - Dynamic Vacuum Suction 01 - Loop.wav","222400|suction|suck|vacuum|hoover|draw|sinking|pressure|stress|air|wind|draft|draught|flow|ventilation|condition|windy|blowing|stream|current|pipe|noise|exhaust|swoosh|hiss|swish|whoosh|whizz|fizzle|sibilance|sizzle|dynamic|vacuum|suction|01|loopwav|this library sucks|the sound pack tree"
"225702 - Hose Upward Suction 02.wav","This Library Sucks","The Sound Pack Tree","https://sonniss.com/sound-effects/library-sucks/","/The Sound Pack Tree - This Library Sucks/225702 - Hose Upward Suction 02.wav","225702|suction|suck|vacuum|hoover|draw|sinking|pressure|stress|air|wind|draft|draught|flow|blowing|stream|current|pipe|noise|exhaust|swoosh|hiss|swish|whoosh|whizz|fizzle|sibilance|sizzle|in|hose|upward|hose|upward|suction|02wav|this library sucks|the sound pack tree"
"253203 - Drain Suction 03.wav","This Library Sucks","The Sound Pack Tree","https://sonniss.com/sound-effects/library-sucks/","/The Sound Pack Tree - This Library Sucks/253203 - Drain Suction 03.wav","253203|drain|suction|water|wet|bathroom|kitchen|sink|down|pipe|hose|bubble|bubbling|ticking|pressure|release|negative|shower|bathing|tub|outlet|outflow|drainage|splutter|suck|air|valve|drain|suction|03wav|this library sucks|the sound pack tree"
"162400 - Tram Traffic Ambience - Loop.wav","Trains","The Sound Pack Tree","https://sonniss.com/sound-effects/trains-2/","/The Sound Pack Tree - Trains/162400 - Tram Traffic Ambience - Loop.wav","162400|tram|traffic|ambience|train|bulgaria|city|cars|noise|transportation|engines|civilization|trucks|motorcycles|street|background|ambiance|atmosphere|dimension|surroundings|setting|environment|room|tone|people|pedestrians|voices|big|town|tram|traffic|ambience|loopwav|trains|the sound pack tree"
"166000 - Steam Blasts.wav","Trains","The Sound Pack Tree","https://sonniss.com/sound-effects/trains-2/","/The Sound Pack Tree - Trains/166000 - Steam Blasts.wav","166000|pressure|steam|blasts|train|railroad|railway|locomotive|engine|pneumatic|release|water|air|technology|movement|motion|robot|machine|equipment|hydraulic|tool|room|space|light|breath|gas|sphere|life|living|atmosphere|steam|blastswav|trains|the sound pack tree"
"206700 - Railroad Crossing Signal Bell - Loop.wav","Trains","The Sound Pack Tree","https://sonniss.com/sound-effects/trains-2/","/The Sound Pack Tree - Trains/206700 - Railroad Crossing Signal Bell - Loop.wav","206700|railroad|crossing|signal|bell|alarm|ringing|chimes|bells|security|trains|station|pedestrian|level|barrier|railway|gate|grade|unguarded|jingle|jangle|noise|rings|emergency|alert|railroad|crossing|signal|bell|loopwav|trains|the sound pack tree"
"232300 - Fast Freightliner Wagon Clanks.wav","Trains","The Sound Pack Tree","https://sonniss.com/sound-effects/trains-2/","/The Sound Pack Tree - Trains/232300 - Fast Freightliner Wagon Clanks.wav","232300|transportation|trains|railway|passing|passby|wagons|railroad|traffic|track|through|rails|by|rattle|rattling|noise|friction|rumble|clattering|chattering|rattly|carriage|coach|goods|cargo|freight|fast|freightliner|wagon|clanks|fast|freightliner|wagon|clankswav|trains|the sound pack tree"
"KB005.wav","Ball bounces","TheWorkRoom","https://sonniss.com/sound-effects/ball-bounces/","/TheWorkRoom Audio Post - Ball bounces/KB005.wav","kids|ball|int|palm|bounce|kb005wav|ball bounces|theworkroom"
"SB011.wav","Ball bounces","TheWorkRoom","https://sonniss.com/sound-effects/ball-bounces/","/TheWorkRoom Audio Post - Ball bounces/SB011.wav","soccer|ball|ext|bounce|gravel|sb011wav|ball bounces|theworkroom"
"TB003.wav","Ball bounces","TheWorkRoom","https://sonniss.com/sound-effects/ball-bounces/","/TheWorkRoom Audio Post - Ball bounces/TB003.wav","tennis|ball|ext|bounce|asphalt|tb003wav|ball bounces|theworkroom"
"YB012.wav","Ball bounces","TheWorkRoom","https://sonniss.com/sound-effects/ball-bounces/","/TheWorkRoom Audio Post - Ball bounces/YB012.wav","yoga|ball|ext|bounce|light|grass|yb012wav|ball bounces|theworkroom"
"BF002.wav","Beer & Whiskey Commercials","TheWorkRoom","https://sonniss.com/sound-effects/beer-whiskey-commercials/","/TheWorkRoom Audio Post - Beer & Whiskey Commercials/BF002.wav","beer|bottle|open|2|bf002wav|beer & whiskey commercials|theworkroom"
"WF018.wav","Beer & Whiskey Commercials","TheWorkRoom","https://sonniss.com/sound-effects/beer-whiskey-commercials/","/TheWorkRoom Audio Post - Beer & Whiskey Commercials/WF018.wav","whiskey|tumbler|glass|ice|crack|2|wf018wav|beer & whiskey commercials|theworkroom"
"WFSD006.wav","Beer & Whiskey Commercials","TheWorkRoom","https://sonniss.com/sound-effects/beer-whiskey-commercials/","/TheWorkRoom Audio Post - Beer & Whiskey Commercials/WFSD006.wav","designed|ice|cube|drop|and|crack|close|up|wfsd006wav|beer & whiskey commercials|theworkroom"
"EAT 002.wav","Eating","TheWorkRoom","https://sonniss.com/sound-effects/eating/","/TheWorkRoom Audio Post - Eating/EAT 002.wav","soft|fruit|bite|and|chew|mouth|open|eat|002wav|eating|theworkroom"
"EAT 025.wav","Eating","TheWorkRoom","https://sonniss.com/sound-effects/eating/","/TheWorkRoom Audio Post - Eating/EAT 025.wav","soft|biscuit|bite|and|chew|mouth|closed|eat|025wav|eating|theworkroom"
"EAT 043.wav","Eating","TheWorkRoom","https://sonniss.com/sound-effects/eating/","/TheWorkRoom Audio Post - Eating/EAT 043.wav","dry|toast|bite|and|chew|mouth|closed|eat|043wav|eating|theworkroom"
"BPP001.wav","Handwriting","TheWorkRoom","https://sonniss.com/sound-effects/handwriting/","/TheWorkRoom Audio Post - Handwriting/BPP001.wav","blunt|pencil|on|paper|slow|print|bpp001wav|handwriting|theworkroom"
"BPPP006.wav","Handwriting","TheWorkRoom","https://sonniss.com/sound-effects/handwriting/","/TheWorkRoom Audio Post - Handwriting/BPPP006.wav","ball|point|pen|on|paper|ticks|&|crosses|bppp006wav|handwriting|theworkroom"
"HLP004.wav","Handwriting","TheWorkRoom","https://sonniss.com/sound-effects/handwriting/","/TheWorkRoom Audio Post - Handwriting/HLP004.wav","highlighter|on|paper|misc|hlp004wav|handwriting|theworkroom"
"CHC 002.wav","Modern Seating","TheWorkRoom","https://sonniss.com/sound-effects/modern-seating/","/TheWorkRoom Audio Post - Modern Seating/CHC 002.wav","cushioned|high|chair|on|wood|vinyl|pick|ups|&|put|downs|chc|002wav|modern seating|theworkroom"
"HMA 007.wav","Modern Seating","TheWorkRoom","https://sonniss.com/sound-effects/modern-seating/","/TheWorkRoom Audio Post - Modern Seating/HMA 007.wav","hermann|miller|aeron|on|plush|carpet|seated|roll|hma|007wav|modern seating|theworkroom"
"HME 005.wav","Modern Seating","TheWorkRoom","https://sonniss.com/sound-effects/modern-seating/","/TheWorkRoom Audio Post - Modern Seating/HME 005.wav","hermann|miller|embody|on|wood|vinyl|standing|roll|fast|hme|005wav|modern seating|theworkroom"
"MTSO 002.wav","Modern Seating","TheWorkRoom","https://sonniss.com/sound-effects/modern-seating/","/TheWorkRoom Audio Post - Modern Seating/MTSO 002.wav","material|tub|single|seater|ocassional|chair|on|wood|vinyl|pick|ups|&|put|downs|mtso|002wav|modern seating|theworkroom"
"WR 021.wav","Packaging & Wrappers","TheWorkRoom","https://sonniss.com/sound-effects/packaging-wrappers/","/TheWorkRoom Audio Post - Packaging & Wrappers/WR 021.wav","small|cardboard|box|tear|open|wr|021wav|packaging & wrappers|theworkroom"
"WR 028.wav","Packaging & Wrappers","TheWorkRoom","https://sonniss.com/sound-effects/packaging-wrappers/","/TheWorkRoom Audio Post - Packaging & Wrappers/WR 028.wav","plastic|fruit|container|open|with|movement|wr|028wav|packaging & wrappers|theworkroom"
"WR 041.wav","Packaging & Wrappers","TheWorkRoom","https://sonniss.com/sound-effects/packaging-wrappers/","/TheWorkRoom Audio Post - Packaging & Wrappers/WR 041.wav","plastic|cellophane|seal|removal|wr|041wav|packaging & wrappers|theworkroom"
"SA_EXT_AMB 01.wav","South African Ambiences Exterior","TheWorkRoom","https://sonniss.com/sound-effects/south-african-ambiences-exterior/","/TheWorkRoom Audio Post - South African Ambiences Exterior/SA_EXT_AMB 01.wav","ext|somerset|west|afternoon|suburban|wind|through|trees|with|distant|traffic|sa_ext_amb|01wav|south african ambiences exterior|theworkroom"
"SA_EXT_AMB 18.wav","South African Ambiences Exterior","TheWorkRoom","https://sonniss.com/sound-effects/south-african-ambiences-exterior/","/TheWorkRoom Audio Post - South African Ambiences Exterior/SA_EXT_AMB 18.wav","ext|cape|town|v&a|waterfront|shopping|centre|at|entrance|very|busy|hum|of|voices|with|lots|walkby's|and|seagulls|sa_ext_amb|18wav|south african ambiences exterior|theworkroom"
"SA_INT_AMB 01.wav","South African Ambiences Interior","TheWorkRoom","https://sonniss.com/sound-effects/south-african-ambiences-interior/","/TheWorkRoom Audio Post - South African Ambiences Interior/SA_INT_AMB 01.wav","int|access|park|sneaker|store|busy|with|lots|of|people|/|hum|voices|sa_int_amb|01wav|south african ambiences interior|theworkroom"
"SA_INT_AMB 08.wav","South African Ambiences Interior","TheWorkRoom","https://sonniss.com/sound-effects/south-african-ambiences-interior/","/TheWorkRoom Audio Post - South African Ambiences Interior/SA_INT_AMB 08.wav","int|kenilworth|boxing|gym|light|hum|of|voices|people|sparring|with|bag|squeak|and|sa_int_amb|08wav|south african ambiences interior|theworkroom"
"SA_INT_AMB 13.wav","South African Ambiences Interior","TheWorkRoom","https://sonniss.com/sound-effects/south-african-ambiences-interior/","/TheWorkRoom Audio Post - South African Ambiences Interior/SA_INT_AMB 13.wav","int|construction|site|light|hum|of|voices|and|movement|with|drilling|sanding|scraping|sa_int_amb|13wav|south african ambiences interior|theworkroom"
"Port, Ambience, Distant, Container Terminal, Trucks, Cranes, Alarms, Metallic Booms, 1000 ft.wav","Inland Port","Tone Glow Libraries","https://sonniss.com/sound-effects/inland-port/","/Tone Glow Libraries - Inland Port/Port, Ambience, Distant, Container Terminal, Trucks, Cranes, Alarms, Metallic Booms, 1000 ft.wav","distant|container|terminal|ambience|with|cranes|trucks|and|containers|charging|1000|ft|port|ambience|container|terminal|trucks|cranes|alarms|metallic|booms|ftwav|inland port|tone glow libraries"
"Port, Container Terminal, Container Crane, Lift Spreader, Frame Movement, Alarm, Drop Container.wav","Inland Port","Tone Glow Libraries","https://sonniss.com/sound-effects/inland-port/","/Tone Glow Libraries - Inland Port/Port, Container Terminal, Container Crane, Lift Spreader, Frame Movement, Alarm, Drop Container.wav","spreader|is|lifted|movement|of|the|container|crane|with|sawtooth|alarm|port|container|terminal|crane|lift|frame|movement|alarm|drop|containerwav|inland port|tone glow libraries"
"Port, Railroad Yard, Cargo Train, Tank Car, Passing, Idle, Shunting, Squeal, Slow, Close.wav","Inland Port","Tone Glow Libraries","https://sonniss.com/sound-effects/inland-port/","/Tone Glow Libraries - Inland Port/Port, Railroad Yard, Cargo Train, Tank Car, Passing, Idle, Shunting, Squeal, Slow, Close.wav","tank|car|shunting|slow|roll|by|of|rolling|stock|grinding|rumbling|and|clacking|port|railroad|yard|cargo|train|car|passing|idle|shunting|squeal|closewav|inland port|tone glow libraries"
"Steam Train Arrival, Rail Clatter, Brakes Squeal, Idle, Mic on Locomotive.wav","Steam Trains","Tone Glow Libraries","https://sonniss.com/sound-effects/steam-trains/","/Tone Glow Libraries - Steam Trains/Steam Train Arrival, Rail Clatter, Brakes Squeal, Idle, Mic on Locomotive.wav","2102|santa|fe|steam|train|incoming|and|stopping|at|platform|rail|clatter|brakes|with|squeaking|idle|chuffing|doors|some|voices|light|rain|mic|on|locomotive|train|arrival|clatter|brakes|squeal|idle|locomotivewav|steam trains|tone glow libraries"
"Steam Train Arrival, Whistle, Pass by, Brakes, Squeal, Doors, Some Voices.wav","Steam Trains","Tone Glow Libraries","https://sonniss.com/sound-effects/steam-trains/","/Tone Glow Libraries - Steam Trains/Steam Train Arrival, Whistle, Pass by, Brakes, Squeal, Doors, Some Voices.wav","2102|santa|fe|train|incoming|and|stopping|at|platform|distant|whistle|steam|hiss|brakes|with|squeaking|door|opening|voices|arrival|whistle|pass|by|brakes|squeal|doors|some|voiceswav|steam trains|tone glow libraries"
"Steam Train Pass by, Chuffing, Rail Clatter, Birds, Voices, Slow, Medium Distant.wav","Steam Trains","Tone Glow Libraries","https://sonniss.com/sound-effects/steam-trains/","/Tone Glow Libraries - Steam Trains/Steam Train Pass by, Chuffing, Rail Clatter, Birds, Voices, Slow, Medium Distant.wav","040|4|wheel|switcher|slow|steam|train|pass|by|through|crossing|chuffing|rail|clatter|clacking|and|creaking|wagons|some|birds|occasionally|voices|steam|train|pass|rail|clatter|birds|voices|medium|distantwav|steam trains|tone glow libraries"
"Steam Train Pass by, Rolling, Whistle, Bell, Grinding, Howling, Railroad Crossing, Slow, Close.wav","Steam Trains","Tone Glow Libraries","https://sonniss.com/sound-effects/steam-trains/","/Tone Glow Libraries - Steam Trains/Steam Train Pass by, Rolling, Whistle, Bell, Grinding, Howling, Railroad Crossing, Slow, Close.wav","0440|bavarian|steam|train|approaches|with|distant|whistle|slow|pass|by|through|crossing|and|bell|grinding|howling|tracks|light|traffic|in|the|end|train|pass|rolling|whistle|bell|howling|railroad|crossing|closewav|steam trains|tone glow libraries"
"BR_Dark Atmo 04.wav","Dark Atmo And Digital Glitch Vol.2","Total Khéops","https://sonniss.com/sound-effects/dark-atmo-digital-glitch-vol-2/","/Total Khéops - Dark Atmo And Digital Glitch Vol.2/BR_Dark Atmo 04.wav","scifi|atmo|texture|br_dark|04wav|dark atmo and digital glitch vol.2|total khéops"
"BR_Dark Atmo 17.wav","Dark Atmo And Digital Glitch Vol.2","Total Khéops","https://sonniss.com/sound-effects/dark-atmo-digital-glitch-vol-2/","/Total Khéops - Dark Atmo And Digital Glitch Vol.2/BR_Dark Atmo 17.wav","scifi|atmo|texture|br_dark|17wav|dark atmo and digital glitch vol.2|total khéops"
"BR_Glitch 047.wav","Dark Atmo And Digital Glitch Vol.2","Total Khéops","https://sonniss.com/sound-effects/dark-atmo-digital-glitch-vol-2/","/Total Khéops - Dark Atmo And Digital Glitch Vol.2/BR_Glitch 047.wav","glitch|exp|harsh|techno|br_glitch|047wav|dark atmo and digital glitch vol.2|total khéops"
"BR_Glitch 076.wav","Dark Atmo And Digital Glitch Vol.2","Total Khéops","https://sonniss.com/sound-effects/dark-atmo-digital-glitch-vol-2/","/Total Khéops - Dark Atmo And Digital Glitch Vol.2/BR_Glitch 076.wav","glitch|exp|harsh|techno|br_glitch|076wav|dark atmo and digital glitch vol.2|total khéops"
"A4-PAPER-BALL_Drop_1.wav","The White Stuff","Touchdown Audio","https://sonniss.com/sound-effects/white-stuff/","/Touchdown Audio -The White Stuff/A4-PAPER-BALL_Drop_1.wav","touchdown|audio|foley|paper|book|page|card|crumple|scrunch|drop|ball|a4paperball_drop_1wav|the white stuff|touchdown audio"
"CATALOGUE_Page_Turn_9.wav","The White Stuff","Touchdown Audio","https://sonniss.com/sound-effects/white-stuff/","/Touchdown Audio -The White Stuff/CATALOGUE_Page_Turn_9.wav","touchdown|audio|foley|paper|book|page|card|turn|fold|read|catalog|flip|catalogue_page_turn_9wav|the white stuff|touchdown audio"
"NOTEPAD_Page_Turn_4.wav","The White Stuff","Touchdown Audio","https://sonniss.com/sound-effects/white-stuff/","/Touchdown Audio -The White Stuff/NOTEPAD_Page_Turn_4.wav","touchdown|audio|foley|paper|book|page|card|turn|fold|read|flip|ringbound|notepad_page_turn_4wav|the white stuff|touchdown audio"
"PHOTO-ALBUM_Close_4.wav","The White Stuff","Touchdown Audio","https://sonniss.com/sound-effects/white-stuff/","/Touchdown Audio -The White Stuff/PHOTO-ALBUM_Close_4.wav","touchdown|audio|foley|paper|book|page|card|shut|slam|crackle|turn|hit|rustle|photoalbum_close_4wav|the white stuff|touchdown audio"
"Aspirin, Pill, Bottle, Open, Collect Pills, Close.wav","The Bathroom Audio Playset","UberDuo","https://sonniss.com/sound-effects/bathroom-audio-playset/","/UberDuo - The Bathroom Audio Playset/Aspirin, Pill, Bottle, Open, Collect Pills, Close.wav","aspirin|pill|bottle|open|collect|pills|close|closewav|the bathroom audio playset|uberduo"
"Razor, Electric, Norelco, Trimmer, On, Trim Beard, Off.wav","The Bathroom Audio Playset","UberDuo","https://sonniss.com/sound-effects/bathroom-audio-playset/","/UberDuo - The Bathroom Audio Playset/Razor, Electric, Norelco, Trimmer, On, Trim Beard, Off.wav","razor|electric|norelco|trimmer|on|trim|beard|off|offwav|the bathroom audio playset|uberduo"
"Teeth, Brush, Male.wav","The Bathroom Audio Playset","UberDuo","https://sonniss.com/sound-effects/bathroom-audio-playset/","/UberDuo - The Bathroom Audio Playset/Teeth, Brush, Male.wav","teeth|brush|male|malewav|the bathroom audio playset|uberduo"
"Toilet, Plunge.wav","The Bathroom Audio Playset","UberDuo","https://sonniss.com/sound-effects/bathroom-audio-playset/","/UberDuo - The Bathroom Audio Playset/Toilet, Plunge.wav","toilet|plunge|plungewav|the bathroom audio playset|uberduo"
"CA_06_Construction Site_Street_Hydraulic Jackhammer_Middle Distance_2.wav","Construction Ambiences","West Wolf","https://sonniss.com/sound-effects/construction-ambiences-2/","/West Wolf - Construction Ambiences/CA_06_Construction Site_Street_Hydraulic Jackhammer_Middle Distance_2.wav","city|street|construction|site||||working|machines|hydraulic|jackhammer|buildings|reflections|middle|distance|ca_06_construction|site_street_hydraulic|jackhammer_middle|distance_2wav|construction ambiences|west wolf"
"CA_35_Construction Site_Street_Fadromas Loading Truck_3.wav","Construction Ambiences","West Wolf","https://sonniss.com/sound-effects/construction-ambiences-2/","/West Wolf - Construction Ambiences/CA_35_Construction Site_Street_Fadromas Loading Truck_3.wav","city|street|construction|site||||working|machines|fadromas|loading|truck|close|distance|ca_35_construction|site_street_fadromas|loading|truck_3wav|construction ambiences|west wolf"
"PS_04_City_Square__Morning_Empty_Quiet_Hum_Mid Size_Bulgaria.wav","Pedestrian Streets","West Wolf","https://sonniss.com/sound-effects/pedestrian-streets/","/West Wolf - Pedestrian Streets/PS_04_City_Square__Morning_Empty_Quiet_Hum_Mid Size_Bulgaria.wav","night|cityscape|empty|plaza|buzz|from|ac|city|hum|ps_04_city_square__morning_empty_quiet_hum_mid|size_bulgariawav|pedestrian streets|west wolf"
"PS_43_City_Pedestrian Street_Afternoon_Busy_People_Hum_Big_Bulgaria.wav","Pedestrian Streets","West Wolf","https://sonniss.com/sound-effects/pedestrian-streets/","/West Wolf - Pedestrian Streets/PS_43_City_Pedestrian Street_Afternoon_Busy_People_Hum_Big_Bulgaria.wav","afternoon|pedestrian|street||||busy|activity|||steps|voices|buzz|from|ac|city|hum|big|ps_43_city_pedestrian|street_afternoon_busy_people_hum_big_bulgariawav|pedestrian streets|west wolf"
"PS_49_City_Pedestrian Street_Evening_Mid-Busy_People_Voices_Hum_Big_Bulgaria.wav","Pedestrian Streets","West Wolf","https://sonniss.com/sound-effects/pedestrian-streets/","/West Wolf - Pedestrian Streets/PS_49_City_Pedestrian Street_Evening_Mid-Busy_People_Voices_Hum_Big_Bulgaria.wav","evening|pedestrian|street||||busy|activity|||steps|voices|buzz|from|ac|city|hum|big|ps_49_city_pedestrian|street_evening_midbusy_people_voices_hum_big_bulgariawav|pedestrian streets|west wolf"
"PP_06_Protesting People_Bulgaria_7000-10000 People_Chanting Mafia.wav","Protesting People","West Wolf","https://sonniss.com/sound-effects/protesting-people/","/West Wolf - Protesting People/PP_06_Protesting People_Bulgaria_7000-10000 People_Chanting Mafia.wav","large|crowd|of|protesting|people||||making|noise|whistling|and|chanting|700010000|sofia|bulgaria|mafia|pp_06_protesting|people_bulgaria_700010000|people_chanting|mafiawav|protesting people|west wolf"
"PP_26_Protesting People_Bulgaria_7000-10000 People_Ambience_Behind_Making Noise.wav","Protesting People","West Wolf","https://sonniss.com/sound-effects/protesting-people/","/West Wolf - Protesting People/PP_26_Protesting People_Bulgaria_7000-10000 People_Ambience_Behind_Making Noise.wav","large|crowd|of|protesting|people||||making|noise|whistling|and|chanting|700010000|sofia|bulgaria|behind|the|procession|pp_26_protesting|people_bulgaria_700010000|people_ambience_behind_making|noisewav|protesting people|west wolf"
"SNW_06_Nature_Forest_Birds_Wind_Early Morning_Spring_Distant Sea_Mediterranean_Grece.wav","Seaside Nature And Waves","West Wolf","https://sonniss.com/sound-effects/seaside-nature-waves/","/West Wolf - Seaside Nature And Waves/SNW_06_Nature_Forest_Birds_Wind_Early Morning_Spring_Distant Sea_Mediterranean_Grece.wav","wild|seaside|nature|ambience||||birds|singing|early|morning|in|the|spring|mediterranean|coast|grece|distant|sea|snw_06_nature_forest_birds_wind_early|morning_spring_distant|sea_mediterranean_grecewav|seaside nature and waves|west wolf"
"SNW_14_Nature_Forest_Birds_Insects_Morning_Spring_Early Summer_South Black Sea_Bulgaria.wav","Seaside Nature And Waves","West Wolf","https://sonniss.com/sound-effects/seaside-nature-waves/","/West Wolf - Seaside Nature And Waves/SNW_14_Nature_Forest_Birds_Insects_Morning_Spring_Early Summer_South Black Sea_Bulgaria.wav","wild|nature|morning|ambience||||birds|singing|near|to|the|sea|coast|rode|nt4|snw_14_nature_forest_birds_insects_morning_spring_early|summer_south|black|sea_bulgariawav|seaside nature and waves|west wolf"
"SNW_45_Sea Waves_Middle Distance_Beach_Rough_Winter_North Black Sea_Bulgaria.wav","Seaside Nature And Waves","West Wolf","https://sonniss.com/sound-effects/seaside-nature-waves/","/West Wolf - Seaside Nature And Waves/SNW_45_Sea Waves_Middle Distance_Beach_Rough_Winter_North Black Sea_Bulgaria.wav","wild|beach|sea|waves||||early|morning|in|the|winter|rough|middle|distance|black|bulgaria|snw_45_sea|waves_middle|distance_beach_rough_winter_north|black|sea_bulgariawav|seaside nature and waves|west wolf"
"SES_01_Winter_Slush_City Streets_Close Distance_Mid Size Crossroad.wav","Slush And Wet Streets","West Wolf","https://sonniss.com/sound-effects/slush-wet-streets/","/West Wolf - Slush And Wet Streets/SES_01_Winter_Slush_City Streets_Close Distance_Mid Size Crossroad.wav","winter|city||||slush|snd|wet|streets|middle|size|crossroad|slow|pass|by|cars|and|few|people|sofia|bulgaria|ses_01_winter_slush_city|streets_close|distance_mid|size|crossroadwav|slush and wet streets|west wolf"
"SES_34_Winter_Snow_Peddestrian Street_People_Walking And Talking.wav","Slush And Wet Streets","West Wolf","https://sonniss.com/sound-effects/slush-wet-streets/","/West Wolf - Slush And Wet Streets/SES_34_Winter_Snow_Peddestrian Street_People_Walking And Talking.wav","winter|city||||mid|size|pedestrian|street|people|walking|and|talking|snow|ice|sofia|bulgaria|ses_34_winter_snow_peddestrian|street_people_walking|and|talkingwav|slush and wet streets|west wolf"
"City Autos By Close From Center Median, Heavy Traffic  _5.1 (LCRLsRsLf).wav","Ambisonic City","2496SoundEffects","https://sonniss.com/sound-effects/ambisonic-city/","/2496SoundEffects - Ambisonic City/City Autos By Close From Center Median, Heavy Traffic  _5.1 (LCRLsRsLf).wav","city|autos|by|close|from|center|median|heavy|traffic|_51|(lcrlsrslf)wav|ambisonic city|2496soundeffects"
"City Birds In Park, Voices, Distant Traffic  _B (wxyz) .wav","Ambisonic City","2496SoundEffects","https://sonniss.com/sound-effects/ambisonic-city/","/2496SoundEffects - Ambisonic City/City Birds In Park, Voices, Distant Traffic  _B (wxyz) .wav","city|birds|in|park|voices|distant|traffic|_b|(wxyz)|wav|ambisonic city|2496soundeffects"
"City Wind, Leaves, Distant Traffic  _Stereo (LR) .wav","Ambisonic City","2496SoundEffects","https://sonniss.com/sound-effects/ambisonic-city/","/2496SoundEffects - Ambisonic City/City Wind, Leaves, Distant Traffic  _Stereo (LR) .wav","city|wind|leaves|distant|traffic|_stereo|(lr)|wav|ambisonic city|2496soundeffects"
"Crowd Exterior Large Size, City Voices, Footsteps, Distant Traffic Stereo .wav","Ambisonic Crowds","2496SoundEffects","https://sonniss.com/sound-effects/ambisonic-crowds/","/2496SoundEffects - Ambisonic Crowds/Crowd Exterior Large Size, City Voices, Footsteps, Distant Traffic Stereo .wav","crowd|exterior|large|size|city|voices|footsteps|distant|traffic|stereo|wav|ambisonic crowds|2496soundeffects"
"Crowd Exterior Large Size, Restaurant, Voices, Footsteps, Distant Intercom  5.1 (LCRLsRsLf).wav","Ambisonic Crowds","2496SoundEffects","https://sonniss.com/sound-effects/ambisonic-crowds/","/2496SoundEffects - Ambisonic Crowds/Crowd Exterior Large Size, Restaurant, Voices, Footsteps, Distant Intercom  5.1 (LCRLsRsLf).wav","crowd|exterior|large|size|restaurant|voices|footsteps|distant|intercom|51|(lcrlsrslf)wav|ambisonic crowds|2496soundeffects"
"Crowd Interior Small Size, Arcade, Air Hockey, Video Games, Voices 2 B (Wxyz).wav","Ambisonic Crowds","2496SoundEffects","https://sonniss.com/sound-effects/ambisonic-crowds/","/2496SoundEffects - Ambisonic Crowds/Crowd Interior Small Size, Arcade, Air Hockey, Video Games, Voices 2 B (Wxyz).wav","crowd|interior|small|size|arcade|air|hockey|video|games|voices|2|b|(wxyz)wav|ambisonic crowds|2496soundeffects"
"Cheer Clapping Small Group In Theater Applause sound effect.wav","Bits, Scraps and Pieces Super Pack","2496SoundEffects","https://sonniss.com/sound-effects/bits-scraps-pieces-super-pack/","/2496SoundEffects - Bits, Scraps and Pieces Super Pack/Cheer Clapping Small Group In Theater Applause sound effect.wav","cheer|clapping|small|group|in|theater|applause|sound|effectwav|bits, scraps and pieces super pack|2496soundeffects"
"Sea Lion Bark Group .wav","Bits, Scraps and Pieces Super Pack","2496SoundEffects","https://sonniss.com/sound-effects/bits-scraps-pieces-super-pack/","/2496SoundEffects - Bits, Scraps and Pieces Super Pack/Sea Lion Bark Group .wav","sea|lion|bark|group|wav|bits, scraps and pieces super pack|2496soundeffects"
"Wine bottle open pour 2 sound effect.wav","Bits, Scraps and Pieces Super Pack","2496SoundEffects","https://sonniss.com/sound-effects/bits-scraps-pieces-super-pack/","/2496SoundEffects - Bits, Scraps and Pieces Super Pack/Wine bottle open pour 2 sound effect.wav","wine|bottle|open|pour|2|sound|effectwav|bits, scraps and pieces super pack|2496soundeffects"
"Ocean Waves Surf Close 2.wav","Coastal Ambience and Beaches","2496SoundEffects","https://sonniss.com/sound-effects/coastal-ambience-beaches/","/2496SoundEffects - Coastal Ambience and Beaches/Ocean Waves Surf Close 2.wav","ocean|waves|surf|close|2wav|coastal ambience and beaches|2496soundeffects"
"Ocean Waves Surf On Rocks Close.wav","Coastal Ambience and Beaches","2496SoundEffects","https://sonniss.com/sound-effects/coastal-ambience-beaches/","/2496SoundEffects - Coastal Ambience and Beaches/Ocean Waves Surf On Rocks Close.wav","ocean|waves|surf|on|rocks|closewav|coastal ambience and beaches|2496soundeffects"
"Roller Coaster Voices Cheers.wav","Coastal Ambience and Beaches","2496SoundEffects","https://sonniss.com/sound-effects/coastal-ambience-beaches/","/2496SoundEffects - Coastal Ambience and Beaches/Roller Coaster Voices Cheers.wav","roller|coaster|voices|cheerswav|coastal ambience and beaches|2496soundeffects"
"App Button Beep Friendly.wav","Developer Toolkit Pack 1","2496SoundEffects","https://sonniss.com/sound-effects/developer-toolkit-pack-1/","/2496SoundEffects - Developer Toolkit Pack 1/App Button Beep Friendly.wav","app|button|beep|friendlywav|developer toolkit pack 1|2496soundeffects"
"App Button Clicks Shing Sound Effect.wav","Developer Toolkit Pack 1","2496SoundEffects","https://sonniss.com/sound-effects/developer-toolkit-pack-1/","/2496SoundEffects - Developer Toolkit Pack 1/App Button Clicks Shing Sound Effect.wav","app|button|clicks|shing|sound|effectwav|developer toolkit pack 1|2496soundeffects"
"App Button Radio Bloops.wav","Developer Toolkit Pack 1","2496SoundEffects","https://sonniss.com/sound-effects/developer-toolkit-pack-1/","/2496SoundEffects - Developer Toolkit Pack 1/App Button Radio Bloops.wav","app|button|radio|bloopswav|developer toolkit pack 1|2496soundeffects"
"Camera Shutter Click Design Double Trouble 5.1 (LCRLsRsLf).wav","Hollywood Cameras","2496SoundEffects","https://sonniss.com/sound-effects/hollywood-cameras/","/2496SoundEffects - Hollywood Cameras/Camera Shutter Click Design Double Trouble 5.1 (LCRLsRsLf).wav","camera|shutter|click|design|double|trouble|51|(lcrlsrslf)|(lcrlsrslf)wav|hollywood cameras|2496soundeffects"
"Camera Shutter Click Design Rise And Quick Stereo.wav","Hollywood Cameras","2496SoundEffects","https://sonniss.com/sound-effects/hollywood-cameras/","/2496SoundEffects - Hollywood Cameras/Camera Shutter Click Design Rise And Quick Stereo.wav","camera|shutter|click|design|rise|and|quick_stereo|quick|stereowav|hollywood cameras|2496soundeffects"
"Camera Shutter Click Design Simple Beep And Shutter Click 5.1 (LCRLsRsLf).wav","Hollywood Cameras","2496SoundEffects","https://sonniss.com/sound-effects/hollywood-cameras/","/2496SoundEffects - Hollywood Cameras/Camera Shutter Click Design Simple Beep And Shutter Click 5.1 (LCRLsRsLf).wav","camera|shutter|click|design|simple|beep|and|51|(lcrlsrslf)|(lcrlsrslf)wav|hollywood cameras|2496soundeffects"
"Baby Infant Laughing Giggling.wav","Oh Baby! Pack 2 Baby Sounds","2496SoundEffects","https://sonniss.com/sound-effects/baby-pack-2-baby-sounds/","/2496SoundEffects - Oh Baby! Pack 2 Baby Sounds/Baby Infant Laughing Giggling.wav","baby|infant|laughing|gigglingwav|oh baby! pack 2 baby sounds|2496soundeffects"
"Baby Infant Vocalization Talking Cooing Relaxed Dada.wav","Oh Baby! Pack 2 Baby Sounds","2496SoundEffects","https://sonniss.com/sound-effects/baby-pack-2-baby-sounds/","/2496SoundEffects - Oh Baby! Pack 2 Baby Sounds/Baby Infant Vocalization Talking Cooing Relaxed Dada.wav","baby|infant|vocalization|talking|cooing|relaxed|dadawav|oh baby! pack 2 baby sounds|2496soundeffects"
"Baby Infant Whining Crying 2.wav","Oh Baby! Pack 2 Baby Sounds","2496SoundEffects","https://sonniss.com/sound-effects/baby-pack-2-baby-sounds/","/2496SoundEffects - Oh Baby! Pack 2 Baby Sounds/Baby Infant Whining Crying 2.wav","baby|infant|whining|crying|2wav|oh baby! pack 2 baby sounds|2496soundeffects"
"Baby Toddler Coughing 2.wav","Oh Baby! Pack 3 Production Sound Effects","2496SoundEffects","https://sonniss.com/sound-effects/baby-pack-3-production-sound-effects/","/2496SoundEffects - Oh Baby! Pack 3 Production Sound Effects/Baby Toddler Coughing 2.wav","baby|toddler|coughing|2wav|oh baby! pack 3 production sound effects|2496soundeffects"
"Baby Toddler Vocalizations Crying Sleepy Coughing Night Terror Very Upset.wav","Oh Baby! Pack 3 Production Sound Effects","2496SoundEffects","https://sonniss.com/sound-effects/baby-pack-3-production-sound-effects/","/2496SoundEffects - Oh Baby! Pack 3 Production Sound Effects/Baby Toddler Vocalizations Crying Sleepy Coughing Night Terror Very Upset.wav","baby|toddler|vocalizations|crying|sleepy|coughing|night|terror|very|upsetwav|oh baby! pack 3 production sound effects|2496soundeffects"
"Baby Toddler Vocalizations Talking Oh No.wav","Oh Baby! Pack 3 Production Sound Effects","2496SoundEffects","https://sonniss.com/sound-effects/baby-pack-3-production-sound-effects/","/2496SoundEffects - Oh Baby! Pack 3 Production Sound Effects/Baby Toddler Vocalizations Talking Oh No.wav","baby|toddler|vocalizations|talking|oh|nowav|oh baby! pack 3 production sound effects|2496soundeffects"
"Rain On Concrete In Alley Splattering Dripping .wav","Rain in the City","2496SoundEffects","https://sonniss.com/sound-effects/rain-city/","/2496SoundEffects - Rain in the City/Rain On Concrete In Alley Splattering Dripping .wav","rain|on|concrete|in|alley|splattering|dripping|wav|rain in the city|2496soundeffects"
"Rain On Concrete Water Dripping In Alley.wav","Rain in the City","2496SoundEffects","https://sonniss.com/sound-effects/rain-city/","/2496SoundEffects - Rain in the City/Rain On Concrete Water Dripping In Alley.wav","rain|on|concrete|water|dripping|in|alley|alleywav|rain in the city|2496soundeffects"
"Water Dripping On Plastic Distant Traffic.wav","Rain in the City","2496SoundEffects","https://sonniss.com/sound-effects/rain-city/","/2496SoundEffects - Rain in the City/Water Dripping On Plastic Distant Traffic.wav","water|dripping|on|plastic|distant|traffic|trafficwav|rain in the city|2496soundeffects"
"Automotive Noise Collection 1.wav","Raw Noise Sound Effects 1","2496SoundEffects","https://sonniss.com/sound-effects/raw-noise-sound-effects-1/","/2496SoundEffects - Raw Noise Sound Effects 1/Automotive Noise Collection 1.wav","automotive|noise|collection|1wav|raw noise sound effects 1|2496soundeffects"
"Microphone Movement Noise Collection.wav","Raw Noise Sound Effects 1","2496SoundEffects","https://sonniss.com/sound-effects/raw-noise-sound-effects-1/","/2496SoundEffects - Raw Noise Sound Effects 1/Microphone Movement Noise Collection.wav","microphone|movement|noise|collection|collectionwav|raw noise sound effects 1|2496soundeffects"
"Radio Tuning Static Noise Collection 2.Wav","Raw Noise Sound Effects 1","2496SoundEffects","https://sonniss.com/sound-effects/raw-noise-sound-effects-1/","/2496SoundEffects - Raw Noise Sound Effects 1/Radio Tuning Static Noise Collection 2.Wav","radio|tuning|static|noise|collection|2|2wav|raw noise sound effects 1|2496soundeffects"
"Room Tone Light Household 2.wav","Room Tones and Quiet Places Pack 1","2496SoundEffects","https://sonniss.com/sound-effects/room-tones-quiet-places-pack-1/","/2496SoundEffects - Room Tones and Quiet Places Pack 1/Room Tone Light Household 2.wav","room|tone|light|household|2wav|room tones and quiet places pack 1|2496soundeffects"
"Room Tone Medium Computer Room Fans.wav","Room Tones and Quiet Places Pack 1","2496SoundEffects","https://sonniss.com/sound-effects/room-tones-quiet-places-pack-1/","/2496SoundEffects - Room Tones and Quiet Places Pack 1/Room Tone Medium Computer Room Fans.wav","room|tone|medium|computer|fanswav|room tones and quiet places pack 1|2496soundeffects"
"Train Station Hallway Escalator, Elevator Bell, Footsteps.wav","Room Tones and Quiet Places Pack 1","2496SoundEffects","https://sonniss.com/sound-effects/room-tones-quiet-places-pack-1/","/2496SoundEffects - Room Tones and Quiet Places Pack 1/Train Station Hallway Escalator, Elevator Bell, Footsteps.wav","train|station|hallway|escalator|elevator|bell|footstepswav|room tones and quiet places pack 1|2496soundeffects"
"Drone dark long bubble.wav","Sound Design FX Super Pack 1","2496SoundEffects","https://sonniss.com/sound-effects/sound-design-fx-super-pack-1/","/2496SoundEffects - Sound Design FX Super Pack 1/Drone dark long bubble.wav","drone|dark|long|bubblewav|sound design fx super pack 1|2496soundeffects"
"Drone shimmer 3.wav","Sound Design FX Super Pack 1","2496SoundEffects","https://sonniss.com/sound-effects/sound-design-fx-super-pack-1/","/2496SoundEffects - Sound Design FX Super Pack 1/Drone shimmer 3.wav","drone|shimmer|3wav|sound design fx super pack 1|2496soundeffects"
"echo hit pan  subsonic pro sound effect.wav","Sound Design FX Super Pack 1","2496SoundEffects","https://sonniss.com/sound-effects/sound-design-fx-super-pack-1/","/2496SoundEffects - Sound Design FX Super Pack 1/echo hit pan  subsonic pro sound effect.wav","echo|hit|pan|subsonic|pro|sound|effectwav|sound design fx super pack 1|2496soundeffects"
"Hawk's Arrow Flies Bow and Arrow shoot 2.wav","Super Heroes Sound Design","2496SoundEffects","https://sonniss.com/sound-effects/super-heroes-sound-design/","/2496SoundEffects - Super Heroes Sound Design/Hawk's Arrow Flies Bow and Arrow shoot 2.wav","hawk's|arrow|flies|bow|and|shoot|2wav|super heroes sound design|2496soundeffects"
"The Captain's Shield Metal Hit 5.wav","Super Heroes Sound Design","2496SoundEffects","https://sonniss.com/sound-effects/super-heroes-sound-design/","/2496SoundEffects - Super Heroes Sound Design/The Captain's Shield Metal Hit 5.wav","the|captain's|shield|metal|hit|5wav|super heroes sound design|2496soundeffects"
"The Web Slinger Shoots 4.wav","Super Heroes Sound Design","2496SoundEffects","https://sonniss.com/sound-effects/super-heroes-sound-design/","/2496SoundEffects - Super Heroes Sound Design/The Web Slinger Shoots 4.wav","the|web|slinger|shoots|4wav|super heroes sound design|2496soundeffects"
"Room Tone Bathroom Fan 3_5.1 LCRLsRsLFE.wav","Surround a Room 5.1- Stereo Room Tones","2496SoundEffects","https://sonniss.com/sound-effects/surround-room-5-1-stereo-room-tones/","/2496SoundEffects - Surround a Room 5.1- Stereo Room Tones/Room Tone Bathroom Fan 3_5.1 LCRLsRsLFE.wav","room|tone|bathroom|fan|3_51|lcrlsrslfe|lcrlsrslfewav|surround a room 5.1- stereo room tones|2496soundeffects"
"Room Tone Small Sized Room 2_5.1 LCRLsRsLFE.wav","Surround a Room 5.1- Stereo Room Tones","2496SoundEffects","https://sonniss.com/sound-effects/surround-room-5-1-stereo-room-tones/","/2496SoundEffects - Surround a Room 5.1- Stereo Room Tones/Room Tone Small Sized Room 2_5.1 LCRLsRsLFE.wav","room|tone|small|sized|2_51|lcrlsrslfe|lcrlsrslfewav|surround a room 5.1- stereo room tones|2496soundeffects"
"Room Tone Wall Heater Furnace, Pinging, Hiss _Stereo.wav","Surround a Room 5.1- Stereo Room Tones","2496SoundEffects","https://sonniss.com/sound-effects/surround-room-5-1-stereo-room-tones/","/2496SoundEffects - Surround a Room 5.1- Stereo Room Tones/Room Tone Wall Heater Furnace, Pinging, Hiss _Stereo.wav","room|tone|wall|heater|furnace|pinging|hiss|_stereo|_stereowav|surround a room 5.1- stereo room tones|2496soundeffects"
"Crowd Cheering Exterior, Big Surge, Rose Bowl Stadium, Applause _5.1 LCRLsRsLf.wav","Surround At The Show 1 5.1 - 2","2496SoundEffects","https://sonniss.com/sound-effects/surround-show-1-5-12/","/2496SoundEffects - Surround At The Show 1 5.1 - 2/Crowd Cheering Exterior, Big Surge, Rose Bowl Stadium, Applause _5.1 LCRLsRsLf.wav","crowd|cheering|exterior|big|surge|rose|bowl|stadium|applause|_51|lcrlsrslf|lcrlsrslfwav|surround at the show 1 5.1 - 2|2496soundeffects"
"Crowd Cheering Exterior, Close Cheers, Encore Call, Rose Bowl Stadium, Applause _5.1 LCRLsRsLf.wav","Surround At The Show 1 5.1 - 2","2496SoundEffects","https://sonniss.com/sound-effects/surround-show-1-5-12/","/2496SoundEffects - Surround At The Show 1 5.1 - 2/Crowd Cheering Exterior, Close Cheers, Encore Call, Rose Bowl Stadium, Applause _5.1 LCRLsRsLf.wav","crowd|cheering|exterior|close|cheers|encore|call|rose|bowl|stadium|applause|_51|lcrlsrslf|lcrlsrslfwav|surround at the show 1 5.1 - 2|2496soundeffects"
"Crowd Cheering Interior Short Swell 2, The Forum Stadium, Applause _STEREO.wav","Surround At The Show 1 5.1 - 2","2496SoundEffects","https://sonniss.com/sound-effects/surround-show-1-5-12/","/2496SoundEffects - Surround At The Show 1 5.1 - 2/Crowd Cheering Interior Short Swell 2, The Forum Stadium, Applause _STEREO.wav","crowd|cheering|interior|short|swell|2|the|forum|stadium|applause|_stereo|_stereowav|surround at the show 1 5.1 - 2|2496soundeffects"
"Crowd Cheering Exterior, Political Rally Large, Medium Surge 1 _5.1 LCRLsRsLf.wav","Surround at the Show 2 5.1 - Stereo","2496SoundEffects","https://sonniss.com/sound-effects/surround-show-2-5-1-stereo/","/2496SoundEffects - Surround at the Show 2 5.1 - Stereo/Crowd Cheering Exterior, Political Rally Large, Medium Surge 1 _5.1 LCRLsRsLf.wav","crowd|cheering|exterior|political|rally|large|medium|surge|1|_51|lcrlsrslf|surge|lcrlsrslfwav|surround at the show 2 5.1 - stereo|2496soundeffects"
"Crowd Cheering Interior, Female Crowd, Short Swell 24, Staples Arena Los Angeles  _5.1 LCRLsRsLf.wav","Surround at the Show 2 5.1 - Stereo","2496SoundEffects","https://sonniss.com/sound-effects/surround-show-2-5-1-stereo/","/2496SoundEffects - Surround at the Show 2 5.1 - Stereo/Crowd Cheering Interior, Female Crowd, Short Swell 24, Staples Arena Los Angeles  _5.1 LCRLsRsLf.wav","crowd|cheering|interior|female|crowd|short|swell|24|staples|arena|los|angeles|_51|lcrlsrslf|short|swell|lcrlsrslfwav|surround at the show 2 5.1 - stereo|2496soundeffects"
"Crowd Laughter Interior, Traveling Circus Tent, Small STEREO.wav","Surround at the Show 2 5.1 - Stereo","2496SoundEffects","https://sonniss.com/sound-effects/surround-show-2-5-1-stereo/","/2496SoundEffects - Surround at the Show 2 5.1 - Stereo/Crowd Laughter Interior, Traveling Circus Tent, Small STEREO.wav","crowd|laughter|interior|traveling|circus|tent|small|stereo|stereowav|surround at the show 2 5.1 - stereo|2496soundeffects"
"Crowd Exterior Cafe Restaurant Light, Birds, Crow  _5.1_LCRLsRsLf.wav","Surround In a Crowd 5.1","2496SoundEffects","https://sonniss.com/sound-effects/surround-crowd-5-1/","/2496SoundEffects - Surround In a Crowd 5.1/Crowd Exterior Cafe Restaurant Light, Birds, Crow  _5.1_LCRLsRsLf.wav","crowd|exterior|cafe|restaurant|light|birds|crow|_51_lcrlsrslfwav|surround in a crowd 5.1|2496soundeffects"
"Crowd Interior Hall Museum Footsteps, Children, Reverberant _5.1_LCRLsRsLf.wav","Surround In a Crowd 5.1","2496SoundEffects","https://sonniss.com/sound-effects/surround-crowd-5-1/","/2496SoundEffects - Surround In a Crowd 5.1/Crowd Interior Hall Museum Footsteps, Children, Reverberant _5.1_LCRLsRsLf.wav","crowd|interior|hall|museum|footsteps|children|reverberant|_51_lcrlsrslf|_51_lcrlsrslfwav|surround in a crowd 5.1|2496soundeffects"
"Crowd Interior Shopping Mall Food Court Restaurant, Children, Kitchen Sounds _5.1_LCRLsRsLf.wav","Surround In a Crowd 5.1","2496SoundEffects","https://sonniss.com/sound-effects/surround-crowd-5-1/","/2496SoundEffects - Surround In a Crowd 5.1/Crowd Interior Shopping Mall Food Court Restaurant, Children, Kitchen Sounds _5.1_LCRLsRsLf.wav","crowd|interior|shopping|mall|food|court|restaurant|children|kitchen|sounds|_51_lcrlsrslf|_51_lcrlsrslfwav|surround in a crowd 5.1|2496soundeffects"
"Auto Interior On Busy Freeway Driving Fast Windows Open, Car Bys Fast -5.1 LCRLsRsLf.wav","Surround In the City 5.1","2496SoundEffects","https://sonniss.com/sound-effects/surround-city-5-1/","/2496SoundEffects - Surround In the City 5.1/Auto Interior On Busy Freeway Driving Fast Windows Open, Car Bys Fast -5.1 LCRLsRsLf.wav","auto|interior|on|busy|freeway|driving|fast|windows|open|car|bys|51|lcrlsrslf|lcrlsrslfwav|surround in the city 5.1|2496soundeffects"
"Traffic City Street 1 From Center Median, Many Trucks -5.1 LCRLsRsLf.wav","Surround In the City 5.1","2496SoundEffects","https://sonniss.com/sound-effects/surround-city-5-1/","/2496SoundEffects - Surround In the City 5.1/Traffic City Street 1 From Center Median, Many Trucks -5.1 LCRLsRsLf.wav","traffic|city|street|1|from|center|median|many|trucks|51|lcrlsrslf|lcrlsrslfwav|surround in the city 5.1|2496soundeffects"
"Traffic Tunnel Under Freeway -5.1 LCRLsRsLf.wav","Surround In the City 5.1","2496SoundEffects","https://sonniss.com/sound-effects/surround-city-5-1/","/2496SoundEffects - Surround In the City 5.1/Traffic Tunnel Under Freeway -5.1 LCRLsRsLf.wav","traffic|tunnel|under|freeway|51|lcrlsrslf|lcrlsrslfwav|surround in the city 5.1|2496soundeffects"
"City Night Evening Ambience, Cicada Single, Distant Traffic-5.1 LCRLsRsLf.wav","Surround in The Night 5.1- Stereo","2496SoundEffects","https://sonniss.com/sound-effects/surround-night-5-1stereo/","/2496SoundEffects - Surround in The Night 5.1- Stereo/City Night Evening Ambience, Cicada Single, Distant Traffic-5.1 LCRLsRsLf.wav","city|night|evening|ambience|cicada|single|distant|traffic51|lcrlsrslfambience|lcrlsrslfwav|surround in the night 5.1- stereo|2496soundeffects"
"City Night Evening Ambience, Quieter, Cicadas, Distant Traffic-5.1 LCRLsRsLf.wav","Surround in The Night 5.1- Stereo","2496SoundEffects","https://sonniss.com/sound-effects/surround-night-5-1stereo/","/2496SoundEffects - Surround in The Night 5.1- Stereo/City Night Evening Ambience, Quieter, Cicadas, Distant Traffic-5.1 LCRLsRsLf.wav","city|night|evening|ambience|quieter|cicadas|distant|traffic51|lcrlsrslfambience|lcrlsrslfwav|surround in the night 5.1- stereo|2496soundeffects"
"City Night Evening Ambience, Single Cricket, Cicadas, Distant Traffic -STEREO.wav","Surround in The Night 5.1- Stereo","2496SoundEffects","https://sonniss.com/sound-effects/surround-night-5-1stereo/","/2496SoundEffects - Surround in The Night 5.1- Stereo/City Night Evening Ambience, Single Cricket, Cicadas, Distant Traffic -STEREO.wav","city|night|evening|ambience|single|cricket|cicadas|distant|traffic|stereoambience|stereowav|surround in the night 5.1- stereo|2496soundeffects"
"Park Residential, Birds, Children Playing, Wind_5.1_LCRLsRsLf.wav","Surround In the Park 5.1 - Stereo","2496SoundEffects","https://sonniss.com/sound-effects/surround-park-5-1-stereo/","/2496SoundEffects - Surround In the Park 5.1 - Stereo/Park Residential, Birds, Children Playing, Wind_5.1_LCRLsRsLf.wav","park|residential|birds|children|playing|wind_51_lcrlsrslfsurround|wind_51_lcrlsrslfwav|surround in the park 5.1 - stereo|2496soundeffects"
"Park Residential, Birds, Light Voices, Distant Tennis Court_5.1_LCRLsRsLf.wav","Surround In the Park 5.1 - Stereo","2496SoundEffects","https://sonniss.com/sound-effects/surround-park-5-1-stereo/","/2496SoundEffects - Surround In the Park 5.1 - Stereo/Park Residential, Birds, Light Voices, Distant Tennis Court_5.1_LCRLsRsLf.wav","park|residential|birds|light|voices|distant|tennis|court_51_lcrlsrslfsurround|court_51_lcrlsrslfwav|surround in the park 5.1 - stereo|2496soundeffects"
"Park Residential, Birds, Wind, Crows _STEREO.wav","Surround In the Park 5.1 - Stereo","2496SoundEffects","https://sonniss.com/sound-effects/surround-park-5-1-stereo/","/2496SoundEffects - Surround In the Park 5.1 - Stereo/Park Residential, Birds, Wind, Crows _STEREO.wav","park|residential|birds|wind|crows|_stereo|_stereowav|surround in the park 5.1 - stereo|2496soundeffects"
"Rain On Auto, Interior Parked, Window Closed 2_5.1 LCRLsRsLFE.wav","Surround The Rain 5.1- Stereo","2496SoundEffects","https://sonniss.com/sound-effects/surround-rain-5-1-stereo/","/2496SoundEffects - Surround The Rain 5.1- Stereo/Rain On Auto, Interior Parked, Window Closed 2_5.1 LCRLsRsLFE.wav","rain|on|auto|interior|parked|window|closed|2_51|lcrlsrslfe|lcrlsrslfewav|surround the rain 5.1- stereo|2496soundeffects"
"Rain On Concrete, Distant Traffic, alley 1_Stereo.wav","Surround The Rain 5.1- Stereo","2496SoundEffects","https://sonniss.com/sound-effects/surround-rain-5-1-stereo/","/2496SoundEffects - Surround The Rain 5.1- Stereo/Rain On Concrete, Distant Traffic, alley 1_Stereo.wav","rain|on|concrete|distant|traffic|alley|1_stereo|1_stereowav|surround the rain 5.1- stereo|2496soundeffects"
"Rain On Concrete, Drips On Metal_5.1 LCRLsRsLFE.wav","Surround The Rain 5.1- Stereo","2496SoundEffects","https://sonniss.com/sound-effects/surround-rain-5-1-stereo/","/2496SoundEffects - Surround The Rain 5.1- Stereo/Rain On Concrete, Drips On Metal_5.1 LCRLsRsLFE.wav","rain|on|concrete|drips|metal_51|lcrlsrslfe|lcrlsrslfewav|surround the rain 5.1- stereo|2496soundeffects"
"Alarm Clock Electric Beeping.wav","Tech Toys Electronics Pack 1","2496SoundEffects","https://sonniss.com/sound-effects/tech-toys-electronics-pack-1/","/2496SoundEffects - Tech Toys Electronics Pack 1/Alarm Clock Electric Beeping.wav","alarm|clock|electric|beepingwav|tech toys electronics pack 1|2496soundeffects"
"Cell Phone Vibrate Alert Normal.wav","Tech Toys Electronics Pack 1","2496SoundEffects","https://sonniss.com/sound-effects/tech-toys-electronics-pack-1/","/2496SoundEffects - Tech Toys Electronics Pack 1/Cell Phone Vibrate Alert Normal.wav","cell|phone|vibrate|alert|normalwav|tech toys electronics pack 1|2496soundeffects"
"Telephone Speakerphone Dial.wav","Tech Toys Electronics Pack 1","2496SoundEffects","https://sonniss.com/sound-effects/tech-toys-electronics-pack-1/","/2496SoundEffects - Tech Toys Electronics Pack 1/Telephone Speakerphone Dial.wav","telephone|speakerphone|dialwav|tech toys electronics pack 1|2496soundeffects"
"Whoosh Electronic Short Beep.wav","Whoosh Pack 1","2496SoundEffects","https://sonniss.com/sound-effects/whoosh-pack-1/","/2496SoundEffects - Whoosh Pack 1/Whoosh Electronic Short Beep.wav","whoosh|electronic|short|beep|beepwav|whoosh pack 1|2496soundeffects"
"Whoosh Experimental Thunder Roll Off.wav","Whoosh Pack 1","2496SoundEffects","https://sonniss.com/sound-effects/whoosh-pack-1/","/2496SoundEffects - Whoosh Pack 1/Whoosh Experimental Thunder Roll Off.wav","whoosh|experimental|thunder|roll|off|offwav|whoosh pack 1|2496soundeffects"
"Whoosh Horror Screams Metallic Rattle By.wav","Whoosh Pack 1","2496SoundEffects","https://sonniss.com/sound-effects/whoosh-pack-1/","/2496SoundEffects - Whoosh Pack 1/Whoosh Horror Screams Metallic Rattle By.wav","whoosh|horror|screams|metallic|rattle|by|bywav|whoosh pack 1|2496soundeffects"
"Baby Infant Sleeps Snores With a Cold Congested.wav","Oh Baby! Pack 1 Production Sound Effects","2496SoundEffects","https://sonniss.com/sound-effects/baby-pack-1-production-sound-effects/","/2496SoundEffects -Oh Baby! Pack 1 Production Sound Effects/Baby Infant Sleeps Snores With a Cold Congested.wav","baby|infant|sleeps|snores|with|a|cold|congestedwav|oh baby! pack 1 production sound effects|2496soundeffects"
"Baby newborn feeding bottle 1.wav","Oh Baby! Pack 1 Production Sound Effects","2496SoundEffects","https://sonniss.com/sound-effects/baby-pack-1-production-sound-effects/","/2496SoundEffects -Oh Baby! Pack 1 Production Sound Effects/Baby newborn feeding bottle 1.wav","baby|newborn|feeding|bottle|1wav|oh baby! pack 1 production sound effects|2496soundeffects"
"Baby newborn vocalizations unhappy.wav","Oh Baby! Pack 1 Production Sound Effects","2496SoundEffects","https://sonniss.com/sound-effects/baby-pack-1-production-sound-effects/","/2496SoundEffects -Oh Baby! Pack 1 Production Sound Effects/Baby newborn vocalizations unhappy.wav","baby|newborn|vocalizations|unhappywav|oh baby! pack 1 production sound effects|2496soundeffects"