"FILENAME","LIBRARY","SUPPLIER","URL","DOWNLOAD","TAGS"
"Cover Me I'm Reloading.wav","British Soldier Voices","344 Audio","https://sonniss.com/sound-effects/british-soldier-voices/","/Sonniss - GDC 2020 - Game Audio Bundle/344 Audio - British Soldier Voices/Cover Me I'm Reloading.wav","army|voices|british|english|soldier|royal|navy|sas|special|forces|armed|combat|war|warzone|dialogue|radio|chatter|conflict|shout|whisper|grunt|talking|commands|orders|cover|me|i'm|reloadingwav|british soldier voices|344 audio"
"Don't Give Up.wav","British Soldier Voices","344 Audio","https://sonniss.com/sound-effects/british-soldier-voices/","/Sonniss - GDC 2020 - Game Audio Bundle/344 Audio - British Soldier Voices/Don't Give Up.wav","army|voices|british|english|soldier|royal|navy|sas|special|forces|armed|combat|war|warzone|dialogue|radio|chatter|conflict|shout|whisper|grunt|talking|commands|orders|don't|give|upwav|british soldier voices|344 audio"
"Grunts 16.wav","British Soldier Voices","344 Audio","https://sonniss.com/sound-effects/british-soldier-voices/","/Sonniss - GDC 2020 - Game Audio Bundle/344 Audio - British Soldier Voices/Grunts 16.wav","army|voices|british|english|soldier|royal|navy|sas|special|forces|armed|combat|war|warzone|dialogue|radio|chatter|conflict|shout|whisper|grunt|talking|commands|orders|grunts|16wav|british soldier voices|344 audio"
"Tango Spotted.wav","British Soldier Voices","344 Audio","https://sonniss.com/sound-effects/british-soldier-voices/","/Sonniss - GDC 2020 - Game Audio Bundle/344 Audio - British Soldier Voices/Tango Spotted.wav","army|voices|british|english|soldier|royal|navy|sas|special|forces|armed|combat|war|warzone|dialogue|radio|chatter|conflict|shout|whisper|grunt|talking|commands|orders|tango|spottedwav|british soldier voices|344 audio"
"Low Boom 3.wav","Conspiracy Theory","344 Audio","https://sonniss.com/sound-effects/conspiracy-theory/","/Sonniss - GDC 2020 - Game Audio Bundle/344 Audio - Conspiracy Theory/Low Boom 3.wav","sub|impact|bass|boom|low|frequency|deep|cinematic|dark|heavy|3wav|conspiracy theory|344 audio"
"Radio Voice 11.wav","Conspiracy Theory","344 Audio","https://sonniss.com/sound-effects/conspiracy-theory","/Sonniss - GDC 2020 - Game Audio Bundle/344 Audio - Conspiracy Theory/Radio Voice 11.wav","broadcast|vintage|radio|emergency|response|american|voice|alert|analog|lofi|distorted|comms|space|historic|nasa|aircraft|aviation|air|traffic|control|11wav|conspiracy theory|344 audio"
"Stab 3.wav","Conspiracy Theory","344 Audio","https://sonniss.com/sound-effects/conspiracy-theory/","/Sonniss - GDC 2020 - Game Audio Bundle/344 Audio - Conspiracy Theory/Stab 3.wav","stab|sting|string|hit|pluck|ethnic|cinematic|dark|tension|creepy|trailer|instrument|3wav|conspiracy theory|344 audio"
"Whistle 9.wav","Conspiracy Theory","344 Audio","https://sonniss.com/sound-effects/conspiracy-theory/","/Sonniss - GDC 2020 - Game Audio Bundle/344 Audio - Conspiracy Theory/Whistle 9.wav","whistle|airy|blowing|blown|ambient|atmosphere|drone|cinematic|dark|tension|spacey|hum|wind|mouth|9wav|conspiracy theory|344 audio"
"INT Haunted Factory, Pipes, Tools, Broken Fan, Electricity, Lights, Hum, Reverberant.wav","Haunting Ambiences","344 Audio","https://sonniss.com/sound-effects/haunting-ambiences/","/Sonniss - GDC 2020 - Game Audio Bundle/344 Audio - Haunting Ambiences/INT Haunted Factory, Pipes, Tools, Broken Fan, Electricity, Lights, Hum, Reverberant.wav","int|haunted|factory|pipes|tools|broken|fan|electricity|lights|hum|reverberant|reverberantwav|haunting ambiences|344 audio"
"INT Haunted Sewers, Roomtone, Below Traffic, Rumble, Distant.wav","Haunting Ambiences","344 Audio","https://sonniss.com/sound-effects/haunting-ambiences/","/Sonniss - GDC 2020 - Game Audio Bundle/344 Audio - Haunting Ambiences/INT Haunted Sewers, Roomtone, Below Traffic, Rumble, Distant.wav","int|haunted|sewers|roomtone|below|traffic|rumble|distant|distantwav|haunting ambiences|344 audio"
"INT Torture Chamber, Roomtone, Lights, Hum, Air.wav","Haunting Ambiences","344 Audio","https://sonniss.com/sound-effects/haunting-ambience","/Sonniss - GDC 2020 - Game Audio Bundle/344 Audio - Haunting Ambiences/INT Torture Chamber, Roomtone, Lights, Hum, Air.wav","int|torture|chamber|roomtone|lights|hum|air|airwav|haunting ambiences|344 audio"
"Beep.wav","Household Drones","344 Audio","https://sonniss.com/sound-effects/household-drones/","/Sonniss - GDC 2020 - Game Audio Bundle/344 Audio - Household Drones/Beep.wav","household|turn|on|sound|beep|alarm|sleep|mode|button|press|beepwav|household drones|344 audio"
"Drone, Bubbles, Liquid, Deep, Filter.wav","Household Drones","344 Audio","https://sonniss.com/sound-effects/household-drones/","/Sonniss - GDC 2020 - Game Audio Bundle/344 Audio - Household Drones/Drone, Bubbles, Liquid, Deep, Filter.wav","drone|atmos|atmosphere|ambient|tension|dark|electronic|design|hum|abstract|abandoned|empty|industrial|metallic|ominous|air|airy|bubbles|liquid|deep|filterwav|household drones|344 audio"
"Drone, Games Console Beep, Lofi, Airy.wav","Household Drones","344 Audio","https://sonniss.com/sound-effects/household-drones/","/Sonniss - GDC 2020 - Game Audio Bundle/344 Audio - Household Drones/Drone, Games Console Beep, Lofi, Airy.wav","drone|atmos|atmosphere|ambient|tension|dark|electronic|design|hum|abstract|abandoned|empty|industrial|metallic|ominous|air|airy|games|console|beep|lofi|airywav|household drones|344 audio"
"Spray Can Hit.wav","Household Drones","344 Audio","https://sonniss.com/sound-effects/household-drones/","/Sonniss - GDC 2020 - Game Audio Bundle/344 Audio - Household Drones/Spray Can Hit.wav","household|spray|can|hit|hitwav|household drones|344 audio"
"Battle Cry, Charge, Screams, Army Attacking, Running 1.wav","Medieval Battle","344 Audio","https://sonniss.com/sound-effects/medieval-battle/","/Sonniss - GDC 2020 - Game Audio Bundle/344 Audio - Medieval Battle/Battle Cry, Charge, Screams, Army Attacking, Running 1.wav","battle|cry|charge|screams|army|attacking|running|middle|ages|conflict|knights|swords|weapons|clash|combat|fantasy|1wav|medieval battle|344 audio"
"Female Warrior 3 Scream, Battle, War, Cry, Fight, Shout 3.wav","Medieval Battle","344 Audio","https://sonniss.com/sound-effects/medieval-battle//","/Sonniss - GDC 2020 - Game Audio Bundle/344 Audio - Medieval Battle/Female Warrior 3 Scream, Battle, War, Cry, Fight, Shout 3.wav","female|warrior|scream|battle|war|cry|fight|shout|middle|ages|conflict|knights|swords|weapons|clash|combat|fantasy|3|3wav|medieval battle|344 audio"
"Male Warrior 2 Scream, Battle, War, Cry, Fight, Shout 3.wav","Medieval Battle","344 Audio","https://sonniss.com/sound-effects/medieval-battle/","/Sonniss - GDC 2020 - Game Audio Bundle/344 Audio - Medieval Battle/Male Warrior 2 Scream, Battle, War, Cry, Fight, Shout 3.wav","male|warrior|scream|battle|war|cry|fight|shout|middle|ages|conflict|knights|swords|weapons|clash|combat|fantasy|2|3wav|medieval battle|344 audio"
"Sword Scrapes Multiple, Battle, Metal, Slash, Draw.wav","Medieval Battle","344 Audio","https://sonniss.com/sound-effects/medieval-battle/","/Sonniss - GDC 2020 - Game Audio Bundle/344 Audio - Medieval Battle/Sword Scrapes Multiple, Battle, Metal, Slash, Draw.wav","sword|scrapes|multiple|battle|metal|slash|draw|middle|ages|conflict|knights|swords|weapons|clash|combat|fantasy|drawwav|medieval battle|344 audio"
"Dungeon Door Open, Close, Locked.wav","Practical Doors","344 Audio","https://sonniss.com/sound-effects/practical-doors/","/Sonniss - GDC 2020 - Game Audio Bundle/344 Audio - Practical Doors/Dungeon Door Open, Close, Locked.wav","door|open/close|wooden|gate|pvc|lock|latch|handle|creek|slam|interior|exterior|keys|dungeon|open|close|lockedwav|practical doors|344 audio"
"Exterior Metal Door Gate Bolt Latch 7.wav","Practical Doors","344 Audio","https://sonniss.com/sound-effects/practical-doors/","/Sonniss - GDC 2020 - Game Audio Bundle/344 Audio - Practical Doors/Exterior Metal Door Gate Bolt Latch 7.wav","door|open/close|wooden|gate|pvc|lock|latch|handle|creek|slam|interior|exterior|keys|metal|bolt|7wav|practical doors|344 audio"
"Exterior Metal Door Gate Close, Rattle 2.wav","Practical Doors","344 Audio","https://sonniss.com/sound-effects/practical-doors/","/Sonniss - GDC 2020 - Game Audio Bundle/344 Audio - Practical Doors/Exterior Metal Door Gate Close, Rattle 2.wav","door|open/close|wooden|gate|pvc|lock|latch|handle|creek|slam|interior|exterior|keys|metal|close|rattle|2wav|practical doors|344 audio"
"Knocking On Heavy Door 1.wav","Practical Doors","344 Audio","https://sonniss.com/sound-effects/practical-doors/","/Sonniss - GDC 2020 - Game Audio Bundle/344 Audio - Practical Doors/Knocking On Heavy Door 1.wav","door|open/close|wooden|gate|pvc|lock|latch|handle|creek|slam|interior|exterior|keys|knocking|on|heavy|1wav|practical doors|344 audio"
"Activate Laser.wav","Sci Fi Voices","344 Audio","https://sonniss.com/sound-effects/sci-fi-voices/","/Sonniss - GDC 2020 - Game Audio Bundle/344 Audio - Sci-Fi Voices/Activate Laser.wav","scifi|voices|science|fiction|robot|alien|cyborg|exosuit|machine|transformer|computer|spaceship|device|ui|evil|good|dialogue|character|user|interface|effort|grunt|scream|shout|activate|laserwav|sci fi voices|344 audio"
"Code Authorised.wav","Sci Fi Voices","344 Audio","https://sonniss.com/sound-effects/sci-fi-voices/","/Sonniss - GDC 2020 - Game Audio Bundle/344 Audio - Sci-Fi Voices/Code Authorised.wav","scifi|voices|science|fiction|robot|alien|cyborg|exosuit|machine|transformer|computer|spaceship|device|ui|evil|good|dialogue|character|user|interface|effort|grunt|scream|shout|code|authorisedwav|sci fi voices|344 audio"
"Humans Are All The Same.wav","Sci Fi Voices","344 Audio","https://sonniss.com/sound-effects/sci-fi-voices/","/Sonniss - GDC 2020 - Game Audio Bundle/344 Audio - Sci-Fi Voices/Humans Are All The Same.wav","scifi|voices|science|fiction|robot|alien|cyborg|exosuit|machine|transformer|computer|spaceship|device|ui|evil|good|dialogue|character|user|interface|effort|grunt|scream|shout|humans|are|all|the|samewav|sci fi voices|344 audio"
"Incoming Fire.wav","Sci Fi Voices","344 Audio","https://sonniss.com/sound-effects/sci-fi-voices/","/Sonniss - GDC 2020 - Game Audio Bundle/344 Audio - Sci-Fi Voices/Incoming Fire.wav","scifi|voices|science|fiction|robot|alien|cyborg|exosuit|machine|transformer|computer|spaceship|device|ui|evil|good|dialogue|character|user|interface|effort|grunt|scream|shout|incoming|firewav|sci fi voices|344 audio"
"Female Ghostly Breath, Reverse, Exhale, Air, Spirit, Ethereal, Wet 4.wav","Supernatural Ghosts","344 Audio","https://sonniss.com/sound-effects/supernatural-ghosts/","/Sonniss - GDC 2020 - Game Audio Bundle/344 Audio - Supernatural Ghosts/Female Ghostly Breath, Reverse, Exhale, Air, Spirit, Ethereal, Wet 4.wav","female|ghostly|breath|reverse|exhale|air|spirit|ethereal|wet|4wav|supernatural ghosts|344 audio"
"Ghostly Presence, Angelic, Vocal, Layer, Creepy, Horror 4.wav","Supernatural Ghosts","344 Audio","https://sonniss.com/sound-effects/supernatural-ghosts/","/Sonniss - GDC 2020 - Game Audio Bundle/344 Audio - Supernatural Ghosts/Ghostly Presence, Angelic, Vocal, Layer, Creepy, Horror 4.wav","ghostly|presence|angelic|vocal|layer|creepy|horror|4wav|supernatural ghosts|344 audio"
"Male Ghostly Voice, Hide, Creepy, Air, Spirit, Ethereal, Wet.wav","Supernatural Ghosts","344 Audio","https://sonniss.com/sound-effects/supernatural-ghosts/","/Sonniss - GDC 2020 - Game Audio Bundle/344 Audio - Supernatural Ghosts/Male Ghostly Voice, Hide, Creepy, Air, Spirit, Ethereal, Wet.wav","male|ghostly|voice|creepy|air|spirit|ethereal|hide|wetwav|supernatural ghosts|344 audio"
"Piercing Riser, Harsh, Metallic, Layer, Creepy, Horror 7.wav","Supernatural Ghosts","344 Audio","https://sonniss.com/sound-effects/supernatural-ghosts/","/Sonniss - GDC 2020 - Game Audio Bundle/344 Audio - Supernatural Ghosts/Piercing Riser, Harsh, Metallic, Layer, Creepy, Horror 7.wav","piercing|riser|harsh|metallic|layer|creepy|horror|7wav|supernatural ghosts|344 audio"
"Antique Clicker 2, Clock, Ticking, Tick, Tock, Click, Rhythm, Time, Watch, Countdown.wav","Tick Tock","344 Audio","https://sonniss.com/sound-effects/tick-tock/","/Sonniss - GDC 2020 - Game Audio Bundle/344 Audio - Tick Tock/Antique Clicker 2, Clock, Ticking, Tick, Tock, Click, Rhythm, Time, Watch, Countdown.wav","clock|ticking|tick|tock|click|rhythm|time|watch|countdown|minutes|seconds|mechanism|metal|plastic|button|machine|steampunk|antique|clicker|2|countdownwav|tick tock|344 audio"
"Waterphone, Clock, Ticking, Tick, Tock, Click, Rhythm, Time, Watch, Countdown.wav","Tick Tock","344 Audio","https://sonniss.com/sound-effects/tick-tock/","/Sonniss - GDC 2020 - Game Audio Bundle/344 Audio - Tick Tock/Waterphone, Clock, Ticking, Tick, Tock, Click, Rhythm, Time, Watch, Countdown.wav","clock|ticking|tick|tock|click|rhythm|time|watch|countdown|minutes|seconds|mechanism|metal|plastic|button|machine|steampunk|waterphone|countdownwav|tick tock|344 audio"
"LFE Rumble 3.wav","Trailer Instruments Designed","344 Audio","https://sonniss.com/sound-effects/trailer-instruments-designed/","/Sonniss - GDC 2020 - Game Audio Bundle/344 Audio - Trailer Instruments Designed/LFE Rumble 3.wav","rumble|lfe|sub|bass|trailer|low|deep|thunder|tension|cinematic|scifi|horror|atmosphere|abyss|3wav|trailer instruments designed|344 audio"
"Riser 9.wav","Trailer Instruments Designed","344 Audio","https://sonniss.com/sound-effects/trailer-instruments-designed/","/Sonniss - GDC 2020 - Game Audio Bundle/344 Audio - Trailer Instruments Designed/Riser 9.wav","riser|trailer|abstract|cinematic|ethnic|string|swell|crescendo|scifi|horror|synthetic|atonal|atmospheric|tension|9wav|trailer instruments designed|344 audio"
"Stinger 8.wav","Trailer Instruments Designed","344 Audio","https://sonniss.com/sound-effects/trailer-instruments-designed/","/Sonniss - GDC 2020 - Game Audio Bundle/344 Audio - Trailer Instruments Designed/Stinger 8.wav","stinger|sting|trailer|tension|cinematic|abstract|synth|atonal|creepy|ethnic|horror|scifi|thriller|scary|8wav|trailer instruments designed|344 audio"
"Sub Drop 2.wav","Trailer Instruments Designed","344 Audio","https://sonniss.com/sound-effects/trailer-instruments-designed/","/Sonniss - GDC 2020 - Game Audio Bundle/344 Audio - Trailer Instruments Designed/Sub Drop 2.wav","sub|drop|impact|trailer|bass|deep|futuristic|machine|robotic|power|down|scifi|epic|big|synth|2wav|trailer instruments designed|344 audio"
"ResonantRustyDoor_impact_hard_11.wav","Resonant Rusty Door","Alex Lane","https://sonniss.com/sound-effects/resonant-rusty-door/","/Sonniss - GDC 2020 - Game Audio Bundle/Alex Lane - Resonant Rusty Door/ResonantRustyDoor_impact_hard_11.wav","impact|heavy|metal|door|hard|deep|klang|resonant|resonantrustydoor_impact_hard_11wav|resonant rusty door|alex lane"
"ResonantRustyDoor_impact_soft_01.wav","Resonant Rusty Door","Alex Lane","https://sonniss.com/sound-effects/resonant-rusty-door/","/Sonniss - GDC 2020 - Game Audio Bundle/Alex Lane - Resonant Rusty Door/ResonantRustyDoor_impact_soft_01.wav","impact|heavy|metal|door|soft|thump|resonant|resonantrustydoor_impact_soft_01wav|resonant rusty door|alex lane"
"ResonantRustyDoor_ronk_medium_08.wav","Resonant Rusty Door","Alex Lane","https://sonniss.com/sound-effects/resonant-rusty-door/","/Sonniss - GDC 2020 - Game Audio Bundle/Alex Lane - Resonant Rusty Door/ResonantRustyDoor_ronk_medium_08.wav","medium|ronk|heavy|metal|door|open|or|close|rusty|hinge|resonant|groan|squeak|stuttering|resonantrustydoor_ronk_medium_08wav|resonant rusty door|alex lane"
"ResonantRustyDoor_scrape_short_05.wav","Resonant Rusty Door","Alex Lane","https://sonniss.com/sound-effects/resonant-rusty-door/","/Sonniss - GDC 2020 - Game Audio Bundle/Alex Lane - Resonant Rusty Door/ResonantRustyDoor_scrape_short_05.wav","scrape|surface|short|rock|on|metal|resonant|resonantrustydoor_scrape_short_05wav|resonant rusty door|alex lane"
"Cromer Beach, 3m from Shore, Heavy Waves, B Format.wav","Ambisonic Cromer Beach","Ambisound","https://sonniss.com/sound-effects/ambisonic-cromer-beach/","/Sonniss - GDC 2020 - Game Audio Bundle/Ambisound - Ambisonic Cromer Beach/Cromer Beach, 3m from Shore, Heavy Waves, B Format.wav","waves|beach|sea|coast|sand|stones|binaural|spatial|cromer|3m|from|shore|heavy|b|formatwav|ambisonic cromer beach|ambisound"
"Cromer Beach, In Stones, Light Waves, B Format.wav","Ambisonic Cromer Beach","Ambisound","https://sonniss.com/sound-effects/ambisonic-cromer-beach//","/Sonniss - GDC 2020 - Game Audio Bundle/Ambisound - Ambisonic Cromer Beach/Cromer Beach, In Stones, Light Waves, B Format.wav","waves|beach|sea|coast|sand|stones|binaural|spatial|cromer|in|light|b|formatwav|ambisonic cromer beach|ambisound"
"Eerie Night Ambience.wav","Horror Background Ambiences","Apple Hill Studios","https://sonniss.com/sound-effects/horror-background-ambiences/","/Sonniss - GDC 2020 - Game Audio Bundle/Apple Hill Studios - Horror Background Ambiences/Eerie Night Ambience.wav","eerie|night|ambiencewav|horror background ambiences|apple hill studios"
"Footsteps Water Drops _ Dragging Items Ambience.wav","Horror Background Ambiences","Apple Hill Studios","https://sonniss.com/sound-effects/horror-background-ambiences//","/Sonniss - GDC 2020 - Game Audio Bundle/Apple Hill Studios - Horror Background Ambiences/Footsteps Water Drops _ Dragging Items Ambience.wav","footsteps|water|drops|_|dragging|items|ambiencewav|horror background ambiences|apple hill studios"
"AMBIENCE Cafe, 8 People, Calm, Winter, Machine Buzz, Toronto, Canada, LOOP.LRLsRs.wav","American Public Spaces  Quad","Articulated Sounds","https://sonniss.com/sound-effects/american-public-spaces/","/Sonniss - GDC 2020 - Game Audio Bundle/Articulated Sounds - American Public Spaces - Quad/AMBIENCE Cafe, 8 People, Calm, Winter, Machine Buzz, Toronto, Canada, LOOP.LRLsRs.wav","cafe|8|people|calm|winter|machine|buzz|toronto|canada|loop|ambience|looplrlsrswav|american public spaces  quad|articulated sounds"
"AMBIENCE Hall Large, Entrance, Office Building, Morning, Downtown Chicago, USA, LOOP.LRLsRs.wav","American Public Spaces  Quad","Articulated Sounds","https://sonniss.com/sound-effects/american-public-spaces/","/Sonniss - GDC 2020 - Game Audio Bundle/Articulated Sounds - American Public Spaces - Quad/AMBIENCE Hall Large, Entrance, Office Building, Morning, Downtown Chicago, USA, LOOP.LRLsRs.wav","hall|large|entrance|office|building|morning|downtown|chicago|usa|loop|ambience|looplrlsrswav|american public spaces  quad|articulated sounds"
"AMBIENCE Metro Station Platform, Electrical Buzz, Train Arriving And Departing, Toronto, Canada.LRLsRs.wav","American Public Spaces  Quad","Articulated Sounds","https://sonniss.com/sound-effects/american-public-spaces/","/Sonniss - GDC 2020 - Game Audio Bundle/Articulated Sounds - American Public Spaces - Quad/AMBIENCE Metro Station Platform, Electrical Buzz, Train Arriving And Departing, Toronto, Canada.LRLsRs.wav","metro|station|platform|electrical|buzz|train|arriving|and|departing|toronto|canada|ambience|canadalrlsrswav|american public spaces  quad|articulated sounds"
"AMBIENCE Shopping Mall, Resonant Hall, Crowd, 3rd Floor, Toronto, Canada, LOOP.LRLsRs.wav","American Public Spaces  Quad","Articulated Sounds","https://sonniss.com/sound-effects/american-public-spaces/","/Sonniss - GDC 2020 - Game Audio Bundle/Articulated Sounds - American Public Spaces - Quad/AMBIENCE Shopping Mall, Resonant Hall, Crowd, 3rd Floor, Toronto, Canada, LOOP.LRLsRs.wav","shopping|mall|resonant|hall|crowd|3rd|floor|toronto|canada|loop|ambience|looplrlsrswav|american public spaces  quad|articulated sounds"
"AMBIENCE Inside Museum, Walking POV, Bali, Indonesia, LOOP .wav","Bali Ubud Village Ambiences","Articulated Sounds","https://sonniss.com/sound-effects/bali-ubud-village-ambiences/","/Sonniss - GDC 2020 - Game Audio Bundle/Articulated Sounds - Bali Ubud Village Ambiences/AMBIENCE Inside Museum, Walking POV, Bali, Indonesia, LOOP .wav","ambience|inside|museum|walking|pov|bali|indonesia|loop|distant|voices|children|talk|crowd|walla|footsteps|movement|dog|barks|reverb|hammer|hits|metal|impacts|rattles|ambience|loop|wav|bali ubud village ambiences|articulated sounds"
"CROWD Reaction, Small Applause 03, 20 People, Bali, Indonesia.wav","Bali Ubud Village Ambiences","Articulated Sounds","https://sonniss.com/sound-effects/bali-ubud-village-ambiences/","/Sonniss - GDC 2020 - Game Audio Bundle/Articulated Sounds - Bali Ubud Village Ambiences/CROWD Reaction, Small Applause 03, 20 People, Bali, Indonesia.wav","crowd|reaction|small|applause|20|people|bali|indonesia|applauding|moderately|single|claps|in|closer|perspective|talking|mumbling|slightly|background|walla|chear|crickets|insects|slows|down|end|with|few|crowd|03|indonesiawav|bali ubud village ambiences|articulated sounds"
"ALARM AIRCRAFT Mechanical Stall Warning Short 01, Aircraft Control Board.wav","Boeing 737 Airplane Cockpit","Articulated Sounds","https://sonniss.com/sound-effects/boeing-737-airplane-cockpit/","/Sonniss - GDC 2020 - Game Audio Bundle/Articulated Sounds - Boeing 737 Airplane Cockpit/ALARM AIRCRAFT Mechanical Stall Warning Short 01, Aircraft Control Board.wav","alarm|aircraft|mechanical|stall|warning|short|01|aircraft|control|board|boardwav|boeing 737 airplane cockpit|articulated sounds"
"AMBIENCE Aircraft In Flight Taking Altitude, LOOP.wav","Boeing 737 Airplane Cockpit","Articulated Sounds","https://sonniss.com/sound-effects/boeing-737-airplane-cockpit//","/Sonniss - GDC 2020 - Game Audio Bundle/Articulated Sounds - Boeing 737 Airplane Cockpit/AMBIENCE Aircraft In Flight Taking Altitude, LOOP.wav","ambience|aircraft|in|flight|taking|altitude|loop|loopwav|boeing 737 airplane cockpit|articulated sounds"
"MECH GEAR Landing Gear, Aircraft Control Board.wav","Boeing 737 Airplane Cockpit","Articulated Sounds","https://sonniss.com/sound-effects/boeing-737-airplane-cockpit/","/Sonniss - GDC 2020 - Game Audio Bundle/Articulated Sounds - Boeing 737 Airplane Cockpit/MECH GEAR Landing Gear, Aircraft Control Board.wav","mech|gear|landing|gear|aircraft|control|board|boardwav|boeing 737 airplane cockpit|articulated sounds"
"MECH Trim Spinning (Power-Assisted Steering) 02, Aircraft Control Board.wav","Boeing 737 Airplane Cockpit","Articulated Sounds","https://sonniss.com/sound-effects/boeing-737-airplane-cockpit/","/Sonniss - GDC 2020 - Game Audio Bundle/Articulated Sounds - Boeing 737 Airplane Cockpit/MECH Trim Spinning (Power-Assisted Steering) 02, Aircraft Control Board.wav","mech|trim|spinning|(powerassisted|steering)|02|aircraft|control|board|boardwav|boeing 737 airplane cockpit|articulated sounds"
"LIQUID BUBBLE Continuous, with Low Resonance Cavity, LOOP.wav","Bubbles Water & Aquariums","Articulated Sounds","https://sonniss.com/sound-effects/bubbles-water-aquariums/","/Sonniss - GDC 2020 - Game Audio Bundle/Articulated Sounds - Bubbles Water & Aquariums/LIQUID BUBBLE Continuous, with Low Resonance Cavity, LOOP.wav","liquid|bubble|continuous|with|low|resonance|cavity|loop|laboratory|straw|blow|into|filled|bath|small|air|short|science|fiction|ambience|bubbles|beakers|steampunk|liquid|bubble|loopwav|bubbles water & aquariums|articulated sounds"
"LIQUID BUBBLE Sequence, Medium Force, 04.wav","Bubbles Water & Aquariums","Articulated Sounds","https://sonniss.com/sound-effects/bubbles-water-aquariums//","/Sonniss - GDC 2020 - Game Audio Bundle/Articulated Sounds - Bubbles Water & Aquariums/LIQUID BUBBLE Sequence, Medium Force, 04.wav","liquid|bubble|sequence|medium|force|underwater|bubbles|short|streams|of|air|releasing|from|bottle|popping|at|surface|glugging|trickling|breathing|and|release|liquid|bubble|04wav|bubbles water & aquariums|articulated sounds"
"INDUSTRY MACHINE Cacao Workshop, Blender, Running, Room Amb, LOOP.wav","Cacao Chocolate Factory","Articulated Sounds","https://sonniss.com/sound-effects/cacao-chocolate-factory/","/Sonniss - GDC 2020 - Game Audio Bundle/Articulated Sounds - Cacao Chocolate Factory/INDUSTRY MACHINE Cacao Workshop, Blender, Running, Room Amb, LOOP.wav","industry|machine|cacao|workshop|blender|running|room|loop|appliances|electric|motor|mixie|start|long|run|at|constant|speed|turn|off|whine|spin|whirr|grind|vibration|industry|machine|amb|loopwav|cacao chocolate factory|articulated sounds"
"INDUSTRY MACHINE Cacao Workshop, Grinder A, Running, Room Amb, LOOP.wav","Cacao Chocolate Factory","Articulated Sounds","https://sonniss.com/sound-effects/cacao-chocolate-factory/","/Sonniss - GDC 2020 - Game Audio Bundle/Articulated Sounds - Cacao Chocolate Factory/INDUSTRY MACHINE Cacao Workshop, Grinder A, Running, Room Amb, LOOP.wav","industry|machine|cacao|workshop|grinder|running|room|loop|heavy|clatter|background|roar|large|industrial|garage|gritty|electric|mottor|engine|rattle|industry|machine|a|amb|loopwav|cacao chocolate factory|articulated sounds"
"ANIMAL WILD Camel A, Grunt, Groan, Roar x13.wav 12.wav","Camel Growl Vocalizations","Articulated Sounds","https://sonniss.com/sound-effects/camel-growl-vocalizations/","/Sonniss - GDC 2020 - Game Audio Bundle/Articulated Sounds - Camel Growl Vocalizations/ANIMAL WILD Camel A, Grunt, Groan, Roar x13.wav 12.wav","animal|wild|camel|a|grunt|groan|roar|x13|animal|wild|x13wav|12wav|camel growl vocalizations|articulated sounds"
"ANIMAL WILD Camel C, Grunt, Groan, Roar, Expressive x10.wav 05.wav","Camel Growl Vocalizations","Articulated Sounds","https://sonniss.com/sound-effects/camel-growl-vocalizations/","/Sonniss - GDC 2020 - Game Audio Bundle/Articulated Sounds - Camel Growl Vocalizations/ANIMAL WILD Camel C, Grunt, Groan, Roar, Expressive x10.wav 05.wav","animal|wild|camel|c|grunt|groan|roar|expressive|x10|animal|wild|x10wav|05wav|camel growl vocalizations|articulated sounds"
"ANIMAL WILD Camel D, Grunt, Groan, Roar, Gargle x10.wav 07.wav","Camel Growl Vocalizations","Articulated Sounds","https://sonniss.com/sound-effects/camel-growl-vocalizations/","/Sonniss - GDC 2020 - Game Audio Bundle/Articulated Sounds - Camel Growl Vocalizations/ANIMAL WILD Camel D, Grunt, Groan, Roar, Gargle x10.wav 07.wav","animal|wild|camel|d|grunt|groan|roar|gargle|x10|animal|wild|x10wav|07wav|camel growl vocalizations|articulated sounds"
"AMBIENCE City Plazza, Rumble, 8AM, Barsha Heights, Dubai, UAE.wav","Dubai Megapolis Sonic Bed","Articulated Sounds","https://sonniss.com/sound-effects/camel-growl-vocalizations/","/Sonniss - GDC 2020 - Game Audio Bundle/Articulated Sounds - Dubai Megapolis Sonic Bed/AMBIENCE City Plazza, Rumble, 8AM, Barsha Heights, Dubai, UAE.wav","ambience|city|plazza|rumble|8am|barsha|heights|dubai|uae|ditant|traffic|various|pass|bys|brake|squeals|distant|activity|voices|walla|engine|revs|horns|short|bursts|rattle|birds|chirping|melodic|foot|steps|ambience|uaewav|dubai megapolis sonic bed|articulated sounds"
"ELECTRIC MODEM, Noise, Connecting, Broken Radio, Interference, Buzz.wav","Electromagnetic Household Fields","Articulated Sounds","https://sonniss.com/sound-effects/electromagnetic-household-fields/","/Sonniss - GDC 2020 - Game Audio Bundle/Articulated Sounds - Electromagnetic Household Fields/ELECTRIC MODEM, Noise, Connecting, Broken Radio, Interference, Buzz.wav","electric|modem|noise|connecting|broken|radio|interference|buzz|buzzwav|electromagnetic household fields|articulated sounds"
"NOISE EMF Radiation, Constant Hum, LCD TV Screen Off.wav","Electromagnetic Household Fields","Articulated Sounds","https://sonniss.com/sound-effects/electromagnetic-household-fields/","/Sonniss - GDC 2020 - Game Audio Bundle/Articulated Sounds - Electromagnetic Household Fields/NOISE EMF Radiation, Constant Hum, LCD TV Screen Off.wav","noise|emf|radiation|constant|hum|lcd|tv|screen|offwav|electromagnetic household fields|articulated sounds"
"NOISE EMF, Hum, Buzz, Noise, Changing, Morphing, LOOP.wav","Electromagnetic Household Fields","Articulated Sounds","https://sonniss.com/sound-effects/electromagnetic-household-fields/","/Sonniss - GDC 2020 - Game Audio Bundle/Articulated Sounds - Electromagnetic Household Fields/NOISE EMF, Hum, Buzz, Noise, Changing, Morphing, LOOP.wav","noise|electromagnetic|hum|buzz|noise|changing|morphing|loop|emf|loopwav|electromagnetic household fields|articulated sounds"
"ROOM TONE Hotel Floor Lobby near Elevator, 5am, Chiang Mai, Thailand, LR.wav","Empty Hotel Quiet Room Tones","Articulated Sounds","https://sonniss.com/sound-effects/empty-hotel-quiet-room-tones/","/Sonniss - GDC 2020 - Game Audio Bundle/Articulated Sounds - Empty Hotel Quiet Room Tones/ROOM TONE Hotel Floor Lobby near Elevator, 5am, Chiang Mai, Thailand, LR.wav","ambience|room|tone|hotel|empty|floor|lobby|hall|5am|chiang|mai|thailand|constant|hum|ventilation|noise|air|conditioner|distant|activity|speaker|anouncements|voices|coughs|metal|rattles|bang|traffic|rumble|room|tone|near|elevator|lrwav|empty hotel quiet room tones|articulated sounds"
"ROOM TONE Hotel Hallway 2, 5am, Chiang Mai, Thailand, LR.wav","Empty Hotel Quiet Room Tones","Articulated Sounds","https://sonniss.com/sound-effects/empty-hotel-quiet-room-tones//","/Sonniss - GDC 2020 - Game Audio Bundle/Articulated Sounds - Empty Hotel Quiet Room Tones/ROOM TONE Hotel Hallway 2, 5am, Chiang Mai, Thailand, LR.wav","ambience|room|tone|hotel|hallway|5am|chiang|mai|thailand|constant|hum|ventilation|noise|air|conditioner|distant|activity|speaker|anouncement|cutlery|sounds|metal|rattles|squeaks|footsteps|movement|plates|lift|beeps|room|tone|2|lrwav|empty hotel quiet room tones|articulated sounds"
"HUMAN BREATH Male_ Sleepy Yawn_E.wav","Human Male Breathe","Articulated Sounds","https://sonniss.com/sound-effects/human-male-breathe/","/Sonniss - GDC 2020 - Game Audio Bundle/Articulated Sounds - Human Male Breathe/HUMAN BREATH Male_ Sleepy Yawn_E.wav","human|breath|male_|sleepy|yawn_e|yawn_ewav|human male breathe|articulated sounds"
"HUMAN BREATH Male_Deep Mouth Inhale and Powerful Strong Exhale with Acceleration_A.wav","Human Male Breathe","Articulated Sounds","https://sonniss.com/sound-effects/human-male-breathe//","/Sonniss - GDC 2020 - Game Audio Bundle/Articulated Sounds - Human Male Breathe/HUMAN BREATH Male_Deep Mouth Inhale and Powerful Strong Exhale with Acceleration_A.wav","human|breath|male_deep|mouth|inhale|and|powerful|strong|exhale|with|acceleration_a|acceleration_awav|human male breathe|articulated sounds"
"HUMAN BREATH Male_Deep Opened Mouth Breath with S Formed Lips Long Exhale_F.wav","Human Male Breathe","Articulated Sounds","https://sonniss.com/sound-effects/human-male-breathe/","/Sonniss - GDC 2020 - Game Audio Bundle/Articulated Sounds - Human Male Breathe/HUMAN BREATH Male_Deep Opened Mouth Breath with S Formed Lips Long Exhale_F.wav","human|breath|male_deep|opened|mouth|breath|with|s|formed|lips|long|exhale_f|exhale_fwav|human male breathe|articulated sounds"
"HUMAN BREATH Male_Mouth Inhale and Exhale Like Got Frightened Intermittent _C.wav","Human Male Breathe","Articulated Sounds","https://sonniss.com/sound-effects/human-male-breathe/","/Sonniss - GDC 2020 - Game Audio Bundle/Articulated Sounds - Human Male Breathe/HUMAN BREATH Male_Mouth Inhale and Exhale Like Got Frightened Intermittent _C.wav","human|breath|male_mouth|inhale|and|exhale|like|got|frightened|intermittent|_c|_cwav|human male breathe|articulated sounds"
"CAR Alarm, Light On, Nissan Note, INT.wav","Japanese Compact Car  Nissan Versa Note","Articulated Sounds","https://sonniss.com/sound-effects/japanese-compact-car-nissan-versa-note/","/Sonniss - GDC 2020 - Game Audio Bundle/Articulated Sounds - Japanese Compact Car - Nissan Versa Note/CAR Alarm, Light On, Nissan Note, INT.wav","transport|car|alarm|light|on|nissan|note|interior|intwav|japanese compact car  nissan versa note|articulated sounds"
"CAR Front Windshield Wiper, 2x Short 02, Nissan Note, INT.wav","Japanese Compact Car  Nissan Versa Note","Articulated Sounds","https://sonniss.com/sound-effects/japanese-compact-car-nissan-versa-note/","/Sonniss - GDC 2020 - Game Audio Bundle/Articulated Sounds - Japanese Compact Car - Nissan Versa Note/CAR Front Windshield Wiper, 2x Short 02, Nissan Note, INT.wav","transport|car|front|windshield|wiper|2x|short|02|nissan|note|interior|intwav|japanese compact car  nissan versa note|articulated sounds"
"CAR Passenger Window, Open Close 02, Slide, Nissan Note, EXT.wav","Japanese Compact Car  Nissan Versa Note","Articulated Sounds","https://sonniss.com/sound-effects/japanese-compact-car-nissan-versa-note/","/Sonniss - GDC 2020 - Game Audio Bundle/Articulated Sounds - Japanese Compact Car - Nissan Versa Note/CAR Passenger Window, Open Close 02, Slide, Nissan Note, EXT.wav","transport|car|passenger|window|open|close|02|slide|nissan|note|exterior|extwav|japanese compact car  nissan versa note|articulated sounds"
"CAR Ventilation, Switch On Idle Off, Speed 03, Nissan Note, EXT.wav","Japanese Compact Car  Nissan Versa Note","Articulated Sounds","https://sonniss.com/sound-effects/japanese-compact-car-nissan-versa-note/","/Sonniss - GDC 2020 - Game Audio Bundle/Articulated Sounds - Japanese Compact Car - Nissan Versa Note/CAR Ventilation, Switch On Idle Off, Speed 03, Nissan Note, EXT.wav","transport|car|ventilation|switch|on|idle|off|speed|03|nissan|note|exterior|extwav|japanese compact car  nissan versa note|articulated sounds"
"MOTOR Electric Lighthouse, 4th Floor, Inside Lightroom, CU, Lantern, Low Rumble, West Point, PEI, Canada, LOOP.wav","Lighthouse Electrical Motor Tone","Articulated Sounds","https://sonniss.com/sound-effects/lighthouse-electrical-motor-tone/","/Sonniss - GDC 2020 - Game Audio Bundle/Articulated Sounds - Lighthouse Electrical Motor Tone/MOTOR Electric Lighthouse, 4th Floor, Inside Lightroom, CU, Lantern, Low Rumble, West Point, PEI, Canada, LOOP.wav","motor|electric|lighthouse|4th|floor|inside|lightroom|cu|lantern|low|rumble|west|point|pei|canada|loop|loopwav|lighthouse electrical motor tone|articulated sounds"
"CHEMICAL ACID Sizzle, Burn, Short 02.wav","Magic Elements vol.2","Articulated Sounds","https://sonniss.com/sound-effects/magic-elements-vol-2/","/Sonniss - GDC 2020 - Game Audio Bundle/Articulated Sounds - Magic Elements vol.2/CHEMICAL ACID Sizzle, Burn, Short 02.wav","chemical|acid|acid|burn|sizzle|holy|water|vampire|short|02wav|magic elements vol.2|articulated sounds"
"LIQUID HIT Lake, Branch, Splash, Lake, Seaweed in Water, Small, CU 04.wav","Magic Elements vol.2","Articulated Sounds","https://sonniss.com/sound-effects/magic-elements-vol-2/","/Sonniss - GDC 2020 - Game Audio Bundle/Articulated Sounds - Magic Elements vol.2/LIQUID HIT Lake, Branch, Splash, Lake, Seaweed in Water, Small, CU 04.wav","liquid|hit|branch|splash|lake|seaweed|in|water|small|cu|04wav|magic elements vol.2|articulated sounds"
"MAGIC ENERGY Texture, Complex, Particles, Zap, Sparks, Short Circuit, High, Sweetener 03.wav","Magic Elements vol.2","Articulated Sounds","https://sonniss.com/sound-effects/magic-elements-vol-2/","/Sonniss - GDC 2020 - Game Audio Bundle/Articulated Sounds - Magic Elements vol.2/MAGIC ENERGY Texture, Complex, Particles, Zap, Sparks, Short Circuit, High, Sweetener 03.wav","magic|energy|processed|recording|of|tape|pulled|off|window|constant|electric|sparks|and|zaps|texture|complex|particles|zap|sparks|shortcircuit|high|sweetener|magic|energy|short|circuit|03wav|magic elements vol.2|articulated sounds"
"MAGIC GENERIC Texture, Shimmer, Processed Glass, Reversed Layer, Disturbing, High.wav","Magic Elements vol.2","Articulated Sounds","https://sonniss.com/sound-effects/magic-elements-vol-2/","/Sonniss - GDC 2020 - Game Audio Bundle/Articulated Sounds - Magic Elements vol.2/MAGIC GENERIC Texture, Shimmer, Processed Glass, Reversed Layer, Disturbing, High.wav","magic|generic|texture|shimmer|processed|glass|reversed|layer|eye|flash|glassy|whoosh|ringing|pass|by|airy|swells|shimmering|disturbing|high|highwav|magic elements vol.2|articulated sounds"
"WEATHER Rain, Large, Camping Tent near Sea, Isle-au-Coudre, Canada, LOOP.wav","Moody Rain Loops","Articulated Sounds","https://sonniss.com/sound-effects/moody-rain-loops/","/Sonniss - GDC 2020 - Game Audio Bundle/Articulated Sounds - Moody Rain Loops/WEATHER Rain, Large, Camping Tent near Sea, Isle-au-Coudre, Canada, LOOP.wav","rain|large|camping|tent|near|sea|isleaucoudre|canada|loop|weather|loopwav|moody rain loops|articulated sounds"
"WEATHER Rain, Small, Designed, Metal Plate, Asynchronous Drips, LOOP.wav","Moody Rain Loops","Articulated Sounds","https://sonniss.com/sound-effects/moody-rain-loops/","/Sonniss - GDC 2020 - Game Audio Bundle/Articulated Sounds - Moody Rain Loops/WEATHER Rain, Small, Designed, Metal Plate, Asynchronous Drips, LOOP.wav","rain|small|designed|metal|plate|asynchronous|drips|loop|weather|loopwav|moody rain loops|articulated sounds"
"AMB PARK Solo Cricket, Seagulls, City Rumble, Montreal, Canada, LOOP.wav","Nature in the City","Articulated Sounds","https://sonniss.com/sound-effects/nature-city/","/Sonniss - GDC 2020 - Game Audio Bundle/Articulated Sounds - Nature in the City/AMB PARK Solo Cricket, Seagulls, City Rumble, Montreal, Canada, LOOP.wav","ambience|city|parc|solo|cricket|seagulls|distant|rumble|montreal|canada|loop|amb|park|solo|cricket|seagulls|city|rumble|loopwav|nature in the city|articulated sounds"
"AMB SUBURB Crow in City, Sparrow Chirps, Montreal, Canada, LOOP.wav","Nature in the City","Articulated Sounds","https://sonniss.com/sound-effects/nature-city/","/Sonniss - GDC 2020 - Game Audio Bundle/Articulated Sounds - Nature in the City/AMB SUBURB Crow in City, Sparrow Chirps, Montreal, Canada, LOOP.wav","ambience|crow|in|city|sparrow|chirps|montreal|canada|loop|amb|suburb|crow|city|sparrow|chirps|loopwav|nature in the city|articulated sounds"
"AMB SUBURB Solo Bird Call, Early Morning, Distant Traffic Passbys, Montreal, Canada, LOOP.wav","Nature in the City","Articulated Sounds","https://sonniss.com/sound-effects/nature-city/","/Sonniss - GDC 2020 - Game Audio Bundle/Articulated Sounds - Nature in the City/AMB SUBURB Solo Bird Call, Early Morning, Distant Traffic Passbys, Montreal, Canada, LOOP.wav","ambience|solo|bird|call|early|morning|distant|traffic|passbys|montreal|canada|loop|amb|suburb|loopwav|nature in the city|articulated sounds"
"WEATHER WIND City Street, Wind in Trees, Strong, Foliage Rustle, Gust Wash, Subtle Creaks & Noises, Montreal, Canada, LOOP.wav","Nature in the City","Articulated Sounds","https://sonniss.com/sound-effects/nature-city/","/Sonniss - GDC 2020 - Game Audio Bundle/Articulated Sounds - Nature in the City/WEATHER WIND City Street, Wind in Trees, Strong, Foliage Rustle, Gust Wash, Subtle Creaks & Noises, Montreal, Canada, LOOP.wav","wind|gust|wash|city|street|trees|leaves|rustle|strong|foliage|subtle|creaks|&|noises|montreal|canada|loop|weather|wind|in|loopwav|nature in the city|articulated sounds"
"ANIMAL FARM Pig Groan 03, Martvili Georgia.wav","Pig Farm Animal Groan","Articulated Sounds","https://sonniss.com/sound-effects/pig-farm-animal-groan/","/Sonniss - GDC 2020 - Game Audio Bundle/Articulated Sounds - Pig Farm Animal Groan/ANIMAL FARM Pig Groan 03, Martvili Georgia.wav","animal|farm|pig|groan|martvili|georgia|moan|beast|throaty|and|slightly|raspy|partly|strident|low|pitched|flatulent|farty|sloppy|irritated|animal|farm|03|georgiawav|pig farm animal groan|articulated sounds"
"ANIMAL FARM Pig, Baby, Scream, Shrill, City Street 01.wav","Pig Farm Animal Groan","Articulated Sounds","https://sonniss.com/sound-effects/pig-farm-animal-groan/","/Sonniss - GDC 2020 - Game Audio Bundle/Articulated Sounds - Pig Farm Animal Groan/ANIMAL FARM Pig, Baby, Scream, Shrill, City Street 01.wav","animal|farm|pig|baby|scream|shrill|city|street|creature|screams|processed|squeals|very|harsh|screeching|whining|hissing|electric|bursts|distressed|chirp|pain|beast|sound|animal|farm|01wav|pig farm animal groan|articulated sounds"
"ANIMAL FARM Pig, Grunt, Breathe, Single, Isolated, 0.2m 02.wav","Pig Farm Animal Groan","Articulated Sounds","https://sonniss.com/sound-effects/pig-farm-animal-groan/","/Sonniss - GDC 2020 - Game Audio Bundle/Articulated Sounds - Pig Farm Animal Groan/ANIMAL FARM Pig, Grunt, Breathe, Single, Isolated, 0.2m 02.wav","animal|farm|pig|grunt|breathe|single|isolated|wild|boar|or|dog|like|grunts|attack|barks|pigs|feeding|slurps|chomps|breaths|animal|farm|02m|02wav|pig farm animal groan|articulated sounds"
"WEATHER WIND Apartment, Moderate, Strange Whistling Door Gap, Moan, Argentina LOOP.wav","Rare Winds","Articulated Sounds","https://sonniss.com/sound-effects/rare-winds/","/Sonniss - GDC 2020 - Game Audio Bundle/Articulated Sounds - Rare Winds/WEATHER WIND Apartment, Moderate, Strange Whistling Door Gap, Moan, Argentina LOOP.wav","wind|apartment|moderate|strange|whistling|door|gap|moan|argentina|loop|weather|loopwav|rare winds|articulated sounds"
"WEATHER WIND Beach, Strong, Gusty, Storm, Sands & Seaweed, Tierra Del Fuego, Argentina, LOOP.wav","Rare Winds","Articulated Sounds","https://sonniss.com/sound-effects/rare-winds/","/Sonniss - GDC 2020 - Game Audio Bundle/Articulated Sounds - Rare Winds/WEATHER WIND Beach, Strong, Gusty, Storm, Sands & Seaweed, Tierra Del Fuego, Argentina, LOOP.wav","wind|beach|strong|gusty|storm|sands|&|seaweed|tierra|del|fuego|argentina|loop|weather|loopwav|rare winds|articulated sounds"
"WEATHER WIND Mountain Slope, Strong, Inside Jacket Hood, Sustained Blustery, Gusty, Binaural, Patagonia, LOOP.wav","Rare Winds","Articulated Sounds","https://sonniss.com/sound-effects/rare-winds/","/Sonniss - GDC 2020 - Game Audio Bundle/Articulated Sounds - Rare Winds/WEATHER WIND Mountain Slope, Strong, Inside Jacket Hood, Sustained Blustery, Gusty, Binaural, Patagonia, LOOP.wav","wind|mountain|slope|strong|inside|jacket|hood|sustained|blustery|gusty|binaural|patagonia|loop|weather|loopwav|rare winds|articulated sounds"
"WEATHER WIND Synth, Static Pitch, Evolutive, Low Medium, Howling, Whistling, Eerie.wav","Rare Winds","Articulated Sounds","https://sonniss.com/sound-effects/rare-winds/","/Sonniss - GDC 2020 - Game Audio Bundle/Articulated Sounds - Rare Winds/WEATHER WIND Synth, Static Pitch, Evolutive, Low Medium, Howling, Whistling, Eerie.wav","wind|synth|static|pitch|evolutive|low|medium|howling|whistling|eerie|weather|eeriewav|rare winds|articulated sounds"
"Ambience Through Seashell, Dinner 10 People, House, French Speaking, Montreal, Canada.wav","Seashell Resonance","Articulated Sounds","https://sonniss.com/sound-effects/seashell-resonance/","/Sonniss - GDC 2020 - Game Audio Bundle/Articulated Sounds - Seashell Resonance/Ambience Through Seashell, Dinner 10 People, House, French Speaking, Montreal, Canada.wav","ambience|through|seashell|dinner|10|people|house|french|speaking|montreal|canada|canadawav|seashell resonance|articulated sounds"
"Ambience Through Seashell, Sea Waves on Beach Shore, Bottom Inside, Isle-Aux-Coudres, Canada.wav","Seashell Resonance","Articulated Sounds","https://sonniss.com/sound-effects/seashell-resonance/","/Sonniss - GDC 2020 - Game Audio Bundle/Articulated Sounds - Seashell Resonance/Ambience Through Seashell, Sea Waves on Beach Shore, Bottom Inside, Isle-Aux-Coudres, Canada.wav","ambience|through|seashell|sea|waves|on|beach|shore|bottom|inside|isleauxcoudres|canada|canadawav|seashell resonance|articulated sounds"
"Seashell Pututo from Peru, Sounding Blow 01.wav","Seashell Resonance","Articulated Sounds","https://sonniss.com/sound-effects/seashell-resonance/","/Sonniss - GDC 2020 - Game Audio Bundle/Articulated Sounds - Seashell Resonance/Seashell Pututo from Peru, Sounding Blow 01.wav","seashell|pututo|from|peru|sounding|blow|01|01wav|seashell resonance|articulated sounds"
"TOYS Squeaky Chicken, Noise, One Long Squeal, High 07.wav","Squeaky Chicken Toys Vocalizations","Articulated Sounds","https://sonniss.com/sound-effects/squeaky-chicken-toys-vocalizations/","/Sonniss - GDC 2020 - Game Audio Bundle/Articulated Sounds - Squeaky Chicken Toys Vocalizations/TOYS Squeaky Chicken, Noise, One Long Squeal, High 07.wav","toys|squeaky|chicken|noise|one|long|squeal|high|small|plastic|horn|or|doll|comic|noisemakers|rubber|squeeze|airy|squeaks|cartoon|foley|partially|covering|hole|toys|07wav|squeaky chicken toys vocalizations|articulated sounds"
"TOYS Squeaky Chicken, Noise, One Long Squeal, Low 02.wav","Squeaky Chicken Toys Vocalizations","Articulated Sounds","https://sonniss.com/sound-effects/squeaky-chicken-toys-vocalizations/","/Sonniss - GDC 2020 - Game Audio Bundle/Articulated Sounds - Squeaky Chicken Toys Vocalizations/TOYS Squeaky Chicken, Noise, One Long Squeal, Low 02.wav","toys|squeaky|chicken|noise|one|long|squeal|low|small|plastic|horn|or|doll|comic|noisemakers|rubber|squeeze|airy|squeaks|cartoon|foley|partially|covering|hole|toys|02wav|squeaky chicken toys vocalizations|articulated sounds"
"TOYS Squeaky Chicken, Noise, Several Squeaks, Low 03.wav","Squeaky Chicken Toys Vocalizations","Articulated Sounds","https://sonniss.com/sound-effects/squeaky-chicken-toys-vocalizations/","/Sonniss - GDC 2020 - Game Audio Bundle/Articulated Sounds - Squeaky Chicken Toys Vocalizations/TOYS Squeaky Chicken, Noise, Several Squeaks, Low 03.wav","toys|squeaky|chicken|noise|several|squeaks|low|small|plastic|horn|or|doll|comic|noisemakers|rubber|squeeze|airy|cartoon|foley|partially|covering|hole|toys|03wav|squeaky chicken toys vocalizations|articulated sounds"
"VOICE of God - Game Phrase - 'Laugh' (intense) 02, DRY.wav","Voice of God  Game Phrases","Articulated Sounds","https://sonniss.com/sound-effects/voice-god-game-phrases/","/Sonniss - GDC 2020 - Game Audio Bundle/Articulated Sounds - Voice of God - Game Phrases/VOICE of God - Game Phrase - 'Laugh' (intense) 02, DRY.wav","deep|male|voice|(god)|character|'laugh'|(intense)|02|dry|voice|of|god|game|phrase|drywav|voice of god  game phrases|articulated sounds"
"VOICE of God - Game Phrase - Are You Ready, DRY.wav","Voice of God  Game Phrases","Articulated Sounds","https://sonniss.com/sound-effects/voice-god-game-phrases/","/Sonniss - GDC 2020 - Game Audio Bundle/Articulated Sounds - Voice of God - Game Phrases/VOICE of God - Game Phrase - Are You Ready, DRY.wav","deep|male|voice|(god)|character|are|you|ready|dry|voice|of|god|game|phrase|drywav|voice of god  game phrases|articulated sounds"
"VOICE of God - Game Phrase - Bonus Points, WET.wav","Voice of God  Game Phrases","Articulated Sounds","https://sonniss.com/sound-effects/voice-god-game-phrases/","/Sonniss - GDC 2020 - Game Audio Bundle/Articulated Sounds - Voice of God - Game Phrases/VOICE of God - Game Phrase - Bonus Points, WET.wav","deep|male|voice|(god)|character|bonus|points|wet|voice|of|god|game|phrase|wetwav|voice of god  game phrases|articulated sounds"
"VOICE of God - Game Phrase - God allows everything for a purpose, WET.wav","Voice of God  Game Phrases","Articulated Sounds","https://sonniss.com/sound-effects/voice-god-game-phrases/","/Sonniss - GDC 2020 - Game Audio Bundle/Articulated Sounds - Voice of God - Game Phrases/VOICE of God - Game Phrase - God allows everything for a purpose, WET.wav","deep|male|voice|(god)|character|god|allows|everything|for|a|purpose|wet|voice|of|game|phrase|wetwav|voice of god  game phrases|articulated sounds"
"Big Blast 4.wav","Sci Fi Blaster","Async Audio","https://sonniss.com/sound-effects/sci-fi-blaster/","/Sonniss - GDC 2020 - Game Audio Bundle/Async Audio - Sci-Fi Blaster/Big Blast 4.wav","big|blast|4wav|sci fi blaster|async audio"
"Blast Laser 2.wav","Sci Fi Blaster","Async Audio","https://sonniss.com/sound-effects/sci-fi-blaster/","/Sonniss - GDC 2020 - Game Audio Bundle/Async Audio - Sci-Fi Blaster/Blast Laser 2.wav","blast|laser|2wav|sci fi blaster|async audio"
"Blast Laser 4.wav","Sci Fi Blaster","Async Audio","https://sonniss.com/sound-effects/sci-fi-blaster/","/Sonniss - GDC 2020 - Game Audio Bundle/Async Audio - Sci-Fi Blaster/Blast Laser 4.wav","blast|laser|4wav|sci fi blaster|async audio"
"Recoil Blast 2.wav","Sci Fi Blaster","Async Audio","https://sonniss.com/sound-effects/sci-fi-blaster/","/Sonniss - GDC 2020 - Game Audio Bundle/Async Audio - Sci-Fi Blaster/Recoil Blast 2.wav","recoil|blast|2wav|sci fi blaster|async audio"
"Async Choppy Pierce 2.wav","Trailer Reverses","Async Audio","https://sonniss.com/sound-effects/trailer-reverses/","/Sonniss - GDC 2020 - Game Audio Bundle/Async Audio - Trailer Reverses/Async Choppy Pierce 2.wav","async|choppy|pierce|2wav|trailer reverses|async audio"
"Async Horror Piano.wav","Trailer Reverses","Async Audio","https://sonniss.com/sound-effects/trailer-reverses/","/Sonniss - GDC 2020 - Game Audio Bundle/Async Audio - Trailer Reverses/Async Horror Piano.wav","async|horror|pianowav|trailer reverses|async audio"
"Async Tonal Deep.wav","Trailer Reverses","Async Audio","https://sonniss.com/sound-effects/trailer-reverses/","/Sonniss - GDC 2020 - Game Audio Bundle/Async Audio - Trailer Reverses/Async Tonal Deep.wav","async|tonal|deepwav|trailer reverses|async audio"
"Async_Impact2.wav","Trailer Tools","Async Audio","https://sonniss.com/sound-effects/trailer-tools/","/Sonniss - GDC 2020 - Game Audio Bundle/Async Audio - Trailer Tools/Async_Impact2.wav","async_impact2wav|trailer tools|async audio"
"Async_Rex 4.wav","Trailer Tools","Async Audio","https://sonniss.com/sound-effects/trailer-tools/","/Sonniss - GDC 2020 - Game Audio Bundle/Async Audio - Trailer Tools/Async_Rex 4.wav","async_rex|4wav|trailer tools|async audio"
"Async_Stutter Pass.wav","Trailer Tools","Async Audio","https://sonniss.com/sound-effects/trailer-tools/","/Sonniss - GDC 2020 - Game Audio Bundle/Async Audio - Trailer Tools/Async_Stutter Pass.wav","async_stutter|passwav|trailer tools|async audio"
"FMW_Weapon_Foley_SciFi_Texture_05.wav","Future Melee Weapons","Audio Summoners","https://sonniss.com/sound-effects/future-melee-weapons/","/Sonniss - GDC 2020 - Game Audio Bundle/Audio Summoners - Future Melee Weapons/FMW_Weapon_Foley_SciFi_Texture_05.wav","fmw|weapon|foley|texture|long|fmw_weapon_foley_scifi_texture_05wav|future melee weapons|audio summoners"
"FMW_Weapon_Hit10C.wav","Future Melee Weapons","Audio Summoners","https://sonniss.com/sound-effects/future-melee-weapons//","/Sonniss - GDC 2020 - Game Audio Bundle/Audio Summoners - Future Melee Weapons/FMW_Weapon_Hit10C.wav","fmw|weapon|hit|short|fmw_weapon_hit10cwav|future melee weapons|audio summoners"
"FMW_Weapon_Layer_FX_24.wav","Future Melee Weapons","Audio Summoners","https://sonniss.com/sound-effects/future-melee-weapons/","/Sonniss - GDC 2020 - Game Audio Bundle/Audio Summoners - Future Melee Weapons/FMW_Weapon_Layer_FX_24.wav","fmw|weapon|layer|hit|fx|short|fmw_weapon_layer_fx_24wav|future melee weapons|audio summoners"
"FMW_Weapon_Layer_Interface_40.wav","Future Melee Weapons","Audio Summoners","https://sonniss.com/sound-effects/future-melee-weapons/","/Sonniss - GDC 2020 - Game Audio Bundle/Audio Summoners - Future Melee Weapons/FMW_Weapon_Layer_Interface_40.wav","fmw|weapon|layer|ui|hud|long|fmw_weapon_layer_interface_40wav|future melee weapons|audio summoners"
"Corroded Thorat_Mono.wav","Dark Creature Sounds","Audiomeals","https://sonniss.com/sound-effects/dark-creature-sounds/","/Sonniss - GDC 2020 - Game Audio Bundle/Audiomeals - Dark Creature Sounds/Corroded Thorat_Mono.wav","corroded|thorat_monowav|dark creature sounds|audiomeals"
"Creature Snarl 2_Mono.wav","Dark Creature Sounds","Audiomeals","https://sonniss.com/sound-effects/dark-creature-sounds/","/Sonniss - GDC 2020 - Game Audio Bundle/Audiomeals - Dark Creature Sounds/Creature Snarl 2_Mono.wav","creature|snarl|2_monowav|dark creature sounds|audiomeals"
"Dinosaur Growl 3_Mono.wav","Dark Creature Sounds","Audiomeals","https://sonniss.com/sound-effects/dark-creature-sounds/","/Sonniss - GDC 2020 - Game Audio Bundle/Audiomeals - Dark Creature Sounds/Dinosaur Growl 3_Mono.wav","dinosaur|growl|3_monowav|dark creature sounds|audiomeals"
"Talking Mutant 1_Mono.wav","Dark Creature Sounds","Audiomeals","https://sonniss.com/sound-effects/dark-creature-sounds/","/Sonniss - GDC 2020 - Game Audio Bundle/Audiomeals - Dark Creature Sounds/Talking Mutant 1_Mono.wav","talking|mutant|1_monowav|dark creature sounds|audiomeals"
"Mustang_Mach1 - 004 ONBOARD drive in traffic slow to medium - interior ORTF.wav","1970 Ford Mustang v8 Mach 1 Mustang_Mach1","aXLsound","https://sonniss.com/sound-effects/70-ford-mustang-mach-1/","/Sonniss - GDC 2020 - Game Audio Bundle/aXLsound - 1970 Ford Mustang v8 Mach 1/Mustang_Mach1 - 004 ONBOARD drive in traffic slow to medium - interior ORTF.wav","mustang_mach1|004|onboard|drive|in|traffic|slow|to|medium|interior|ortfwav|1970 ford mustang v8 mach 1 mustang_mach1|axlsound"
"Mustang_Mach1 - 010 ONBOARD drive fast - engine B.wav","1970 Ford Mustang v8 Mach 1 Mustang_Mach1","aXLsound","https://sonniss.com/sound-effects/70-ford-mustang-mach-1/","/Sonniss - GDC 2020 - Game Audio Bundle/aXLsound - 1970 Ford Mustang v8 Mach 1/Mustang_Mach1 - 010 ONBOARD drive fast - engine B.wav","mustang_mach1|010|onboard|drive|fast|engine|bwav|1970 ford mustang v8 mach 1 mustang_mach1|axlsound"
"Mustang_Mach1 - 021 EXT fast start away pass by pull up reverse revs - LR.wav","1970 Ford Mustang v8 Mach 1 Mustang_Mach1","aXLsound","https://sonniss.com/sound-effects/70-ford-mustang-mach-1/","/Sonniss - GDC 2020 - Game Audio Bundle/aXLsound - 1970 Ford Mustang v8 Mach 1/Mustang_Mach1 - 021 EXT fast start away pass by pull up reverse revs - LR.wav","mustang_mach1|021|ext|fast|start|away|pass|by|pull|up|reverse|revs|lrwav|1970 ford mustang v8 mach 1 mustang_mach1|axlsound"
"Mustang_Mach1 - 038 FX hood bonnet open close handling - LR.wav","1970 Ford Mustang v8 Mach 1 Mustang_Mach1","aXLsound","https://sonniss.com/sound-effects/70-ford-mustang-mach-1/","/Sonniss - GDC 2020 - Game Audio Bundle/aXLsound - 1970 Ford Mustang v8 Mach 1/Mustang_Mach1 - 038 FX hood bonnet open close handling - LR.wav","mustang_mach1|038|fx|hood|bonnet|open|close|handling|lrwav|1970 ford mustang v8 mach 1 mustang_mach1|axlsound"
"Lamps - Designed - 04 - becquerel - aXL.wav","Lamps","aXLsound","https://sonniss.com/sound-effects/lamps/","/Sonniss - GDC 2020 - Game Audio Bundle/aXLsound - Lamps/Lamps - Designed - 04 - becquerel - aXL.wav","buzzing|noise|light|bulb|fluorescent|lamp|/|tube|neon|tonal|steady|lamps|designed|04|becquerel|axlwav|axlsound"
"Lamps - Designed - 40 - watt - aXL.wav","Lamps","aXLsound","https://sonniss.com/sound-effects/lamps//","/Sonniss - GDC 2020 - Game Audio Bundle/aXLsound - Lamps/Lamps - Designed - 40 - watt - aXL.wav","buzzing|noise|light|bulb|fluorescent|lamp|/|tube|neon|steady|high|pitched|lamps|designed|40|watt|axlwav|axlsound"
"Lamps - Source - halogen light bulb - elektrousi - aXL.wav","Lamps","aXLsound","https://sonniss.com/sound-effects/lamps/","/Sonniss - GDC 2020 - Game Audio Bundle/aXLsound - Lamps/Lamps - Source - halogen light bulb - elektrousi - aXL.wav","electrical|buzz/hum|halogen|lamp|gritty|texture|50hz|current|rich|harmonic|content|lamps|source|light|bulb|elektrousi|axlwav|axlsound"
"Lamps - Source - neon tube fluorescent house basement light bulbs electromagnetic 02 - elektrousi - aXL.wav","Lamps","aXLsound","https://sonniss.com/sound-effects/lamps/","/Sonniss - GDC 2020 - Game Audio Bundle/aXLsound - Lamps/Lamps - Source - neon tube fluorescent house basement light bulbs electromagnetic 02 - elektrousi - aXL.wav","electrical|buzz/hum|fluorescent|light|tube|lamps|source|neon|house|basement|bulbs|electromagnetic|02|elektrousi|axlwav|axlsound"
"MtSw - Designed - the bulky one.wav","Metal Sweeteners","aXLsound","https://sonniss.com/sound-effects/metal-sweeteners-gun-hyper-realism/","/Sonniss - GDC 2020 - Game Audio Bundle/aXLsound - Metal Sweeteners - 192 kHz/MtSw - Designed - the bulky one.wav","weapon|firearm|gun|mechanic|futuristic|automatic|bullet|mtsw|designed|the|bulky|onewav|metal sweeteners|axlsound"
"MtSw - Designed - the shots 08.wav","Metal Sweeteners","aXLsound","https://sonniss.com/sound-effects/metal-sweeteners-gun-hyper-realism/","/Sonniss - GDC 2020 - Game Audio Bundle/aXLsound - Metal Sweeteners - 192 kHz/MtSw - Designed - the shots 08.wav","weapon|firearm|gun|mechanic|silencer|suppressor|single|shot|pew|processed|stylized|bullet|mtsw|designed|the|shots|08wav|metal sweeteners|axlsound"
"MtSw - Source - Fall - various objects.wav","Metal Sweeteners","aXLsound","https://sonniss.com/sound-effects/metal-sweeteners-gun-hyper-realism/","/Sonniss - GDC 2020 - Game Audio Bundle/aXLsound - Metal Sweeteners - 192 kHz/MtSw - Source - Fall - various objects.wav","metal|sweetener|foley|handling|natural|small|hit|mtsw|source|fall|various|objectswav|metal sweeteners|axlsound"
"MtSw - Source - Mech - stappler.wav","Metal Sweeteners","aXLsound","https://sonniss.com/sound-effects/metal-sweeteners-gun-hyper-realism/","/Sonniss - GDC 2020 - Game Audio Bundle/aXLsound - Metal Sweeteners - 192 kHz/MtSw - Source - Mech - stappler.wav","metal|sweetener|foley|handling|natural|small|hit|mtsw|source|mech|stapplerwav|metal sweeteners|axlsound"
"Planes - 10 - Takeoff - AB.wav","Planes","aXLsound","https://sonniss.com/sound-effects/planes-takeoffs-landings/","/Sonniss - GDC 2020 - Game Audio Bundle/aXLsound - Planes - Takeoffs and Landings/Planes - 10 - Takeoff - AB.wav","planes|10|takeoff|abwav|axlsound"
"Planes - 10 - Takeoff - BOOM.wav","Planes","aXLsound","https://sonniss.com/sound-effects/planes-takeoffs-landings/","/Sonniss - GDC 2020 - Game Audio Bundle/aXLsound - Planes - Takeoffs and Landings/Planes - 10 - Takeoff - BOOM.wav","planes|10|takeoff|boomwav|axlsound"
"Planes - 10 - Takeoff - C.wav","Planes","aXLsound","https://sonniss.com/sound-effects/planes-takeoffs-landings/","/Sonniss - GDC 2020 - Game Audio Bundle/aXLsound - Planes - Takeoffs and Landings/Planes - 10 - Takeoff - C.wav","planes|10|takeoff|cwav|axlsound"
"Planes - 10 - Takeoff - LR.wav","Planes","aXLsound","https://sonniss.com/sound-effects/planes-takeoffs-landings/","/Sonniss - GDC 2020 - Game Audio Bundle/aXLsound - Planes - Takeoffs and Landings/Planes - 10 - Takeoff - LR.wav","planes|10|takeoff|lrwav|axlsound"
"Scotch - air tone quiet nature airy wind presence deserted road loch lochy - LR.wav","Scottish Highlands","aXLsound","https://sonniss.com/sound-effects/scottish-highlands/","/Sonniss - GDC 2020 - Game Audio Bundle/aXLsound - Scottish Highlands/Scotch - air tone quiet nature airy wind presence deserted road loch lochy - LR.wav","scotch|air|tone|quiet|nature|airy|wind|presence|deserted|road|loch|lochy|lrwav|scottish highlands|axlsound"
"Scotch - loch lochy small quiet waves wavelets ripple lake water movement - C.wav","Scottish Highlands","aXLsound","https://sonniss.com/sound-effects/scottish-highlands/","/Sonniss - GDC 2020 - Game Audio Bundle/aXLsound - Scottish Highlands/Scotch - loch lochy small quiet waves wavelets ripple lake water movement - C.wav","scotch|loch|lochy|small|quiet|waves|wavelets|ripple|lake|water|movement|cwav|scottish highlands|axlsound"
"Scotch - loch lochy small quiet waves wavelets ripple lake water movement - LR.wav","Scottish Highlands","aXLsound","https://sonniss.com/sound-effects/scottish-highlands/","/Sonniss - GDC 2020 - Game Audio Bundle/aXLsound - Scottish Highlands/Scotch - loch lochy small quiet waves wavelets ripple lake water movement - LR.wav","scotch|loch|lochy|small|quiet|waves|wavelets|ripple|lake|water|movement|lrwav|scottish highlands|axlsound"
"Scotch - loch lochy small quiet waves wavelets ripple lake water movement - usiAB.wav","Scottish Highlands","aXLsound","https://sonniss.com/sound-effects/scottish-highlands/","/Sonniss - GDC 2020 - Game Audio Bundle/aXLsound - Scottish Highlands/Scotch - loch lochy small quiet waves wavelets ripple lake water movement - usiAB.wav","scotch|loch|lochy|small|quiet|waves|wavelets|ripple|lake|water|movement|usiabwav|scottish highlands|axlsound"
"SmartNotif - 034 - Operate - SPK A - 6t.wav","Smartphone Notification Sounds","aXLsound","https://sonniss.com/sound-effects/smartphone-notification-sounds/","/Sonniss - GDC 2020 - Game Audio Bundle/aXLsound - Smartphone Notification Sounds/SmartNotif - 034 - Operate - SPK A - 6t.wav","soft|effect|speakerized|through|phone|impulse|response|mobile|smart|message|notification|app|mail|text|sms|user|interface|smartnotif|034|operate|spk|a|6twav|smartphone notification sounds|axlsound"
"SmartNotif - 063 - Gym - SPK B - 3t.wav","Smartphone Notification Sounds","aXLsound","https://sonniss.com/sound-effects/smartphone-notification-sounds/","/Sonniss - GDC 2020 - Game Audio Bundle/aXLsound - Smartphone Notification Sounds/SmartNotif - 063 - Gym - SPK B - 3t.wav","mild|saturation|room|reverb|speakerized|through|phone|impulse|response|mobile|smart|message|notification|app|mail|text|sms|user|interface|smartnotif|063|gym|spk|b|3twav|smartphone notification sounds|axlsound"
"SmartNotif - 095 - Pebble - DRY.wav","Smartphone Notification Sounds","aXLsound","https://sonniss.com/sound-effects/smartphone-notification-sounds/","/Sonniss - GDC 2020 - Game Audio Bundle/aXLsound - Smartphone Notification Sounds/SmartNotif - 095 - Pebble - DRY.wav","source|sound|mobile|phone|smart|message|notification|app|mail|text|sms|user|interface|smartnotif|095|pebble|drywav|smartphone notification sounds|axlsound"
"SmartNotif - 266 - Belly - SPK C - P8.wav","Smartphone Notification Sounds","aXLsound","https://sonniss.com/sound-effects/smartphone-notification-sounds/","/Sonniss - GDC 2020 - Game Audio Bundle/aXLsound - Smartphone Notification Sounds/SmartNotif - 266 - Belly - SPK C - P8.wav","thin|dirty|speakerized|through|phone|impulse|response|mobile|smart|message|notification|app|mail|text|sms|user|interface|smartnotif|266|belly|spk|c|p8wav|smartphone notification sounds|axlsound"
"UPB - 010 - Source -  car medium pass by blurry C.wav","Urban Passes By","aXLsound","https://sonniss.com/sound-effects/urban-passes/","/Sonniss - GDC 2020 - Game Audio Bundle/aXLsound - Urban Passes By/UPB - 010 - Source -  car medium pass by blurry C.wav","upb|010|source|car|medium|pass|by|blurry|cwav|urban passes by|axlsound"
"UPB - 095 - Source -  int car slow pass by C.wav","Urban Passes By","aXLsound","https://sonniss.com/sound-effects/urban-passes/","/Sonniss - GDC 2020 - Game Audio Bundle/aXLsound - Urban Passes By/UPB - 095 - Source -  int car slow pass by C.wav","upb|095|source|int|car|slow|pass|by|cwav|urban passes by|axlsound"
"UPB - 227 - Designed - car interior medium pass by LR.wav","Urban Passes By","aXLsound","https://sonniss.com/sound-effects/urban-passes/","/Sonniss - GDC 2020 - Game Audio Bundle/aXLsound - Urban Passes By/UPB - 227 - Designed - car interior medium pass by LR.wav","traffic|vehicle|pass|by|medium|in|a|car|interior|cabin|inside|muffled|muted|softened|upb|227|designed|lrwav|urban passes by|axlsound"
"UPB - 245 - Designed - wet street texture pass by LR.wav","Urban Passes By","aXLsound","https://sonniss.com/sound-effects/urban-passes/","/Sonniss - GDC 2020 - Game Audio Bundle/aXLsound - Urban Passes By/UPB - 245 - Designed - wet street texture pass by LR.wav","traffic|vehicle|pass|by|tires|rolling|on|wet|asphalt|damp|no|engine|upb|245|designed|street|texture|lrwav|urban passes by|axlsound"
"Dropping Large Spinners In Metal Tackle Box, 02.wav","Fishing Tackle Box","Badlands Sound","https://sonniss.com/sound-effects/fishing-tackle-box/","/Sonniss - GDC 2020 - Game Audio Bundle/Badlands Sound - Fishing Tackle Box/Dropping Large Spinners In Metal Tackle Box, 02.wav","dropping|large|spinners|in|metal|tackle|box|02wav|fishing tackle box|badlands sound"
"Lifting Metal Tackle Box From Metal Bucket, 01.wav","Fishing Tackle Box","Badlands Sound","https://sonniss.com/sound-effects/fishing-tackle-box/","/Sonniss - GDC 2020 - Game Audio Bundle/Badlands Sound - Fishing Tackle Box/Lifting Metal Tackle Box From Metal Bucket, 01.wav","lifting|tackle|box|from|metal|bucket|01wav|fishing tackle box|badlands sound"
"Picking Up Metal Tackle Box Onto Wood Table, 01.wav","Fishing Tackle Box","Badlands Sound","https://sonniss.com/sound-effects/fishing-tackle-box/","/Sonniss - GDC 2020 - Game Audio Bundle/Badlands Sound - Fishing Tackle Box/Picking Up Metal Tackle Box Onto Wood Table, 01.wav","picking|up|metal|tackle|box|onto|wood|table|01wav|fishing tackle box|badlands sound"
"Setting Down Metal Tackle Box From Metal Bucket, 03.wav","Fishing Tackle Box","Badlands Sound","https://sonniss.com/sound-effects/fishing-tackle-box/","/Sonniss - GDC 2020 - Game Audio Bundle/Badlands Sound - Fishing Tackle Box/Setting Down Metal Tackle Box From Metal Bucket, 03.wav","setting|down|metal|tackle|box|from|bucket|03wav|fishing tackle box|badlands sound"
"Moving Loops, Fastfood Wrapper, Loopable.wav","Moving Loops","Badlands Sound","https://sonniss.com/sound-effects/moving-loops/","/Sonniss - GDC 2020 - Game Audio Bundle/Badlands Sound - Moving Loops/Moving Loops, Fastfood Wrapper, Loopable.wav","moving|loops|fastfood|wrapper|loopable|texture|rustle|rattle|shaking|loopablewav|moving loops|badlands sound"
"Moving Loops, Paper Towel, Loopable.wav","Moving Loops","Badlands Sound","https://sonniss.com/sound-effects/moving-loops/","/Sonniss - GDC 2020 - Game Audio Bundle/Badlands Sound - Moving Loops/Moving Loops, Paper Towel, Loopable.wav","moving|loops|paper|towel|loopable|texture|rustle|rattle|shaking|loopablewav|moving loops|badlands sound"
"Moving Loops, Set of Car Keys, Small Movements, Subtle, Loopable.wav","Moving Loops","Badlands Sound","https://sonniss.com/sound-effects/moving-loops/","/Sonniss - GDC 2020 - Game Audio Bundle/Badlands Sound - Moving Loops/Moving Loops, Set of Car Keys, Small Movements, Subtle, Loopable.wav","moving|loops|set|of|car|keys|small|movements|subtle|loopable|texture|rustle|rattle|shaking|loopablewav|moving loops|badlands sound"
"Moving Loops, Wind Breaker, Loopable.wav","Moving Loops","Badlands Sound","https://sonniss.com/sound-effects/moving-loops//","/Sonniss - GDC 2020 - Game Audio Bundle/Badlands Sound - Moving Loops/Moving Loops, Wind Breaker, Loopable.wav","moving|loops|wind|breaker|loopable|texture|rustle|rattle|shaking|loopablewav|moving loops|badlands sound"
"Button_Press 007.wav","Clicks & Switches","Bart Kamski","https://sonniss.com/sound-effects/clicksswitches/","/Sonniss - GDC 2020 - Game Audio Bundle/Bart Kamski - Clicks & Switches/Button_Press 007.wav","button_press|007wav|clicks & switches|bart kamski"
"Camera_Flash_Open 001.wav","Clicks & Switches","Bart Kamski","https://sonniss.com/sound-effects/clicksswitches/","/Sonniss - GDC 2020 - Game Audio Bundle/Bart Kamski - Clicks & Switches/Camera_Flash_Open 001.wav","camera_flash_open|001wav|clicks & switches|bart kamski"
"Electronic_Knob_Multi_Turns_Slow 016.wav","Clicks & Switches","Bart Kamski","https://sonniss.com/sound-effects/clicksswitches/","/Sonniss - GDC 2020 - Game Audio Bundle/Bart Kamski - Clicks & Switches/Electronic_Knob_Multi_Turns_Slow 016.wav","electronic_knob_multi_turns_slow|016wav|clicks & switches|bart kamski"
"Wall_Light_Double_Switch_Off 004.wav","Clicks & Switches","Bart Kamski","https://sonniss.com/sound-effects/clicksswitches/","/Sonniss - GDC 2020 - Game Audio Bundle/Bart Kamski - Clicks & Switches/Wall_Light_Double_Switch_Off 004.wav","wall_light_double_switch_off|004wav|clicks & switches|bart kamski"
"Ambience_Rain_Pouring Long.wav","Decaying Factory","Blond Panda","https://sonniss.com/sound-effects/decaying-factory/","/Sonniss - GDC 2020 - Game Audio Bundle/Blond Panda - Decaying Factory/Ambience_Rain_Pouring Long.wav","ambience_rain_pouring|longwav|decaying factory|blond panda"
"Fall_Metal_Thing_Distant.wav","Decaying Factory","Blond Panda","https://sonniss.com/sound-effects/decaying-factory/","/Sonniss - GDC 2020 - Game Audio Bundle/Blond Panda - Decaying Factory/Fall_Metal_Thing_Distant.wav","rppd\sound|effects\ruinen\decaying_factory\old_recordings\old_recordingsconsolidatedrpp|fall_metal_thing_distantwav|decaying factory|blond panda"
"Impact_Thin_3.wav","Decaying Factory","Blond Panda","https://sonniss.com/sound-effects/decaying-factory/","/Sonniss - GDC 2020 - Game Audio Bundle/Blond Panda - Decaying Factory/Impact_Thin_3.wav","rppd\sound|effects\ruinen\decaying_factory\old_recordings\old_recordingsconsolidatedrpp|impact_thin_3wav|decaying factory|blond panda"
"Throw_Metal_Thing.wav","Decaying Factory","Blond Panda","https://sonniss.com/sound-effects/decaying-factory/","/Sonniss - GDC 2020 - Game Audio Bundle/Blond Panda - Decaying Factory/Throw_Metal_Thing.wav","rppd\sound|effects\ruinen\decaying_factory\old_recordings\old_recordingsconsolidatedrpp|throw_metal_thingwav|decaying factory|blond panda"
"Bluezone_BC0262_black_project_cinematic_ambience_004.wav","Black Project Mustang_Mach1","Bluezone","https://sonniss.com/sound-effects/black-project-mysterious-cinematic-samples/","/Sonniss - GDC 2020 - Game Audio Bundle/Bluezone - Black Project - Mysterious Cinematic Samples/Bluezone_BC0262_black_project_cinematic_ambience_004.wav","bluezone_bc0262_black_project_cinematic_ambience_004wav|black project mustang_mach1|bluezone"
"Bluezone_BC0262_black_project_cinematic_ambience_024_01.wav","Black Project Mustang_Mach1","Bluezone","https://sonniss.com/sound-effects/black-project-mysterious-cinematic-samples/","/Sonniss - GDC 2020 - Game Audio Bundle/Bluezone - Black Project - Mysterious Cinematic Samples/Bluezone_BC0262_black_project_cinematic_ambience_024_01.wav","bluezone_bc0262_black_project_cinematic_ambience_024_01wav|black project mustang_mach1|bluezone"
"Bluezone_BC0262_black_project_cinematic_impact_010.wav","Black Project Mustang_Mach1","Bluezone","https://sonniss.com/sound-effects/black-project-mysterious-cinematic-samples/","/Sonniss - GDC 2020 - Game Audio Bundle/Bluezone - Black Project - Mysterious Cinematic Samples/Bluezone_BC0262_black_project_cinematic_impact_010.wav","bluezone_bc0262_black_project_cinematic_impact_010wav|black project mustang_mach1|bluezone"
"Bluezone_BC0262_black_project_cinematic_impact_013.wav","Black Project Mustang_Mach1","Bluezone","https://sonniss.com/sound-effects/black-project-mysterious-cinematic-samples/","/Sonniss - GDC 2020 - Game Audio Bundle/Bluezone - Black Project - Mysterious Cinematic Samples/Bluezone_BC0262_black_project_cinematic_impact_013.wav","bluezone_bc0262_black_project_cinematic_impact_013wav|black project mustang_mach1|bluezone"
"Bluezone_BC0272_creature_attack_whoosh_impact_003.wav","Cave Creature Sound Effects","Bluezone","https://sonniss.com/sound-effects/cave-creature-sound-effects/","/Sonniss - GDC 2020 - Game Audio Bundle/Bluezone - Cave Creature Sound Effects/Bluezone_BC0272_creature_attack_whoosh_impact_003.wav","bluezone_bc0272_creature_attack_whoosh_impact_003wav|cave creature sound effects|bluezone"
"Bluezone_BC0272_creature_footstep_damp_015.wav","Cave Creature Sound Effects","Bluezone","https://sonniss.com/sound-effects/cave-creature-sound-effects/","/Sonniss - GDC 2020 - Game Audio Bundle/Bluezone - Cave Creature Sound Effects/Bluezone_BC0272_creature_footstep_damp_015.wav","bluezone_bc0272_creature_footstep_damp_015wav|cave creature sound effects|bluezone"
"Bluezone_BC0272_creature_texture_mud_006.wav","Cave Creature Sound Effects","Bluezone","https://sonniss.com/sound-effects/cave-creature-sound-effects/","/Sonniss - GDC 2020 - Game Audio Bundle/Bluezone - Cave Creature Sound Effects/Bluezone_BC0272_creature_texture_mud_006.wav","bluezone_bc0272_creature_texture_mud_006wav|cave creature sound effects|bluezone"
"Bluezone_BC0272_creature_texture_water_movement_large_animal_009.wav","Cave Creature Sound Effects","Bluezone","https://sonniss.com/sound-effects/cave-creature-sound-effects/","/Sonniss - GDC 2020 - Game Audio Bundle/Bluezone - Cave Creature Sound Effects/Bluezone_BC0272_creature_texture_water_movement_large_animal_009.wav","bluezone_bc0272_creature_texture_water_movement_large_animal_009wav|cave creature sound effects|bluezone"
"Bluezone_BC0258_cinematic_metal_anvil_impact_005.wav","Cinematic Metal Impacts","Bluezone","https://sonniss.com/sound-effects/cinematic-metal-impacts/","/Sonniss - GDC 2020 - Game Audio Bundle/Bluezone - Cinematic Metal Impacts/Bluezone_BC0258_cinematic_metal_anvil_impact_005.wav","bluezone_bc0258_cinematic_metal_anvil_impact_005wav|cinematic metal impacts|bluezone"
"Bluezone_BC0258_cinematic_metal_impact_050.wav","Cinematic Metal Impacts","Bluezone","https://sonniss.com/sound-effects/cinematic-metal-impacts/","/Sonniss - GDC 2020 - Game Audio Bundle/Bluezone - Cinematic Metal Impacts/Bluezone_BC0258_cinematic_metal_impact_050.wav","bluezone_bc0258_cinematic_metal_impact_050wav|cinematic metal impacts|bluezone"
"Bluezone_BC0258_cinematic_metal_impact_052.wav","Cinematic Metal Impacts","Bluezone","https://sonniss.com/sound-effects/cinematic-metal-impacts/","/Sonniss - GDC 2020 - Game Audio Bundle/Bluezone - Cinematic Metal Impacts/Bluezone_BC0258_cinematic_metal_impact_052.wav","bluezone_bc0258_cinematic_metal_impact_052wav|cinematic metal impacts|bluezone"
"Bluezone_BC0258_cinematic_metal_impact_069.wav","Cinematic Metal Impacts","Bluezone","https://sonniss.com/sound-effects/cinematic-metal-impacts/","/Sonniss - GDC 2020 - Game Audio Bundle/Bluezone - Cinematic Metal Impacts/Bluezone_BC0258_cinematic_metal_impact_069.wav","bluezone_bc0258_cinematic_metal_impact_069wav|cinematic metal impacts|bluezone"
"Bluezone_BC0263_ambience_ocean_waves_002.wav","Crab Creature","Bluezone","https://sonniss.com/sound-effects/crab-creature/","/Sonniss - GDC 2020 - Game Audio Bundle/Bluezone - Crab - Creature/Bluezone_BC0263_ambience_ocean_waves_002.wav","bluezone_bc0263_ambience_ocean_waves_002wav|crab creature|bluezone"
"Bluezone_BC0263_creature_crab_organic_texture_attack_impact_009.wav","Crab Creature","Bluezone","https://sonniss.com/sound-effects/crab-creature/","/Sonniss - GDC 2020 - Game Audio Bundle/Bluezone - Crab - Creature/Bluezone_BC0263_creature_crab_organic_texture_attack_impact_009.wav","bluezone_bc0263_creature_crab_organic_texture_attack_impact_009wav|crab creature|bluezone"
"Bluezone_BC0263_creature_crab_organic_texture_carapace_crack_squishy_003.wav","Crab Creature","Bluezone","https://sonniss.com/sound-effects/crab-creature/","/Sonniss - GDC 2020 - Game Audio Bundle/Bluezone - Crab - Creature/Bluezone_BC0263_creature_crab_organic_texture_carapace_crack_squishy_003.wav","bluezone_bc0263_creature_crab_organic_texture_carapace_crack_squishy_003wav|crab creature|bluezone"
"Bluezone_BC0263_creature_crab_texture_underwater_003.wav","Crab Creature","Bluezone","https://sonniss.com/sound-effects/crab-creature/","/Sonniss - GDC 2020 - Game Audio Bundle/Bluezone - Crab - Creature/Bluezone_BC0263_creature_crab_texture_underwater_003.wav","bluezone_bc0263_creature_crab_texture_underwater_003wav|crab creature|bluezone"
"Bluezone_BC0267_cinematic_ambience_008_03.wav","Destiny  Cinematic Ambiences And Sound Effects","Bluezone","https://sonniss.com/sound-effects/destiny-cinematic-ambiences-sound-effects/","/Sonniss - GDC 2020 - Game Audio Bundle/Bluezone - Destiny - Cinematic Ambiences And Sound Effects/Bluezone_BC0267_cinematic_ambience_008_03.wav","bluezone_bc0267_cinematic_ambience_008_03wav|destiny  cinematic ambiences and sound effects|bluezone"
"Bluezone_BC0267_cinematic_impact_011.wav","Destiny  Cinematic Ambiences And Sound Effects","Bluezone","https://sonniss.com/sound-effects/destiny-cinematic-ambiences-sound-effects/","/Sonniss - GDC 2020 - Game Audio Bundle/Bluezone - Destiny - Cinematic Ambiences And Sound Effects/Bluezone_BC0267_cinematic_impact_011.wav","bluezone_bc0267_cinematic_impact_011wav|destiny  cinematic ambiences and sound effects|bluezone"
"Bluezone_BC0267_cinematic_texture_007.wav","Destiny  Cinematic Ambiences And Sound Effects","Bluezone","https://sonniss.com/sound-effects/destiny-cinematic-ambiences-sound-effects/","/Sonniss - GDC 2020 - Game Audio Bundle/Bluezone - Destiny - Cinematic Ambiences And Sound Effects/Bluezone_BC0267_cinematic_texture_007.wav","bluezone_bc0267_cinematic_texture_007wav|destiny  cinematic ambiences and sound effects|bluezone"
"Bluezone_BC0267_cinematic_transition_004.wav","Destiny  Cinematic Ambiences And Sound Effects","Bluezone","https://sonniss.com/sound-effects/destiny-cinematic-ambiences-sound-effects/","/Sonniss - GDC 2020 - Game Audio Bundle/Bluezone - Destiny - Cinematic Ambiences And Sound Effects/Bluezone_BC0267_cinematic_transition_004.wav","bluezone_bc0267_cinematic_transition_004wav|destiny  cinematic ambiences and sound effects|bluezone"
"Bluezone_BC0269_ambience_wind_blowing_short_texture_tree_falling_002.wav","Forest Creature Sound Effects","Bluezone","https://sonniss.com/sound-effects/forest-creature-sound-effects/","/Sonniss - GDC 2020 - Game Audio Bundle/Bluezone - Forest Creature Sound Effects/Bluezone_BC0269_ambience_wind_blowing_short_texture_tree_falling_002.wav","bluezone_bc0269_ambience_wind_blowing_short_texture_tree_falling_002wav|forest creature sound effects|bluezone"
"Bluezone_BC0269_creature_wood_attack_impact_dust_006.wav","Forest Creature Sound Effects","Bluezone","https://sonniss.com/sound-effects/forest-creature-sound-effects/","/Sonniss - GDC 2020 - Game Audio Bundle/Bluezone - Forest Creature Sound Effects/Bluezone_BC0269_creature_wood_attack_impact_dust_006.wav","bluezone_bc0269_creature_wood_attack_impact_dust_006wav|forest creature sound effects|bluezone"
"Bluezone_BC0269_creature_wood_footstep_medium_004.wav","Forest Creature Sound Effects","Bluezone","https://sonniss.com/sound-effects/forest-creature-sound-effects/","/Sonniss - GDC 2020 - Game Audio Bundle/Bluezone - Forest Creature Sound Effects/Bluezone_BC0269_creature_wood_footstep_medium_004.wav","bluezone_bc0269_creature_wood_footstep_medium_004wav|forest creature sound effects|bluezone"
"Bluezone_BC0269_creature_wood_texture_crack_heavy_rumble_006.wav","Forest Creature Sound Effects","Bluezone","https://sonniss.com/sound-effects/forest-creature-sound-effects/","/Sonniss - GDC 2020 - Game Audio Bundle/Bluezone - Forest Creature Sound Effects/Bluezone_BC0269_creature_wood_texture_crack_heavy_rumble_006.wav","bluezone_bc0269_creature_wood_texture_crack_heavy_rumble_006wav|forest creature sound effects|bluezone"
"Bluezone_BC0270_heaven_synth_atmosphere_004.wav","Heaven  Ethereal Ambient Samples","Bluezone","https://sonniss.com/sound-effects/heaven-ethereal-ambient-samples/","/Sonniss - GDC 2020 - Game Audio Bundle/Bluezone - Heaven - Ethereal Ambient Samples/Bluezone_BC0270_heaven_synth_atmosphere_004.wav","bluezone_bc0270_heaven_synth_atmosphere_004wav|heaven  ethereal ambient samples|bluezone"
"Bluezone_BC0270_heaven_synth_chord_phrase_002_01.wav","Heaven  Ethereal Ambient Samples","Bluezone","https://sonniss.com/sound-effects/heaven-ethereal-ambient-samples/","/Sonniss - GDC 2020 - Game Audio Bundle/Bluezone - Heaven - Ethereal Ambient Samples/Bluezone_BC0270_heaven_synth_chord_phrase_002_01.wav","bluezone_bc0270_heaven_synth_chord_phrase_002_01wav|heaven  ethereal ambient samples|bluezone"
"Bluezone_BC0270_heaven_synth_pad_atmosphere_009.wav","Heaven  Ethereal Ambient Samples","Bluezone","https://sonniss.com/sound-effects/heaven-ethereal-ambient-samples/","/Sonniss - GDC 2020 - Game Audio Bundle/Bluezone - Heaven - Ethereal Ambient Samples/Bluezone_BC0270_heaven_synth_pad_atmosphere_009.wav","bluezone_bc0270_heaven_synth_pad_atmosphere_009wav|heaven  ethereal ambient samples|bluezone"
"Bluezone_BC0270_heaven_synth_texture_melodic_phrase_soft_01_03.wav","Heaven  Ethereal Ambient Samples","Bluezone","https://sonniss.com/sound-effects/heaven-ethereal-ambient-samples/","/Sonniss - GDC 2020 - Game Audio Bundle/Bluezone - Heaven - Ethereal Ambient Samples/Bluezone_BC0270_heaven_synth_texture_melodic_phrase_soft_01_03.wav","bluezone_bc0270_heaven_synth_texture_melodic_phrase_soft_01_03wav|heaven  ethereal ambient samples|bluezone"
"Bluezone_BC0266_radio_beep_walkie_talkie_002.wav","Interception  Radio Transmission","Bluezone","https://sonniss.com/sound-effects/interception-radio-transmission/","/Sonniss - GDC 2020 - Game Audio Bundle/Bluezone - Interception - Radio Transmission/Bluezone_BC0266_radio_beep_walkie_talkie_002.wav","bluezone_bc0266_radio_beep_walkie_talkie_002wav|interception  radio transmission|bluezone"
"Bluezone_BC0266_radio_transmission_frequency_selection_002_03.wav","Interception  Radio Transmission","Bluezone","https://sonniss.com/sound-effects/interception-radio-transmission/","/Sonniss - GDC 2020 - Game Audio Bundle/Bluezone - Interception - Radio Transmission/Bluezone_BC0266_radio_transmission_frequency_selection_002_03.wav","bluezone_bc0266_radio_transmission_frequency_selection_002_03wav|interception  radio transmission|bluezone"
"Bluezone_BC0266_radio_transmission_interference_noise_transmitter_008.wav","Interception  Radio Transmission","Bluezone","https://sonniss.com/sound-effects/interception-radio-transmission/","/Sonniss - GDC 2020 - Game Audio Bundle/Bluezone - Interception - Radio Transmission/Bluezone_BC0266_radio_transmission_interference_noise_transmitter_008.wav","bluezone_bc0266_radio_transmission_interference_noise_transmitter_008wav|interception  radio transmission|bluezone"
"Bluezone_BC0266_radio_transmission_radio_chatter_voice_interference_002_03.wav","Interception  Radio Transmission","Bluezone","https://sonniss.com/sound-effects/interception-radio-transmission/","/Sonniss - GDC 2020 - Game Audio Bundle/Bluezone - Interception - Radio Transmission/Bluezone_BC0266_radio_transmission_radio_chatter_voice_interference_002_03.wav","bluezone_bc0266_radio_transmission_radio_chatter_voice_interference_002_03wav|interception  radio transmission|bluezone"
"Bluezone_BC0257_ambience_011.wav","Lunar  Cinematic Ambient Samples","Bluezone","https://sonniss.com/sound-effects/lunar-cinematic-ambient-samples/","/Sonniss - GDC 2020 - Game Audio Bundle/Bluezone - Lunar - Cinematic Ambient Samples/Bluezone_BC0257_ambience_011.wav","bluezone_bc0257_ambience_011wav|lunar  cinematic ambient samples|bluezone"
"Bluezone_BC0257_impact_005.wav","Lunar  Cinematic Ambient Samples","Bluezone","https://sonniss.com/sound-effects/lunar-cinematic-ambient-samples/","/Sonniss - GDC 2020 - Game Audio Bundle/Bluezone - Lunar - Cinematic Ambient Samples/Bluezone_BC0257_impact_005.wav","bluezone_bc0257_impact_005wav|lunar  cinematic ambient samples|bluezone"
"Bluezone_BC0257_texture_013.wav","Lunar  Cinematic Ambient Samples","Bluezone","https://sonniss.com/sound-effects/lunar-cinematic-ambient-samples/","/Sonniss - GDC 2020 - Game Audio Bundle/Bluezone - Lunar - Cinematic Ambient Samples/Bluezone_BC0257_texture_013.wav","bluezone_bc0257_texture_013wav|lunar  cinematic ambient samples|bluezone"
"Bluezone_BC0257_texture_sonar.wav","Lunar  Cinematic Ambient Samples","Bluezone","https://sonniss.com/sound-effects/lunar-cinematic-ambient-samples/","/Sonniss - GDC 2020 - Game Audio Bundle/Bluezone - Lunar - Cinematic Ambient Samples/Bluezone_BC0257_texture_sonar.wav","bluezone_bc0257_texture_sonarwav|lunar  cinematic ambient samples|bluezone"
"Bluezone_BC0261_mountain_dweller_creature_orc_footstep_mud_texture_003.wav","Mountain Dweller  Orc Sound Effects","Bluezone","https://sonniss.com/sound-effects/mountain-dweller-orc-sound-effects/","/Sonniss - GDC 2020 - Game Audio Bundle/Bluezone - Mountain Dweller - Orc Sound Effects/Bluezone_BC0261_mountain_dweller_creature_orc_footstep_mud_texture_003.wav","bluezone_bc0261_mountain_dweller_creature_orc_footstep_mud_texture_003wav|mountain dweller  orc sound effects|bluezone"
"Bluezone_BC0261_mountain_dweller_creature_orc_grunt_003.wav","Mountain Dweller  Orc Sound Effects","Bluezone","https://sonniss.com/sound-effects/mountain-dweller-orc-sound-effects/","/Sonniss - GDC 2020 - Game Audio Bundle/Bluezone - Mountain Dweller - Orc Sound Effects/Bluezone_BC0261_mountain_dweller_creature_orc_grunt_003.wav","bluezone_bc0261_mountain_dweller_creature_orc_grunt_003wav|mountain dweller  orc sound effects|bluezone"
"Bluezone_BC0261_mountain_dweller_texture_fire_whoosh_003.wav","Mountain Dweller  Orc Sound Effects","Bluezone","https://sonniss.com/sound-effects/mountain-dweller-orc-sound-effects/","/Sonniss - GDC 2020 - Game Audio Bundle/Bluezone - Mountain Dweller - Orc Sound Effects/Bluezone_BC0261_mountain_dweller_texture_fire_whoosh_003.wav","bluezone_bc0261_mountain_dweller_texture_fire_whoosh_003wav|mountain dweller  orc sound effects|bluezone"
"Bluezone_BC0261_mountain_dweller_tool_axe_whoosh_impact_003.wav","Mountain Dweller  Orc Sound Effects","Bluezone","https://sonniss.com/sound-effects/mountain-dweller-orc-sound-effects/","/Sonniss - GDC 2020 - Game Audio Bundle/Bluezone - Mountain Dweller - Orc Sound Effects/Bluezone_BC0261_mountain_dweller_tool_axe_whoosh_impact_003.wav","bluezone_bc0261_mountain_dweller_tool_axe_whoosh_impact_003wav|mountain dweller  orc sound effects|bluezone"
"Bluezone_BC0255_ambience_texture_004.wav","Nightfall  Scary Sound Effects And Ambiences","Bluezone","https://sonniss.com/sound-effects/nightfall-scary-sound-effects-ambiences/","/Sonniss - GDC 2020 - Game Audio Bundle/Bluezone - Nightfall - Scary Sound Effects And Ambiences/Bluezone_BC0255_ambience_texture_004.wav","bluezone_bc0255_ambience_texture_004wav|nightfall  scary sound effects and ambiences|bluezone"
"Bluezone_BC0255_impact_017.wav","Nightfall  Scary Sound Effects And Ambiences","Bluezone","https://sonniss.com/sound-effects/nightfall-scary-sound-effects-ambiences/","/Sonniss - GDC 2020 - Game Audio Bundle/Bluezone - Nightfall - Scary Sound Effects And Ambiences/Bluezone_BC0255_impact_017.wav","bluezone_bc0255_impact_017wav|nightfall  scary sound effects and ambiences|bluezone"
"Bluezone_BC0255_texture_wood_transition_impact_003.wav","Nightfall  Scary Sound Effects And Ambiences","Bluezone","https://sonniss.com/sound-effects/nightfall-scary-sound-effects-ambiences/","/Sonniss - GDC 2020 - Game Audio Bundle/Bluezone - Nightfall - Scary Sound Effects And Ambiences/Bluezone_BC0255_texture_wood_transition_impact_003.wav","bluezone_bc0255_texture_wood_transition_impact_003wav|nightfall  scary sound effects and ambiences|bluezone"
"Bluezone_BC0255_transition_011.wav","Nightfall  Scary Sound Effects And Ambiences","Bluezone","https://sonniss.com/sound-effects/nightfall-scary-sound-effects-ambiences/","/Sonniss - GDC 2020 - Game Audio Bundle/Bluezone - Nightfall - Scary Sound Effects And Ambiences/Bluezone_BC0255_transition_011.wav","bluezone_bc0255_transition_011wav|nightfall  scary sound effects and ambiences|bluezone"
"Bluezone_BC0264_snow_footsteps_run_004.wav","Snow Footsteps","Bluezone","https://sonniss.com/sound-effects/snow-footsteps/","/Sonniss - GDC 2020 - Game Audio Bundle/Bluezone - Snow Footsteps/Bluezone_BC0264_snow_footsteps_run_004.wav","bluezone_bc0264_snow_footsteps_run_004wav|snow footsteps|bluezone"
"Bluezone_BC0264_snow_footsteps_walk_013.wav","Snow Footsteps","Bluezone","https://sonniss.com/sound-effects/snow-footsteps/","/Sonniss - GDC 2020 - Game Audio Bundle/Bluezone - Snow Footsteps/Bluezone_BC0264_snow_footsteps_walk_013.wav","bluezone_bc0264_snow_footsteps_walk_013wav|snow footsteps|bluezone"
"Bluezone_BC0264_snow_footsteps_walk_deep_008.wav","Snow Footsteps","Bluezone","https://sonniss.com/sound-effects/snow-footsteps/","/Sonniss - GDC 2020 - Game Audio Bundle/Bluezone - Snow Footsteps/Bluezone_BC0264_snow_footsteps_walk_deep_008.wav","bluezone_bc0264_snow_footsteps_walk_deep_008wav|snow footsteps|bluezone"
"Bluezone_BC0264_snow_footsteps_walk_light_008.wav","Snow Footsteps","Bluezone","https://sonniss.com/sound-effects/snow-footsteps/","/Sonniss - GDC 2020 - Game Audio Bundle/Bluezone - Snow Footsteps/Bluezone_BC0264_snow_footsteps_walk_light_008.wav","bluezone_bc0264_snow_footsteps_walk_light_008wav|snow footsteps|bluezone"
"Bluezone_BC0256_water_splash_008.wav","Splash","Bluezone","https://sonniss.com/sound-effects/splash/","/Sonniss - GDC 2020 - Game Audio Bundle/Bluezone - Splash/Bluezone_BC0256_water_splash_008.wav","bluezone_bc0256_water_splash_008wav|splash|bluezone"
"Bluezone_BC0256_water_splash_distant_007.wav","Splash","Bluezone","https://sonniss.com/sound-effects/splash/","/Sonniss - GDC 2020 - Game Audio Bundle/Bluezone - Splash/Bluezone_BC0256_water_splash_distant_007.wav","bluezone_bc0256_water_splash_distant_007wav|splash|bluezone"
"Bluezone_BC0256_water_splash_drop_006.wav","Splash","Bluezone","https://sonniss.com/sound-effects/splash/","/Sonniss - GDC 2020 - Game Audio Bundle/Bluezone - Splash/Bluezone_BC0256_water_splash_drop_006.wav","bluezone_bc0256_water_splash_drop_006wav|splash|bluezone"
"Bluezone_BC0256_water_splash_small_008.wav","Splash","Bluezone","https://sonniss.com/sound-effects/splash/","/Sonniss - GDC 2020 - Game Audio Bundle/Bluezone - Splash/Bluezone_BC0256_water_splash_small_008.wav","bluezone_bc0256_water_splash_small_008wav|splash|bluezone"
"Bluezone_BC0268_switch_button_click_high_tech_interface_001.wav","Switch And Button Sound Effects","Bluezone","https://sonniss.com/sound-effects/switch-button-sound-effects/","/Sonniss - GDC 2020 - Game Audio Bundle/Bluezone - Switch And Button Sound Effects/Bluezone_BC0268_switch_button_click_high_tech_interface_001.wav","bluezone_bc0268_switch_button_click_high_tech_interface_001wav|switch and button sound effects|bluezone"
"Bluezone_BC0268_switch_button_click_high_tech_mechanical_007_01.wav","Switch And Button Sound Effects","Bluezone","https://sonniss.com/sound-effects/switch-button-sound-effects/","/Sonniss - GDC 2020 - Game Audio Bundle/Bluezone - Switch And Button Sound Effects/Bluezone_BC0268_switch_button_click_high_tech_mechanical_007_01.wav","bluezone_bc0268_switch_button_click_high_tech_mechanical_007_01wav|switch and button sound effects|bluezone"
"Bluezone_BC0268_switch_button_click_ignition_002_03.wav","Switch And Button Sound Effects","Bluezone","https://sonniss.com/sound-effects/switch-button-sound-effects/","/Sonniss - GDC 2020 - Game Audio Bundle/Bluezone - Switch And Button Sound Effects/Bluezone_BC0268_switch_button_click_ignition_002_03.wav","bluezone_bc0268_switch_button_click_ignition_002_03wav|switch and button sound effects|bluezone"
"Bluezone_BC0268_switch_button_click_small_005.wav","Switch And Button Sound Effects","Bluezone","https://sonniss.com/sound-effects/switch-button-sound-effects/","/Sonniss - GDC 2020 - Game Audio Bundle/Bluezone - Switch And Button Sound Effects/Bluezone_BC0268_switch_button_click_small_005.wav","bluezone_bc0268_switch_button_click_small_005wav|switch and button sound effects|bluezone"
"Bluezone_BC0271_debris_falling_rock_dust_002.wav","Tank  Explosion Sound Effects","Bluezone","https://sonniss.com/sound-effects/tank-explosion-sound-effects/","/Sonniss - GDC 2020 - Game Audio Bundle/Bluezone - Tank - Explosion Sound Effects/Bluezone_BC0271_debris_falling_rock_dust_002.wav","bluezone_bc0271_debris_falling_rock_dust_002wav|tank  explosion sound effects|bluezone"
"Bluezone_BC0271_explosion_outdoors_large_005.wav","Tank  Explosion Sound Effects","Bluezone","https://sonniss.com/sound-effects/tank-explosion-sound-effects/","/Sonniss - GDC 2020 - Game Audio Bundle/Bluezone - Tank - Explosion Sound Effects/Bluezone_BC0271_explosion_outdoors_large_005.wav","bluezone_bc0271_explosion_outdoors_large_005wav|tank  explosion sound effects|bluezone"
"Bluezone_BC0271_shell_trajectory_004.wav","Tank  Explosion Sound Effects","Bluezone","https://sonniss.com/sound-effects/tank-explosion-sound-effects/","/Sonniss - GDC 2020 - Game Audio Bundle/Bluezone - Tank - Explosion Sound Effects/Bluezone_BC0271_shell_trajectory_004.wav","bluezone_bc0271_shell_trajectory_004wav|tank  explosion sound effects|bluezone"
"Bluezone_BC0271_tank_artillery_cannon_shot_012.wav","Tank  Explosion Sound Effects","Bluezone","https://sonniss.com/sound-effects/tank-explosion-sound-effects/","/Sonniss - GDC 2020 - Game Audio Bundle/Bluezone - Tank - Explosion Sound Effects/Bluezone_BC0271_tank_artillery_cannon_shot_012.wav","bluezone_bc0271_tank_artillery_cannon_shot_012wav|tank  explosion sound effects|bluezone"
"Bluezone_BC0259_wilderness_flowing_water_river_002.wav","Wilderness  Flowing Water","Bluezone","https://sonniss.com/sound-effects/wilderness-flowing-water/","/Sonniss - GDC 2020 - Game Audio Bundle/Bluezone - Wilderness - Flowing Water/Bluezone_BC0259_wilderness_flowing_water_river_002.wav","bluezone_bc0259_wilderness_flowing_water_river_002wav|wilderness  flowing water|bluezone"
"Bluezone_BC0259_wilderness_flowing_water_stream_001_01.wav","Wilderness  Flowing Water","Bluezone","https://sonniss.com/sound-effects/wilderness-flowing-water/","/Sonniss - GDC 2020 - Game Audio Bundle/Bluezone - Wilderness - Flowing Water/Bluezone_BC0259_wilderness_flowing_water_stream_001_01.wav","bluezone_bc0259_wilderness_flowing_water_stream_001_01wav|wilderness  flowing water|bluezone"
"Bluezone_BC0259_wilderness_flowing_water_waterfall_small_002.wav","Wilderness  Flowing Water","Bluezone","https://sonniss.com/sound-effects/wilderness-flowing-water/","/Sonniss - GDC 2020 - Game Audio Bundle/Bluezone - Wilderness - Flowing Water/Bluezone_BC0259_wilderness_flowing_water_waterfall_small_002.wav","bluezone_bc0259_wilderness_flowing_water_waterfall_small_002wav|wilderness  flowing water|bluezone"
"Bluezone_BC0260_thorium_cinematic_trailer_ambience_023.wav","Thorium  Cinematic Trailer","Bluezone","https://sonniss.com/sound-effects/thorium-cinematic-trailer/","/Sonniss - GDC 2020 - Game Audio Bundle/Bluezone -Thorium - Cinematic Trailer/Bluezone_BC0260_thorium_cinematic_trailer_ambience_023.wav","bluezone_bc0260_thorium_cinematic_trailer_ambience_023wav|thorium  cinematic trailer|bluezone"
"Bluezone_BC0260_thorium_cinematic_trailer_impact_023.wav","Thorium  Cinematic Trailer","Bluezone","https://sonniss.com/sound-effects/thorium-cinematic-trailer/","/Sonniss - GDC 2020 - Game Audio Bundle/Bluezone -Thorium - Cinematic Trailer/Bluezone_BC0260_thorium_cinematic_trailer_impact_023.wav","bluezone_bc0260_thorium_cinematic_trailer_impact_023wav|thorium  cinematic trailer|bluezone"
"Bluezone_BC0260_thorium_cinematic_trailer_tension_001.wav","Thorium  Cinematic Trailer","Bluezone","https://sonniss.com/sound-effects/thorium-cinematic-trailer/","/Sonniss - GDC 2020 - Game Audio Bundle/Bluezone -Thorium - Cinematic Trailer/Bluezone_BC0260_thorium_cinematic_trailer_tension_001.wav","bluezone_bc0260_thorium_cinematic_trailer_tension_001wav|thorium  cinematic trailer|bluezone"
"Bluezone_BC0260_thorium_cinematic_trailer_texture_008.wav","Thorium  Cinematic Trailer","Bluezone","https://sonniss.com/sound-effects/thorium-cinematic-trailer/","/Sonniss - GDC 2020 - Game Audio Bundle/Bluezone -Thorium - Cinematic Trailer/Bluezone_BC0260_thorium_cinematic_trailer_texture_008.wav","bluezone_bc0260_thorium_cinematic_trailer_texture_008wav|thorium  cinematic trailer|bluezone"
"04_Royal Enfield,Bullet,Kick,Single.wav","Royal Enfield Classic 350","Bombay Sonic","https://sonniss.com/sound-effects/royal-enfield-350-classic/","/Sonniss - GDC 2020 - Game Audio Bundle/Bombay Sonic - Royal Enfield Classic 350/04_Royal Enfield,Bullet,Kick,Single.wav","04_royal|enfield|bullet|kick|singlewav|royal enfield classic 350|bombay sonic"
"19_Royal Enfield,Bullet,Kick,Start,Rev,Idle,Stop.wav","Royal Enfield Classic 350","Bombay Sonic","https://sonniss.com/sound-effects/royal-enfield-350-classic//","/Sonniss - GDC 2020 - Game Audio Bundle/Bombay Sonic - Royal Enfield Classic 350/19_Royal Enfield,Bullet,Kick,Start,Rev,Idle,Stop.wav","19_royal|enfield|bullet|kick|start|rev|idle|stopwav|royal enfield classic 350|bombay sonic"
"38_Royal Enfield,Bullet,Pass By,Slow.wav","Royal Enfield Classic 350","Bombay Sonic","https://sonniss.com/sound-effects/royal-enfield-350-classic/","/Sonniss - GDC 2020 - Game Audio Bundle/Bombay Sonic - Royal Enfield Classic 350/38_Royal Enfield,Bullet,Pass By,Slow.wav","38_royal|enfield|bullet|pass|by|slowwav|royal enfield classic 350|bombay sonic"
"56_Royal Enfield,Bullet,Very Slow,Approach,Squeak,Idle,Stop.wav","Royal Enfield Classic 350","Bombay Sonic","https://sonniss.com/sound-effects/royal-enfield-350-classic/","/Sonniss - GDC 2020 - Game Audio Bundle/Bombay Sonic - Royal Enfield Classic 350/56_Royal Enfield,Bullet,Very Slow,Approach,Squeak,Idle,Stop.wav","56_royal|enfield|bullet|very|slow|approach|squeak|idle|stopwav|royal enfield classic 350|bombay sonic"
"Alien_Damage_1__calicrazed.com.wav","Alien Sound Effects","Cali Crazed Beats","https://sonniss.com/sound-effects/alien-sound-effects/","/Sonniss - GDC 2020 - Game Audio Bundle/Cali Crazed Beats - Alien Sound Effects/Alien_Damage_1__calicrazed.com.wav","alien_damage_1__calicrazedcomwav|alien sound effects|cali crazed beats"
"Alien_Vox_4_Destroy__calicrazed.com.wav","Alien Sound Effects","Cali Crazed Beats","https://sonniss.com/sound-effects/alien-sound-effects/","/Sonniss - GDC 2020 - Game Audio Bundle/Cali Crazed Beats - Alien Sound Effects/Alien_Vox_4_Destroy__calicrazed.com.wav","alien_vox_4_destroy__calicrazedcomwav|alien sound effects|cali crazed beats"
"Laser_Cannon_Blast_2__calicrazed.com.wav","Alien Sound Effects","Cali Crazed Beats","https://sonniss.com/sound-effects/alien-sound-effects/","/Sonniss - GDC 2020 - Game Audio Bundle/Cali Crazed Beats - Alien Sound Effects/Laser_Cannon_Blast_2__calicrazed.com.wav","laser_cannon_blast_2__calicrazedcomwav|alien sound effects|cali crazed beats"
"Signal_2__calicrazed.com.wav","Alien Sound Effects","Cali Crazed Beats","https://sonniss.com/sound-effects/alien-sound-effects/","/Sonniss - GDC 2020 - Game Audio Bundle/Cali Crazed Beats - Alien Sound Effects/Signal_2__calicrazed.com.wav","signal_2__calicrazedcomwav|alien sound effects|cali crazed beats"
"Counter_9.wav","Infographic SFX","CB Sounddesign","https://sonniss.com/sound-effects/infographic-sfx/","/Sonniss - GDC 2020 - Game Audio Bundle/CB Sounddesign - Infographic SFX/Counter_9.wav","count|counter|numbers|digit|infographic|information|motiondesign|educational|tutorial|statistic|coorporate|presentation|counter_9wav|infographic sfx|cb sounddesign"
"Organic_Whoosh_14.wav","Infographic SFX","CB Sounddesign","https://sonniss.com/sound-effects/infographic-sfx/","/Sonniss - GDC 2020 - Game Audio Bundle/CB Sounddesign - Infographic SFX/Organic_Whoosh_14.wav","whoosh|movement|transition|infographic|information|motiondesign|educational|tutorial|statistic|coorporate|presentation|organic_whoosh_14wav|infographic sfx|cb sounddesign"
"Page_Turn_14.wav","Infographic SFX","CB Sounddesign","https://sonniss.com/sound-effects/infographic-sfx/","/Sonniss - GDC 2020 - Game Audio Bundle/CB Sounddesign - Infographic SFX/Page_Turn_14.wav","paper|page|book|newspaper|notice|note|infographic|information|motiondesign|educational|tutorial|statistic|coorporate|presentation|page_turn_14wav|infographic sfx|cb sounddesign"
"Photocamera1_2.wav","Infographic SFX","CB Sounddesign","https://sonniss.com/sound-effects/infographic-sfx/","/Sonniss - GDC 2020 - Game Audio Bundle/CB Sounddesign - Infographic SFX/Photocamera1_2.wav","camera|click|infographic|information|motiondesign|educational|tutorial|statistic|coorporate|presentation|photocamera1_2wav|infographic sfx|cb sounddesign"
"AMBISONIC_A EXT BOLOGNA Day Busy Street 02.wav","AMBISONICS  ITALY","Coll Anderson","https://sonniss.com/sound-effects/ambisonics-italy/","/Sonniss - GDC 2020 - Game Audio Bundle/Coll Anderson - AMBISONICS - ITALY/AMBISONIC_A EXT BOLOGNA Day Busy Street 02.wav","bologna|busy|day|street|traffic|and|people|movement|voices|ambisonic_a|ext|02wav|ambisonics  italy|coll anderson"
"AMBISONIC_A EXT ROME Street Crowded People Traffic 01.wav","AMBISONICS  ITALY","Coll Anderson","https://sonniss.com/sound-effects/ambisonics-italy/","/Sonniss - GDC 2020 - Game Audio Bundle/Coll Anderson - AMBISONICS - ITALY/AMBISONIC_A EXT ROME Street Crowded People Traffic 01.wav","rome|shopping|district|with|traffic|and|people|busy|ambisonic_a|ext|street|crowded|01wav|ambisonics  italy|coll anderson"
"AMBISONIC_A EXT VENICE Night Skyline 02.wav","AMBISONICS  ITALY","Coll Anderson","https://sonniss.com/sound-effects/ambisonics-italy/","/Sonniss - GDC 2020 - Game Audio Bundle/Coll Anderson - AMBISONICS - ITALY/AMBISONIC_A EXT VENICE Night Skyline 02.wav","venice|night|city|air|five|stories|up|skyline|ambisonic_a|ext|night|02wav|ambisonics  italy|coll anderson"
"AMBISONIC_A INT ROME Building Courtyard Foyer Day 02.wav","AMBISONICS  ITALY","Coll Anderson","https://sonniss.com/sound-effects/ambisonics-italy/","/Sonniss - GDC 2020 - Game Audio Bundle/Coll Anderson - AMBISONICS - ITALY/AMBISONIC_A INT ROME Building Courtyard Foyer Day 02.wav","rome|courtyard|very|large|old|apartment|building|with|ac|units|people|presence|and|open|elevator|movement|ambisonic_a|int|foyer|day|02wav|ambisonics  italy|coll anderson"
"AMBISONIC_A INT Car Wash Detailing Line 01.wav","AMBISONICS A  Car","Coll Anderson","https://sonniss.com/sound-effects/ambisonics-car/","/Sonniss - GDC 2020 - Game Audio Bundle/Coll Anderson - AMBISONICS A - Car/AMBISONIC_A INT Car Wash Detailing Line 01.wav","car|shop|detailing|line|workshop|ambisonic_a|int|wash|01wav|ambisonics a  car|coll anderson"
"AMBISONIC_A INT VW Golf Car Light Rain On Roof 02.wav","AMBISONICS A  Car","Coll Anderson","https://sonniss.com/sound-effects/ambisonics-car/","/Sonniss - GDC 2020 - Game Audio Bundle/Coll Anderson - AMBISONICS A - Car/AMBISONIC_A INT VW Golf Car Light Rain On Roof 02.wav","light|rain|on|golf|cart|roof|ambisonic_a|int|vw|car|02wav|ambisonics a  car|coll anderson"
"AMBISONIC_A INT Hotel Elevator Sequence 02.wav","AMBISONICS A  Hotel","Coll Anderson","https://sonniss.com/sound-effects/ambisonics-hotel/","/Sonniss - GDC 2020 - Game Audio Bundle/Coll Anderson - AMBISONICS A - Hotel/AMBISONIC_A INT Hotel Elevator Sequence 02.wav","elevator|rises|and|falls|with|slight|whoosh|beeps|when|it|comes|to|a|halt|doors|open/close|ambisonic_a|int|hotel|sequence|02wav|ambisonics a  hotel|coll anderson"
"AMBISONIC_A INT Low End Hotel Bar Lounge Walla 01.wav","AMBISONICS A  Hotel","Coll Anderson","https://sonniss.com/sound-effects/ambisonics-hotel/","/Sonniss - GDC 2020 - Game Audio Bundle/Coll Anderson - AMBISONICS A - Hotel/AMBISONIC_A INT Low End Hotel Bar Lounge Walla 01.wav","walla|hotel|lounge|crowded|ambisonic_a|int|low|end|bar|01wav|ambisonics a  hotel|coll anderson"
"AMBISONIC_A INT Bathroom 01.wav","AMBISONICS A  House","Coll Anderson","https://sonniss.com/sound-effects/ambisonics-house/","/Sonniss - GDC 2020 - Game Audio Bundle/Coll Anderson - AMBISONICS A - House/AMBISONIC_A INT Bathroom 01.wav","home|bathroom|running|water|in|pipes|reflective|room|tone|ambisonic_a|int|01wav|ambisonics a  house|coll anderson"
"AMBISONIC_A INT of EXT House Lawn Mowing In Yard 01.wav","AMBISONICS A House","Coll Anderson","https://sonniss.com/sound-effects/ambisonics-house/","/Sonniss - GDC 2020 - Game Audio Bundle/Coll Anderson - AMBISONICS A - House/AMBISONIC_A INT of EXT House Lawn Mowing In Yard 01.wav","house|room|tone|with|lawn|mower|outside|mowing|ambisonic_a|int|of|ext|house|in|yard|01wav|ambisonics a house|coll anderson"
"AMBISONIC_A SD INT Metal Impact Resonant Ring High Pitch 03 B.wav","AMBISONICS A  Metal Sound Design Elements","Coll Anderson","https://sonniss.com/sound-effects/ambisonics-metal-sound-design-elements/","/Sonniss - GDC 2020 - Game Audio Bundle/Coll Anderson - AMBISONICS A - Metal Sound Design Elements/AMBISONIC_A SD INT Metal Impact Resonant Ring High Pitch 03 B.wav","resonant|metal|movement|design|elements|ambisonic_a|sd|int|impact|ring|high|pitch|03|bwav|ambisonics a  metal sound design elements|coll anderson"
"AMBISONIC_A SD INT Metal Iron Steel Drop Concrete 23 C.wav","AMBISONICS A  Metal Sound Design Elements","Coll Anderson","https://sonniss.com/sound-effects/ambisonics-metal-sound-design-elements/","/Sonniss - GDC 2020 - Game Audio Bundle/Coll Anderson - AMBISONICS A - Metal Sound Design Elements/AMBISONIC_A SD INT Metal Iron Steel Drop Concrete 23 C.wav","resonant|metal|movement|design|elements|ambisonic_a|sd|int|iron|steel|drop|concrete|23|cwav|ambisonics a  metal sound design elements|coll anderson"
"AMBISONIC_A SD Screen Door Spring Tension 07.wav","AMBISONICS A  Metal Sound Design Elements","Coll Anderson","https://sonniss.com/sound-effects/ambisonics-metal-sound-design-elements/","/Sonniss - GDC 2020 - Game Audio Bundle/Coll Anderson - AMBISONICS A - Metal Sound Design Elements/AMBISONIC_A SD Screen Door Spring Tension 07.wav","spring|tension|screen|door|very|flappy|ambisonic_a|sd|07wav|ambisonics a  metal sound design elements|coll anderson"
"AMBISONIC_A EXT Summer Afternoon Distant Party Walla 02.wav","AMBISONICS A  People","Coll Anderson","https://sonniss.com/sound-effects/ambisonics-people/","/Sonniss - GDC 2020 - Game Audio Bundle/Coll Anderson - AMBISONICS A - People/AMBISONIC_A EXT Summer Afternoon Distant Party Walla 02.wav","walla|party|outside|40|yards|away|with|road|and|car|bys|between|microphone|people|surburbian|ambisonic_a|ext|summer|afternoon|distant|02wav|ambisonics a  people|coll anderson"
"AMBISONIC_A INT Church Dismiss Long Walla Walk Out 01.wav","AMBISONICS A  People","Coll Anderson","https://sonniss.com/sound-effects/ambisonics-people/","/Sonniss - GDC 2020 - Game Audio Bundle/Coll Anderson - AMBISONICS A - People/AMBISONIC_A INT Church Dismiss Long Walla Walk Out 01.wav","church|or|meeting|auditorium|dismiss|with|long|walk|out|ambisonic_a|int|walla|01wav|ambisonics a  people|coll anderson"
"AMBISONIC_A INT School Hall Walla Deep 01.wav","AMBISONICS A  People","Coll Anderson","https://sonniss.com/sound-effects/ambisonics-people/","/Sonniss - GDC 2020 - Game Audio Bundle/Coll Anderson - AMBISONICS A - People/AMBISONIC_A INT School Hall Walla Deep 01.wav","school|room|tone|with|people|walla|deep|ambisonic_a|int|hall|01wav|ambisonics a  people|coll anderson"
"AMBISONICS_A EXT NYC 23rd between 8th and 9th Ave Moring 02.wav","AMBISONICS A  Quite NYC","Coll Anderson","https://sonniss.com/sound-effects/ambisonics-nyc/","/Sonniss - GDC 2020 - Game Audio Bundle/Coll Anderson - AMBISONICS A - Quite NYC/AMBISONICS_A EXT NYC 23rd between 8th and 9th Ave Moring 02.wav","new|york|city|exterrior|sparce|traffic|deep|horns|human|movement|pop|outs|ambisonics_a|ext|nyc|23rd|between|8th|and|9th|ave|moring|02wav|ambisonics a  quite nyc|coll anderson"
"AMBISONICS_A EXT NYC Times Square Evening 01.wav","AMBISONICS A  Quite NYC","Coll Anderson","https://sonniss.com/sound-effects/ambisonics-nyc/","/Sonniss - GDC 2020 - Game Audio Bundle/Coll Anderson - AMBISONICS A - Quite NYC/AMBISONICS_A EXT NYC Times Square Evening 01.wav","new|york|city|exterrior|sparce|traffic|with|human|movement|pop|outs|ambisonics_a|ext|nyc|times|square|evening|01wav|ambisonics a  quite nyc|coll anderson"
"AMBISONICS_A EXT NYC Under Manhattan Bridge 04.wav","AMBISONICS A  Quite NYC","Coll Anderson","https://sonniss.com/sound-effects/ambisonics-nyc/","/Sonniss - GDC 2020 - Game Audio Bundle/Coll Anderson - AMBISONICS A - Quite NYC/AMBISONICS_A EXT NYC Under Manhattan Bridge 04.wav","new|york|city|exterrior|under|manhattan|bridge|traffic|and|subway|trains|overhead|ambisonics_a|ext|nyc|04wav|ambisonics a  quite nyc|coll anderson"
"AMBISONIC_A EXT Gondola Terminal Close 02.wav","AMBISONICS A  Ski Resort Cab Carts & Terminal","Coll Anderson","https://sonniss.com/sound-effects/ambisonics-ski-resort-cab-carts-terminal/","/Sonniss - GDC 2020 - Game Audio Bundle/Coll Anderson - AMBISONICS A - Ski Resort Cab Carts & Terminal/AMBISONIC_A EXT Gondola Terminal Close 02.wav","ski|resort|mountain|top|gondola|terminal|close|with|people|and|machine|movement|ambisonic_a|ext|02wav|ambisonics a  ski resort cab carts & terminal|coll anderson"
"AMBISONIC_A INT Gondola Cab Ride Shiv Wheel Bumps 03.wav","AMBISONICS A  Ski Resort Cab Carts & Terminal","Coll Anderson","https://sonniss.com/sound-effects/ambisonics-ski-resort-cab-carts-terminal/","/Sonniss - GDC 2020 - Game Audio Bundle/Coll Anderson - AMBISONICS A - Ski Resort Cab Carts & Terminal/AMBISONIC_A INT Gondola Cab Ride Shiv Wheel Bumps 03.wav","ski|resort|gondola|cab|ride|with|shiv|wheel|bumps|ambisonic_a|int|03wav|ambisonics a  ski resort cab carts & terminal|coll anderson"
"AMBISONIC_A EXT Calm Evening Field in Milton NY 01.wav","AMBISONICS A   Small Town Surburbia","Coll Anderson","https://sonniss.com/sound-effects/ambisonics-small-town-surburbia/","/Sonniss - GDC 2020 - Game Audio Bundle/Coll Anderson - AMBISONICS A - Small Town Surburbia/AMBISONIC_A EXT Calm Evening Field in Milton NY 01.wav","rural|field|constant|bright|hum|of|bugs|light|thunder|ambisonic_a|ext|calm|evening|field|in|milton|ny|01wav|ambisonics a   small town surburbia|coll anderson"
"AMBISONIC_A EXT Marketplace Parking Lot 02.wav","AMBISONICS A  Small Town Surburbia","Coll Anderson","https://sonniss.com/sound-effects/ambisonics-small-town-surburbia/","/Sonniss - GDC 2020 - Game Audio Bundle/Coll Anderson - AMBISONICS A - Small Town Surburbia/AMBISONIC_A EXT Marketplace Parking Lot 02.wav","parking|lot|cars|passing|by|&|pulling|in|some|door|slams|ambisonic_a|ext|marketplace|lot|02wav|ambisonics a  small town surburbia|coll anderson"
"AMBISONIC_A EXT Surburbia Dusk Crickets Dog Traffic Deep 03.wav","AMBISONICS A  Small Town Surburbia","Coll Anderson","https://sonniss.com/sound-effects/ambisonics-small-town-surburbia/","/Sonniss - GDC 2020 - Game Audio Bundle/Coll Anderson - AMBISONICS A - Small Town Surburbia/AMBISONIC_A EXT Surburbia Dusk Crickets Dog Traffic Deep 03.wav","new|england|dusk|crickets|forrest|clearing|some|deep|dog|barks|ambisonic_a|ext|surburbia|traffic|03wav|ambisonics a  small town surburbia|coll anderson"
"AMBISONIC_A EXT Water Dripping Off Awning and Cars Passing on Wet Roads 01.wav","AMBISONICS A  Small Town Surburbia","Coll Anderson","https://sonniss.com/sound-effects/ambisonics-small-town-surburbia/","/Sonniss - GDC 2020 - Game Audio Bundle/Coll Anderson - AMBISONICS A - Small Town Surburbia/AMBISONIC_A EXT Water Dripping Off Awning and Cars Passing on Wet Roads 01.wav","cars|passing|sporadically|on|wet|roads|water|dripping|off|awning|ambisonic_a|ext|water|dripping|off|awning|and|passing|wet|roads|01wav|ambisonics a  small town surburbia|coll anderson"
"AMBISONIC_A EXT Cape Cod Dump Loader Moving Garbage 01.wav","AMBISONICS A  Urban Landscape","Coll Anderson","https://sonniss.com/sound-effects/ambisonics-urban-landscape/","/Sonniss - GDC 2020 - Game Audio Bundle/Coll Anderson - AMBISONICS A - Urban Landscape/AMBISONIC_A EXT Cape Cod Dump Loader Moving Garbage 01.wav","construction|dump|disel|front|end|loader|moving|large|amounts|of|garbage|ambisonic_a|ext|cape|cod|01wav|ambisonics a  urban landscape|coll anderson"
"AMBISONIC_A EXT Close Traffic over Small Bridge Saugertie NY 02.wav","AMBISONICS A  Urban Landscape","Coll Anderson","https://sonniss.com/sound-effects/ambisonics-urban-landscape/","/Sonniss - GDC 2020 - Game Audio Bundle/Coll Anderson - AMBISONICS A - Urban Landscape/AMBISONIC_A EXT Close Traffic over Small Bridge Saugertie NY 02.wav","traffic|very|closeby|over|bridge|some|clunks|ambisonic_a|ext|close|small|bridge|saugertie|ny|02wav|ambisonics a  urban landscape|coll anderson"
"AMBISONIC_A EXT Parking Lot near Moderately Busy Road 03.wav","AMBISONICS A  Urban Landscape","Coll Anderson","https://sonniss.com/sound-effects/ambisonics-urban-landscape/","/Sonniss - GDC 2020 - Game Audio Bundle/Coll Anderson - AMBISONICS A - Urban Landscape/AMBISONIC_A EXT Parking Lot near Moderately Busy Road 03.wav","light|traffic|nearby|while|birds|chirp|animatedly|ambisonic_a|ext|parking|lot|near|moderately|busy|road|03wav|ambisonics a  urban landscape|coll anderson"
"AMBISONIC_A INT Lift Shack Metal Clock Tick Wind Storm 02.wav","AMBISONICS A  Wind Storm","Coll Anderson","https://sonniss.com/sound-effects/ambisonics-wind-storm/","/Sonniss - GDC 2020 - Game Audio Bundle/Coll Anderson - AMBISONICS A - Wind Storm/AMBISONIC_A INT Lift Shack Metal Clock Tick Wind Storm 02.wav","metal|lift|shack|in|windstorm|with|clock|ticking|loudly|ambisonic_a|int|tick|wind|storm|02wav|ambisonics a  wind storm|coll anderson"
"AMBISONIC_A INT Wooden Warehouse Wind Storm 01.wav","AMBISONICS A  Wind Storm","Coll Anderson","https://sonniss.com/sound-effects/ambisonics-wind-storm/","/Sonniss - GDC 2020 - Game Audio Bundle/Coll Anderson - AMBISONICS A - Wind Storm/AMBISONIC_A INT Wooden Warehouse Wind Storm 01.wav","house|wooden|warehouse|or|great|room|in|windstorm|ambisonic_a|int|wind|storm|01wav|ambisonics a  wind storm|coll anderson"
"AMBISONIC_A EXT Field in the Evening in Lagrangeville NY 01.wav","AMBISONICS A Countryside Nature","Coll Anderson","https://sonniss.com/sound-effects/ambisonics-countryside-nature/","/Sonniss - GDC 2020 - Game Audio Bundle/Coll Anderson - AMBISONICS A Countryside Nature/AMBISONIC_A EXT Field in the Evening in Lagrangeville NY 01.wav","calm|rural|field|bugs|buzzing|bird|chips|occasionally|some|cars|passing|ambisonic_a|ext|field|in|the|evening|lagrangeville|ny|01wav|ambisonics a countryside nature|coll anderson"
"AMBISONIC_A EXT Forrest Winter Wind Morning 02.wav","AMBISONICS A Countryside Nature","Coll Anderson","https://sonniss.com/sound-effects/ambisonics-countryside-nature/","/Sonniss - GDC 2020 - Game Audio Bundle/Coll Anderson - AMBISONICS A Countryside Nature/AMBISONIC_A EXT Forrest Winter Wind Morning 02.wav","forrest|winter|wind|wash|no|life|ambisonic_a|ext|morning|02wav|ambisonics a countryside nature|coll anderson"
"AMBISONIC_A EXT Late Summer Dusk 03.wav","AMBISONICS A Countryside Nature","Coll Anderson","https://sonniss.com/sound-effects/ambisonics-countryside-nature/","/Sonniss - GDC 2020 - Game Audio Bundle/Coll Anderson - AMBISONICS A Countryside Nature/AMBISONIC_A EXT Late Summer Dusk 03.wav","late|summer|dusk|into|evening|bugs|with|very|little|birds|ambisonic_a|ext|03wav|ambisonics a countryside nature|coll anderson"
"EFX SD Design Wind Swells 03.wav","Gentle Wind","Coll Anderson","https://sonniss.com/sound-effects/gentle-wind/","/Sonniss - GDC 2020 - Game Audio Bundle/Coll Anderson - Gentle Wind/EFX SD Design Wind Swells 03.wav","thick|swells|rising|and|falling|(white|noise|reminiscent)|efx|sd|design|wind|03wav|gentle wind|coll anderson"
"EFX SD Fire in Metal Stove 03.wav","Gentle Wind","Coll Anderson","https://sonniss.com/sound-effects/gentle-wind/","/Sonniss - GDC 2020 - Game Audio Bundle/Coll Anderson - Gentle Wind/EFX SD Fire in Metal Stove 03.wav","low|freq|rumbly|wind|crackling|metal|pops|air|whistling|efx|sd|fire|in|stove|03wav|gentle wind|coll anderson"
"EFX SD Sheltered from the Wind 02.wav","Gentle Wind","Coll Anderson","https://sonniss.com/sound-effects/gentle-wind/","/Sonniss - GDC 2020 - Game Audio Bundle/Coll Anderson - Gentle Wind/EFX SD Sheltered from the Wind 02.wav","hollow|med|freq|quiet|efx|sd|sheltered|from|the|wind|02wav|gentle wind|coll anderson"
"EFX SD Wind Soft Whistling Gusts 04.wav","Gentle Wind","Coll Anderson","https://sonniss.com/sound-effects/gentle-wind/","/Sonniss - GDC 2020 - Game Audio Bundle/Coll Anderson - Gentle Wind/EFX SD Wind Soft Whistling Gusts 04.wav","intermittent|whistling|gusts|slowly|rise|and|fall|efx|sd|wind|soft|04wav|gentle wind|coll anderson"
"EFX INT Metal Drag Slide Fast In Smash 02 A.wav","Metal Movement","Coll Anderson","https://sonniss.com/sound-effects/metal-movement/","/Sonniss - GDC 2020 - Game Audio Bundle/Coll Anderson - Metal Movement/EFX INT Metal Drag Slide Fast In Smash 02 A.wav","resonant|metal|movement|design|elements|efx|int|drag|slide|fast|in|smash|02|awav|metal movement|coll anderson"
"EFX INT Metal Impact Hubcap Rolling Ring Out 03 C.wav","Metal Movement","Coll Anderson","https://sonniss.com/sound-effects/metal-movement/","/Sonniss - GDC 2020 - Game Audio Bundle/Coll Anderson - Metal Movement/EFX INT Metal Impact Hubcap Rolling Ring Out 03 C.wav","resonant|metal|movement|design|elements|efx|int|impact|hubcap|rolling|ring|out|03|cwav|metal movement|coll anderson"
"EFX INT Metal Impact Resonant Ring Movement Low Pitch 06 B AMBEO.wav","Metal Movement","Coll Anderson","https://sonniss.com/sound-effects/metal-movement/","/Sonniss - GDC 2020 - Game Audio Bundle/Coll Anderson - Metal Movement/EFX INT Metal Impact Resonant Ring Movement Low Pitch 06 B AMBEO.wav","resonant|metal|movement|design|elements|efx|int|impact|ring|low|pitch|06|b|ambeowav|metal movement|coll anderson"
"EFX INT Metal Impact Ring Aluminium 04 A.wav","Metal Movement","Coll Anderson","https://sonniss.com/sound-effects/metal-movement/","/Sonniss - GDC 2020 - Game Audio Bundle/Coll Anderson - Metal Movement/EFX INT Metal Impact Ring Aluminium 04 A.wav","resonant|metal|movement|design|elements|efx|int|impact|ring|aluminium|04|awav|metal movement|coll anderson"
"Dog_Chain-Hits.wav","Metal Chains Dog_Chain","Conor Bradley","https://sonniss.com/sound-effects/metal-chains/","/Sonniss - GDC 2020 - Game Audio Bundle/Conor Bradley - Metal Chains/Dog_Chain-Hits.wav","light/dog|metal|chain|hits|coin|drop|sparkle|close|mic'd|ntg4|on|top|of|a|nt2a|(fig|8)|dog_chainhitswav|metal chains dog_chain|conor bradley"
"Heavy_Chain-Foley_On_Wood.wav","Metal Chains Heavy_Chain","Conor Bradley","https://sonniss.com/sound-effects/metal-chains/","/Sonniss - GDC 2020 - Game Audio Bundle/Conor Bradley - Metal Chains/Heavy_Chain-Foley_On_Wood.wav","heavy|metal|chain|foley|on|mahogany|wooden|door|drag|docks|boat|ship|close|mic'd|ntg4|on|top|of|a|nt2a|(fig|8)|heavy_chainfoley_on_woodwav|metal chains heavy_chain|conor bradley"
"Jingle_Chain-Sustained_Foley.wav","Metal Chains","Conor Bradley","https://sonniss.com/sound-effects/metal-chains/","/Sonniss - GDC 2020 - Game Audio Bundle/Conor Bradley - Metal Chains/Jingle_Chain-Sustained_Foley.wav","jingle|metal|chain|foley|movement|sustained|coin|keys|light|close|mic'd|ntg4|on|top|of|a|nt2a|(fig|8)|jingle_chainsustained_foleywav|metal chains|conor bradley"
"8BitRetroSFXPack1_Contemporary_Explosion03.wav","8-Bit Retro Game SFX Pack","David Dumais Audio","https://sonniss.com/sound-effects/8-bit-retro-game-sfx-pack-2/","/Sonniss - GDC 2020 - Game Audio Bundle/David Dumais Audio - 8-Bit Retro Game SFX Pack/8BitRetroSFXPack1_Contemporary_Explosion03.wav","8bitretrosfxpack1_contemporary_explosion03wav|8-bit retro game sfx pack|david dumais audio"
"8BitRetroSFXPack1_Contemporary_GameOver17.wav","8-Bit Retro Game SFX Pack","David Dumais Audio","https://sonniss.com/sound-effects/8-bit-retro-game-sfx-pack-2/","/Sonniss - GDC 2020 - Game Audio Bundle/David Dumais Audio - 8-Bit Retro Game SFX Pack/8BitRetroSFXPack1_Contemporary_GameOver17.wav","8bitretrosfxpack1_contemporary_gameover17wav|8-bit retro game sfx pack|david dumais audio"
"8BitRetroSFXPack1_Traditional_GameStarting08.wav","8-Bit Retro Game SFX Pack","David Dumais Audio","https://sonniss.com/sound-effects/8-bit-retro-game-sfx-pack-2/","/Sonniss - GDC 2020 - Game Audio Bundle/David Dumais Audio - 8-Bit Retro Game SFX Pack/8BitRetroSFXPack1_Traditional_GameStarting08.wav","8bitretrosfxpack1_traditional_gamestarting08wav|8-bit retro game sfx pack|david dumais audio"
"FG 25_Single Shot_Full Tail - 8.wav","8-Bit Retro Game SFX Pack","David Dumais Audio","https://sonniss.com/sound-effects/8-bit-retro-game-sfx-pack-2/","/Sonniss - GDC 2020 - Game Audio Bundle/David Dumais Audio - 8-Bit Retro Game SFX Pack/FG 25_Single Shot_Full Tail - 8.wav","fg|25_single|shot_full|tail|8wav|8-bit retro game sfx pack|david dumais audio"
"Magic_Ambience_Air19.wav","Air Magic 1","David Dumais Audio","https://sonniss.com/sound-effects/air-magic-1/","/Sonniss - GDC 2020 - Game Audio Bundle/David Dumais Audio - Air Magic 1/Magic_Ambience_Air19.wav","magic_ambience_air19wav|air magic 1|david dumais audio"
"Magic_Spells_CastLong_Air_Charm02.wav","Air Magic 1","David Dumais Audio","https://sonniss.com/sound-effects/air-magic-1/","/Sonniss - GDC 2020 - Game Audio Bundle/David Dumais Audio - Air Magic 1/Magic_Spells_CastLong_Air_Charm02.wav","magic_spells_castlong_air_charm02wav|air magic 1|david dumais audio"
"Magic_Spells_CastShort_Air_Whistling04.wav","Air Magic 1","David Dumais Audio","https://sonniss.com/sound-effects/air-magic-1/","/Sonniss - GDC 2020 - Game Audio Bundle/David Dumais Audio - Air Magic 1/Magic_Spells_CastShort_Air_Whistling04.wav","magic_spells_castshort_air_whistling04wav|air magic 1|david dumais audio"
"Magic_Spells_Impact_Air24.wav","Air Magic 1","David Dumais Audio","https://sonniss.com/sound-effects/air-magic-1/","/Sonniss - GDC 2020 - Game Audio Bundle/David Dumais Audio - Air Magic 1/Magic_Spells_Impact_Air24.wav","magic_spells_impact_air24wav|air magic 1|david dumais audio"
"Bonus_Alarm20_DDM_Loop.wav","Alarms Sound Fx Pack 1","David Dumais Audio","https://sonniss.com/sound-effects/alarms-sound-fx-pack-1-2/","/Sonniss - GDC 2020 - Game Audio Bundle/David Dumais Audio - Alarms Sound Fx Pack 1/Bonus_Alarm20_DDM_Loop.wav","bonus_alarm20_ddm_loopwav|alarms sound fx pack 1|david dumais audio"
"LargeAlarm5.2_Single_Slow_DDM_Loop.wav","Alarms Sound Fx Pack 1","David Dumais Audio","https://sonniss.com/sound-effects/alarms-sound-fx-pack-1-2/","/Sonniss - GDC 2020 - Game Audio Bundle/David Dumais Audio - Alarms Sound Fx Pack 1/LargeAlarm5.2_Single_Slow_DDM_Loop.wav","largealarm52_single_slow_ddm_loopwav|alarms sound fx pack 1|david dumais audio"
"SmlAlarm4_Single_DDM_Loop.wav","Alarms Sound Fx Pack 1","David Dumais Audio","https://sonniss.com/sound-effects/alarms-sound-fx-pack-1-2/","/Sonniss - GDC 2020 - Game Audio Bundle/David Dumais Audio - Alarms Sound Fx Pack 1/SmlAlarm4_Single_DDM_Loop.wav","smlalarm4_single_ddm_loopwav|alarms sound fx pack 1|david dumais audio"
"SmlAlarm6_Single_Fast_DDM_Loop.wav","Alarms Sound Fx Pack 1","David Dumais Audio","https://sonniss.com/sound-effects/alarms-sound-fx-pack-1-2/","/Sonniss - GDC 2020 - Game Audio Bundle/David Dumais Audio - Alarms Sound Fx Pack 1/SmlAlarm6_Single_Fast_DDM_Loop.wav","smlalarm6_single_fast_ddm_loopwav|alarms sound fx pack 1|david dumais audio"
"Magic_Ambience_Electricity01.wav","Electricity Magic 1","David Dumais Audio","https://sonniss.com/sound-effects/electricity-magic-1/","/Sonniss - GDC 2020 - Game Audio Bundle/David Dumais Audio - Electricity Magic 1/Magic_Ambience_Electricity01.wav","magic_ambience_electricity01wav|electricity magic 1|david dumais audio"
"Magic_Spells_CastLong_Electricity11.wav","Electricity Magic 1","David Dumais Audio","https://sonniss.com/sound-effects/electricity-magic-1/","/Sonniss - GDC 2020 - Game Audio Bundle/David Dumais Audio - Electricity Magic 1/Magic_Spells_CastLong_Electricity11.wav","magic_spells_castlong_electricity11wav|electricity magic 1|david dumais audio"
"Magic_Spells_CastShort_Electricity_General08.wav","Electricity Magic 1","David Dumais Audio","https://sonniss.com/sound-effects/electricity-magic-1/","/Sonniss - GDC 2020 - Game Audio Bundle/David Dumais Audio - Electricity Magic 1/Magic_Spells_CastShort_Electricity_General08.wav","magic_spells_castshort_electricity_general08wav|electricity magic 1|david dumais audio"
"Magic_Spells_Impact_Electricity25.wav","Electricity Magic 1","David Dumais Audio","https://sonniss.com/sound-effects/electricity-magic-1/","/Sonniss - GDC 2020 - Game Audio Bundle/David Dumais Audio - Electricity Magic 1/Magic_Spells_Impact_Electricity25.wav","magic_spells_impact_electricity25wav|electricity magic 1|david dumais audio"
"Cocking_11.wav","Futuristic Guns Sound FX Pack 3","David Dumais Audio","https://sonniss.com/sound-effects/futuristic-guns-sound-fx-pack-3/","/Sonniss - GDC 2020 - Game Audio Bundle/David Dumais Audio - Futuristic Guns Sound FX Pack 3/Cocking_11.wav","cocking_11wav|futuristic guns sound fx pack 3|david dumais audio"
"HeavyGun_Experimental_3.wav","Futuristic Guns Sound FX Pack 3","David Dumais Audio","https://sonniss.com/sound-effects/futuristic-guns-sound-fx-pack-3/","/Sonniss - GDC 2020 - Game Audio Bundle/David Dumais Audio - Futuristic Guns Sound FX Pack 3/HeavyGun_Experimental_3.wav","heavygun_experimental_3wav|futuristic guns sound fx pack 3|david dumais audio"
"OtherGuns_Rifle_4.wav","Futuristic Guns Sound FX Pack 3","David Dumais Audio","https://sonniss.com/sound-effects/futuristic-guns-sound-fx-pack-3/","/Sonniss - GDC 2020 - Game Audio Bundle/David Dumais Audio - Futuristic Guns Sound FX Pack 3/OtherGuns_Rifle_4.wav","otherguns_rifle_4wav|futuristic guns sound fx pack 3|david dumais audio"
"OverHeating_23.wav","Futuristic Guns Sound FX Pack 3","David Dumais Audio","https://sonniss.com/sound-effects/futuristic-guns-sound-fx-pack-3/","/Sonniss - GDC 2020 - Game Audio Bundle/David Dumais Audio - Futuristic Guns Sound FX Pack 3/OverHeating_23.wav","overheating_23wav|futuristic guns sound fx pack 3|david dumais audio"
"Magic_Ambience_Ice05.wav","Ice & Frost Magic 1","David Dumais Audio","https://sonniss.com/sound-effects/ice-frost-magic-1/","/Sonniss - GDC 2020 - Game Audio Bundle/David Dumais Audio - Ice & Frost Magic 1/Magic_Ambience_Ice05.wav","magic_ambience_ice05wav|ice & frost magic 1|david dumais audio"
"Magic_Spells_CastLong_Frost03.wav","Ice & Frost Magic 1","David Dumais Audio","https://sonniss.com/sound-effects/ice-frost-magic-1/","/Sonniss - GDC 2020 - Game Audio Bundle/David Dumais Audio - Ice & Frost Magic 1/Magic_Spells_CastLong_Frost03.wav","magic_spells_castlong_frost03wav|ice & frost magic 1|david dumais audio"
"Magic_Spells_CastShort_Ice_General24.wav","Ice & Frost Magic 1","David Dumais Audio","https://sonniss.com/sound-effects/ice-frost-magic-1/","/Sonniss - GDC 2020 - Game Audio Bundle/David Dumais Audio - Ice & Frost Magic 1/Magic_Spells_CastShort_Ice_General24.wav","magic_spells_castshort_ice_general24wav|ice & frost magic 1|david dumais audio"
"Magic_Spells_Impact_Ice13.wav","Ice & Frost Magic 1","David Dumais Audio","https://sonniss.com/sound-effects/ice-frost-magic-1/","/Sonniss - GDC 2020 - Game Audio Bundle/David Dumais Audio - Ice & Frost Magic 1/Magic_Spells_Impact_Ice13.wav","magic_spells_impact_ice13wav|ice & frost magic 1|david dumais audio"
"Magic_Ambience_Ice09.wav","Magic Sound FX Pack 1","David Dumais Audio","https://sonniss.com/sound-effects/magic-sound-fx-pack-1-2/","/Sonniss - GDC 2020 - Game Audio Bundle/David Dumais Audio - Magic Sound FX Pack 1/Magic_Ambience_Ice09.wav","magic_ambience_ice09wav|magic sound fx pack 1|david dumais audio"
"Magic_Bonus_ElectricityLoop33.wav","Magic Sound FX Pack 1","David Dumais Audio","https://sonniss.com/sound-effects/magic-sound-fx-pack-1-2/","/Sonniss - GDC 2020 - Game Audio Bundle/David Dumais Audio - Magic Sound FX Pack 1/Magic_Bonus_ElectricityLoop33.wav","magic_bonus_electricityloop33wav|magic sound fx pack 1|david dumais audio"
"Magic_Explosion_Short19.wav","Magic Sound FX Pack 1","David Dumais Audio","https://sonniss.com/sound-effects/magic-sound-fx-pack-1-2/","/Sonniss - GDC 2020 - Game Audio Bundle/David Dumais Audio - Magic Sound FX Pack 1/Magic_Explosion_Short19.wav","magic_explosion_short19wav|magic sound fx pack 1|david dumais audio"
"Magic_Transformation03.wav","Magic Sound FX Pack 1","David Dumais Audio","https://sonniss.com/sound-effects/magic-sound-fx-pack-1-2/","/Sonniss - GDC 2020 - Game Audio Bundle/David Dumais Audio - Magic Sound FX Pack 1/Magic_Transformation03.wav","magic_transformation03wav|magic sound fx pack 1|david dumais audio"
"Monster11_Mouth2.wav","Monster Sound FX Pack 1","David Dumais Audio","https://sonniss.com/sound-effects/monster-sound-fx-pack-1-2/","/Sonniss - GDC 2020 - Game Audio Bundle/David Dumais Audio - Monster Sound FX Pack 1/Monster11_Mouth2.wav","monster11_mouth2wav|monster sound fx pack 1|david dumais audio"
"Monster1_Breathing3.wav","Monster Sound FX Pack 1","David Dumais Audio","https://sonniss.com/sound-effects/monster-sound-fx-pack-1-2/","/Sonniss - GDC 2020 - Game Audio Bundle/David Dumais Audio - Monster Sound FX Pack 1/Monster1_Breathing3.wav","monster1_breathing3wav|monster sound fx pack 1|david dumais audio"
"Monster4_Call2.wav","Monster Sound FX Pack 1","David Dumais Audio","https://sonniss.com/sound-effects/monster-sound-fx-pack-1-2/","/Sonniss - GDC 2020 - Game Audio Bundle/David Dumais Audio - Monster Sound FX Pack 1/Monster4_Call2.wav","monster4_call2wav|monster sound fx pack 1|david dumais audio"
"Monster9_Death10.wav","Monster Sound FX Pack 1","David Dumais Audio","https://sonniss.com/sound-effects/monster-sound-fx-pack-1-2/","/Sonniss - GDC 2020 - Game Audio Bundle/David Dumais Audio - Monster Sound FX Pack 1/Monster9_Death10.wav","monster9_death10wav|monster sound fx pack 1|david dumais audio"
"Vehicle1_EngineStartUp3_Med2.wav","Sci fi Flyby Sfx Pack","David Dumais Audio","https://sonniss.com/sound-effects/sci-fi-flyby-sfx-pack/","/Sonniss - GDC 2020 - Game Audio Bundle/David Dumais Audio - Sci-fi Flyby Sfx Pack/Vehicle1_EngineStartUp3_Med2.wav","vehicle1_enginestartup3_med2wav|sci fi flyby sfx pack|david dumais audio"
"Vehicle2_FlyBy_Left2Right_Long_200MPH.wav","Sci fi Flyby Sfx Pack","David Dumais Audio","https://sonniss.com/sound-effects/sci-fi-flyby-sfx-pack/","/Sonniss - GDC 2020 - Game Audio Bundle/David Dumais Audio - Sci-fi Flyby Sfx Pack/Vehicle2_FlyBy_Left2Right_Long_200MPH.wav","vehicle2_flyby_left2right_long_200mphwav|sci fi flyby sfx pack|david dumais audio"
"Vehicle3_FlyBy_S Shape_Short_100MPH.wav","Sci fi Flyby Sfx Pack","David Dumais Audio","https://sonniss.com/sound-effects/sci-fi-flyby-sfx-pack/","/Sonniss - GDC 2020 - Game Audio Bundle/David Dumais Audio - Sci-fi Flyby Sfx Pack/Vehicle3_FlyBy_S Shape_Short_100MPH.wav","vehicle3_flyby_s|shape_short_100mphwav|sci fi flyby sfx pack|david dumais audio"
"Vehicle5_BlastOff1.wav","Sci fi Flyby Sfx Pack","David Dumais Audio","https://sonniss.com/sound-effects/sci-fi-flyby-sfx-pack/","/Sonniss - GDC 2020 - Game Audio Bundle/David Dumais Audio - Sci-fi Flyby Sfx Pack/Vehicle5_BlastOff1.wav","vehicle5_blastoff1wav|sci fi flyby sfx pack|david dumais audio"
"Computers_DDM4.wav","Sci Fi Systems","David Dumais Audio","https://sonniss.com/sound-effects/sci-fi-systems/","/Sonniss - GDC 2020 - Game Audio Bundle/David Dumais Audio - Sci-Fi Systems/Computers_DDM4.wav","computers_ddm4wav|sci fi systems|david dumais audio"
"Data_Processing_DDM6.wav","Sci Fi Systems","David Dumais Audio","https://sonniss.com/sound-effects/sci-fi-systems/","/Sonniss - GDC 2020 - Game Audio Bundle/David Dumais Audio - Sci-Fi Systems/Data_Processing_DDM6.wav","data_processing_ddm6wav|sci fi systems|david dumais audio"
"PowerDown_DDM19.wav","Sci Fi Systems","David Dumais Audio","https://sonniss.com/sound-effects/sci-fi-systems/","/Sonniss - GDC 2020 - Game Audio Bundle/David Dumais Audio - Sci-Fi Systems/PowerDown_DDM19.wav","powerdown_ddm19wav|sci fi systems|david dumais audio"
"Scanning_DDM3.wav","Sci Fi Systems","David Dumais Audio","https://sonniss.com/sound-effects/sci-fi-systems/","/Sonniss - GDC 2020 - Game Audio Bundle/David Dumais Audio - Sci-Fi Systems/Scanning_DDM3.wav","scanning_ddm3wav|sci fi systems|david dumais audio"
"Magic_Ambience_Spells_Menacing05.wav","Spells Magic 1","David Dumais Audio","https://sonniss.com/sound-effects/spells-magic-1/","/Sonniss - GDC 2020 - Game Audio Bundle/David Dumais Audio - Spells Magic 1/Magic_Ambience_Spells_Menacing05.wav","magic_ambience_spells_menacing05wav|spells magic 1|david dumais audio"
"Magic_Spells_CastLong_Combo_Dark02.wav","Spells Magic 1","David Dumais Audio","https://sonniss.com/sound-effects/spells-magic-1/","/Sonniss - GDC 2020 - Game Audio Bundle/David Dumais Audio - Spells Magic 1/Magic_Spells_CastLong_Combo_Dark02.wav","magic_spells_castlong_combo_dark02wav|spells magic 1|david dumais audio"
"Magic_Spells_CastShort_Push14.wav","Spells Magic 1","David Dumais Audio","https://sonniss.com/sound-effects/spells-magic-1/","/Sonniss - GDC 2020 - Game Audio Bundle/David Dumais Audio - Spells Magic 1/Magic_Spells_CastShort_Push14.wav","magic_spells_castshort_push14wav|spells magic 1|david dumais audio"
"Magic_Spells_Impact_Creation20.wav","Spells Magic 1","David Dumais Audio","https://sonniss.com/sound-effects/spells-magic-1/","/Sonniss - GDC 2020 - Game Audio Bundle/David Dumais Audio - Spells Magic 1/Magic_Spells_Impact_Creation20.wav","magic_spells_impact_creation20wav|spells magic 1|david dumais audio"
"Access_Denied_High_DDM16.wav","UI Menu","David Dumais Audio","https://sonniss.com/sound-effects/ui-menu/","/Sonniss - GDC 2020 - Game Audio Bundle/David Dumais Audio - UI Menu/Access_Denied_High_DDM16.wav","access_denied_high_ddm16wav|ui menu|david dumais audio"
"Bleeps_Blops_Clicks_DDM29.wav","UI Menu","David Dumais Audio","https://sonniss.com/sound-effects/ui-menu/","/Sonniss - GDC 2020 - Game Audio Bundle/David Dumais Audio - UI Menu/Bleeps_Blops_Clicks_DDM29.wav","bleeps_blops_clicks_ddm29wav|ui menu|david dumais audio"
"Transitions_Low_DDM16.wav","UI Menu","David Dumais Audio","https://sonniss.com/sound-effects/ui-menu/","/Sonniss - GDC 2020 - Game Audio Bundle/David Dumais Audio - UI Menu/Transitions_Low_DDM16.wav","transitions_low_ddm16wav|ui menu|david dumais audio"
"Various_UI_DDM13.wav","UI Menu","David Dumais Audio","https://sonniss.com/sound-effects/ui-menu/","/Sonniss - GDC 2020 - Game Audio Bundle/David Dumais Audio - UI Menu/Various_UI_DDM13.wav","various_ui_ddm13wav|ui menu|david dumais audio"
"Magic_Spells_CastLong_Combo_WaterCombo02.wav","Water Magic 1","David Dumais Audio","https://sonniss.com/sound-effects/water-magic-1/","/Sonniss - GDC 2020 - Game Audio Bundle/David Dumais Audio - Water Magic 1/Magic_Spells_CastLong_Combo_WaterCombo02.wav","magic_spells_castlong_combo_watercombo02wav|water magic 1|david dumais audio"
"Magic_Spells_CastLong_Water_General05.wav","Water Magic 1","David Dumais Audio","https://sonniss.com/sound-effects/water-magic-1/","/Sonniss - GDC 2020 - Game Audio Bundle/David Dumais Audio - Water Magic 1/Magic_Spells_CastLong_Water_General05.wav","magic_spells_castlong_water_general05wav|water magic 1|david dumais audio"
"Magic_Spells_CastShort_Water_General07.wav","Water Magic 1","David Dumais Audio","https://sonniss.com/sound-effects/water-magic-1/","/Sonniss - GDC 2020 - Game Audio Bundle/David Dumais Audio - Water Magic 1/Magic_Spells_CastShort_Water_General07.wav","magic_spells_castshort_water_general07wav|water magic 1|david dumais audio"
"Magic_Spells_Impact_Water_Low23.wav","Water Magic 1","David Dumais Audio","https://sonniss.com/sound-effects/water-magic-1/","/Sonniss - GDC 2020 - Game Audio Bundle/David Dumais Audio - Water Magic 1/Magic_Spells_Impact_Water_Low23.wav","magic_spells_impact_water_low23wav|water magic 1|david dumais audio"
"MeleeSwingsPack_96khz_Mono_DesignedSwings12.wav","Weapon Sounds Weapon Swings","David Dumais Audio","https://sonniss.com/sound-effects/weapon-sounds-weapon-swings/","/Sonniss - GDC 2020 - Game Audio Bundle/David Dumais Audio - Weapon Sounds - Weapon Swings/MeleeSwingsPack_96khz_Mono_DesignedSwings12.wav","designed|weapon|swing|gameready|slash|stab|impact|knife|dagger|blades|meleeswingspack_96khz_mono_designedswings12wav|weapon sounds weapon swings|david dumais audio"
"MeleeSwingsPack_96khz_Stereo_HighSwings15.wav","Weapon Sounds Weapon Swings","David Dumais Audio","https://sonniss.com/sound-effects/weapon-sounds-weapon-swings/","/Sonniss - GDC 2020 - Game Audio Bundle/David Dumais Audio - Weapon Sounds - Weapon Swings/MeleeSwingsPack_96khz_Stereo_HighSwings15.wav","high|weapon|swing|swift|fast|speedy|knife|dagger|blades|meleeswingspack_96khz_stereo_highswings15wav|weapon sounds weapon swings|david dumais audio"
"MeleeSwingsPack_96khz_Stereo_LowSwings31.wav","Weapon Sounds Weapon Swings","David Dumais Audio","https://sonniss.com/sound-effects/weapon-sounds-weapon-swings/","/Sonniss - GDC 2020 - Game Audio Bundle/David Dumais Audio - Weapon Sounds - Weapon Swings/MeleeSwingsPack_96khz_Stereo_LowSwings31.wav","low|weapon|swing|massive|huge|heavy|sword|axe|club|or|bat|meleeswingspack_96khz_stereo_lowswings31wav|weapon sounds weapon swings|david dumais audio"
"MeleeSwingsPack_96khz_Stereo_NormalSwings39.wav","Weapon Sounds Weapon Swings","David Dumais Audio","https://sonniss.com/sound-effects/weapon-sounds-weapon-swings/","/Sonniss - GDC 2020 - Game Audio Bundle/David Dumais Audio - Weapon Sounds - Weapon Swings/MeleeSwingsPack_96khz_Stereo_NormalSwings39.wav","regular|weapon|swing|great|for|any|sword|axe|club|or|bat|meleeswingspack_96khz_stereo_normalswings39wav|weapon sounds weapon swings|david dumais audio"
"Alarm_Fast_DDM23_Wav.wav","SCI FI UI","David Dumais Audio","https://sonniss.com/sound-effects/sci-fi-ui/","/Sonniss - GDC 2020 - Game Audio Bundle/David Dumais Audio -SCI-FI UI/Alarm_Fast_DDM23_Wav.wav","alarm_fast_ddm23_wavwav|sci fi ui|david dumais audio"
"Computers_DDM8_Wav.wav","SCI FI UI","David Dumais Audio","https://sonniss.com/sound-effects/sci-fi-ui/","/Sonniss - GDC 2020 - Game Audio Bundle/David Dumais Audio -SCI-FI UI/Computers_DDM8_Wav.wav","computers_ddm8_wavwav|sci fi ui|david dumais audio"
"MenuSound_DDM23.1_Wav.wav","SCI FI UI","David Dumais Audio","https://sonniss.com/sound-effects/sci-fi-ui/","/Sonniss - GDC 2020 - Game Audio Bundle/David Dumais Audio -SCI-FI UI/MenuSound_DDM23.1_Wav.wav","menusound_ddm231_wavwav|sci fi ui|david dumais audio"
"PowerDown_DDM40_Wav.wav","SCI FI UI","David Dumais Audio","https://sonniss.com/sound-effects/sci-fi-ui/","/Sonniss - GDC 2020 - Game Audio Bundle/David Dumais Audio -SCI-FI UI/PowerDown_DDM40_Wav.wav","powerdown_ddm40_wavwav|sci fi ui|david dumais audio"
"Body flesh stabbed with a screwdriver.wav","House of Horrors  Complete Pack","DsoundE","https://sonniss.com/sound-effects/house-horrors-complete-pack/","/Sonniss - GDC 2020 - Game Audio Bundle/DsoundE - House of Horrors - Complete Pack/Body flesh stabbed with a screwdriver.wav","body|flesh|stabbed|with|a|screwdriverwav|house of horrors  complete pack|dsounde"
"Eerie ghost scary transition.wav","House of Horrors  Complete Pack","DsoundE","https://sonniss.com/sound-effects/house-horrors-complete-pack/","/Sonniss - GDC 2020 - Game Audio Bundle/DsoundE - House of Horrors - Complete Pack/Eerie ghost scary transition.wav","eerie|ghost|scary|transitionwav|house of horrors  complete pack|dsounde"
"Scary ghost impact effect.wav","House of Horrors  Complete Pack","DsoundE","https://sonniss.com/sound-effects/house-horrors-complete-pack/","/Sonniss - GDC 2020 - Game Audio Bundle/DsoundE - House of Horrors - Complete Pack/Scary ghost impact effect.wav","scary|ghost|impact|effectwav|house of horrors  complete pack|dsounde"
"Zombie biting neck guts.wav","House of Horrors  Complete Pack","DsoundE","https://sonniss.com/sound-effects/house-horrors-complete-pack/","/Sonniss - GDC 2020 - Game Audio Bundle/DsoundE - House of Horrors - Complete Pack/Zombie biting neck guts.wav","zombie|biting|neck|gutswav|house of horrors  complete pack|dsounde"
"Computer Device Power Up Activation Conformation Lo-Fi 06.wav","Tech Future","Effectsworks","https://sonniss.com/sound-effects/tech-future/","/Sonniss - GDC 2020 - Game Audio Bundle/Effectsworks - Tech Future/Computer Device Power Up Activation Conformation Lo-Fi 06.wav","hitech|futuristic|interface|computer|power|up|down|hud|game|audio|short|device|activation|conformation|lofi|06wav|tech future|effectsworks"
"Computer Processing Electronic Long 06.wav","Tech Future","Effectsworks","https://sonniss.com/sound-effects/tech-future/","/Sonniss - GDC 2020 - Game Audio Bundle/Effectsworks - Tech Future/Computer Processing Electronic Long 06.wav","interface|hud|computer|calculating|processing|computation|electronic|screen|readout|long|06wav|tech future|effectsworks"
"Deny Access Signal Lo-fi 12.wav","Tech Future","Effectsworks","https://sonniss.com/sound-effects/tech-future/","/Sonniss - GDC 2020 - Game Audio Bundle/Effectsworks - Tech Future/Deny Access Signal Lo-fi 12.wav","interface|hud|electronic|device|computer|button|game|audio|signal|sound|bleep|scifi|futuristic|ui|access|deny|confirm|lofi|12wav|tech future|effectsworks"
"Micro UI Readout Sound Mechanical 10.wav","Tech Future","Effectsworks","https://sonniss.com/sound-effects/tech-future/","/Sonniss - GDC 2020 - Game Audio Bundle/Effectsworks - Tech Future/Micro UI Readout Sound Mechanical 10.wav","computer|interface|hitech|future|futuristic|sound|game|audio|hud|micro|lofi|small|short|ui|readout|mechanical|10wav|tech future|effectsworks"
"AcGtrFX,headstock,slowstroke,soft,strings,bright,airy,ringing,tonal,E.wav","48Kilos","Eiravaein Works","https://sonniss.com/sound-effects/48kilos/","/Sonniss - GDC 2020 - Game Audio Bundle/Eiravaein Works - 48Kilos/AcGtrFX,headstock,slowstroke,soft,strings,bright,airy,ringing,tonal,E.wav","acgtrfx|headstock|slowstroke|soft|strings|bright|airy|ringing|tonal|e|ewav|48kilos|eiravaein works"
"ElecGtrFX,custom,strings,stroke,back,quick,strong,muted,dense,shortdecay.wav","48Kilos","Eiravaein Works","https://sonniss.com/sound-effects/48kilos/","/Sonniss - GDC 2020 - Game Audio Bundle/Eiravaein Works - 48Kilos/ElecGtrFX,custom,strings,stroke,back,quick,strong,muted,dense,shortdecay.wav","elecgtrfx|custom|strings|stroke|back|quick|strong|muted|dense|shortdecay|shortdecaywav|48kilos|eiravaein works"
"PaverTV,side,CRTTV,concretepaver,drop,impact,obliterate,glass,plastic,metal,shatter,crush,contained,dense.wav","48Kilos","Eiravaein Works","https://sonniss.com/sound-effects/48kilos/","/Sonniss - GDC 2020 - Game Audio Bundle/Eiravaein Works - 48Kilos/PaverTV,side,CRTTV,concretepaver,drop,impact,obliterate,glass,plastic,metal,shatter,crush,contained,dense.wav","pavertv|side|crttv|concretepaver|drop|impact|obliterate|glass|plastic|metal|shatter|crush|contained|shimmer|densewav|48kilos|eiravaein works"
"PotGong,strike,medium,destructive,longfade,C#,inside,flex.wav","48Kilos","Eiravaein Works","https://sonniss.com/sound-effects/48kilos/","/Sonniss - GDC 2020 - Game Audio Bundle/Eiravaein Works - 48Kilos/PotGong,strike,medium,destructive,longfade,C#,inside,flex.wav","potgong|strike|medium|destructive|longfade|c#|inside|flex|flexwav|48kilos|eiravaein works"
"Eulerian,spinning,crescendo,concavemirror,bambooring,thick,3indiameter,woody,loose,rough,light,quick,2.wav","Eulerian","Eiravaein Works","https://sonniss.com/sound-effects/eulerian/","/Sonniss - GDC 2020 - Game Audio Bundle/Eiravaein Works - Eulerian/Eulerian,spinning,crescendo,concavemirror,bambooring,thick,3indiameter,woody,loose,rough,light,quick,2.wav","eulerian|spinning|crescendo|concavemirror|bambooring|thick|3indiameter|woody|loose|rough|light|quick|2|2wav|eiravaein works"
"Eulerian,spinning,crescendo,glasssurface,turnedwoodenfigure,glazed,bright,slightlyrough,tight,1.wav","Eulerian","Eiravaein Works","https://sonniss.com/sound-effects/eulerian/","/Sonniss - GDC 2020 - Game Audio Bundle/Eiravaein Works - Eulerian/Eulerian,spinning,crescendo,glasssurface,turnedwoodenfigure,glazed,bright,slightlyrough,tight,1.wav","eulerian|spinning|crescendo|glasssurface|turnedwoodenfigure|glazed|bright|slightlyrough|tight|1|1wav|eiravaein works"
"Eulerian,spinning,crescendo,stonesurface,coin,xlarge,dense,classic,bright,ringing,1.wav","Eulerian","Eiravaein Works","https://sonniss.com/sound-effects/eulerian/","/Sonniss - GDC 2020 - Game Audio Bundle/Eiravaein Works - Eulerian/Eulerian,spinning,crescendo,stonesurface,coin,xlarge,dense,classic,bright,ringing,1.wav","eulerian|spinning|crescendo|stonesurface|coin|xlarge|dense|classic|bright|ringing|1|1wav|eiravaein works"
"Eulerian,spinning,crescendo,woodsurface,woodentray,small,matte,rough,cupped,scruff,slightbounce,flatside,1.wav","Eulerian","Eiravaein Works","https://sonniss.com/sound-effects/eulerian/","/Sonniss - GDC 2020 - Game Audio Bundle/Eiravaein Works - Eulerian/Eulerian,spinning,crescendo,woodsurface,woodentray,small,matte,rough,cupped,scruff,slightbounce,flatside,1.wav","eulerian|spinning|crescendo|woodsurface|woodentray|small|matte|rough|cupped|scruff|slightbounce|flatside|1|1wav|eiravaein works"
"Quirboilly,leather,metal,twist,contort,large,rough,lining,chunkymetal,brass,zippers,drop,close,floppy,loose,lightclatter.wav","Quirboilly","Eiravaein Worksb","https://sonniss.com/sound-effects/quirboilly/","/Sonniss - GDC 2020 - Game Audio Bundle/Eiravaein Worksb - Quirboilly/Quirboilly,leather,metal,twist,contort,large,rough,lining,chunkymetal,brass,zippers,drop,close,floppy,loose,lightclatter.wav","quirboilly|leather|metal|twist|contort|large|rough|lining|chunkymetal|brass|zippers|drop|close|floppy|loose|lightclatter|lightclatterwav|eiravaein worksb"
"Quirboilly,leather,metal,twist,contort,large,rough,lining,chunkymetal,brass,zippers,plop,open,close,multiple,clatter,slide.wav","Quirboilly","Eiravaein Worksb","https://sonniss.com/sound-effects/quirboilly/","/Sonniss - GDC 2020 - Game Audio Bundle/Eiravaein Worksb - Quirboilly/Quirboilly,leather,metal,twist,contort,large,rough,lining,chunkymetal,brass,zippers,plop,open,close,multiple,clatter,slide.wav","quirboilly|leather|metal|twist|contort|large|rough|lining|chunkymetal|brass|zippers|plop|open|close|multiple|clatter|slide|slidewav|eiravaein worksb"
"Quirboilly,leather,metal,twist,contort,large,supple,lining,flimsymetal,zipper,drop,slightdistance,roomAMB,slide,lightclatter.wav","Quirboilly","Eiravaein Worksb","https://sonniss.com/sound-effects/quirboilly/","/Sonniss - GDC 2020 - Game Audio Bundle/Eiravaein Worksb - Quirboilly/Quirboilly,leather,metal,twist,contort,large,supple,lining,flimsymetal,zipper,drop,slightdistance,roomAMB,slide,lightclatter.wav","quirboilly|leather|metal|twist|contort|large|supple|lining|flimsymetal|zipper|drop|slightdistance|roomamb|slide|lightclatter|lightclatterwav|eiravaein worksb"
"Quirboilly,leather,metal,twist,contort,small,smooth,lightmetal,drop,slightdistance,roomAMB,release,bounce,settle.wav","Quirboilly","Eiravaein Worksb","https://sonniss.com/sound-effects/quirboilly/","/Sonniss - GDC 2020 - Game Audio Bundle/Eiravaein Worksb - Quirboilly/Quirboilly,leather,metal,twist,contort,small,smooth,lightmetal,drop,slightdistance,roomAMB,release,bounce,settle.wav","quirboilly|leather|metal|twist|contort|small|smooth|lightmetal|drop|slightdistance|roomamb|release|bounce|settle|settlewav|eiravaein worksb"
"Scene 001 V1.wav","Complex Cinematic Horror Sounds CCHS","Federico Soler Fernandez","https://sonniss.com/sound-effects/complex-cinematic-horror-sounds/","/Sonniss - GDC 2020 - Game Audio Bundle/Federico Soler Fernandez - Complex Cinematic Horror Sounds/Scene 001 V1.wav","horror|cinematic|trailer|scary|modern|spooky|eerie|mysterious|fear|scene|001|v1wav|complex cinematic horror sounds cchs|federico soler fernandez"
"Scene 008 V3.wav","Complex Cinematic Horror Sounds CCHS","Federico Soler Fernandez","https://sonniss.com/sound-effects/complex-cinematic-horror-sounds/","/Sonniss - GDC 2020 - Game Audio Bundle/Federico Soler Fernandez - Complex Cinematic Horror Sounds/Scene 008 V3.wav","horror|cinematic|trailer|scary|modern|spooky|eerie|mysterious|fear|scene|008|v3wav|complex cinematic horror sounds cchs|federico soler fernandez"
"Scene 013 - STEM C - Reverse.wav","Complex Cinematic Horror Sounds CCHS","Federico Soler Fernandez","https://sonniss.com/sound-effects/complex-cinematic-horror-sounds/","/Sonniss - GDC 2020 - Game Audio Bundle/Federico Soler Fernandez - Complex Cinematic Horror Sounds/Scene 013 - STEM C - Reverse.wav","horror|cinematic|trailer|scary|modern|spooky|eerie|mysterious|fear|scene|013|stem|c|reversewav|complex cinematic horror sounds cchs|federico soler fernandez"
"Scene 016 - STEM B - Scream.wav","Complex Cinematic Horror Sounds CCHS","Federico Soler Fernandez","https://sonniss.com/sound-effects/complex-cinematic-horror-sounds/","/Sonniss - GDC 2020 - Game Audio Bundle/Federico Soler Fernandez - Complex Cinematic Horror Sounds/Scene 016 - STEM B - Scream.wav","horror|cinematic|trailer|scary|modern|spooky|eerie|mysterious|fear|scene|016|stem|b|screamwav|complex cinematic horror sounds cchs|federico soler fernandez"
"Braam 004 (D).wav","Effective Trailer Braams","Federico Soler Fernandez","https://sonniss.com/sound-effects/effective-trailer-braams/","/Sonniss - GDC 2020 - Game Audio Bundle/Federico Soler Fernandez - Effective Trailer Braams/Braam 004 (D).wav","braam|braams|horn|horns|bwaam|bram|braaam|cinematic|action|horror|trailer|braam|004|(d)wav|effective trailer braams|federico soler fernandez"
"Braam 013 (B).wav","Effective Trailer Braams","Federico Soler Fernandez","https://sonniss.com/sound-effects/effective-trailer-braams/","/Sonniss - GDC 2020 - Game Audio Bundle/Federico Soler Fernandez - Effective Trailer Braams/Braam 013 (B).wav","braam|braams|horn|horns|bwaam|bram|braaam|cinematic|action|horror|trailer|braam|013|(b)wav|effective trailer braams|federico soler fernandez"
"Braam 029 (G).wav","Effective Trailer Braams","Federico Soler Fernandez","https://sonniss.com/sound-effects/effective-trailer-braams/","/Sonniss - GDC 2020 - Game Audio Bundle/Federico Soler Fernandez - Effective Trailer Braams/Braam 029 (G).wav","braam|braams|horn|horns|bwaam|bram|braaam|cinematic|action|horror|trailer|braam|029|(g)wav|effective trailer braams|federico soler fernandez"
"Braam 035 (G#).wav","Effective Trailer Braams","Federico Soler Fernandez","https://sonniss.com/sound-effects/effective-trailer-braams/","/Sonniss - GDC 2020 - Game Audio Bundle/Federico Soler Fernandez - Effective Trailer Braams/Braam 035 (G#).wav","braam|braams|horn|horns|bwaam|bram|braaam|cinematic|action|horror|trailer|braam|035|(g#)wav|effective trailer braams|federico soler fernandez"
"Downer 013.wav","Effective Trailer Downers","Federico Soler Fernandez","https://sonniss.com/sound-effects/effective-trailer-downers/","/Sonniss - GDC 2020 - Game Audio Bundle/Federico Soler Fernandez - Effective Trailer Downers/Downer 013.wav","downer|drop|downfall|bass|sub|low|frequency|trailer|cinematic|downer|013wav|effective trailer downers|federico soler fernandez"
"Downer 049.wav","Effective Trailer Downers","Federico Soler Fernandez","https://sonniss.com/sound-effects/effective-trailer-downers/","/Sonniss - GDC 2020 - Game Audio Bundle/Federico Soler Fernandez - Effective Trailer Downers/Downer 049.wav","downer|drop|downfall|bass|sub|low|frequency|trailer|cinematic|downer|049wav|effective trailer downers|federico soler fernandez"
"Downer 087.wav","Effective Trailer Downers","Federico Soler Fernandez","https://sonniss.com/sound-effects/effective-trailer-downers/","/Sonniss - GDC 2020 - Game Audio Bundle/Federico Soler Fernandez - Effective Trailer Downers/Downer 087.wav","downer|drop|downfall|bass|sub|low|frequency|trailer|cinematic|downer|087wav|effective trailer downers|federico soler fernandez"
"Downer 111.wav","Effective Trailer Downers","Federico Soler Fernandez","https://sonniss.com/sound-effects/effective-trailer-downers/","/Sonniss - GDC 2020 - Game Audio Bundle/Federico Soler Fernandez - Effective Trailer Downers/Downer 111.wav","downer|drop|downfall|bass|sub|low|frequency|trailer|cinematic|downer|111wav|effective trailer downers|federico soler fernandez"
"Drone 007 (A#).wav","Effective Trailer Drones","Federico Soler Fernandez","https://sonniss.com/sound-effects/effective-trailer-drones/","/Sonniss - GDC 2020 - Game Audio Bundle/Federico Soler Fernandez - Effective Trailer Drones/Drone 007 (A#).wav","drone|ambient|ambiance|atmosphere|soundscape|trailer|cinematic|scifi|horror|sound|design|drone|007|(a#)wav|effective trailer drones|federico soler fernandez"
"Drone 037 (C#).wav","Effective Trailer Drones","Federico Soler Fernandez","https://sonniss.com/sound-effects/effective-trailer-drones/","/Sonniss - GDC 2020 - Game Audio Bundle/Federico Soler Fernandez - Effective Trailer Drones/Drone 037 (C#).wav","drone|ambient|ambiance|atmosphere|soundscape|trailer|cinematic|scifi|horror|sound|design|drone|037|(c#)wav|effective trailer drones|federico soler fernandez"
"Drone 055 (E).wav","Effective Trailer Drones","Federico Soler Fernandez","https://sonniss.com/sound-effects/effective-trailer-drones/","/Sonniss - GDC 2020 - Game Audio Bundle/Federico Soler Fernandez - Effective Trailer Drones/Drone 055 (E).wav","drone|ambient|ambiance|atmosphere|soundscape|trailer|cinematic|scifi|horror|sound|design|drone|055|(e)wav|effective trailer drones|federico soler fernandez"
"Drone 067 (A).wav","Effective Trailer Drones","Federico Soler Fernandez","https://sonniss.com/sound-effects/effective-trailer-drones/","/Sonniss - GDC 2020 - Game Audio Bundle/Federico Soler Fernandez - Effective Trailer Drones/Drone 067 (A).wav","drone|ambient|ambiance|atmosphere|soundscape|trailer|cinematic|scifi|horror|sound|design|drone|067|(a)wav|effective trailer drones|federico soler fernandez"
"Ping 003.wav","Effective Trailer Pings","Federico Soler Fernandez","https://sonniss.com/sound-effects/effective-trailer-pings/","/Sonniss - GDC 2020 - Game Audio Bundle/Federico Soler Fernandez - Effective Trailer Pings/Ping 003.wav","ping|pings|ident|logo|intro|top|layer|ancient|statement|memorable|mystical|terryfing|obscure|secret|scary|horror|scifi|ping|003wav|effective trailer pings|federico soler fernandez"
"Ping 010.wav","Effective Trailer Pings","Federico Soler Fernandez","https://sonniss.com/sound-effects/effective-trailer-pings/","/Sonniss - GDC 2020 - Game Audio Bundle/Federico Soler Fernandez - Effective Trailer Pings/Ping 010.wav","ping|pings|ident|logo|intro|top|layer|ancient|statement|memorable|mystical|terryfing|obscure|secret|scary|horror|scifi|ping|010wav|effective trailer pings|federico soler fernandez"
"Ping 020.wav","Effective Trailer Pings","Federico Soler Fernandez","https://sonniss.com/sound-effects/effective-trailer-pings/","/Sonniss - GDC 2020 - Game Audio Bundle/Federico Soler Fernandez - Effective Trailer Pings/Ping 020.wav","ping|pings|ident|logo|intro|top|layer|ancient|statement|memorable|mystical|terryfing|obscure|secret|scary|horror|scifi|ping|020wav|effective trailer pings|federico soler fernandez"
"Ping 036.wav","Effective Trailer Pings","Federico Soler Fernandez","https://sonniss.com/sound-effects/effective-trailer-pings/","/Sonniss - GDC 2020 - Game Audio Bundle/Federico Soler Fernandez - Effective Trailer Pings/Ping 036.wav","ping|pings|ident|logo|intro|top|layer|ancient|statement|memorable|mystical|terryfing|obscure|secret|scary|horror|scifi|ping|036wav|effective trailer pings|federico soler fernandez"
"Riser 027.wav","Effective Trailer Risers","Federico Soler Fernandez","https://sonniss.com/sound-effects/effective-trailer-risers/","/Sonniss - GDC 2020 - Game Audio Bundle/Federico Soler Fernandez - Effective Trailer Risers/Riser 027.wav","rise|riser|reverse|build|buildup|rising|trailer|cinematic|ending|riser|027wav|effective trailer risers|federico soler fernandez"
"Riser 035.wav","Effective Trailer Risers","Federico Soler Fernandez","https://sonniss.com/sound-effects/effective-trailer-risers/","/Sonniss - GDC 2020 - Game Audio Bundle/Federico Soler Fernandez - Effective Trailer Risers/Riser 035.wav","rise|riser|reverse|build|buildup|rising|trailer|cinematic|ending|riser|035wav|effective trailer risers|federico soler fernandez"
"Riser 078.wav","Effective Trailer Risers","Federico Soler Fernandez","https://sonniss.com/sound-effects/effective-trailer-risers/","/Sonniss - GDC 2020 - Game Audio Bundle/Federico Soler Fernandez - Effective Trailer Risers/Riser 078.wav","rise|riser|reverse|build|buildup|rising|trailer|cinematic|ending|riser|078wav|effective trailer risers|federico soler fernandez"
"Riser 088.wav","Effective Trailer Risers","Federico Soler Fernandez","https://sonniss.com/sound-effects/effective-trailer-risers/","/Sonniss - GDC 2020 - Game Audio Bundle/Federico Soler Fernandez - Effective Trailer Risers/Riser 088.wav","rise|riser|reverse|build|buildup|rising|trailer|cinematic|ending|riser|088wav|effective trailer risers|federico soler fernandez"
"AK0405 AK-74 rear long distance burst 05 rounds.wav","AK 74","FLYSOUND","https://sonniss.com/sound-effects/ak-74/","/Sonniss - GDC 2020 - Game Audio Bundle/FLYSOUND - AK-74/AK0405 AK-74 rear long distance burst 05 rounds.wav","kalashnikov|ak74|assault|rifle|||rear|long|distance|burst|05|rounds|ak0405|roundswav|ak 74|flysound"
"AK0709 AK-74 assemble disassemble.wav","AK 74","FLYSOUND","https://sonniss.com/sound-effects/ak-74/","/Sonniss - GDC 2020 - Game Audio Bundle/FLYSOUND - AK-74/AK0709 AK-74 assemble disassemble.wav","kalashnikov|ak74|assault|rifle|||foley|assemble|disassemble|ak0709|disassemblewav|ak 74|flysound"
"AKSD0813 AK-74 spot A close burst 03 rounds.wav","AK 74","FLYSOUND","https://sonniss.com/sound-effects/ak-74/","/Sonniss - GDC 2020 - Game Audio Bundle/FLYSOUND - AK-74/AKSD0813 AK-74 spot A close burst 03 rounds.wav","kalashnikov|ak74|assault|rifle|||designed|spot|a|close|burst|03|rounds|aksd0813|roundswav|ak 74|flysound"
"AKSD0854 AK-74 spot D far burst 03 rounds.wav","AK 74","FLYSOUND","https://sonniss.com/sound-effects/ak-74/","/Sonniss - GDC 2020 - Game Audio Bundle/FLYSOUND - AK-74/AKSD0854 AK-74 spot D far burst 03 rounds.wav","kalashnikov|ak74|assault|rifle|||designed|spot|d|far|burst|03|rounds|aksd0854|roundswav|ak 74|flysound"
"BMW0303 BMW 520i Exhaust Rear Bumper Start Accelerate Medium Everyday Drive.wav","BMW 520i","FLYSOUND","https://sonniss.com/sound-effects/bmw-520i/","/Sonniss - GDC 2020 - Game Audio Bundle/FLYSOUND - BMW 520i/BMW0303 BMW 520i Exhaust Rear Bumper Start Accelerate Medium Everyday Drive.wav","bmw|520i|1990|e34|129|hp|||exhaust|rear|bumper|close|start|accelerate|medium|everyday|drive|bmw0303|drivewav|bmw 520i|flysound"
"BMW1104 BMW 520i Spot A Start Fast Drive with Aggressive Starts and Stops with Skids Stop.wav","BMW 520i","FLYSOUND","https://sonniss.com/sound-effects/bmw-520i/","/Sonniss - GDC 2020 - Game Audio Bundle/FLYSOUND - BMW 520i/BMW1104 BMW 520i Spot A Start Fast Drive with Aggressive Starts and Stops with Skids Stop.wav","bmw|520i|1990|e34|129|hp|||exterior|spot|a|start|fast|drive|with|aggressive|starts|and|braking|skids|stop|bmw1104|aggressive|stops|stopwav|bmw 520i|flysound"
"BMW1502 BMW 520i Exhaust Rear Bumper Interior QUAD Drive Skid.wav","BMW 520i","FLYSOUND","https://sonniss.com/sound-effects/bmw-520i/","/Sonniss - GDC 2020 - Game Audio Bundle/FLYSOUND - BMW 520i/BMW1502 BMW 520i Exhaust Rear Bumper Interior QUAD Drive Skid.wav","bmw|520i|1990|e34|129|hp|||exhaust|rear|bumper|close|interior|quad|bmw1502|drive|skidwav|bmw 520i|flysound"
"BMW2102 BMW 520i Details Handbrake.wav","BMW 520i","FLYSOUND","https://sonniss.com/sound-effects/bmw-520i/","/Sonniss - GDC 2020 - Game Audio Bundle/FLYSOUND - BMW 520i/BMW2102 BMW 520i Details Handbrake.wav","bmw|520i|1990|e34|129|hp|||close|handbrake|bmw2102|details|handbrakewav|bmw 520i|flysound"
"BMW0205 BMW 760i Interior Start Idle Stop.wav","BMW 760i","FLYSOUND","https://sonniss.com/sound-effects/bmw-760i/","/Sonniss - GDC 2020 - Game Audio Bundle/FLYSOUND - BMW 760i/BMW0205 BMW 760i Interior Start Idle Stop.wav","2017|bmw|760i|v12|544hp|||interior|back|seats|start|idle|stop|bmw0205|stopwav|bmw 760i|flysound"
"BMW0802 BMW 760i Engine Start Very Strong Revs Stop.wav","BMW 760i","FLYSOUND","https://sonniss.com/sound-effects/bmw-760i/","/Sonniss - GDC 2020 - Game Audio Bundle/FLYSOUND - BMW 760i/BMW0802 BMW 760i Engine Start Very Strong Revs Stop.wav","2017|bmw|760i|v12|544hp|||engine|close|start|very|strong|revs|stop|bmw0802|stopwav|bmw 760i|flysound"
"BMW2408 BMW 760i Spot A LR Start Medium Drive Away Approach Stop Multiple Circles.wav","BMW 760i","FLYSOUND","https://sonniss.com/sound-effects/bmw-760i/","/Sonniss - GDC 2020 - Game Audio Bundle/FLYSOUND - BMW 760i/BMW2408 BMW 760i Spot A LR Start Medium Drive Away Approach Stop Multiple Circles.wav","2017|bmw|760i|v12|544hp|||spot|a|distant|lr|start|medium|drive|away|approach|stop|multiple|circles|bmw2408|circleswav|bmw 760i|flysound"
"BMW3302 BMW 760i Spot A Horn.wav","BMW 760i","FLYSOUND","https://sonniss.com/sound-effects/bmw-760i/","/Sonniss - GDC 2020 - Game Audio Bundle/FLYSOUND - BMW 760i/BMW3302 BMW 760i Spot A Horn.wav","2017|bmw|760i|v12|544hp|||spot|a|close|horn|bmw3302|hornwav|bmw 760i|flysound"
"NAGANT 1m close front right shots.wav","Mosin Nagant MN0104 MOSIN","FLYSOUND","https://sonniss.com/sound-effects/mosin-nagant/","/Sonniss - GDC 2020 - Game Audio Bundle/FLYSOUND - Mosin Nagant/NAGANT 1m close front right shots.wav","mosinnagant|rifle|||1m|shots|close|front|right|direct|nagant|shotswav|mosin nagant mn0104 mosin|flysound"
"NAGANT 50m distant front left shots.wav","Mosin Nagant MN0104 MOSIN","FLYSOUND","https://sonniss.com/sound-effects/mosin-nagant/","/Sonniss - GDC 2020 - Game Audio Bundle/FLYSOUND - Mosin Nagant/NAGANT 50m distant front left shots.wav","mosinnagant|rifle|||50m|shots|distant|front|left|indirect|nagant|shotswav|mosin nagant mn0104 mosin|flysound"
"NAGANT movement handling.wav","Mosin Nagant MN0104 MOSIN","FLYSOUND","https://sonniss.com/sound-effects/mosin-nagant/","/Sonniss - GDC 2020 - Game Audio Bundle/FLYSOUND - Mosin Nagant/NAGANT movement handling.wav","mosinnagant|rifle|||foley|handling|nagant|movement|handlingwav|mosin nagant mn0104 mosin|flysound"
"NAGANT mixed long distance shot.wav","Mosin Nagant MN0104 MOSIN","FLYSOUND","https://sonniss.com/sound-effects/mosin-nagant/","/Sonniss - GDC 2020 - Game Audio Bundle/FLYSOUND - Mosin Nagant/NAGANT mixed long distance shot.wav","mosinnagant|rifle|||designed|long|distance|shot|nagant|mixed|shotwav|mosin nagant mn0104 mosin|flysound"
"TRN0601 Train Siemens Desiro Ambience Interior Corridor Passage Active Constant Speed Rattle Squeak RAW.wav","Siemens Velaro","FLYSOUND","https://sonniss.com/sound-effects/siemens-velaro-rus/","/Sonniss - GDC 2020 - Game Audio Bundle/FLYSOUND - Siemens Velaro/TRN0601 Train Siemens Desiro Ambience Interior Corridor Passage Active Constant Speed Rattle Squeak RAW.wav","train|siemens|desiro|||ambience|interior|corridor|passage|active|constant|speed|rattle|creak|raw|trn0601|squeak|rawwav|siemens velaro|flysound"
"TRN0801 Train Siemens Desiro Ambience Interior Corridor Passage Middle Constant Speed Fast Rattle RAW.wav","Siemens Velaro","FLYSOUND","https://sonniss.com/sound-effects/siemens-velaro-rus/","/Sonniss - GDC 2020 - Game Audio Bundle/FLYSOUND - Siemens Velaro/TRN0801 Train Siemens Desiro Ambience Interior Corridor Passage Middle Constant Speed Fast Rattle RAW.wav","train|siemens|desiro|||ambience|interior|corridor|passage|middle|constant|speed|fast|rattle|raw|trn0801|rawwav|siemens velaro|flysound"
"TRN1101 Train Siemens Desiro Ambience Interior Vestibule Door Open Constant Speed Wind Blowing RAW.wav","Siemens Velaro","FLYSOUND","https://sonniss.com/sound-effects/siemens-velaro-rus/","/Sonniss - GDC 2020 - Game Audio Bundle/FLYSOUND - Siemens Velaro/TRN1101 Train Siemens Desiro Ambience Interior Vestibule Door Open Constant Speed Wind Blowing RAW.wav","train|siemens|desiro|||ambience|interior|vestibule|door|open|constant|speed|blowing|raw|trn1101|wind|rawwav|siemens velaro|flysound"
"SR0201 Ambulance Siren Type 1 Type 2 Close.wav","Siren","FLYSOUND","https://sonniss.com/sound-effects/siren/","/Sonniss - GDC 2020 - Game Audio Bundle/FLYSOUND - Siren/SR0201 Ambulance Siren Type 1 Type 2 Close.wav","ambulance|siren|||type|1|2|static|mic|ab|close|15|meter|sr0201|closewav|flysound"
"SR1502 Firefighter Siren Type 2 Distant.wav","Siren","FLYSOUND","https://sonniss.com/sound-effects/siren/","/Sonniss - GDC 2020 - Game Audio Bundle/FLYSOUND - Siren/SR1502 Firefighter Siren Type 2 Distant.wav","firefighter|siren|||type|2|static|mic|ab|distant|5|meter|sr1502|distantwav|flysound"
"SR2002 Police Siren Type 1 Distant.wav","Siren","FLYSOUND","https://sonniss.com/sound-effects/siren/","/Sonniss - GDC 2020 - Game Audio Bundle/FLYSOUND - Siren/SR2002 Police Siren Type 1 Distant.wav","police|siren|||type|1|static|mic|ab|distant|5|meter|sr2002|distantwav|flysound"
"SR2201 Police Siren Type 1 Close.wav","Siren","FLYSOUND","https://sonniss.com/sound-effects/siren/","/Sonniss - GDC 2020 - Game Audio Bundle/FLYSOUND - Siren/SR2201 Police Siren Type 1 Close.wav","police|siren|||type|1|static|mic|ab|close|15|meter|sr2201|closewav|flysound"
"TFF0202 TANK T-44 Exhaust Pipe Start Idle Stop.wav","TANK T 44","FLYSOUND","https://sonniss.com/sound-effects/tank-t-44/","/Sonniss - GDC 2020 - Game Audio Bundle/FLYSOUND - TANK T-44/TFF0202 TANK T-44 Exhaust Pipe Start Idle Stop.wav","tank|t44|soviet|russian|millitary|vehicle|||exhaust|pipe|close|start|idle|stop|tff0202|tank|stopwav|tank t 44|flysound"
"TFF0503 TANK T-44 SPOT A LR Start Medium Drive and Approach Stop.wav","TANK T 44","FLYSOUND","https://sonniss.com/sound-effects/tank-t-44/","/Sonniss - GDC 2020 - Game Audio Bundle/FLYSOUND - TANK T-44/TFF0503 TANK T-44 SPOT A LR Start Medium Drive and Approach Stop.wav","tank|t44|soviet|russian|millitary|vehicle|||spot|a|average|distant|start|medium|drive|and|approach|stop|tff0503|tank|spot|lr|stopwav|tank t 44|flysound"
"TFF0905 TANK T-44 Track Medium Revs Accelerated Fast Drive Away Drive By with Stopping Approach Stop.wav","TANK T 44","FLYSOUND","https://sonniss.com/sound-effects/tank-t-44/","/Sonniss - GDC 2020 - Game Audio Bundle/FLYSOUND - TANK T-44/TFF0905 TANK T-44 Track Medium Revs Accelerated Fast Drive Away Drive By with Stopping Approach Stop.wav","tank|t44|soviet|russian|millitary|vehicle|||track|close|medium|revs|acclerated|fast|drive|away|by|with|stopping|approach|stop|tff0905|tank|accelerated|stopwav|tank t 44|flysound"
"URL0104 Truck Ural Spot A Start Idle Stop Front Perspective.wav","URAL 4320 Diesel","FLYSOUND","https://sonniss.com/sound-effects/ural-4320-diesel/","/Sonniss - GDC 2020 - Game Audio Bundle/FLYSOUND - URAL 4320 Diesel/URL0104 Truck Ural Spot A Start Idle Stop Front Perspective.wav","truck|ural|4320|diesel|||front|perspective|start|idle|stop|url0104|spot|a|perspectivewav|ural 4320 diesel|flysound"
"URL1205 Truck Ural Start Idle Fast Drive Away Approach Stop Horn Exhaust Pipe.wav","URAL 4320 Diesel","FLYSOUND","https://sonniss.com/sound-effects/ural-4320-diesel/","/Sonniss - GDC 2020 - Game Audio Bundle/FLYSOUND - URAL 4320 Diesel/URL1205 Truck Ural Start Idle Fast Drive Away Approach Stop Horn Exhaust Pipe.wav","truck|ural|4320|diesel|||exhaust|start|idle|fast|away|drive|approach|stop|horn|pipe|url1205|pipewav|ural 4320 diesel|flysound"
"URL1409A Truck Ural Spot A Driveby Close Perspective.wav","URAL 4320 Diesel","FLYSOUND","https://sonniss.com/sound-effects/ural-4320-diesel/","/Sonniss - GDC 2020 - Game Audio Bundle/FLYSOUND - URAL 4320 Diesel/URL1409A Truck Ural Spot A Driveby Close Perspective.wav","truck|ural|4320|diesel|||close|perspective|pass|driveby|url1409a|spot|a|perspectivewav|ural 4320 diesel|flysound"
"URL1711A Truck Ural Spot A Details Air Exterior.wav","URAL 4320 Diesel","FLYSOUND","https://sonniss.com/sound-effects/ural-4320-diesel/","/Sonniss - GDC 2020 - Game Audio Bundle/FLYSOUND - URAL 4320 Diesel/URL1711A Truck Ural Spot A Details Air Exterior.wav","truck|ural|4320|diesel|||exterior|air|url1711a|spot|a|details|exteriorwav|ural 4320 diesel|flysound"
"SFX_Ghost_Whoosh_Female_05.wav","Ghost Whoosh","Fox Audio Post","https://sonniss.com/sound-effects/ghost-whoosh-malefemale/","/Sonniss - GDC 2020 - Game Audio Bundle/Fox Audio Post-Production - Ghost Whoosh – Male&Female/SFX_Ghost_Whoosh_Female_05.wav","rppc\users\fox\desktop\whoosh_ghost\whoosh_ghostrpp|sfx_ghost_whoosh_female_05wav|ghost whoosh|fox audio post"
"SFX_Ghost_Whoosh_Female_13.wav","Ghost Whoosh","Fox Audio Post","https://sonniss.com/sound-effects/ghost-whoosh-malefemale/","/Sonniss - GDC 2020 - Game Audio Bundle/Fox Audio Post-Production - Ghost Whoosh – Male&Female/SFX_Ghost_Whoosh_Female_13.wav","ghost|whoosh|female|monster|demon|whisper|sfx_ghost_whoosh_female_13wav|ghost whoosh|fox audio post"
"SFX_Ghost_Whoosh_Male_03.wav","Ghost Whoosh","Fox Audio Post","https://sonniss.com/sound-effects/ghost-whoosh-malefemale/","/Sonniss - GDC 2020 - Game Audio Bundle/Fox Audio Post-Production - Ghost Whoosh – Male&Female/SFX_Ghost_Whoosh_Male_03.wav","ghost|whoosh|male|monster|demon|whisper|reverse|sfx_ghost_whoosh_male_03wav|ghost whoosh|fox audio post"
"SFX_Ghost_Whoosh_Male_10.wav","Ghost Whoosh","Fox Audio Post","https://sonniss.com/sound-effects/ghost-whoosh-malefemale/","/Sonniss - GDC 2020 - Game Audio Bundle/Fox Audio Post-Production - Ghost Whoosh – Male&Female/SFX_Ghost_Whoosh_Male_10.wav","ghost|whoosh|male|monster|demon|whisper|sfx_ghost_whoosh_male_10wav|ghost whoosh|fox audio post"
"Mechanimal_017.wav","Mechanimal","Fox Audio Post","https://sonniss.com/sound-effects/mechanimal-vocalization/","/Sonniss - GDC 2020 - Game Audio Bundle/Fox Audio Post-Production - Mechanimal – Vocalization/Mechanimal_017.wav","rppc\users\fox\desktop\sfx_mechanical_animal\sfx_mechanical_animalrpp|mechanimal_017wav|mechanimal|fox audio post"
"Mechanimal_022.wav","Mechanimal","Fox Audio Post","https://sonniss.com/sound-effects/mechanimal-vocalization/","/Sonniss - GDC 2020 - Game Audio Bundle/Fox Audio Post-Production - Mechanimal – Vocalization/Mechanimal_022.wav","rppc\users\fox\desktop\sfx_mechanical_animal\sfx_mechanical_animalrpp|mechanimal_022wav|mechanimal|fox audio post"
"Mechanimal_080.wav","Mechanimal","Fox Audio Post","https://sonniss.com/sound-effects/mechanimal-vocalization/","/Sonniss - GDC 2020 - Game Audio Bundle/Fox Audio Post-Production - Mechanimal – Vocalization/Mechanimal_080.wav","rppc\users\fox\desktop\sfx_mechanical_animal\sfx_mechanical_animalrpp|mechanimal_080wav|mechanimal|fox audio post"
"Mechanimal_096.wav","Mechanimal","Fox Audio Post","https://sonniss.com/sound-effects/mechanimal-vocalization/","/Sonniss - GDC 2020 - Game Audio Bundle/Fox Audio Post-Production - Mechanimal – Vocalization/Mechanimal_096.wav","rppc\users\fox\desktop\sfx_mechanical_animal\sfx_mechanical_animalrpp|mechanimal_096wav|mechanimal|fox audio post"
"Granular Abstract Ambient Atmosphere (2).wav","Dreamstates","Glitchedtones","https://sonniss.com/sound-effects/dreamstates/","/Sonniss - GDC 2020 - Game Audio Bundle/Glitchedtones - Dreamstates/Granular Abstract Ambient Atmosphere (2).wav","granular|abstract|ambient|atmosphere|texture|granular|abstract|ambient|atmosphere|(2)wav|dreamstates|glitchedtones"
"Granular Abstract Ambient Atmosphere (24).wav","Dreamstates","Glitchedtones","https://sonniss.com/sound-effects/dreamstates/","/Sonniss - GDC 2020 - Game Audio Bundle/Glitchedtones - Dreamstates/Granular Abstract Ambient Atmosphere (24).wav","granular|abstract|ambient|atmosphere|texture|granular|abstract|ambient|atmosphere|(24)wav|dreamstates|glitchedtones"
"Granular Abstract Ambient Element (12).wav","Dreamstates","Glitchedtones","https://sonniss.com/sound-effects/dreamstates/","/Sonniss - GDC 2020 - Game Audio Bundle/Glitchedtones - Dreamstates/Granular Abstract Ambient Element (12).wav","granular|abstract|ambient|texture|transition|granular|abstract|ambient|element|(12)wav|dreamstates|glitchedtones"
"Granular Abstract Ambient Element (25).wav","Dreamstates","Glitchedtones","https://sonniss.com/sound-effects/dreamstates/","/Sonniss - GDC 2020 - Game Audio Bundle/Glitchedtones - Dreamstates/Granular Abstract Ambient Element (25).wav","granular|abstract|ambient|texture|transition|granular|abstract|ambient|element|(25)wav|dreamstates|glitchedtones"
"Glitch Abstract FX (19).wav","Glitches","Glitchedtones","https://sonniss.com/sound-effects/glitches/","/Sonniss - GDC 2020 - Game Audio Bundle/Glitchedtones - Glitches/Glitch Abstract FX (19).wav","glitch|error|malfunction|scifi|science|fiction|designed|abstract|glitch|abstract|fx|(19)wav|glitches|glitchedtones"
"Glitch Databend (53).wav","Glitches","Glitchedtones","https://sonniss.com/sound-effects/glitches/","/Sonniss - GDC 2020 - Game Audio Bundle/Glitchedtones - Glitches/Glitch Databend (53).wav","glitch|error|malfunction|scifi|science|fiction|designed|databend|databending|raw|data|interference|glitch|databend|(53)wav|glitches|glitchedtones"
"Glitch Electromagnetic (33).wav","Glitches","Glitchedtones","https://sonniss.com/sound-effects/glitches/","/Sonniss - GDC 2020 - Game Audio Bundle/Glitchedtones - Glitches/Glitch Electromagnetic (33).wav","glitch|error|malfunction|scifi|science|fiction|designed|electromagnetic|field|emf|electrical|circuit|interference|glitch|electromagnetic|(33)wav|glitches|glitchedtones"
"Glitch Transition (21).wav","Glitches","Glitchedtones","https://sonniss.com/sound-effects/glitches/","/Sonniss - GDC 2020 - Game Audio Bundle/Glitchedtones - Glitches/Glitch Transition (21).wav","glitch|error|malfunction|scifi|science|fiction|designed|transition|whoosh|glitch|transition|(21)wav|glitches|glitchedtones"
"Harsh Noise Feedback Loop-007.wav","Harsh Noise Harsh Noise Feedback Loop","Glitchedtones","https://sonniss.com/sound-effects/harsh-noise/","/Sonniss - GDC 2020 - Game Audio Bundle/Glitchedtones - Harsh Noise/Harsh Noise Feedback Loop-007.wav","noise|harsh|feedback|loop|no|input|mixer|experimental|interference|glitch|horror|science|fiction|scifi|harsh|noise|feedback|loop007wav|harsh noise harsh noise feedback loop|glitchedtones"
"Harsh Noise Feedback Loop-025.wav","Harsh Noise Harsh Noise Feedback Loop","Glitchedtones","https://sonniss.com/sound-effects/harsh-noise/","/Sonniss - GDC 2020 - Game Audio Bundle/Glitchedtones - Harsh Noise/Harsh Noise Feedback Loop-025.wav","noise|harsh|feedback|loop|no|input|mixer|experimental|interference|glitch|horror|science|fiction|scifi|harsh|noise|feedback|loop025wav|harsh noise harsh noise feedback loop|glitchedtones"
"Harsh Noise Feedback Loop-038.wav","Harsh Noise Harsh Noise Feedback Loop","Glitchedtones","https://sonniss.com/sound-effects/harsh-noise/","/Sonniss - GDC 2020 - Game Audio Bundle/Glitchedtones - Harsh Noise/Harsh Noise Feedback Loop-038.wav","noise|harsh|feedback|loop|no|input|mixer|experimental|interference|glitch|horror|science|fiction|scifi|harsh|noise|feedback|loop038wav|harsh noise harsh noise feedback loop|glitchedtones"
"Abstract Texture (9).wav","Scare Tactics","Glitchedtones","https://sonniss.com/sound-effects/scare-tactics/","/Sonniss - GDC 2020 - Game Audio Bundle/Glitchedtones - Scare Tactics/Abstract Texture (9).wav","horror|abstract|texture|atmosphere|abstract|texture|(9)wav|scare tactics|glitchedtones"
"Oneshot (87).wav","Scare Tactics","Glitchedtones","https://sonniss.com/sound-effects/scare-tactics/","/Sonniss - GDC 2020 - Game Audio Bundle/Glitchedtones - Scare Tactics/Oneshot (87).wav","horror|abstract|hit|oneshot|jump|scare|element|oneshot|(87)wav|scare tactics|glitchedtones"
"Synth Drone (5).wav","Scare Tactics","Glitchedtones","https://sonniss.com/sound-effects/scare-tactics/","/Sonniss - GDC 2020 - Game Audio Bundle/Glitchedtones - Scare Tactics/Synth Drone (5).wav","horror|abstract|texture|atmosphere|drone|synth|drone|(5)wav|scare tactics|glitchedtones"
"Transition Passby (13).wav","Scare Tactics","Glitchedtones","https://sonniss.com/sound-effects/scare-tactics/","/Sonniss - GDC 2020 - Game Audio Bundle/Glitchedtones - Scare Tactics/Transition Passby (13).wav","horror|abstract|texture|transition|passby|transition|passby|(13)wav|scare tactics|glitchedtones"
"urban traffic, bus journey, interior, newcastle, uk (2).wav","Urban Traffic","Glitchedtones","https://sonniss.com/sound-effects/urban-traffic/","/Sonniss - GDC 2020 - Game Audio Bundle/Glitchedtones - Urban Traffic/urban traffic, bus journey, interior, newcastle, uk (2).wav","urban|traffic|transport|vehicle|bus|interior|newcastle|uk|journey|(2)wav|urban traffic|glitchedtones"
"urban traffic, matthew bank, jesmond, newcastle, uk, morning (1).wav","Urban Traffic","Glitchedtones","https://sonniss.com/sound-effects/urban-traffic/","/Sonniss - GDC 2020 - Game Audio Bundle/Glitchedtones - Urban Traffic/urban traffic, matthew bank, jesmond, newcastle, uk, morning (1).wav","urban|traffic|transport|vehicle|matthew|bank|jesmond|newcastle|uk|morning|(1)wav|urban traffic|glitchedtones"
"urban traffic, tyne bridge, newcastle, uk, morning (1).wav","Urban Traffic","Glitchedtones","https://sonniss.com/sound-effects/urban-traffic/","/Sonniss - GDC 2020 - Game Audio Bundle/Glitchedtones - Urban Traffic/urban traffic, tyne bridge, newcastle, uk, morning (1).wav","urban|traffic|transport|vehicle|tyne|bridge|newcastle|uk|morning|(1)wav|urban traffic|glitchedtones"
"Bathroom Hand Dryer 02.wav","Pub Foley","Glitchedtones","https://sonniss.com/sound-effects/pub-foley/","/Sonniss - GDC 2020 - Game Audio Bundle/Glitchedtones – Pub Foley/Bathroom Hand Dryer 02.wav","pub|bar|toilet|bathroom|hand|dryer|machinery|bathroom|hand|dryer|02wav|pub foley|glitchedtones"
"Beer Bottle Knock Over Concrete 02.wav","Pub Foley","Glitchedtones","https://sonniss.com/sound-effects/pub-foley/","/Sonniss - GDC 2020 - Game Audio Bundle/Glitchedtones – Pub Foley/Beer Bottle Knock Over Concrete 02.wav","pub|bar|beer|bottle|glass|concrete|beer|bottle|knock|over|concrete|02wav|pub foley|glitchedtones"
"Drink Pour Sparkler 02.wav","Pub Foley","Glitchedtones","https://sonniss.com/sound-effects/pub-foley/","/Sonniss - GDC 2020 - Game Audio Bundle/Glitchedtones – Pub Foley/Drink Pour Sparkler 02.wav","pub|bar|drink|pour|sparkler|pump|remote|cooling|unit|condenser|noise|drink|pour|sparkler|02wav|pub foley|glitchedtones"
"Keg 20 Litre Pin 03.wav","Pub Foley","Glitchedtones","https://sonniss.com/sound-effects/pub-foley/","/Sonniss - GDC 2020 - Game Audio Bundle/Glitchedtones – Pub Foley/Keg 20 Litre Pin 03.wav","pub|bar|keg|barrel|20|litre|pin|impact|tile|floor|beer|ale|cellar|keg|litre|pin|03wav|pub foley|glitchedtones"
"Duct Tape_mono_short rip 1.wav","Tape Tape Tape!! The Essential Sound Library for Tape Sounds","Hear and Now Sound","https://sonniss.com/sound-effects/tape-tape-tape-essential-sound-library-tape-sounds/","/Sonniss - GDC 2020 - Game Audio Bundle/Hear and Now Sound - Tape Tape Tape!! The Essential Sound Library for Tape Sounds/Duct Tape_mono_short rip 1.wav","duct|tape|ripping|off|a|piece|of|recorded|in|mono|with|neumann|kmr81i|shotgun|microphone|duct|tape_mono_short|rip|1wav|tape tape tape!! the essential sound library for tape sounds|hear and now sound"
"Duct Tape_stereo_pulling 5.wav","Tape Tape Tape!! The Essential Sound Library for Tape Sounds","Hear and Now Sound","https://sonniss.com/sound-effects/tape-tape-tape-essential-sound-library-tape-sounds/","/Sonniss - GDC 2020 - Game Audio Bundle/Hear and Now Sound - Tape Tape Tape!! The Essential Sound Library for Tape Sounds/Duct Tape_stereo_pulling 5.wav","duct|tape|pulling|off|a|fresh|strip|from|roll|of|recorded|in|stereo|schoeps|ccm4|microphones(ortf)|duct|tape_stereo_pulling|5wav|tape tape tape!! the essential sound library for tape sounds|hear and now sound"
"Masking Tape_stereo_crumbling 1.wav","Tape Tape Tape!! The Essential Sound Library for Tape Sounds","Hear and Now Sound","https://sonniss.com/sound-effects/tape-tape-tape-essential-sound-library-tape-sounds/","/Sonniss - GDC 2020 - Game Audio Bundle/Hear and Now Sound - Tape Tape Tape!! The Essential Sound Library for Tape Sounds/Masking Tape_stereo_crumbling 1.wav","masking|tape|crumbling|used|into|a|ball|stereo|recording|schoeps|ccm4|mics(ortf)|masking|tape_stereo_crumbling|1wav|tape tape tape!! the essential sound library for tape sounds|hear and now sound"
"Shipping Tape_stereo_pulling 2.wav","Tape Tape Tape!! The Essential Sound Library for Tape Sounds","Hear and Now Sound","https://sonniss.com/sound-effects/tape-tape-tape-essential-sound-library-tape-sounds/","/Sonniss - GDC 2020 - Game Audio Bundle/Hear and Now Sound - Tape Tape Tape!! The Essential Sound Library for Tape Sounds/Shipping Tape_stereo_pulling 2.wav","shipping|tape|pulling|of|a|fresh|piece|from|roll|recorded|in|stereo|schoeps|ccm4|cardioid|mics(ortf)|shipping|tape_stereo_pulling|2wav|tape tape tape!! the essential sound library for tape sounds|hear and now sound"
"Abandoned area with distant city background_4.0.wav","Baltic quad surroundings","HERZ","https://sonniss.com/sound-effects/baltic-quad-surroundings/","/Sonniss - GDC 2020 - Game Audio Bundle/HERZ - Baltic quad surroundings/Abandoned area with distant city background_4.0.wav","abandoned|area|in|daytime|at|early|spring|constant|city|rumble|with|faint|traffic|background|and|distant|sirens|light|metallic|rattle|occasional|dry|leaves|on|ground|seagulls|crows|other|birds|background_40wav|baltic quad surroundings|herz"
"Calm wind in pine tree forest_2.0.wav","Baltic quad surroundings","HERZ","https://sonniss.com/sound-effects/baltic-quad-surroundings/","/Sonniss - GDC 2020 - Game Audio Bundle/HERZ - Baltic quad surroundings/Calm wind in pine tree forest_2.0.wav","daytime|forest|at|early|spring|slowly|changing|wind|in|pine|trees|with|trunks|cracking|and|squeaking|ocasional|branches|falling|rare|sparse|birds|calm|tree|forest_20wav|baltic quad surroundings|herz"
"Empty train yard with city background_4.0.wav","Baltic quad surroundings","HERZ","https://sonniss.com/sound-effects/baltic-quad-surroundings/","/Sonniss - GDC 2020 - Game Audio Bundle/HERZ - Baltic quad surroundings/Empty train yard with city background_4.0.wav","daytime|in|empty|train|yard|at|early|spring|distant|city|background|ocasional|machinery|crows|sparrows|and|dog|barking|empty|with|background_40wav|baltic quad surroundings|herz"
"Harbor mole with passing train_2.0.wav","Baltic quad surroundings","HERZ","https://sonniss.com/sound-effects/baltic-quad-surroundings/","/Sonniss - GDC 2020 - Game Audio Bundle/HERZ - Baltic quad surroundings/Harbor mole with passing train_2.0.wav","nighttime|harbour|at|early|spring|distant|city|background|with|slow|passing|train|and|machinery|rare|distant|birds|harbor|mole|train_20wav|baltic quad surroundings|herz"
"Party-Pack_Balloons_Friction_Hand_Short_19.wav","Party Pack Party","InspectorJ","https://sonniss.com/sound-effects/party-pack/","/Sonniss - GDC 2020 - Game Audio Bundle/InspectorJ - Party Pack/Party-Pack_Balloons_Friction_Hand_Short_19.wav","rubbing|a|rubber|balloon|with|hand|skin|for|short|and|fast|stretching|elastic|friction|movement|or|scraping|partypack_balloons_friction_hand_short_19wav|party pack party|inspectorj"
"Party-Pack_Horn-Coil-01_Short_13.wav","Party Pack Party","InspectorJ","https://sonniss.com/sound-effects/party-pack/","/Sonniss - GDC 2020 - Game Audio Bundle/InspectorJ - Party Pack/Party-Pack_Horn-Coil-01_Short_13.wav","a|plastic|kid's|party|horn|blower|with|a|paper|coil|being|blown|for|short|period|of|time|partypack_horncoil01_short_13wav|party pack party|inspectorj"
"Party-Pack_Match_Ignite_02-03.wav","Party Pack Party","InspectorJ","https://sonniss.com/sound-effects/party-pack/","/Sonniss - GDC 2020 - Game Audio Bundle/InspectorJ - Party Pack/Party-Pack_Match_Ignite_02-03.wav","igniting|a|wooden|match|by|scraping|it|against|the|coarse|side|of|matchbox|close|to|microphone|partypack_match_ignite_0203wav|party pack party|inspectorj"
"Party-Pack_Train-Whistle_Double_01-02.wav","Party Pack Party","InspectorJ","https://sonniss.com/sound-effects/party-pack/","/Sonniss - GDC 2020 - Game Audio Bundle/InspectorJ - Party Pack/Party-Pack_Train-Whistle_Double_01-02.wav","two|blows|of|a|wooden|toy|train|whistle|with|multiple|frequencies|clashing|together|in|soft|dry|cluster|partypack_trainwhistle_double_0102wav|party pack party|inspectorj"
"Sewing-Machine_Auto-Sewing_Full_Close_01-02.wav","Sewing Machine Sewing","InspectorJ","https://sonniss.com/sound-effects/sewing-machine-2/","/Sonniss - GDC 2020 - Game Audio Bundle/InspectorJ - Sewing Machine/Sewing-Machine_Auto-Sewing_Full_Close_01-02.wav","an|automated|sewing|device|threading|a|needle|at|various|speeds|and|seam|stitches|with|increasing|slowing|rates|for|mechanical|sound|closer|in|proximity|sewingmachine_autosewing_full_close_0102wav|sewing machine sewing|inspectorj"
"Sewing-Machine_Auto-Sewing_Partial_Sewing_Close_03-04-LOOP.wav","Sewing Machine Sewing","InspectorJ","https://sonniss.com/sound-effects/sewing-machine-2/","/Sonniss - GDC 2020 - Game Audio Bundle/InspectorJ - Sewing Machine/Sewing-Machine_Auto-Sewing_Partial_Sewing_Close_03-04-LOOP.wav","an|automated|sewing|device|threading|quickly|at|various|fluctuating|speeds|with|increasing|and|slowing|rates|for|a|rhythmic|mechanical|sound|seamlessly|loopable|closer|in|proximity|sewingmachine_autosewing_partial_sewing_close_0304loopwav|sewing machine sewing|inspectorj"
"Sewing-Machine_Seam-02_Sewing_Slow_02-Distant.wav","Sewing Machine Sewing","InspectorJ","https://sonniss.com/sound-effects/sewing-machine-2/","/Sonniss - GDC 2020 - Game Audio Bundle/InspectorJ - Sewing Machine/Sewing-Machine_Seam-02_Sewing_Slow_02-Distant.wav","a|sewing|machine|device|slowly|threading|fabric|climbing|to|a|steady|mechanical|rhythmic|speed|before|abruptly|stopping|further|away|in|proximity|the|microphone|sewingmachine_seam02_sewing_slow_02distantwav|sewing machine sewing|inspectorj"
"Sewing-Machine_Seam-09_Revving_Fast_02-03-Distant.wav","Sewing Machine Sewing","InspectorJ","https://sonniss.com/sound-effects/sewing-machine-2/","/Sonniss - GDC 2020 - Game Audio Bundle/InspectorJ - Sewing Machine/Sewing-Machine_Seam-09_Revving_Fast_02-03-Distant.wav","a|sewing|machine|device|quickly|revving|up|and|down|swiftly|increasing|decreasing|in|speed|intensity|further|away|proximity|to|the|microphone|sewingmachine_seam09_revving_fast_0203distantwav|sewing machine sewing|inspectorj"
"04 Apache AH64 helicopter 03.wav","AIRSHOW  Air Force Fighters","Ivo Vicic","https://sonniss.com/sound-effects/airshow-air-force-fighters/","/Sonniss - GDC 2020 - Game Audio Bundle/Ivo Vicic - AIRSHOW - Air Force Fighters/04 Apache AH64 helicopter 03.wav","stake=181sswver=267sproject=sscene=sfilename=t181wavstape=150906strk1=track|astrk2=track|b|04|apache|ah64|helicopter|03wav|airshow  air force fighters|ivo vicic"
"06 F5_engine start distant.wav","AIRSHOW  Air Force Fighters","Ivo Vicic","https://sonniss.com/sound-effects/airshow-air-force-fighters/","/Sonniss - GDC 2020 - Game Audio Bundle/Ivo Vicic - AIRSHOW - Air Force Fighters/06 F5_engine start distant.wav","stake=190sswver=267sproject=sscene=sfilename=t190wavstape=150906strk1=track|astrk2=track|bscircled=false|06|f5_engine|start|distantwav|airshow  air force fighters|ivo vicic"
"23 MIG 29_02.wav","AIRSHOW  Air Force Fighters","Ivo Vicic","https://sonniss.com/sound-effects/airshow-air-force-fighters/","/Sonniss - GDC 2020 - Game Audio Bundle/Ivo Vicic - AIRSHOW - Air Force Fighters/23 MIG 29_02.wav","stake=187sswver=267sproject=sscene=sfilename=t187wavstape=150906strk1=track|astrk2=track|b|23|mig|29_02wav|airshow  air force fighters|ivo vicic"
"104 Red deer_autumn_Roaring 1.wav","European mountain forest animals and soundscapes","Ivo Vicic","https://sonniss.com/sound-effects/european-mountain-forest-animals-soundscapes/","/Sonniss - GDC 2020 - Game Audio Bundle/Ivo Vicic - European mountain forest animals and soundscapes/104 Red deer_autumn_Roaring 1.wav","red|deer|(cervus|elaphus)|roar|rutting|season|forest|autumn|780masl|recorded|with|sennheiser|mkh40/30|ms|stereo|rycote|blimp|(windjammer|on)|sound|devices|744t|in|croatia|rec|by|ivo|vicic|104|deer_autumn_roaring|1wav|european mountain forest animals and soundscapes|ivo vicic"
"119 Red fox_winter_scream_naural echo.wav","European mountain forest animals and soundscapes","Ivo Vicic","https://sonniss.com/sound-effects/european-mountain-forest-animals-soundscapes/","/Sonniss - GDC 2020 - Game Audio Bundle/Ivo Vicic - European mountain forest animals and soundscapes/119 Red fox_winter_scream_naural echo.wav","red|fox|(vulpes|vulpes)|scream|bark|possible|scared|by|presence|of|wolf|(canis|lupus)|mountain|valley|winter|1260masl|recorded|with|sass|stereo|array|primo|em172mics|via|sony|pcm|m50|in|croatia|rec|ivo|vicic|119|fox_winter_scream_naural|echowav|european mountain forest animals and soundscapes|ivo vicic"
"155 Wolves_fight_autumn.wav","European mountain forest animals and soundscapes","Ivo Vicic","https://sonniss.com/sound-effects/european-mountain-forest-animals-soundscapes/","/Sonniss - GDC 2020 - Game Audio Bundle/Ivo Vicic - European mountain forest animals and soundscapes/155 Wolves_fight_autumn.wav","european|gray|wolves|(canis|lupus)|feeding|fighting|near|natural|echo|mountain|valley|autumn|night|stream|in|far|distance|pan|r950masl|recorded|with|sass|stereo|array|primo|em172mics|via|sony|pcm|m50|croatia|eu|rec|by|ivo|vicic|155|wolves_fight_autumnwav|european mountain forest animals and soundscapes|ivo vicic"
"185 Soundscape_mountain forest_thunderstorm_close_birds distant_summer.wav","European mountain forest animals and soundscapes","Ivo Vicic","https://sonniss.com/sound-effects/european-mountain-forest-animals-soundscapes/","/Sonniss - GDC 2020 - Game Audio Bundle/Ivo Vicic - European mountain forest animals and soundscapes/185 Soundscape_mountain forest_thunderstorm_close_birds distant_summer.wav","mountain|forest|thunderstorm|close|soundscape|late|summer|birds|distantrecorded|with|sass|stereo|array|primo|em172mics|via|sony|pcm|m50|masl|955mrecorded|in|croatia|eu|rec|by|ivo|vicic|185|soundscape_mountain|forest_thunderstorm_close_birds|distant_summerwav|european mountain forest animals and soundscapes|ivo vicic"
"11 Driving in reverse gear_engine bay_mono_position 02.wav","Honda Accord Type S","Ivo Vicic","https://sonniss.com/sound-effects/honda-accord-type/","/Sonniss - GDC 2020 - Game Audio Bundle/Ivo Vicic - Honda Accord Type S/11 Driving in reverse gear_engine bay_mono_position 02.wav","honda|acccord|type|s|driving|in|reverse|gear_engine|bay_mono/sennheiser|me|ii|sound|devices|744t|sinc|with|01|03|rec|same|name|11|bay_mono_position|02wav|honda accord type s|ivo vicic"
"21 Driving situation 03_speed bumps on road_Interior_suburbs_stereo_position 03.wav","Honda Accord Type S","Ivo Vicic","https://sonniss.com/sound-effects/honda-accord-type/","/Sonniss - GDC 2020 - Game Audio Bundle/Ivo Vicic - Honda Accord Type S/21 Driving situation 03_speed bumps on road_Interior_suburbs_stereo_position 03.wav","honda|acccord|type|sdriving|situation|03_speed|bumps|on|road_interior_suburbs|rec|in|car|ms|stereo/sennheiser|mkh|40/30|rycote|blimp|sound|devices|744t|sinc|with|01|02|rec|same|name|21|driving|road_interior_suburbs_stereo_position|03wav|honda accord type s|ivo vicic"
"75 Interior_front_opening_closing window_mono_position 02.wav","Honda Accord Type S","Ivo Vicic","https://sonniss.com/sound-effects/honda-accord-type/","/Sonniss - GDC 2020 - Game Audio Bundle/Ivo Vicic - Honda Accord Type S/75 Interior_front_opening_closing window_mono_position 02.wav","honda|accord|type|sinterior_front_opening_closing|window_mono_position|02rec|sennheiser|mkh|60|rycote|suspension|soundevices|744t|monorec|by|ivo|vicic|75|interior_front_opening_closing|02wav|honda accord type s|ivo vicic"
"85 Interior_front_switch headlights_short long_mono_positon 02.wav","Honda Accord Type S","Ivo Vicic","https://sonniss.com/sound-effects/honda-accord-type/","/Sonniss - GDC 2020 - Game Audio Bundle/Ivo Vicic - Honda Accord Type S/85 Interior_front_switch headlights_short long_mono_positon 02.wav","honda|accord|type|sinterior_front_switch|headlights_short|long_mono_positon|02rec|sennheiser|mkh|60|rycote|suspension|soundevices|744t|monorec|by|ivo|vicic|85|interior_front_switch|02wav|honda accord type s|ivo vicic"
"03 Industrial hall overhead crane_ lifting crane hook operation_fast_crane departure.wav","Industrial hall","Ivo Vicic","https://sonniss.com/sound-effects/industrial-hall/","/Sonniss - GDC 2020 - Game Audio Bundle/Ivo Vicic - Industrial hall/03 Industrial hall overhead crane_ lifting crane hook operation_fast_crane departure.wav","industrial|hall|overhead|crane_|lifting|crane|hook|operation_fast|speed_crane|departurehall|dim|150x28x18m|rec|sennheiser|mkh|40/30|rycote|suspension|k&m|tripod|mogami|cables|sound|devices|744t|ms|stereo|by|ivo|vicic|03|operation_fast_crane|departurewav|industrial hall|ivo vicic"
"16 Industrial hall_automated band saw_on_operation_off_far field.wav","Industrial hall","Ivo Vicic","https://sonniss.com/sound-effects/industrial-hall/","/Sonniss - GDC 2020 - Game Audio Bundle/Ivo Vicic - Industrial hall/16 Industrial hall_automated band saw_on_operation_off_far field.wav","industrial|hall_automated|band|saw_turning|on_operation_turning|off_far|field/distancehall|dim|150x28x18m|rec|sennheiser|mkh|40/30|rycote|suspension|k&m|tripod|mogami|cables|sound|devices|744t|ms|stereo|by|ivo|vicic|16|saw_on_operation_off_far|fieldwav|industrial hall|ivo vicic"
"31 Industrial hall_metal hit_close_mid field.wav","Industrial hall","Ivo Vicic","https://sonniss.com/sound-effects/industrial-hall/","/Sonniss - GDC 2020 - Game Audio Bundle/Ivo Vicic - Industrial hall/31 Industrial hall_metal hit_close_mid field.wav","industrial|hall_metal|hit_close_mid|field/distancehall|dim|150x28x18m|rec|sennheiser|mkh|40/30|rycote|suspension|k&m|tripod|mogami|cables|sound|devices|744t|ms|stereo|by|ivo|vicic|31|fieldwav|industrial hall|ivo vicic"
"39 Room tone_cargo elevator_up_down.wav","Industrial hall","Ivo Vicic","https://sonniss.com/sound-effects/industrial-hall/","/Sonniss - GDC 2020 - Game Audio Bundle/Ivo Vicic - Industrial hall/39 Room tone_cargo elevator_up_down.wav","room|tone_cargo|elevator_up_down_ind|hall|rijeka|croatiarec|sennheiser|mkh|40/30|rycote|suspension|k&m|tripod|mogami|cables|sound|devices|744t|ms|stereo|rec|by|ivo|vicic|39|elevator_up_downwav|industrial hall|ivo vicic"
"07 Driving downhill_first gear_distance 10m_5m_driving behind hill_Pan LR.wav","Land Rover Defender TDI 300","Ivo Vicic","https://sonniss.com/sound-effects/land-rover-defender-tdi-300/","/Sonniss - GDC 2020 - Game Audio Bundle/Ivo Vicic - Land Rover Defender TDI 300/07 Driving downhill_first gear_distance 10m_5m_driving behind hill_Pan LR.wav","lr|defenderdriving|downhill_first|gear_distance|10m|5m|driving|behind|hillsound|shadow|pan|lrrec|sennheiser|mkh|40/30|rycote|suspension|soundevices|744t|ms|stereo|rec|by|ivo|vicic|07|driving|10m_5m_driving|hill_pan|lrwav|land rover defender tdi 300|ivo vicic"
"108 Interior_traffic light stop_urban rain.wav","Land Rover Defender TDI 300","Ivo Vicic","https://sonniss.com/sound-effects/land-rover-defender-tdi-300/","/Sonniss - GDC 2020 - Game Audio Bundle/Ivo Vicic - Land Rover Defender TDI 300/108 Interior_traffic light stop_urban rain.wav","lr|defender_interior_traffic|light|stop_urban|area|rain|rec|sennheiser|mkh|40/30|rycote|suspension|windjammer|triton|tripod|mogami|cables|sound|devices|744t|ms|stereo|by|ivo|vicic|108|interior_traffic|rainwav|land rover defender tdi 300|ivo vicic"
"119 Exterior_vipers on_fast_LOOP.wav","Land Rover Defender TDI 300","Ivo Vicic","https://sonniss.com/sound-effects/land-rover-defender-tdi-300/","/Sonniss - GDC 2020 - Game Audio Bundle/Ivo Vicic - Land Rover Defender TDI 300/119 Exterior_vipers on_fast_LOOP.wav","lr|defender|exterior_vipers|on_fast_looprec|sennheiser|mkh|40/30|rycote|suspension|triton|tripod|mogami|cables|sound|devices|744t|ms|stereo|rec|by|ivo|vicic|119|on_fast_loopwav|land rover defender tdi 300|ivo vicic"
"56 Interior_Front_door lock button_lock unlock_mono _position 02.wav","Land Rover Defender TDI 300","Ivo Vicic","https://sonniss.com/sound-effects/land-rover-defender-tdi-300/","/Sonniss - GDC 2020 - Game Audio Bundle/Ivo Vicic - Land Rover Defender TDI 300/56 Interior_Front_door lock button_lock unlock_mono _position 02.wav","lr|defender|interior_front|of|vehicle_door|lock|button_lock|unlock_mono|_position|02rec|sennheiser|mkh|60|rycote|suspension|soundevices|744t|monorec|by|ivo|vicic|56|interior_front_door|02wav|land rover defender tdi 300|ivo vicic"
"07 Automotodrom_bikes_race_grandstand_starting line_PA_near field.wav","Motorbike race  Grand Prix Circuit","Ivo Vicic","https://sonniss.com/sound-effects/motorbike-race-grand-prix-circuit/","/Sonniss - GDC 2020 - Game Audio Bundle/Ivo Vicic - Motorbike race - Grand Prix Circuit/07 Automotodrom_bikes_race_grandstand_starting line_PA_near field.wav","automotodrom_bikes_race_grandstand_starting|line_pa_near|field|croatiaautomotodrom|grobnik|/https//enwikipediaorg/wiki/automotodrom_grobnik|rec|sass|stereo|primo|em172x2|sony|pcmm10|recivo|vicic|07|fieldwav|motorbike race  grand prix circuit|ivo vicic"
"20 Automotodrom_motorbikes_race_PAN C to R_multiple_approach_near field.wav","Motorbike race  Grand Prix Circuit","Ivo Vicic","https://sonniss.com/sound-effects/motorbike-race-grand-prix-circuit/","/Sonniss - GDC 2020 - Game Audio Bundle/Ivo Vicic - Motorbike race - Grand Prix Circuit/20 Automotodrom_motorbikes_race_PAN C to R_multiple_approach_near field.wav","automotodrom_motorbikes_race_pan|c|to|r_multiple_approach|front_near|fieldcroatiaautomotodrom|grobnik|/https//enwikipediaorg/wiki/automotodrom_grobnik|rec|sennheiser|mkh|40/30|rycote|windjammer|sound|devices|744t|ms|stereo|by|ivo|vicic|20|r_multiple_approach_near|fieldwav|motorbike race  grand prix circuit|ivo vicic"
"34 Automotodrom_S curve_motorbikes approaching_PAN CR.wav","Motorbike race  Grand Prix Circuit","Ivo Vicic","https://sonniss.com/sound-effects/motorbike-race-grand-prix-circuit/","/Sonniss - GDC 2020 - Game Audio Bundle/Ivo Vicic - Motorbike race - Grand Prix Circuit/34 Automotodrom_S curve_motorbikes approaching_PAN CR.wav","automotodrom_s|curve_motorbikes|approaching_pan|c|to|r|on|mic|axis|front|croatiaautomotodrom|grobnik|/https//enwikipediaorg/wiki/automotodrom_grobnik|sennheiser|mkh|40/30|rycote|windjammer|sound|devices|744t|ms|stereo|rec|by|ivo|vicic|34|crwav|motorbike race  grand prix circuit|ivo vicic"
"07 Waterfall near field 7_LOOP.wav","Mountain rivers and streams","Ivo Vicic","https://sonniss.com/sound-effects/mountain-rivers-streams/","/Sonniss - GDC 2020 - Game Audio Bundle/Ivo Vicic - Mountain rivers and streams/07 Waterfall near field 7_LOOP.wav","waterfall|near|field_looprecorded|with|sennheiser|mkh|40/30|rycote|blimpwindjammer|on|via|sound|devices|mix|pre|(lundahl|input|transformers)|744t|ms|stereorecorded|in|northern|croatia|eurecorded|by|ivo|vicic|07|field|7_loopwav|mountain rivers and streams|ivo vicic"
"29 Rapids near field_LOOP 2.wav","Mountain rivers and streams","Ivo Vicic","https://sonniss.com/sound-effects/mountain-rivers-streams/","/Sonniss - GDC 2020 - Game Audio Bundle/Ivo Vicic - Mountain rivers and streams/29 Rapids near field_LOOP 2.wav","rapids|near|field|looprecorded|with|sennheiser|mkh|40/30|rycote|blimpwindjammer|on|via|sound|devices|mix|pre|(lundahl|input|transformers)|744t|ms|stereorecorded|in|northern|croatia|eurecorded|by|ivo|vicic|29|field_loop|2wav|mountain rivers and streams|ivo vicic"
"63 River_near field_LOOP 11.wav","Mountain rivers and streams","Ivo Vicic","https://sonniss.com/sound-effects/mountain-rivers-streams/","/Sonniss - GDC 2020 - Game Audio Bundle/Ivo Vicic - Mountain rivers and streams/63 River_near field_LOOP 11.wav","river|flow|near|field|looprecorded|withsennheiser|mkh40/30|rycote|blimpwindjammer|on|via|sound|devices|mix|pre|(lundahl|input|transformers)|744t|ms|stereorecorded|in|northern|croatia|eurec|by|ivo|vicic|63|river_near|field_loop|11wav|mountain rivers and streams|ivo vicic"
"74 River_mid  field_LOOP 2.wav","Mountain rivers and streams","Ivo Vicic","https://sonniss.com/sound-effects/mountain-rivers-streams/","/Sonniss - GDC 2020 - Game Audio Bundle/Ivo Vicic - Mountain rivers and streams/74 River_mid  field_LOOP 2.wav","river|flow|mid|field|looprecorded|withsennheiser|mkh|60/30|rycote|blimpwindjammer|on|via|sound|devices|mix|pre|(lundahl|input|transformers)|744t|ms|stereorecorded|in|northern|croatia|eurec|by|ivo|vicic|74|river_mid|field_loop|2wav|mountain rivers and streams|ivo vicic"
"01 Rain urban_gentle 1_MS STEREO.wav","Rain in urban and natural environment","Ivo Vicic","https://sonniss.com/sound-effects/rain-urban-natural-environment/","/Sonniss - GDC 2020 - Game Audio Bundle/Ivo Vicic - Rain in urban and natural environment/01 Rain urban_gentle 1_MS STEREO.wav","01|rain|urban_gentle|1_ms|stereowav|rain in urban and natural environment|ivo vicic"
"102 Rain_cave entrance_waterdrops MS STEREO.wav","Rain in urban and natural environment","Ivo Vicic","https://sonniss.com/sound-effects/rain-urban-natural-environment/","/Sonniss - GDC 2020 - Game Audio Bundle/Ivo Vicic - Rain in urban and natural environment/102 Rain_cave entrance_waterdrops MS STEREO.wav","102|rain_cave|entrance_waterdrops|ms|stereowav|rain in urban and natural environment|ivo vicic"
"22 Rain_drainage pit MS STEREO.wav","Rain in urban and natural environment","Ivo Vicic","https://sonniss.com/sound-effects/rain-urban-natural-environment/","/Sonniss - GDC 2020 - Game Audio Bundle/Ivo Vicic - Rain in urban and natural environment/22 Rain_drainage pit MS STEREO.wav","22|rain_drainage|pit|ms|stereowav|rain in urban and natural environment|ivo vicic"
"92 Rain_mountain_cabin_porch MS STEREO.wav","Rain in urban and natural environment","Ivo Vicic","https://sonniss.com/sound-effects/rain-urban-natural-environment/","/Sonniss - GDC 2020 - Game Audio Bundle/Ivo Vicic - Rain in urban and natural environment/92 Rain_mountain_cabin_porch MS STEREO.wav","92|rain_mountain_cabin_porch|ms|stereowav|rain in urban and natural environment|ivo vicic"
"03 Studer A80_power switch on_mono_C.wav","Studer A80 Master recorder analog tape machine","Ivo Vicic","https://sonniss.com/sound-effects/studer-a80-master-recorder-analog-tape-machine/","/Sonniss - GDC 2020 - Game Audio Bundle/Ivo Vicic - Studer A80 Master recorder analog tape machine/03 Studer A80_power switch on_mono_C.wav","studer|a80|atr_power|switch|on|turning|the|machine|crec|akg|c391b|sennheiser|suspension|sound|devices|mixpre|744t|mic|over|head/pinch|roller|at|90|degree|rec|by|ivo|vicic|03|a80_power|on_mono_cwav|studer a80 master recorder analog tape machine|ivo vicic"
"19 Studer A80_lock position automatisation mode_lock button_MS stereo_A.wav","Studer A80 Master recorder analog tape machine","Ivo Vicic","https://sonniss.com/sound-effects/studer-a80-master-recorder-analog-tape-machine/","/Sonniss - GDC 2020 - Game Audio Bundle/Ivo Vicic - Studer A80 Master recorder analog tape machine/19 Studer A80_lock position automatisation mode_lock button_MS stereo_A.wav","19|studer|a80_lock|position|automatisation|mode|to|find|on|tape|lock|button_ms|stereo_apan|lr|rec|sennheiser|mkh|40/30|rycote|suspension|k&m|tripod|mogami|cables|sound|devices|744t|by|ivo|vicic|mode_lock|stereo_awav|studer a80 master recorder analog tape machine|ivo vicic"
"50 Studer A80_play_stop_15 IPS_mono_contact mic_B.wav","Studer A80 Master recorder analog tape machine","Ivo Vicic","https://sonniss.com/sound-effects/studer-a80-master-recorder-analog-tape-machine/","/Sonniss - GDC 2020 - Game Audio Bundle/Ivo Vicic - Studer A80 Master recorder analog tape machine/50 Studer A80_play_stop_15 IPS_mono_contact mic_B.wav","50|studer|a80_play_stop_15|ips_mono_contact|mic_bwav|studer a80 master recorder analog tape machine|ivo vicic"
"02 Water mill wheel_outdoor_mid field_ stereo.wav","Watermill","Ivo Vicic","https://sonniss.com/sound-effects/watermill-fx-sound-library/","/Sonniss - GDC 2020 - Game Audio Bundle/Ivo Vicic - Watermill/02 Water mill wheel_outdoor_mid field_ stereo.wav","sfilename=02|water|mill|wheel_outdoor_mid|field_|stereowavstrk1=|strk2=|scircled=true|02|stereowav|watermill|ivo vicic"
"06A Axle and wheel_mono_MID.wav","Watermill","Ivo Vicic","https://sonniss.com/sound-effects/watermill-fx-sound-library/","/Sonniss - GDC 2020 - Game Audio Bundle/Ivo Vicic - Watermill/06A Axle and wheel_mono_MID.wav","sfilename=06a|axle|and|wheel_mono_midwavstrk1=|scircled=true|06a|wheel_mono_midwav|watermill|ivo vicic"
"07B Axle and wheel_near field_mono_SIDE.wav","Watermill","Ivo Vicic","https://sonniss.com/sound-effects/watermill-fx-sound-library/","/Sonniss - GDC 2020 - Game Audio Bundle/Ivo Vicic - Watermill/07B Axle and wheel_near field_mono_SIDE.wav","sfilename=07b|axle|and|wheel_near|field_mono_sidewavstrk1=|scircled=true|07b|field_mono_sidewav|watermill|ivo vicic"
"07 Wind_cypress tree canopy_near field.wav","Wind","Ivo Vicic","https://sonniss.com/sound-effects/wind-3/","/Sonniss - GDC 2020 - Game Audio Bundle/Ivo Vicic - Wind/07 Wind_cypress tree canopy_near field.wav","wind|in|cypress|tree|canopy_near|field|rec|sennheiser|mkh|40/30|rycote|suspension|windjammer|k&m|tripod|mogami|cables|sound|devices|744t|ms|stereo|by|ivo|vicic|07|wind_cypress|fieldwav|ivo vicic"
"22 Wind strong_hi voltage power lines_winter_near field.wav","Wind","Ivo Vicic","https://sonniss.com/sound-effects/wind-3/","/Sonniss - GDC 2020 - Game Audio Bundle/Ivo Vicic - Wind/22 Wind strong_hi voltage power lines_winter_near field.wav","wind|strong_hi|voltage|power|lines_winter_near|fieldrec|sennheiser|mkh|40/30|rycote|suspension|windjammer|triton|tripod|mogami|cables|sound|devices|744t|ms|stereo|rec|by|ivo|vicic|22|fieldwav|ivo vicic"
"63 Wind strong_indoor_attick window near field 02.wav","Wind","Ivo Vicic","https://sonniss.com/sound-effects/wind-3/","/Sonniss - GDC 2020 - Game Audio Bundle/Ivo Vicic - Wind/63 Wind strong_indoor_attick window near field 02.wav","file0117wav|63|wind|strong_indoor_attick|window|near|field|02wav|ivo vicic"
"03 Wind turbine rear_near field 2 MS STEREO.wav","Wind turbine","Ivo Vicic","https://sonniss.com/sound-effects/wind-turbine/","/Sonniss - GDC 2020 - Game Audio Bundle/Ivo Vicic - Wind turbine/03 Wind turbine rear_near field 2 MS STEREO.wav","03|wind|turbine|rear_near|field|2|ms|stereowav|wind turbine|ivo vicic"
"06 Wind turbine rear_mid field MS STEREO.wav","Wind turbine","Ivo Vicic","https://sonniss.com/sound-effects/wind-turbine/","/Sonniss - GDC 2020 - Game Audio Bundle/Ivo Vicic - Wind turbine/06 Wind turbine rear_mid field MS STEREO.wav","06|wind|turbine|rear_mid|field|ms|stereowav|wind turbine|ivo vicic"
"22 Wind turbine_body_turbine CONTACT MIC.wav","Wind turbine","Ivo Vicic","https://sonniss.com/sound-effects/wind-turbine/","/Sonniss - GDC 2020 - Game Audio Bundle/Ivo Vicic - Wind turbine/22 Wind turbine_body_turbine CONTACT MIC.wav","stake=747sspeed=subits=sfilename=t747_2|channelwavstrk1=track|cstrk2=track|d|22|wind|turbine_body_turbine|contact|micwav|wind turbine|ivo vicic"
"Hoof 2_Rocks_Gallop-4-Step.wav","Ultimate Creature Footstep and Movement Library","Joshua Reinhardt","https://sonniss.com/sound-effects/ultimate-creature-footstep-movement-library/","/Sonniss - GDC 2020 - Game Audio Bundle/Joshua Reinhardt - Ultimate Creature Footstep and Movement Library/Hoof 2_Rocks_Gallop-4-Step.wav","hoof|2_rocks_gallop4step_horse_pig_goat_hooves|2_rocks_gallop4stepwav|ultimate creature footstep and movement library|joshua reinhardt"
"Paw 1_Wood_Trot-Walk.wav","Ultimate Creature Footstep and Movement Library","Joshua Reinhardt","https://sonniss.com/sound-effects/ultimate-creature-footstep-movement-library/","/Sonniss - GDC 2020 - Game Audio Bundle/Joshua Reinhardt - Ultimate Creature Footstep and Movement Library/Paw 1_Wood_Trot-Walk.wav","paw|1_wood_trotwalk_small|animal|cat|dog|paws|1_wood_trotwalkwav|ultimate creature footstep and movement library|joshua reinhardt"
"TackleHeavy 3_Movement_Scrape-Long.wav","Ultimate Creature Footstep and Movement Library","Joshua Reinhardt","https://sonniss.com/sound-effects/ultimate-creature-footstep-movement-library/","/Sonniss - GDC 2020 - Game Audio Bundle/Joshua Reinhardt - Ultimate Creature Footstep and Movement Library/TackleHeavy 3_Movement_Scrape-Long.wav","tackleheavy|3_movement_scrapelong|3_movement_scrapelongwav|ultimate creature footstep and movement library|joshua reinhardt"
"Tallons_Concrete_Gallop-3-Step.wav","Ultimate Creature Footstep and Movement Library","Joshua Reinhardt","https://sonniss.com/sound-effects/ultimate-creature-footstep-movement-library/","/Sonniss - GDC 2020 - Game Audio Bundle/Joshua Reinhardt - Ultimate Creature Footstep and Movement Library/Tallons_Concrete_Gallop-3-Step.wav","tallons_concrete_gallop3step_bird_hawk_eagle|tallons_concrete_gallop3stepwav|ultimate creature footstep and movement library|joshua reinhardt"
"JSE_Cicada Ambience Morning Jungle Thailand_02.wav","Crickets and Cicadas","justsoundeffects","https://sonniss.com/sound-effects/crickets-cicadas/","/Sonniss - GDC 2020 - Game Audio Bundle/justsoundeffects - Crickets and Cicadas/JSE_Cicada Ambience Morning Jungle Thailand_02.wav","snote=nature|animals|insects|cicadas|jungle|rainforest|tropical|chirping|cheeping|buzzing|rasping|summer|warm|morning|day|thailand|asia|loop|jse_cicada|ambience|morning|jungle|thailand_02wav|crickets and cicadas|justsoundeffects"
"JSE_Cricket Ambience Evening Jungle Distant Bird Vietnam.wav","Crickets and Cicadas","justsoundeffects","https://sonniss.com/sound-effects/crickets-cicadas/","/Sonniss - GDC 2020 - Game Audio Bundle/justsoundeffects - Crickets and Cicadas/JSE_Cricket Ambience Evening Jungle Distant Bird Vietnam.wav","snote=nature|animals|insects|crickets|jungle|rainforest|tropical|chirping|cheeping|calling|singing|summer|warm|evening|night|vietnam|asia|loop|jse_cricket|ambience|evening|jungle|distant|bird|vietnamwav|crickets and cicadas|justsoundeffects"
"JSE_Single Cicada Noon Countryside Italy_02.wav","Crickets and Cicadas","justsoundeffects","https://sonniss.com/sound-effects/crickets-cicadas/","/Sonniss - GDC 2020 - Game Audio Bundle/justsoundeffects - Crickets and Cicadas/JSE_Single Cicada Noon Countryside Italy_02.wav","snote=nature|animals|insects|cicadas|countryside|field|chirping|cheeping|buzzing|rasping|summer|warm|noon|day|italy|europe|loop|jse_single|cicada|noon|countryside|italy_02wav|crickets and cicadas|justsoundeffects"
"JSE_Single Cricket Night Countryside Italy_05.wav","Crickets and Cicadas","justsoundeffects","https://sonniss.com/sound-effects/crickets-cicadas/","/Sonniss - GDC 2020 - Game Audio Bundle/justsoundeffects - Crickets and Cicadas/JSE_Single Cricket Night Countryside Italy_05.wav","snote=nature|animals|insects|crickets|countryside|field|chirping|cheeping|calling|singing|periodic|summer|warm|evening|night|italy|europe|loop|jse_single|cricket|night|countryside|italy_05wav|crickets and cicadas|justsoundeffects"
"JSE_Ocean Waves Between Rocks_04.wav","Ocean Waves","justsoundeffects","https://sonniss.com/sound-effects/ocean-waves/","/Sonniss - GDC 2020 - Game Audio Bundle/justsoundeffects - Ocean Waves/JSE_Ocean Waves Between Rocks_04.wav","snote=water|waves|ocean|sea|seaside|rocks|cliff|coast|gap|port|harbor|splashing|lapping|swapping|gurgling|bubbles|liquid|wet|nature|soft|loop|jse_ocean|waves|between|rocks_04wav|ocean waves|justsoundeffects"
"JSE_Ocean Waves Gentle Rocks_01.wav","Ocean Waves","justsoundeffects","https://sonniss.com/sound-effects/ocean-waves/","/Sonniss - GDC 2020 - Game Audio Bundle/justsoundeffects - Ocean Waves/JSE_Ocean Waves Gentle Rocks_01.wav","snote=water|waves|ocean|sea|seaside|rocks|stones|cliff|riff|beach|shore|coast|splashing|lapping|foaming|frothing|liquid|wet|nature|small|soft|loop|jse_ocean|waves|gentle|rocks_01wav|ocean waves|justsoundeffects"
"JSE_Ocean Waves Gentle Sand_07.wav","Ocean Waves","justsoundeffects","https://sonniss.com/sound-effects/ocean-waves/","/Sonniss - GDC 2020 - Game Audio Bundle/justsoundeffects - Ocean Waves/JSE_Ocean Waves Gentle Sand_07.wav","snote=water|waves|ocean|sea|seaside|beach|strand|shore|sand|coast|splashing|lapping|foaming|frothing|liquid|wet|nature|small|soft|loop|jse_ocean|waves|gentle|sand_07wav|ocean waves|justsoundeffects"
"JSE_Ocean Waves Strong Cliff_09.wav","Ocean Waves","justsoundeffects","https://sonniss.com/sound-effects/ocean-waves/","/Sonniss - GDC 2020 - Game Audio Bundle/justsoundeffects - Ocean Waves/JSE_Ocean Waves Strong Cliff_09.wav","snote=water|waves|ocean|sea|seaside|rocks|stones|cliff|shore|coast|splashing|lapping|foaming|liquid|wet|heavy|big|nature|storm|flood|loop|jse_ocean|waves|strong|cliff_09wav|ocean waves|justsoundeffects"
"Deep Echo Passby 01.wav","Transitions 002","L.A. Sounds","https://sonniss.com/sound-effects/transitions-002/","/Sonniss - GDC 2020 - Game Audio Bundle/L.A. Sounds - Transitions 002/Deep Echo Passby 01.wav","transitions|movement|passby|slides|riser|scifi|scifi|whoosh|woosh|whooshes|swish|swoosh|swishes|deep|echo|01wav|transitions 002|l.a. sounds"
"Riser Reverb Synth Tone 01.wav","Transitions 002","L.A. Sounds","https://sonniss.com/sound-effects/transitions-002/","/Sonniss - GDC 2020 - Game Audio Bundle/L.A. Sounds - Transitions 002/Riser Reverb Synth Tone 01.wav","transitions|movement|passby|slides|riser|scifi|scifi|whoosh|woosh|whooshes|swish|swoosh|swishes|reverb|synth|tone|01wav|transitions 002|l.a. sounds"
"Soft Air Passby 01.wav","Transitions 002","L.A. Sounds","https://sonniss.com/sound-effects/transitions-002/","/Sonniss - GDC 2020 - Game Audio Bundle/L.A. Sounds - Transitions 002/Soft Air Passby 01.wav","transitions|movement|passby|slides|riser|scifi|scifi|whoosh|woosh|whooshes|swish|swoosh|swishes|soft|air|01wav|transitions 002|l.a. sounds"
"boiling pot.wav","STRANGE WORLDS 3","Leslie Reid","https://sonniss.com/sound-effects/strange-worlds-3/","/Sonniss - GDC 2020 - Game Audio Bundle/Leslie Reid - STRANGE WORLDS 3/boiling pot.wav","boiling|potwav|strange worlds 3|leslie reid"
"distortion helicopter.wav","STRANGE WORLDS 3","Leslie Reid","https://sonniss.com/sound-effects/strange-worlds-3/","/Sonniss - GDC 2020 - Game Audio Bundle/Leslie Reid - STRANGE WORLDS 3/distortion helicopter.wav","distortion|helicopterwav|strange worlds 3|leslie reid"
"high lo groans.wav","STRANGE WORLDS 3","Leslie Reid","https://sonniss.com/sound-effects/strange-worlds-3/","/Sonniss - GDC 2020 - Game Audio Bundle/Leslie Reid - STRANGE WORLDS 3/high lo groans.wav","high|lo|groanswav|strange worlds 3|leslie reid"
"whispering music.wav","STRANGE WORLDS 3","Leslie Reid","https://sonniss.com/sound-effects/strange-worlds-3/","/Sonniss - GDC 2020 - Game Audio Bundle/Leslie Reid - STRANGE WORLDS 3/whispering music.wav","whispering|musicwav|strange worlds 3|leslie reid"
"Click_01.wav","Animated Explainer Video","Matias Vidal Saavedra","https://sonniss.com/sound-effects/animated-explainer-video/","/Sonniss - GDC 2020 - Game Audio Bundle/Matias Vidal Saavedra - Animated Explainer Video/Click_01.wav","click|access|selection|pc|click_01wav|animated explainer video|matias vidal saavedra"
"Coins_05.wav","Animated Explainer Video","Matias Vidal Saavedra","https://sonniss.com/sound-effects/animated-explainer-video/","/Sonniss - GDC 2020 - Game Audio Bundle/Matias Vidal Saavedra - Animated Explainer Video/Coins_05.wav","coins|drop|money|notification|coins_05wav|animated explainer video|matias vidal saavedra"
"UI_44.wav","Animated Explainer Video","Matias Vidal Saavedra","https://sonniss.com/sound-effects/animated-explainer-video/","/Sonniss - GDC 2020 - Game Audio Bundle/Matias Vidal Saavedra - Animated Explainer Video/UI_44.wav","ui|botton|notification|ui_44wav|animated explainer video|matias vidal saavedra"
"Woosh_20.wav","Animated Explainer Video","Matias Vidal Saavedra","https://sonniss.com/sound-effects/animated-explainer-video/","/Sonniss - GDC 2020 - Game Audio Bundle/Matias Vidal Saavedra - Animated Explainer Video/Woosh_20.wav","woosh|transition|motion|woosh_20wav|animated explainer video|matias vidal saavedra"
"Boom_Hit_01.wav","Filmmaker Ultimate Sounds","Matias Vidal Saavedra","https://sonniss.com/sound-effects/filmmaker-ultimate-sounds/","/Sonniss - GDC 2020 - Game Audio Bundle/Matias Vidal Saavedra -Filmmaker Ultimate Sounds/Boom_Hit_01.wav","boom|hit|low|deep|boom_hit_01wav|filmmaker ultimate sounds|matias vidal saavedra"
"Braams_07.wav","Filmmaker Ultimate Sounds","Matias Vidal Saavedra","https://sonniss.com/sound-effects/filmmaker-ultimate-sounds/","/Sonniss - GDC 2020 - Game Audio Bundle/Matias Vidal Saavedra -Filmmaker Ultimate Sounds/Braams_07.wav","braams|low|deep|braams_07wav|filmmaker ultimate sounds|matias vidal saavedra"
"Riser_16.wav","Filmmaker Ultimate Sounds","Matias Vidal Saavedra","https://sonniss.com/sound-effects/filmmaker-ultimate-sounds/","/Sonniss - GDC 2020 - Game Audio Bundle/Matias Vidal Saavedra -Filmmaker Ultimate Sounds/Riser_16.wav","riser|cinematic|riser_16wav|filmmaker ultimate sounds|matias vidal saavedra"
"Woosh_17.wav","Filmmaker Ultimate Sounds","Matias Vidal Saavedra","https://sonniss.com/sound-effects/filmmaker-ultimate-sounds/","/Sonniss - GDC 2020 - Game Audio Bundle/Matias Vidal Saavedra -Filmmaker Ultimate Sounds/Woosh_17.wav","woosh|cinematic|transitions|woosh_17wav|filmmaker ultimate sounds|matias vidal saavedra"
"Fx_Reverse_Interference-02.wav","Affright","MatiasMacSD","https://sonniss.com/sound-effects/affright/","/Sonniss - GDC 2020 - Game Audio Bundle/MatiasMacSD - Affright/Fx_Reverse_Interference-02.wav","fx|reverse|interference|noise|tension|affright|horror|fear|fx_reverse_interference02wav|matiasmacsd"
"Percussive clock_metal_noise_Tension_Loop_75 bpm_01-01.wav","Affright","MatiasMacSD","https://sonniss.com/sound-effects/affright/","/Sonniss - GDC 2020 - Game Audio Bundle/MatiasMacSD - Affright/Percussive clock_metal_noise_Tension_Loop_75 bpm_01-01.wav","percussive|clock|metal|noise|tension|affright|horror|fear|loop|75|bpm|clock_metal_noise_tension_loop_75|bpm_0101wav|matiasmacsd"
"Percussive dark voice_noise_Tension_Loop_75 bpm_01-04.wav","Affright","MatiasMacSD","https://sonniss.com/sound-effects/affright/","/Sonniss - GDC 2020 - Game Audio Bundle/MatiasMacSD - Affright/Percussive dark voice_noise_Tension_Loop_75 bpm_01-04.wav","percussive|dark|voice|noise|tension|affright|horror|fear|loop|75|bpm|voice_noise_tension_loop_75|bpm_0104wav|matiasmacsd"
"Percussive metal_noise_Tension_Loop_75 bpm_01-02.wav","Affright","MatiasMacSD","https://sonniss.com/sound-effects/affright/","/Sonniss - GDC 2020 - Game Audio Bundle/MatiasMacSD - Affright/Percussive metal_noise_Tension_Loop_75 bpm_01-02.wav","percussive|metal|noise|tension|affright|horror|fear|loop|75|bpm|metal_noise_tension_loop_75|bpm_0102wav|matiasmacsd"
"Atmospheric element_Tension_Variations-03.wav","Minacious","MatiasMacSD","https://sonniss.com/sound-effects/minacious/","/Sonniss - GDC 2020 - Game Audio Bundle/MatiasMacSD - Minacious/Atmospheric element_Tension_Variations-03.wav","atmospheric|element|movement|tension|horror|fear|paranormal|trailer|cinematic|element_tension_variations03wav|minacious|matiasmacsd"
"Texture_Glitch_Variations-04.wav","Minacious","MatiasMacSD","https://sonniss.com/sound-effects/minacious/","/Sonniss - GDC 2020 - Game Audio Bundle/MatiasMacSD - Minacious/Texture_Glitch_Variations-04.wav","texture|glitch|tension|horror|fear|paranormal|trailer|cinematic|texture_glitch_variations04wav|minacious|matiasmacsd"
"Whoosh_Hydraulic bomb-01.wav","Minacious","MatiasMacSD","https://sonniss.com/sound-effects/minacious/","/Sonniss - GDC 2020 - Game Audio Bundle/MatiasMacSD - Minacious/Whoosh_Hydraulic bomb-01.wav","whoosh|hydraulic|bomb|transition|whoosh_hydraulic|bomb01wav|minacious|matiasmacsd"
"057_Designed Loop_Experimental_Tension_120 bpm-05-01_With Bass.wav","OPEN CONTRACT","MatiasMacSD","https://sonniss.com/sound-effects/open-contract/","/Sonniss - GDC 2020 - Game Audio Bundle/MatiasMacSD - OPEN CONTRACT/057_Designed Loop_Experimental_Tension_120 bpm-05-01_With Bass.wav","designed|loop|experimental|bass|rhythmic|percussive|tension|dark|cinematic|intense|120|bpm|057_designed|loop_experimental_tension_120|bpm0501_with|basswav|open contract|matiasmacsd"
"116_Designed Loop_Scene_Rhythmic_Tension_120 bpm-05-01.wav","OPEN CONTRACT","MatiasMacSD","https://sonniss.com/sound-effects/open-contract/","/Sonniss - GDC 2020 - Game Audio Bundle/MatiasMacSD - OPEN CONTRACT/116_Designed Loop_Scene_Rhythmic_Tension_120 bpm-05-01.wav","designed|loop|scene|sequence|musical|rhythmic|percussive|tension|dark|cinematic|intense|120|bpm|116_designed|loop_scene_rhythmic_tension_120|bpm0501wav|open contract|matiasmacsd"
"163_Designed Loop_Scene_Rhythmic_Tension_120 bpm-14-02.wav","OPEN CONTRACT","MatiasMacSD","https://sonniss.com/sound-effects/open-contract/","/Sonniss - GDC 2020 - Game Audio Bundle/MatiasMacSD - OPEN CONTRACT/163_Designed Loop_Scene_Rhythmic_Tension_120 bpm-14-02.wav","designed|loop|scene|sequence|musical|rhythmic|percussive|tension|dark|cinematic|intense|120|bpm|163_designed|loop_scene_rhythmic_tension_120|bpm1402wav|open contract|matiasmacsd"
"193_Hit_Impact_Metal-01-02.wav","OPEN CONTRACT","MatiasMacSD","https://sonniss.com/sound-effects/open-contract/","/Sonniss - GDC 2020 - Game Audio Bundle/MatiasMacSD - OPEN CONTRACT/193_Hit_Impact_Metal-01-02.wav","193_hit_impact_metal0102wav|open contract|matiasmacsd"
"Quantum State_Soundscape_Crystal-04.wav","Quantum State","MatiasMacSD","https://sonniss.com/sound-effects/quantum-state/","/Sonniss - GDC 2020 - Game Audio Bundle/MatiasMacSD - Quantum State/Quantum State_Soundscape_Crystal-04.wav","quantum|state|realm|soundscape|atmospheric|atmosphere|crystal|molecules|atoms|particles|scifi|science|fiction|production|element|documentary|cinematic|state_soundscape_crystal04wav|quantum state|matiasmacsd"
"Quantum State_Soundscape_Molecular-05.wav","Quantum State","MatiasMacSD","https://sonniss.com/sound-effects/quantum-state/","/Sonniss - GDC 2020 - Game Audio Bundle/MatiasMacSD - Quantum State/Quantum State_Soundscape_Molecular-05.wav","quantum|state|realm|soundscape|atmospheric|atmosphere|molecular|molecules|atoms|particles|scifi|science|fiction|production|element|documentary|cinematic|state_soundscape_molecular05wav|quantum state|matiasmacsd"
"Quantum State_Soundscape_Searching-10.wav","Quantum State","MatiasMacSD","https://sonniss.com/sound-effects/quantum-state/","/Sonniss - GDC 2020 - Game Audio Bundle/MatiasMacSD - Quantum State/Quantum State_Soundscape_Searching-10.wav","quantum|state|realm|soundscape|atmospheric|atmosphere|searching|molecules|atoms|particles|scifi|science|fiction|production|element|documentary|cinematic|state_soundscape_searching10wav|quantum state|matiasmacsd"
"Electric Guitar_Clean_Wah_Melody-04.wav","Retrace","MatiasMacSD","https://sonniss.com/sound-effects/retrace/","/Sonniss - GDC 2020 - Game Audio Bundle/MatiasMacSD - Retrace/Electric Guitar_Clean_Wah_Melody-04.wav","electric|guitar|clean|wah|tension|suspense|melody|guitar_clean_wah_melody04wav|retrace|matiasmacsd"
"Fx_Transition-06.wav","Retrace","MatiasMacSD","https://sonniss.com/sound-effects/retrace/","/Sonniss - GDC 2020 - Game Audio Bundle/MatiasMacSD - Retrace/Fx_Transition-06.wav","fx|transition|movement|tension|mystery|suspense|fx_transition06wav|retrace|matiasmacsd"
"Percussive hit_Tension_Loop_75 bpm-01.wav","Retrace","MatiasMacSD","https://sonniss.com/sound-effects/retrace/","/Sonniss - GDC 2020 - Game Audio Bundle/MatiasMacSD - Retrace/Percussive hit_Tension_Loop_75 bpm-01.wav","percussive|hit|tension|suspense|loop|75|bpm|hit_tension_loop_75|bpm01wav|retrace|matiasmacsd"
"Bass_Synth_Tension_Loop_120 bpm_D-05.wav","The Case","MatiasMacSD","https://sonniss.com/sound-effects/case/","/Sonniss - GDC 2020 - Game Audio Bundle/MatiasMacSD - The Case/Bass_Synth_Tension_Loop_120 bpm_D-05.wav","cinematic|bass|synth|tension|mystery|suspense|police|crime|investigation|percussive|loop|120|bpm|d|bass_synth_tension_loop_120|bpm_d05wav|the case|matiasmacsd"
"Fx_Soundscape_Atmospheric-01.wav","The Case","MatiasMacSD","https://sonniss.com/sound-effects/case/","/Sonniss - GDC 2020 - Game Audio Bundle/MatiasMacSD - The Case/Fx_Soundscape_Atmospheric-01.wav","fx|soundscape|atmospheric|mystery|suspense|police|crime|investigation|fx_soundscape_atmospheric01wav|the case|matiasmacsd"
"Melody_Synth_Atmospheric_D-03.wav","The Case","MatiasMacSD","https://sonniss.com/sound-effects/case/","/Sonniss - GDC 2020 - Game Audio Bundle/MatiasMacSD - The Case/Melody_Synth_Atmospheric_D-03.wav","melody|synth|atmospheric|mystery|suspense|police|crime|investigation|d|melody_synth_atmospheric_d03wav|the case|matiasmacsd"
"Electric_Mower_Engine_Isolated_running_turn_on_off_blade_spinning_machine_hum_03.wav","Electric Lawn Mower","Matt Script","https://sonniss.com/sound-effects/electric-lawn-mower/","/Sonniss - GDC 2020 - Game Audio Bundle/Matt Script - Electric Lawn Mower/Electric_Mower_Engine_Isolated_running_turn_on_off_blade_spinning_machine_hum_03.wav","electric_mower_engine_isolated_running_turn_on_off_blade_spinning_machine_hum_03wav|electric lawn mower|matt script"
"Electric_Mower_Engine_turn on_turn off_start_stop_mowing_grass_cutting_branches_trimming_engine_running_chopping_Long_02.wav","Electric Lawn Mower","Matt Script","https://sonniss.com/sound-effects/electric-lawn-mower/","/Sonniss - GDC 2020 - Game Audio Bundle/Matt Script - Electric Lawn Mower/Electric_Mower_Engine_turn on_turn off_start_stop_mowing_grass_cutting_branches_trimming_engine_running_chopping_Long_02.wav","electric_mower_engine_turn|on_turn|off_start_stop_mowing_grass_cutting_branches_trimming_engine_running_chopping_long_02wav|electric lawn mower|matt script"
"Electric_Mower_moving_over_concrete_dragging_scrape_scraping_rolling_metal_plastic_02.wav","Electric Lawn Mower","Matt Script","https://sonniss.com/sound-effects/electric-lawn-mower/","/Sonniss - GDC 2020 - Game Audio Bundle/Matt Script - Electric Lawn Mower/Electric_Mower_moving_over_concrete_dragging_scrape_scraping_rolling_metal_plastic_02.wav","electric_mower_moving_over_concrete_dragging_scrape_scraping_rolling_metal_plastic_02wav|electric lawn mower|matt script"
"Coolspring_Power_Museum_4 hp_Fairbanks_Morse_Model T_vertical_circa 1910_running_rhythmic_gears_mechanical_pumping_pressure_release.wav","Sputter! Glug! Sutter! Chug!","Matt Script","https://sonniss.com/sound-effects/sputter-glug-sutter-chug/","/Sonniss - GDC 2020 - Game Audio Bundle/Matt Script - Sputter! Glug! Sutter! Chug!/Coolspring_Power_Museum_4 hp_Fairbanks_Morse_Model T_vertical_circa 1910_running_rhythmic_gears_mechanical_pumping_pressure_release.wav","coolspring|power|museum|4|hp|fairbanks|morse|model|t|vertical|circa|1910|running|rhythmic|gears|mechanical|pumping|pressure|release|coolspring_power_museum_4|hp_fairbanks_morse_model|t_vertical_circa|1910_running_rhythmic_gears_mechanical_pumping_pressure_releasewav|sputter! glug! sutter! chug!|matt script"
"Coolspring_Power_Museum_Blaisdell 65 Horse Power_compressor_engine_running_exhaust_moving air_back and forth_chug_chugging_01.wav","Sputter! Glug! Sutter! Chug!","Matt Script","https://sonniss.com/sound-effects/sputter-glug-sutter-chug/","/Sonniss - GDC 2020 - Game Audio Bundle/Matt Script - Sputter! Glug! Sutter! Chug!/Coolspring_Power_Museum_Blaisdell 65 Horse Power_compressor_engine_running_exhaust_moving air_back and forth_chug_chugging_01.wav","coolspring|power|museum|blaisdell|65|horse|compressor|engine|running|exhaust|moving|air|back|and|forth|chug|chugging|01|coolspring_power_museum_blaisdell|power_compressor_engine_running_exhaust_moving|air_back|forth_chug_chugging_01wav|sputter! glug! sutter! chug!|matt script"
"Coolspring_Power_Museum_Gas_Engine_slide_click_metal_machine_gear_gears_crank_rhythmic_clack_grind_motion.wav","Sputter! Glug! Sutter! Chug!","Matt Script","https://sonniss.com/sound-effects/sputter-glug-sutter-chug/","/Sonniss - GDC 2020 - Game Audio Bundle/Matt Script - Sputter! Glug! Sutter! Chug!/Coolspring_Power_Museum_Gas_Engine_slide_click_metal_machine_gear_gears_crank_rhythmic_clack_grind_motion.wav","coolspring|power|museum|gas|engine|1892|charter|rattle|gears|clicks|cranks|crank|rhythmic|pressure|grind|machine|metal|02|coolspring_power_museum_gas_engine_slide_click_metal_machine_gear_gears_crank_rhythmic_clack_grind_motionwav|sputter! glug! sutter! chug!|matt script"
"Coolspring_Power_Museum_Snow_Engine_600_hp_starting_up_motor_gas_natural.wav","Sputter! Glug! Sutter! Chug!","Matt Script","https://sonniss.com/sound-effects/sputter-glug-sutter-chug/","/Sonniss - GDC 2020 - Game Audio Bundle/Matt Script - Sputter! Glug! Sutter! Chug!/Coolspring_Power_Museum_Snow_Engine_600_hp_starting_up_motor_gas_natural.wav","coolspring|power|museum|jacobson|click|clack|engine|machinery|machine|rhythmic|metal|running|gears|crank|cranking|periodic|pressure|release|01|coolspring_power_museum_snow_engine_600_hp_starting_up_motor_gas_naturalwav|sputter! glug! sutter! chug!|matt script"
"Fade In_Sweep_fall_distortion_interference_transition_space_warp_drops_pulse_pulsing_modular_synth.wav","Rise & Fall","Matt Script","https://sonniss.com/sound-effects/rise-fall/","/Sonniss - GDC 2020 - Game Audio Bundle/Matt Script – Rise & Fall/Fade In_Sweep_fall_distortion_interference_transition_space_warp_drops_pulse_pulsing_modular_synth.wav","fade|in|sweep|fall|distortion|interference|transition|space|warp|drops|pulse|pulsing|modular|synth|in_sweep_fall_distortion_interference_transition_space_warp_drops_pulse_pulsing_modular_synthwav|rise & fall|matt script"
"Rise_Fall_long_Distortion_wobble_space_future_transition_loopable_modular_synth_03.wav","Rise & Fall","Matt Script","https://sonniss.com/sound-effects/rise-fall/","/Sonniss - GDC 2020 - Game Audio Bundle/Matt Script – Rise & Fall/Rise_Fall_long_Distortion_wobble_space_future_transition_loopable_modular_synth_03.wav","rise|fall|long|distortion|wobble|space|future|transition|loopable|modular|synth|03|rise_fall_long_distortion_wobble_space_future_transition_loopable_modular_synth_03wav|rise & fall|matt script"
"Slow_fall_fade_space_warp_alien_modular_synth.wav","Rise & Fall","Matt Script","https://sonniss.com/sound-effects/rise-fall/","/Sonniss - GDC 2020 - Game Audio Bundle/Matt Script – Rise & Fall/Slow_fall_fade_space_warp_alien_modular_synth.wav","slow|fall|fade|space|warp|alien|modular|synth|slow_fall_fade_space_warp_alien_modular_synthwav|rise & fall|matt script"
"Very Long_Rise_fall_two tone_wobble_high_low_space_future_modular_synth_02.wav","Rise & Fall","Matt Script","https://sonniss.com/sound-effects/rise-fall/","/Sonniss - GDC 2020 - Game Audio Bundle/Matt Script – Rise & Fall/Very Long_Rise_fall_two tone_wobble_high_low_space_future_modular_synth_02.wav","very|long|rise|fall|two|tone|wobble|high|low|space|future|modular|synth|02|long_rise_fall_two|tone_wobble_high_low_space_future_modular_synth_02wav|rise & fall|matt script"
"Lyd_SFX_359_Silverware_2.wav","Amaya  Cooking night","Nikko Barrera","https://sonniss.com/sound-effects/cooking-night/","/Sonniss - GDC 2020 - Game Audio Bundle/Nikko Barrera-Amaya - Cooking night/Lyd_SFX_359_Silverware_2.wav","snote=hitting|a|silverware|against|ceramic|surface|lyd_sfx_359_silverware_2wav|amaya  cooking night|nikko barrera"
"Lyd_SFX_401_Plates_2.wav","Amaya  Cooking night","Nikko Barrera","https://sonniss.com/sound-effects/cooking-night/","/Sonniss - GDC 2020 - Game Audio Bundle/Nikko Barrera-Amaya - Cooking night/Lyd_SFX_401_Plates_2.wav","snote=picking|up|a|plate|over|glass|surfase|lyd_sfx_401_plates_2wav|amaya  cooking night|nikko barrera"
"Lyd_SFX_451_Cooking_6.wav","Amaya  Cooking night","Nikko Barrera","https://sonniss.com/sound-effects/cooking-night/","/Sonniss - GDC 2020 - Game Audio Bundle/Nikko Barrera-Amaya - Cooking night/Lyd_SFX_451_Cooking_6.wav","snote=frying|potatoes|lyd_sfx_451_cooking_6wav|amaya  cooking night|nikko barrera"
"Lyd_SFX_535_Cup_10.wav","Amaya  Cooking night","Nikko Barrera","https://sonniss.com/sound-effects/cooking-night/","/Sonniss - GDC 2020 - Game Audio Bundle/Nikko Barrera-Amaya - Cooking night/Lyd_SFX_535_Cup_10.wav","snote=leaving|cup|in|the|floor|lyd_sfx_535_cup_10wav|amaya  cooking night|nikko barrera"
"Lyd_SFX_141_ HandSaw_2.wav","Amaya  Hardwork","Nikko Barrera","https://sonniss.com/sound-effects/hardwork/","/Sonniss - GDC 2020 - Game Audio Bundle/Nikko Barrera-Amaya - Hardwork/Lyd_SFX_141_ HandSaw_2.wav","snote=handsaw|cutting|wood|one|time|lyd_sfx_141_|handsaw_2wav|amaya  hardwork|nikko barrera"
"Lyd_SFX_236_ Hammer_4.wav","Amaya  Hardwork","Nikko Barrera","https://sonniss.com/sound-effects/hardwork/","/Sonniss - GDC 2020 - Game Audio Bundle/Nikko Barrera-Amaya - Hardwork/Lyd_SFX_236_ Hammer_4.wav","snote=hammer|nailing|nail|into|wood|slow|hits|lyd_sfx_236_|hammer_4wav|amaya  hardwork|nikko barrera"
"Lyd_SFX_283_ Tape_1.wav","Amaya  Hardwork","Nikko Barrera","https://sonniss.com/sound-effects/hardwork/","/Sonniss - GDC 2020 - Game Audio Bundle/Nikko Barrera-Amaya - Hardwork/Lyd_SFX_283_ Tape_1.wav","snote=insulating|tape|taking|a|piece|out|cutting|it|lyd_sfx_283_|tape_1wav|amaya  hardwork|nikko barrera"
"Lyd_SFX_3_Glass_3.wav","Amaya  Hardwork","Nikko Barrera","https://sonniss.com/sound-effects/hardwork/","/Sonniss - GDC 2020 - Game Audio Bundle/Nikko Barrera-Amaya - Hardwork/Lyd_SFX_3_Glass_3.wav","snote=stepping|on|glass|lyd_sfx_3_glass_3wav|amaya  hardwork|nikko barrera"
"DaCave_SFX_HC_556_Odontology_6.wav","Amaya  Healthcare","Nikko Barrera","https://sonniss.com/sound-effects/healthcare/","/Sonniss - GDC 2020 - Game Audio Bundle/Nikko Barrera-Amaya - Healthcare/DaCave_SFX_HC_556_Odontology_6.wav","snote=dental|drill|with|water|dacave_sfx_hc_556_odontology_6wav|amaya  healthcare|nikko barrera"
"DaCave_SFX_HC_574_Compressor_2.wav","Amaya  Healthcare","Nikko Barrera","https://sonniss.com/sound-effects/healthcare/","/Sonniss - GDC 2020 - Game Audio Bundle/Nikko Barrera-Amaya - Healthcare/DaCave_SFX_HC_574_Compressor_2.wav","snote=empting|the|compressor|air|dacave_sfx_hc_574_compressor_2wav|amaya  healthcare|nikko barrera"
"DaCave_SFX_HC_61_Hospital_3.wav","Amaya  Healthcare","Nikko Barrera","https://sonniss.com/sound-effects/healthcare/","/Sonniss - GDC 2020 - Game Audio Bundle/Nikko Barrera-Amaya - Healthcare/DaCave_SFX_HC_61_Hospital_3.wav","snote=surgery|ambience|vital|signs|machine|doctor|and|nurse|talking|using|tools|dacave_sfx_hc_61_hospital_3wav|amaya  healthcare|nikko barrera"
"Lyd_SFX_1_Hole Punch_1.wav","Amaya  Office hits","Nikko Barrera","https://sonniss.com/sound-effects/office-hits/","/Sonniss - GDC 2020 - Game Audio Bundle/Nikko Barrera-Amaya - Office hits/Lyd_SFX_1_Hole Punch_1.wav","snote=hole|pucnch|without|any|sheet|lyd_sfx_1_hole|punch_1wav|amaya  office hits|nikko barrera"
"Lyd_SFX_255_ Scalpel_1.wav","Amaya  Office hits","Nikko Barrera","https://sonniss.com/sound-effects/office-hits/","/Sonniss - GDC 2020 - Game Audio Bundle/Nikko Barrera-Amaya - Office hits/Lyd_SFX_255_ Scalpel_1.wav","snote=scalpel|taking|out|the|blade|a|little|bit|lyd_sfx_255_|scalpel_1wav|amaya  office hits|nikko barrera"
"Lyd_SFX_38_Cell Phone Vibrations_7.wav","Amaya  Office hits","Nikko Barrera","https://sonniss.com/sound-effects/office-hits/","/Sonniss - GDC 2020 - Game Audio Bundle/Nikko Barrera-Amaya - Office hits/Lyd_SFX_38_Cell Phone Vibrations_7.wav","snote=cell|phone|vibrating|fast|on|a|wood|table|with|piece|of|metal|over|lyd_sfx_38_cell|phone|vibrations_7wav|amaya  office hits|nikko barrera"
"Lyd_SFX_58_Office Wheelchair_4.wav","Amaya  Office hits","Nikko Barrera","https://sonniss.com/sound-effects/office-hits/","/Sonniss - GDC 2020 - Game Audio Bundle/Nikko Barrera-Amaya - Office hits/Lyd_SFX_58_Office Wheelchair_4.wav","snote=sitting|on|office|wheelchair|lyd_sfx_58_office|wheelchair_4wav|amaya  office hits|nikko barrera"
"DaCave_SFX_TN_160_Driving_2.wav","Amaya  Transportation","Nikko Barrera","https://sonniss.com/sound-effects/transportation-2/","/Sonniss - GDC 2020 - Game Audio Bundle/Nikko Barrera-Amaya - Transportation/DaCave_SFX_TN_160_Driving_2.wav","snote=driving|ambience|with|the|window|open|dacave_sfx_tn_160_driving_2wav|amaya  transportation|nikko barrera"
"DaCave_SFX_TN_202_Bike Contact Mic_11.wav","Amaya  Transportation","Nikko Barrera","https://sonniss.com/sound-effects/transportation-2/","/Sonniss - GDC 2020 - Game Audio Bundle/Nikko Barrera-Amaya - Transportation/DaCave_SFX_TN_202_Bike Contact Mic_11.wav","snote=bike|pedals|chain|and|back|wheel|contact|mic|dacave_sfx_tn_202_bike|contact|mic_11wav|amaya  transportation|nikko barrera"
"DaCave_SFX_TN_219_Bike_38.wav","Amaya  Transportation","Nikko Barrera","https://sonniss.com/sound-effects/transportation-2/","/Sonniss - GDC 2020 - Game Audio Bundle/Nikko Barrera-Amaya - Transportation/DaCave_SFX_TN_219_Bike_38.wav","snote=bike|wheel|spining|and|braking|it|with|a|coin|dacave_sfx_tn_219_bike_38wav|amaya  transportation|nikko barrera"
"Bullet Impact 16 - Light Version.wav","Hand Guns Sound Effects Pack","Olivier Girardot","https://sonniss.com/sound-effects/hand-guns-sound-effects-pack/","/Sonniss - GDC 2020 - Game Audio Bundle/Olivier Girardot - Hand Guns Sound Effects Pack/Bullet Impact 16 - Light Version.wav","bullet|impact|16|light|versionwav|hand guns sound effects pack|olivier girardot"
"Bullet rock Impact 4.wav","Hand Guns Sound Effects Pack","Olivier Girardot","https://sonniss.com/sound-effects/hand-guns-sound-effects-pack/","/Sonniss - GDC 2020 - Game Audio Bundle/Olivier Girardot - Hand Guns Sound Effects Pack/Bullet rock Impact 4.wav","bullet|rock|impact|4wav|hand guns sound effects pack|olivier girardot"
"Hand Gun 6.wav","Hand Guns Sound Effects Pack","Olivier Girardot","https://sonniss.com/sound-effects/hand-guns-sound-effects-pack/","/Sonniss - GDC 2020 - Game Audio Bundle/Olivier Girardot - Hand Guns Sound Effects Pack/Hand Gun 6.wav","hand|gun|6wav|hand guns sound effects pack|olivier girardot"
"Whip sound 21.wav","Hand Guns Sound Effects Pack","Olivier Girardot","https://sonniss.com/sound-effects/hand-guns-sound-effects-pack/","/Sonniss - GDC 2020 - Game Audio Bundle/Olivier Girardot - Hand Guns Sound Effects Pack/Whip sound 21.wav","whip|sound|21wav|hand guns sound effects pack|olivier girardot"
"Fire Monster Vocals_6.wav","Monster Sounds & Atmospheres","Olivier Girardot","https://sonniss.com/sound-effects/monster-sounds-atmospheres/","/Sonniss - GDC 2020 - Game Audio Bundle/Olivier Girardot - Monster Sounds & Atmospheres/Fire Monster Vocals_6.wav","fire|monster|vocals_6wav|monster sounds & atmospheres|olivier girardot"
"Orc Speech_Giving Orders 3.wav","Monster Sounds & Atmospheres","Olivier Girardot","https://sonniss.com/sound-effects/monster-sounds-atmospheres/","/Sonniss - GDC 2020 - Game Audio Bundle/Olivier Girardot - Monster Sounds & Atmospheres/Orc Speech_Giving Orders 3.wav","orc|speech_giving|orders|3wav|monster sounds & atmospheres|olivier girardot"
"Screeching Monster 2-1.wav","Monster Sounds & Atmospheres","Olivier Girardot","https://sonniss.com/sound-effects/monster-sounds-atmospheres/","/Sonniss - GDC 2020 - Game Audio Bundle/Olivier Girardot - Monster Sounds & Atmospheres/Screeching Monster 2-1.wav","screeching|monster|21wav|monster sounds & atmospheres|olivier girardot"
"Werewolf Background Atmosphere_Loop.wav","Monster Sounds & Atmospheres","Olivier Girardot","https://sonniss.com/sound-effects/monster-sounds-atmospheres/","/Sonniss - GDC 2020 - Game Audio Bundle/Olivier Girardot - Monster Sounds & Atmospheres/Werewolf Background Atmosphere_Loop.wav","werewolf|background|atmosphere_loopwav|monster sounds & atmospheres|olivier girardot"
"Citroen-2CVMod-Countrydrive01-P01-Engine-OTFA.wav","2CV Racing Car with Modified Engine Citroen","On The Fly Audio","https://sonniss.com/sound-effects/2cv-racing-car-modified-engine/","/Sonniss - GDC 2020 - Game Audio Bundle/On The Fly Audio - 2CV Racing Car with Modified Engine/Citroen-2CVMod-Countrydrive01-P01-Engine-OTFA.wav","2cvmodcountrydrive01p01enginestart|engine|soft|revs|and|idles|slow|depart|gearshifts|ramps|citroen2cvmodcountrydrive01p01engineotfawav|2cv racing car with modified engine citroen|on the fly audio"
"Citroen-2CVMod-Highwaydrive-P02-Exhaust-OTFA.wav","2CV Racing Car with Modified Engine Citroen","On The Fly Audio","https://sonniss.com/sound-effects/2cv-racing-car-modified-engine/","/Sonniss - GDC 2020 - Game Audio Bundle/On The Fly Audio - 2CV Racing Car with Modified Engine/Citroen-2CVMod-Highwaydrive-P02-Exhaust-OTFA.wav","2cvmodhighwaydrivep023d|gear|long|ramp|up|to|4th|very|steady|rpm|and|push|high|downshiftexhaust|citroen2cvmodhighwaydrivep02exhaustotfawav|2cv racing car with modified engine citroen|on the fly audio"
"Citroen-2CVMod-Highwaydrive-P06-Cabin back seat roof closed-OTFA.wav","2CV Racing Car with Modified Engine Citroen","On The Fly Audio","https://sonniss.com/sound-effects/2cv-racing-car-modified-engine/","/Sonniss - GDC 2020 - Game Audio Bundle/On The Fly Audio - 2CV Racing Car with Modified Engine/Citroen-2CVMod-Highwaydrive-P06-Cabin back seat roof closed-OTFA.wav","2cvmodhighwaydrivep06long|ramp|up|and|decelerationcabin|bs|rc|citroen2cvmodhighwaydrivep06cabin|back|seat|roof|closedotfawav|2cv racing car with modified engine citroen|on the fly audio"
"Citroen-2CVMod-Round trip 04-Start depart pass arrive-stereo ortf roadside-OTFA.wav","2CV Racing Car with Modified Engine Citroen","On The Fly Audio","https://sonniss.com/sound-effects/2cv-racing-car-modified-engine/","/Sonniss - GDC 2020 - Game Audio Bundle/On The Fly Audio - 2CV Racing Car with Modified Engine/Citroen-2CVMod-Round trip 04-Start depart pass arrive-stereo ortf roadside-OTFA.wav","2cvmodround|trip|04start|soft|revs|depart|with|tire|skids|pass|arrive|engine|shut|offstereo|ortf|roadside|citroen2cvmodround|arrivestereo|roadsideotfawav|2cv racing car with modified engine citroen|on the fly audio"
"Fiat500-DriveRookieP3-Exhaust-hesitant long ramp ups in first gear idle shut off-OTFA.wav","Fiat 500 (anno 1971)","On The Fly Audio","https://sonniss.com/sound-effects/fiat-500-1971/","/Sonniss - GDC 2020 - Game Audio Bundle/On The Fly Audio - Fiat 500 (anno 1971)/Fiat500-DriveRookieP3-Exhaust-hesitant long ramp ups in first gear idle shut off-OTFA.wav","hesitant|long|ramp|ups|in|first|gear|idle|shut|offonboard|exhaust|dpa|core|4062|mono|fiat500driverookiep3exhausthesitant|offotfawav|fiat 500 (anno 1971)|on the fly audio"
"Fiat500-Foley-Ashtray lid open close-OTFA.wav","Fiat 500 (anno 1971)","On The Fly Audio","https://sonniss.com/sound-effects/fiat-500-1971/","/Sonniss - GDC 2020 - Game Audio Bundle/On The Fly Audio - Fiat 500 (anno 1971)/Fiat500-Foley-Ashtray lid open close-OTFA.wav","foleyashtray|lid|open|closemkh8040|mono|fiat500foleyashtray|closeotfawav|fiat 500 (anno 1971)|on the fly audio"
"Fiat500-Pass by-Slow-StereoMic-OTFA.wav","Fiat 500 (anno 1971)","On The Fly Audio","https://sonniss.com/sound-effects/fiat-500-1971/","/Sonniss - GDC 2020 - Game Audio Bundle/On The Fly Audio - Fiat 500 (anno 1971)/Fiat500-Pass by-Slow-StereoMic-OTFA.wav","pass|byslowext|mkh8040|stereo|pair|fiat500pass|byslowstereomicotfawav|fiat 500 (anno 1971)|on the fly audio"
"Fiat500-Reverse02P4-Medium speed reverse 2x hesitant deceleration shut off-CABIN-OTFA.wav","Fiat 500 (anno 1971)","On The Fly Audio","https://sonniss.com/sound-effects/fiat-500-1971/","/Sonniss - GDC 2020 - Game Audio Bundle/On The Fly Audio - Fiat 500 (anno 1971)/Fiat500-Reverse02P4-Medium speed reverse 2x hesitant deceleration shut off-CABIN-OTFA.wav","reverse02p4medium|speed|reverse|2x|hesitant|deceleration|shut|offonboard|int|dpa|core4060|stereo|pair|fiat500reverse02p4medium|offcabinotfawav|fiat 500 (anno 1971)|on the fly audio"
"MG TF1500-Countrydrive01-P01-Engine-OTFA.wav","MG TF 1500 anno 1954","On The Fly Audio","https://sonniss.com/sound-effects/mg-tf-1500-anno-1954/","/Sonniss - GDC 2020 - Game Audio Bundle/On The Fly Audio - MG TF 1500 anno 1954/MG TF1500-Countrydrive01-P01-Engine-OTFA.wav","mg|tf1500countrydrive01p01engineotfa|tf1500countrydrive01p01engineotfawav|mg tf 1500 anno 1954|on the fly audio"
"MG TF1500-Countrydrive02-P606-Cabin front seat roof open-OTFA.wav","MG TF 1500 anno 1954","On The Fly Audio","https://sonniss.com/sound-effects/mg-tf-1500-anno-1954/","/Sonniss - GDC 2020 - Game Audio Bundle/On The Fly Audio - MG TF 1500 anno 1954/MG TF1500-Countrydrive02-P606-Cabin front seat roof open-OTFA.wav","mg|tf1500countrydrive02p606cabin|front|seat|roof|openotfa|openotfawav|mg tf 1500 anno 1954|on the fly audio"
"MG TF1500-False starts-Mixdown all channels-OTFA.wav","MG TF 1500 anno 1954","On The Fly Audio","https://sonniss.com/sound-effects/mg-tf-1500-anno-1954/","/Sonniss - GDC 2020 - Game Audio Bundle/On The Fly Audio - MG TF 1500 anno 1954/MG TF1500-False starts-Mixdown all channels-OTFA.wav","mg|tf1500false|startsmixdown|all|channelsotfa|channelsotfawav|mg tf 1500 anno 1954|on the fly audio"
"MG TF1500-Roadside-Pass By Fast 02-OTFA.wav","MG TF 1500 anno 1954","On The Fly Audio","https://sonniss.com/sound-effects/mg-tf-1500-anno-1954/","/Sonniss - GDC 2020 - Game Audio Bundle/On The Fly Audio - MG TF 1500 anno 1954/MG TF1500-Roadside-Pass By Fast 02-OTFA.wav","mg|tf1500roadsidepass|by|fast|02otfa|02otfawav|mg tf 1500 anno 1954|on the fly audio"
"Steamengine FREERUN coal accelerations and decelarations 02 airy thuds and aggressive pufs-OTFA.wav","Steam Engines Real & Foley","On The Fly Audio","https://sonniss.com/sound-effects/steam-engines-real-foley/","/Sonniss - GDC 2020 - Game Audio Bundle/On The Fly Audio - Steam Engines Real & Foley/Steamengine FREERUN coal accelerations and decelarations 02 airy thuds and aggressive pufs-OTFA.wav","steamengine|freerun|coal|accelerations|and|decelarations|02|airy|thuds|aggressive|pufs|freerun|coal|accelerations|and|decelarations|airy|thuds|aggressive|pufsotfawav|steam engines real & foley|on the fly audio"
"Steamengine LOOP COMBI-Clean-07-120BPM-OTFA.wav","Steam Engines Real & Foley","On The Fly Audio","https://sonniss.com/sound-effects/steam-engines-real-foley/","/Sonniss - GDC 2020 - Game Audio Bundle/On The Fly Audio - Steam Engines Real & Foley/Steamengine LOOP COMBI-Clean-07-120BPM-OTFA.wav","steamengine|loop|combiclean07120bpmleft|foley|right|real|combiclean07120bpmotfawav|steam engines real & foley|on the fly audio"
"Steamengine LOOP FOLEY-046-Small iron pot filled with metal debris-120BPM-OTFA.wav","Steam Engines Real & Foley","On The Fly Audio","https://sonniss.com/sound-effects/steam-engines-real-foley/","/Sonniss - GDC 2020 - Game Audio Bundle/On The Fly Audio - Steam Engines Real & Foley/Steamengine LOOP FOLEY-046-Small iron pot filled with metal debris-120BPM-OTFA.wav","steamengine|loop|foley046small|iron|pot|filled|with|metal|debris120bpm|loop|foley046small|iron|pot|filled|with|metal|debris120bpmotfawav|steam engines real & foley|on the fly audio"
"Steamtrain approach with steam whistle in tunnel low pitch and pass by - MKH8040SMK-OTFA.wav","Steam Engines Real & Foley","On The Fly Audio","https://sonniss.com/sound-effects/steam-engines-real-foley/","/Sonniss - GDC 2020 - Game Audio Bundle/On The Fly Audio - Steam Engines Real & Foley/Steamtrain approach with steam whistle in tunnel low pitch and pass by - MKH8040SMK-OTFA.wav","steamtrain|approach|with|steam|whistle|in|tunnel|low|pitch|and|pass|by|mkh8040smk|approach|with|steam|whistle|in|tunnel|low|pitch|and|pass|by|mkh8040smkotfawav|steam engines real & foley|on the fly audio"
"Vespa1962-125cc-DriveToTheMoonP1-Start pull away and drive-HANDHELD EXHAUST-MKH8070-OTFA.wav","Vespa 1962","On The Fly Audio","https://sonniss.com/sound-effects/vespa-1962-125cc/","/Sonniss - GDC 2020 - Game Audio Bundle/On The Fly Audio - Vespa 1962 - 125CC/Vespa1962-125cc-DriveToTheMoonP1-Start pull away and drive-HANDHELD EXHAUST-MKH8070-OTFA.wav","drivetothemoonp1start|pull|away|and|drivehandheld|exhaustmkh8070|vespa1962125ccdrivetothemoonp1start|exhaustmkh8070otfawav|vespa 1962|on the fly audio"
"Vespa1962-125cc-IdlesRevs-Medium revs 7x short idles 2x and shut off-ROADSIDE HANDHELD-MKH8070-OTFA.wav","Vespa 1962","On The Fly Audio","https://sonniss.com/sound-effects/vespa-1962-125cc/","/Sonniss - GDC 2020 - Game Audio Bundle/On The Fly Audio - Vespa 1962 - 125CC/Vespa1962-125cc-IdlesRevs-Medium revs 7x short idles 2x and shut off-ROADSIDE HANDHELD-MKH8070-OTFA.wav","idlesrevsmedium|revs|7x|short|idles|2x|and|shut|offroadside|handheldmkh8070|vespa1962125ccidlesrevsmedium|handheldmkh8070otfawav|vespa 1962|on the fly audio"
"Vespa1962-125cc-ROUNDTRIP03-Start accelarate depart drive decelarate shut off-EXHAUST-DPA4061-OTFA.wav","Vespa 1962","On The Fly Audio","https://sonniss.com/sound-effects/vespa-1962-125cc/","/Sonniss - GDC 2020 - Game Audio Bundle/On The Fly Audio - Vespa 1962 - 125CC/Vespa1962-125cc-ROUNDTRIP03-Start accelarate depart drive decelarate shut off-EXHAUST-DPA4061-OTFA.wav","roundtrip03start|accelarate|depart|drive|decelarate|shut|offexhaustdpa4061|vespa1962125ccroundtrip03start|offexhaustdpa4061otfawav|vespa 1962|on the fly audio"
"Colombia_Antioquia_Medellin_City_Amb_Ext_05_AmbiX.wav","Medellin City","Pachamedias","https://sonniss.com/sound-effects/medellin-city/","/Sonniss - GDC 2020 - Game Audio Bundle/Pachamedias - Medellin City/Colombia_Antioquia_Medellin_City_Amb_Ext_05_AmbiX.wav","colombia|antioquia|medellin|city|amb|ext|traffic|at|intersection|spanish|voices|bicycle|bell|close|up|light|street|activity|metal|trash|can|hit|basketball|end|parque|de|las|luces|ambix|colombia_antioquia_medellin_city_amb_ext_05_ambixwav|medellin city|pachamedias"
"Colombia_Antioquia_Medellin_City_Amb_Ext_09_ST.wav","Medellin City","Pachamedias","https://sonniss.com/sound-effects/medellin-city/","/Sonniss - GDC 2020 - Game Audio Bundle/Pachamedias - Medellin City/Colombia_Antioquia_Medellin_City_Amb_Ext_09_ST.wav","colombia|antioquia|medellin|city|amb|ext|city|square|on|sunday|light|crowd|activity|spanish|voices|street|sellers|occas|horns|traffic|background|dogs|ciudad|del|rio|stereo|colombia_antioquia_medellin_city_amb_ext_09_stwav|medellin city|pachamedias"
"Colombia_Antioquia_Medellin_City_Amb_Ext_12_ST.wav","Medellin City","Pachamedias","https://sonniss.com/sound-effects/medellin-city/","/Sonniss - GDC 2020 - Game Audio Bundle/Pachamedias - Medellin City/Colombia_Antioquia_Medellin_City_Amb_Ext_12_ST.wav","colombia|antioquia|medellin|city|amb|ext|city|park|on|sunday|light|crowd|activity|spanish|voices|weed|eater|music|medium|shot|birds|occas|dogs|ciudad|del|rio|stereo|colombia_antioquia_medellin_city_amb_ext_12_stwav|medellin city|pachamedias"
"Colombia_Antioquia_Medellin_City_Amb_Ext_19_AmbiX.wav","Medellin City","Pachamedias","https://sonniss.com/sound-effects/medellin-city/","/Sonniss - GDC 2020 - Game Audio Bundle/Pachamedias - Medellin City/Colombia_Antioquia_Medellin_City_Amb_Ext_19_AmbiX.wav","colombia|antioquia|medellin|city|amb|ext|parque|arvi|nature|park|calm|dogs|birds|insects|spanish|voice|long|shot|occas|impact|ambix|colombia_antioquia_medellin_city_amb_ext_19_ambixwav|medellin city|pachamedias"
"Banshee Damage VO 07.wav","Monster Roars MR","Phase 4 Libraries","https://sonniss.com/sound-effects/monster-roars/","/Sonniss - GDC 2020 - Game Audio Bundle/Phase 4 Libraries - Monster Roars/Banshee Damage VO 07.wav","banshee|damage|vo|07wav|monster roars mr|phase 4 libraries"
"Insect Creature Attack VO 02.wav","Monster Roars MR","Phase 4 Libraries","https://sonniss.com/sound-effects/monster-roars/","/Sonniss - GDC 2020 - Game Audio Bundle/Phase 4 Libraries - Monster Roars/Insect Creature Attack VO 02.wav","insect|creature|attack|vo|02wav|monster roars mr|phase 4 libraries"
"Orc Attack VO 04.wav","Monster Roars MR","Phase 4 Libraries","https://sonniss.com/sound-effects/monster-roars/","/Sonniss - GDC 2020 - Game Audio Bundle/Phase 4 Libraries - Monster Roars/Orc Attack VO 04.wav","orc|attack|vo|04wav|monster roars mr|phase 4 libraries"
"Swamp Fish Creature Damage VO 08.wav","Monster Roars MR","Phase 4 Libraries","https://sonniss.com/sound-effects/monster-roars/","/Sonniss - GDC 2020 - Game Audio Bundle/Phase 4 Libraries - Monster Roars/Swamp Fish Creature Damage VO 08.wav","swamp|fish|creature|damage|vo|08wav|monster roars mr|phase 4 libraries"
"PM_AG_20_3_ABSTRACT_GUNS.wav","Abstract Guns","PMSFX","https://sonniss.com/sound-effects/abstract-guns/","/Sonniss - GDC 2020 - Game Audio Bundle/PMSFX - Abstract Guns/PM_AG_20_3_ABSTRACT_GUNS.wav","abstract|guns|imaginary|scifi|pm_ag_20_3_abstract_gunswav|abstract guns|pmsfx"
"PM_AG_2_2_ABSTRACT_GUNS.wav","Abstract Guns","PMSFX","https://sonniss.com/sound-effects/abstract-guns/","/Sonniss - GDC 2020 - Game Audio Bundle/PMSFX - Abstract Guns/PM_AG_2_2_ABSTRACT_GUNS.wav","abstract|guns|imaginary|scifi|pm_ag_2_2_abstract_gunswav|abstract guns|pmsfx"
"PM_AG_33_3_ABSTRACT_GUNS.wav","Abstract Guns","PMSFX","https://sonniss.com/sound-effects/abstract-guns/","/Sonniss - GDC 2020 - Game Audio Bundle/PMSFX - Abstract Guns/PM_AG_33_3_ABSTRACT_GUNS.wav","abstract|guns|imaginary|scifi|pm_ag_33_3_abstract_gunswav|abstract guns|pmsfx"
"PM_AG_9_5_ABSTRACT_GUNS.wav","Abstract Guns","PMSFX","https://sonniss.com/sound-effects/abstract-guns/","/Sonniss - GDC 2020 - Game Audio Bundle/PMSFX - Abstract Guns/PM_AG_9_5_ABSTRACT_GUNS.wav","abstract|guns|imaginary|scifi|pm_ag_9_5_abstract_gunswav|abstract guns|pmsfx"
"PM_ASR_Sea_Waves_Lapping_Bettwen_Narrow_Rocks.wav","Ancient Sea Ruins","PMSFX","https://sonniss.com/sound-effects/ancient-sea-ruins/","/Sonniss - GDC 2020 - Game Audio Bundle/PMSFX - Ancient Sea Ruins/PM_ASR_Sea_Waves_Lapping_Bettwen_Narrow_Rocks.wav","sea|waves|splashing|swells|gurgling|pm_asr_sea_waves_lapping_bettwen_narrow_rockswav|ancient sea ruins|pmsfx"
"PM_ASR_Sea_Waves_Swells_Over_Stone_Ruins_12ft_Away.wav","Ancient Sea Ruins","PMSFX","https://sonniss.com/sound-effects/ancient-sea-ruins/","/Sonniss - GDC 2020 - Game Audio Bundle/PMSFX - Ancient Sea Ruins/PM_ASR_Sea_Waves_Swells_Over_Stone_Ruins_12ft_Away.wav","sea|waves|splashing|swells|gurgling|pm_asr_sea_waves_swells_over_stone_ruins_12ft_awaywav|ancient sea ruins|pmsfx"
"PM_BBI_Bullet_Impact_Dirt_3.wav","Bullet Bys &Impacts","PMSFX","https://sonniss.com/sound-effects/bullet-bys-impacts/","/Sonniss - GDC 2020 - Game Audio Bundle/PMSFX - Bullet Bys &Impacts/PM_BBI_Bullet_Impact_Dirt_3.wav","bullet|pass|by|whizz|impact|hit|pm_bbi_bullet_impact_dirt_3wav|bullet bys &impacts|pmsfx"
"PM_BBI_Bullet_Impact_Glass_1.wav","Bullet Bys &Impacts","PMSFX","https://sonniss.com/sound-effects/bullet-bys-impacts/","/Sonniss - GDC 2020 - Game Audio Bundle/PMSFX - Bullet Bys &Impacts/PM_BBI_Bullet_Impact_Glass_1.wav","bullet|pass|by|whizz|impact|hit|pm_bbi_bullet_impact_glass_1wav|bullet bys &impacts|pmsfx"
"PM_BBI_Bullet_Impact_Hit_Body_Flesh_25.wav","Bullet Bys &Impacts","PMSFX","https://sonniss.com/sound-effects/bullet-bys-impacts/","/Sonniss - GDC 2020 - Game Audio Bundle/PMSFX - Bullet Bys &Impacts/PM_BBI_Bullet_Impact_Hit_Body_Flesh_25.wav","bullet|pass|by|whizz|impact|hit|pm_bbi_bullet_impact_hit_body_flesh_25wav|bullet bys &impacts|pmsfx"
"PM_BBI_Bullet_Passby_Whizzby_Airy_5.wav","Bullet Bys &Impacts","PMSFX","https://sonniss.com/sound-effects/bullet-bys-impacts/","/Sonniss - GDC 2020 - Game Audio Bundle/PMSFX - Bullet Bys &Impacts/PM_BBI_Bullet_Passby_Whizzby_Airy_5.wav","bullet|pass|by|whizz|impact|hit|pm_bbi_bullet_passby_whizzby_airy_5wav|bullet bys &impacts|pmsfx"
"PM_FSSF2_AIR_HISS_RELEASE_DISTANT_3.wav","Foundation Series SCI FI vol 2","PMSFX","https://sonniss.com/sound-effects/foundation-series-sci-fi-vol-2/","/Sonniss - GDC 2020 - Game Audio Bundle/PMSFX - Foundation Series SCI-FI vol 2/PM_FSSF2_AIR_HISS_RELEASE_DISTANT_3.wav","scifi|sfx|game|audio|pm_fssf2_air_hiss_release_distant_3wav|foundation series sci fi vol 2|pmsfx"
"PM_FSSF2_EXOSKELETON_11_SERVO_MOVEMENT_ROTATION.wav","Foundation Series SCI FI vol 2","PMSFX","https://sonniss.com/sound-effects/foundation-series-sci-fi-vol-2/","/Sonniss - GDC 2020 - Game Audio Bundle/PMSFX - Foundation Series SCI-FI vol 2/PM_FSSF2_EXOSKELETON_11_SERVO_MOVEMENT_ROTATION.wav","scifi|sfx|game|audio|pm_fssf2_exoskeleton_11_servo_movement_rotationwav|foundation series sci fi vol 2|pmsfx"
"PM_FSSF2_USER_INTERFACE_SIMPLE_56.wav","Foundation Series SCI FI vol 2","PMSFX","https://sonniss.com/sound-effects/foundation-series-sci-fi-vol-2/","/Sonniss - GDC 2020 - Game Audio Bundle/PMSFX - Foundation Series SCI-FI vol 2/PM_FSSF2_USER_INTERFACE_SIMPLE_56.wav","scifi|sfx|game|audio|pm_fssf2_user_interface_simple_56wav|foundation series sci fi vol 2|pmsfx"
"PM_FSSF2_WEAPONS_C3_SHOT.wav","Foundation Series SCI FI vol 2","PMSFX","https://sonniss.com/sound-effects/foundation-series-sci-fi-vol-2/","/Sonniss - GDC 2020 - Game Audio Bundle/PMSFX - Foundation Series SCI-FI vol 2/PM_FSSF2_WEAPONS_C3_SHOT.wav","scifi|sfx|game|audio|pm_fssf2_weapons_c3_shotwav|foundation series sci fi vol 2|pmsfx"
"PM_GC_DISTORTED_GLITCH_2.wav","Glitchy Circuits","PMSFX","https://sonniss.com/sound-effects/glitchy-circuits/","/Sonniss - GDC 2020 - Game Audio Bundle/PMSFX - Glitchy Circuits/PM_GC_DISTORTED_GLITCH_2.wav","glicth|circuit|game|audio|pm_gc_distorted_glitch_2wav|glitchy circuits|pmsfx"
"PM_GC_DISTORTED_GLITCH_42.wav","Glitchy Circuits","PMSFX","https://sonniss.com/sound-effects/glitchy-circuits/","/Sonniss - GDC 2020 - Game Audio Bundle/PMSFX - Glitchy Circuits/PM_GC_DISTORTED_GLITCH_42.wav","glicth|circuit|game|audio|pm_gc_distorted_glitch_42wav|glitchy circuits|pmsfx"
"PM_GC_REVERSED_GLITCH_SWELL_BUILDUP_30.wav","Glitchy Circuits","PMSFX","https://sonniss.com/sound-effects/glitchy-circuits/","/Sonniss - GDC 2020 - Game Audio Bundle/PMSFX - Glitchy Circuits/PM_GC_REVERSED_GLITCH_SWELL_BUILDUP_30.wav","glicth|circuit|game|audio|pm_gc_reversed_glitch_swell_buildup_30wav|glitchy circuits|pmsfx"
"PM_GC_SPARKLY_SHORT_GLITCH_51.wav","Glitchy Circuits","PMSFX","https://sonniss.com/sound-effects/glitchy-circuits/","/Sonniss - GDC 2020 - Game Audio Bundle/PMSFX - Glitchy Circuits/PM_GC_SPARKLY_SHORT_GLITCH_51.wav","glicth|circuit|game|audio|pm_gc_sparkly_short_glitch_51wav|glitchy circuits|pmsfx"
"PM_LB_DESIGNED_GRAB_BLOCK_THROW_7.wav","Lethal Blow","PMSFX","https://sonniss.com/sound-effects/lethal-blow/","/Sonniss - GDC 2020 - Game Audio Bundle/PMSFX - Lethal Blow/PM_LB_DESIGNED_GRAB_BLOCK_THROW_7.wav","fight|punch|blow|jab|pm_lb_designed_grab_block_throw_7wav|lethal blow|pmsfx"
"PM_LB_DESIGNED_PUNCH_SIMPLE_CLEAN_DEEP_48.wav","Lethal Blow","PMSFX","https://sonniss.com/sound-effects/lethal-blow/","/Sonniss - GDC 2020 - Game Audio Bundle/PMSFX - Lethal Blow/PM_LB_DESIGNED_PUNCH_SIMPLE_CLEAN_DEEP_48.wav","fight|punch|blow|jab|pm_lb_designed_punch_simple_clean_deep_48wav|lethal blow|pmsfx"
"PM_LB_SOURCE_FLESH_DROPS_ORANGES_MKH8060_6.wav","Lethal Blow","PMSFX","https://sonniss.com/sound-effects/lethal-blow/","/Sonniss - GDC 2020 - Game Audio Bundle/PMSFX - Lethal Blow/PM_LB_SOURCE_FLESH_DROPS_ORANGES_MKH8060_6.wav","fight|punch|blow|jab|pm_lb_source_flesh_drops_oranges_mkh8060_6wav|lethal blow|pmsfx"
"PM_LB_SOURCE_PUNCH_SMACK_LETTUCE_WITHCONTACTMIC_ENHANCED_MKH8040_16.wav","Lethal Blow","PMSFX","https://sonniss.com/sound-effects/lethal-blow/","/Sonniss - GDC 2020 - Game Audio Bundle/PMSFX - Lethal Blow/PM_LB_SOURCE_PUNCH_SMACK_LETTUCE_WITHCONTACTMIC_ENHANCED_MKH8040_16.wav","fight|punch|blow|jab|pm_lb_source_punch_smack_lettuce_withcontactmic_enhanced_mkh8040_16wav|lethal blow|pmsfx"
"PM_MMM_Complex_Mechanical_Loops_Gears_Movement_120BPM_Steampunk_Tick_12.wav","Mechanical Morphs And Mutations","PMSFX","https://sonniss.com/sound-effects/mechanical-morphs-mutations/","/Sonniss - GDC 2020 - Game Audio Bundle/PMSFX - Mechanical Morphs And Mutations/PM_MMM_Complex_Mechanical_Loops_Gears_Movement_120BPM_Steampunk_Tick_12.wav","mechanical|loop|seamless|gear|movement|tick|clock|stopwatch|steampunk|120bpm|lab|pm_mmm_complex_mechanical_loops_gears_movement_120bpm_steampunk_tick_12wav|mechanical morphs and mutations|pmsfx"
"PM_MMM_Granular_Mechanical_Sequence_Glitchy_Futuristic_24.wav","Mechanical Morphs And Mutations","PMSFX","https://sonniss.com/sound-effects/mechanical-morphs-mutations/","/Sonniss - GDC 2020 - Game Audio Bundle/PMSFX - Mechanical Morphs And Mutations/PM_MMM_Granular_Mechanical_Sequence_Glitchy_Futuristic_24.wav","granular|glitchy|mechanical|movement|transformation|sequence|pm_mmm_granular_mechanical_sequence_glitchy_futuristic_24wav|mechanical morphs and mutations|pmsfx"
"PM_MMM_Oneshot_Mechanical_62.wav","Mechanical Morphs And Mutations","PMSFX","https://sonniss.com/sound-effects/mechanical-morphs-mutations/","/Sonniss - GDC 2020 - Game Audio Bundle/PMSFX - Mechanical Morphs And Mutations/PM_MMM_Oneshot_Mechanical_62.wav","mechanical|oneshot|element|click|gear|tick|clock|button|press|shutter|pm_mmm_oneshot_mechanical_62wav|mechanical morphs and mutations|pmsfx"
"PM_MMM_Rhythmical_Movement_Tick_LoopContrustcionKit_21.wav","Mechanical Morphs And Mutations","PMSFX","https://sonniss.com/sound-effects/mechanical-morphs-mutations/","/Sonniss - GDC 2020 - Game Audio Bundle/PMSFX - Mechanical Morphs And Mutations/PM_MMM_Rhythmical_Movement_Tick_LoopContrustcionKit_21.wav","mechanical|rhythm|sequence|tick|lopp|construction|kit|pm_mmm_rhythmical_movement_tick_loopcontrustcionkit_21wav|mechanical morphs and mutations|pmsfx"
"PM_NANOTECH_COMPLEX_5 Robotic, Robot, Cyber, Tech, Nano, Micro, Complex Movement, Mechanical, Se.wav","NANOTECH","PMSFX","https://sonniss.com/sound-effects/nanotech/","/Sonniss - GDC 2020 - Game Audio Bundle/PMSFX - NANOTECH/PM_NANOTECH_COMPLEX_5 Robotic, Robot, Cyber, Tech, Nano, Micro, Complex Movement, Mechanical, Se.wav","nano|tech|robotic|cyber|scifi|pm_nanotech_complex_5|robot|micro|complex|movement|mechanical|sewav|nanotech|pmsfx"
"PM_NANOTECH_COMPLEX_SHORT_REVERSED_23 Robotic, Robot, Cyber, Tech, Nano, Micro, Reversed Movemen.wav","NANOTECH","PMSFX","https://sonniss.com/sound-effects/nanotech/","/Sonniss - GDC 2020 - Game Audio Bundle/PMSFX - NANOTECH/PM_NANOTECH_COMPLEX_SHORT_REVERSED_23 Robotic, Robot, Cyber, Tech, Nano, Micro, Reversed Movemen.wav","nano|tech|robotic|cyber|scifi|pm_nanotech_complex_short_reversed_23|robot|micro|reversed|movemenwav|nanotech|pmsfx"
"PM_NANOTECH_ONESHOT_109 Robotic, Robot, Cyber, Tech, Nano, Micro, Movement, Mechanical, Servo, O.wav","NANOTECH","PMSFX","https://sonniss.com/sound-effects/nanotech/","/Sonniss - GDC 2020 - Game Audio Bundle/PMSFX - NANOTECH/PM_NANOTECH_ONESHOT_109 Robotic, Robot, Cyber, Tech, Nano, Micro, Movement, Mechanical, Servo, O.wav","nano|tech|robotic|cyber|scifi|pm_nanotech_oneshot_109|robot|micro|movement|mechanical|servo|owav|nanotech|pmsfx"
"PM_NANOTECH_ONESHOT_56 Robotic, Robot, Cyber, Tech, Nano, Micro, Movement, Mechanical, Servo, On.wav","NANOTECH","PMSFX","https://sonniss.com/sound-effects/nanotech/","/Sonniss - GDC 2020 - Game Audio Bundle/PMSFX - NANOTECH/PM_NANOTECH_ONESHOT_56 Robotic, Robot, Cyber, Tech, Nano, Micro, Movement, Mechanical, Servo, On.wav","nano|tech|robotic|cyber|scifi|pm_nanotech_oneshot_56|robot|micro|movement|mechanical|servo|onwav|nanotech|pmsfx"
"PM_POS_FUJI_MKH8040_149 Camera, shutter sound, photo being taken.wav","Point and Shoot FUJI Cam","PMSFX","https://sonniss.com/sound-effects/point-shoot-fuji-cam/","/Sonniss - GDC 2020 - Game Audio Bundle/PMSFX - Point and Shoot FUJI Cam/PM_POS_FUJI_MKH8040_149 Camera, shutter sound, photo being taken.wav","phil|michalski|||pmsfx|@pmsfx|pm_pos_fuji_mkh8040_149|camera|shutter|sound|photo|being|takenwav|point and shoot fuji cam"
"PM_POS_FUJI_MKH8040_6 Camera, lesen cap on off, click.wav","Point and Shoot FUJI Cam","PMSFX","https://sonniss.com/sound-effects/point-shoot-fuji-cam/","/Sonniss - GDC 2020 - Game Audio Bundle/PMSFX - Point and Shoot FUJI Cam/PM_POS_FUJI_MKH8040_6 Camera, lesen cap on off, click.wav","phil|michalski|||pmsfx|@pmsfx|pm_pos_fuji_mkh8040_6|camera|lesen|cap|on|off|clickwav|point and shoot fuji cam"
"PM_POS_FUJI_MKH8060_137 Camera, battery compartment, open, close, eject, slide, slide in, click.wav","Point and Shoot FUJI Cam","PMSFX","https://sonniss.com/sound-effects/point-shoot-fuji-cam/","/Sonniss - GDC 2020 - Game Audio Bundle/PMSFX - Point and Shoot FUJI Cam/PM_POS_FUJI_MKH8060_137 Camera, battery compartment, open, close, eject, slide, slide in, click.wav","phil|michalski|||pmsfx|@pmsfx|pm_pos_fuji_mkh8060_137|camera|battery|compartment|open|close|eject|slide|in|clickwav|point and shoot fuji cam"
"PM_POS_FUJI_MKH8060_27 Camera, aperure ring, click, movement, open, close.wav","Point and Shoot FUJI Cam","PMSFX","https://sonniss.com/sound-effects/point-shoot-fuji-cam/","/Sonniss - GDC 2020 - Game Audio Bundle/PMSFX - Point and Shoot FUJI Cam/PM_POS_FUJI_MKH8060_27 Camera, aperure ring, click, movement, open, close.wav","phil|michalski|||pmsfx|@pmsfx|pm_pos_fuji_mkh8060_27|camera|aperure|ring|click|movement|open|closewav|point and shoot fuji cam"
"PM_RD_DESIGNED_CONSTANT_BACKING_NOISE_5.wav","Rain Designer","PMSFX","https://sonniss.com/sound-effects/rain-designer/","/Sonniss - GDC 2020 - Game Audio Bundle/PMSFX - Rain Designer/PM_RD_DESIGNED_CONSTANT_BACKING_NOISE_5.wav","rain|designer|http//pmsfxcom|pm_rd_designed_constant_backing_noise_5wav|rain designer|pmsfx"
"PM_RD_DESIGNED_DRIPPY_ON_IRON_PLATE_3.wav","Rain Designer","PMSFX","https://sonniss.com/sound-effects/rain-designer/","/Sonniss - GDC 2020 - Game Audio Bundle/PMSFX - Rain Designer/PM_RD_DESIGNED_DRIPPY_ON_IRON_PLATE_3.wav","rain|designer|http//pmsfxcom|pm_rd_designed_drippy_on_iron_plate_3wav|rain designer|pmsfx"
"PM_RD_DESIGNED_DRIPPY_ON_TARP_FOLIAGE_2.wav","Rain Designer","PMSFX","https://sonniss.com/sound-effects/rain-designer/","/Sonniss - GDC 2020 - Game Audio Bundle/PMSFX - Rain Designer/PM_RD_DESIGNED_DRIPPY_ON_TARP_FOLIAGE_2.wav","rain|designer|http//pmsfxcom|pm_rd_designed_drippy_on_tarp_foliage_2wav|rain designer|pmsfx"
"PM_RD_RAIN_8_MODERATE_DRIPPY.wav","Rain Designer","PMSFX","https://sonniss.com/sound-effects/rain-designer/","/Sonniss - GDC 2020 - Game Audio Bundle/PMSFX - Rain Designer/PM_RD_RAIN_8_MODERATE_DRIPPY.wav","rain|designer|http//pmsfxcom|pm_rd_rain_8_moderate_drippywav|rain designer|pmsfx"
"PM_RI_Designed_19 Rocks Impact Hit Big LFE Heavy Designed.wav","Rocky Impacts","PMSFX","https://sonniss.com/sound-effects/rocky-impacts/","/Sonniss - GDC 2020 - Game Audio Bundle/PMSFX - Rocky Impacts/PM_RI_Designed_19 Rocks Impact Hit Big LFE Heavy Designed.wav","rock|impact|hit|lfe|pm_ri_designed_19|rocks|big|heavy|designedwav|rocky impacts|pmsfx"
"PM_RI_Designed_7 Rocks Impact Hit Big LFE Heavy Designed.wav","Rocky Impacts","PMSFX","https://sonniss.com/sound-effects/rocky-impacts/","/Sonniss - GDC 2020 - Game Audio Bundle/PMSFX - Rocky Impacts/PM_RI_Designed_7 Rocks Impact Hit Big LFE Heavy Designed.wav","rock|impact|hit|lfe|pm_ri_designed_7|rocks|big|heavy|designedwav|rocky impacts|pmsfx"
"PM_RI_Source_53 Rocks Impact Hit Single Stone.wav","Rocky Impacts","PMSFX","https://sonniss.com/sound-effects/rocky-impacts/","/Sonniss - GDC 2020 - Game Audio Bundle/PMSFX - Rocky Impacts/PM_RI_Source_53 Rocks Impact Hit Single Stone.wav","rock|impact|hit|lfe|pm_ri_source_53|rocks|single|stonewav|rocky impacts|pmsfx"
"PM_RI_Source_92 Rocks Impact Hit Single Stone.wav","Rocky Impacts","PMSFX","https://sonniss.com/sound-effects/rocky-impacts/","/Sonniss - GDC 2020 - Game Audio Bundle/PMSFX - Rocky Impacts/PM_RI_Source_92 Rocks Impact Hit Single Stone.wav","rock|impact|hit|lfe|pm_ri_source_92|rocks|single|stonewav|rocky impacts|pmsfx"
"PM_SFG_VOL1_WEAPON_4_4_GUN_GUNSHOT_FUTURISTIC.wav","SCI FI Gunnery","PMSFX","https://sonniss.com/sound-effects/sci-fi-gunnery/","/Sonniss - GDC 2020 - Game Audio Bundle/PMSFX - SCI-FI GunnerySCI-FI Gunnery/PM_SFG_VOL1_WEAPON_4_4_GUN_GUNSHOT_FUTURISTIC.wav","weapon|scifi|gun|shot|blaster|raygun|impact|pm_sfg_vol1_weapon_4_4_gun_gunshot_futuristicwav|sci fi gunnery|pmsfx"
"PM_SFG_VOL1_WEAPON_8_2_GUN_GUNSHOT_FUTURISTIC.wav","SCI FI Gunnery","PMSFX","https://sonniss.com/sound-effects/sci-fi-gunnery/","/Sonniss - GDC 2020 - Game Audio Bundle/PMSFX - SCI-FI GunnerySCI-FI Gunnery/PM_SFG_VOL1_WEAPON_8_2_GUN_GUNSHOT_FUTURISTIC.wav","weapon|scifi|gun|shot|blaster|raygun|impact|pm_sfg_vol1_weapon_8_2_gun_gunshot_futuristicwav|sci fi gunnery|pmsfx"
"PM_SFG_VOL2_WEAPON_15_5_GUN_GUNSHOT_FUTURISTIC.wav","SCI FI Gunnery","PMSFX","https://sonniss.com/sound-effects/sci-fi-gunnery/","/Sonniss - GDC 2020 - Game Audio Bundle/PMSFX - SCI-FI GunnerySCI-FI Gunnery/PM_SFG_VOL2_WEAPON_15_5_GUN_GUNSHOT_FUTURISTIC.wav","weapon|scifi|gun|shot|blaster|raygun|impact|pm_sfg_vol2_weapon_15_5_gun_gunshot_futuristicwav|sci fi gunnery|pmsfx"
"PM_SFG_VOL2_WEAPON_41_6_GUN_GUNSHOT_FUTURISTIC.wav","SCI FI Gunnery","PMSFX","https://sonniss.com/sound-effects/sci-fi-gunnery/","/Sonniss - GDC 2020 - Game Audio Bundle/PMSFX - SCI-FI GunnerySCI-FI Gunnery/PM_SFG_VOL2_WEAPON_41_6_GUN_GUNSHOT_FUTURISTIC.wav","weapon|scifi|gun|shot|blaster|raygun|impact|pm_sfg_vol2_weapon_41_6_gun_gunshot_futuristicwav|sci fi gunnery|pmsfx"
"PM_SB_DESIGNED_IMPACT_116 Impact brick rock dirt gravel designed multi LFE.wav","Shattering Bricks","PMSFX","https://sonniss.com/sound-effects/shattering-bricks/","/Sonniss - GDC 2020 - Game Audio Bundle/PMSFX - Shattering Bricks/PM_SB_DESIGNED_IMPACT_116 Impact brick rock dirt gravel designed multi LFE.wav","impact|bricks|rocks|dirt|gravel|pm_sb_designed_impact_116|brick|rock|dirt|gravel|designed|multi|lfewav|shattering bricks|pmsfx"
"PM_SB_DESIGNED_IMPACT_48 Impact brick rock dirt gravel designed multi LFE.wav","Shattering Bricks","PMSFX","https://sonniss.com/sound-effects/shattering-bricks/","/Sonniss - GDC 2020 - Game Audio Bundle/PMSFX - Shattering Bricks/PM_SB_DESIGNED_IMPACT_48 Impact brick rock dirt gravel designed multi LFE.wav","impact|bricks|rocks|dirt|gravel|pm_sb_designed_impact_48|brick|rock|dirt|gravel|designed|multi|lfewav|shattering bricks|pmsfx"
"PM_SB_SOURCE_16 Impact brick rock dirt gravel single hit.wav","Shattering Bricks","PMSFX","https://sonniss.com/sound-effects/shattering-bricks/","/Sonniss - GDC 2020 - Game Audio Bundle/PMSFX - Shattering Bricks/PM_SB_SOURCE_16 Impact brick rock dirt gravel single hit.wav","impact|bricks|rocks|dirt|gravel|pm_sb_source_16|brick|rock|dirt|gravel|single|hitwav|shattering bricks|pmsfx"
"PM_SB_SOURCE_61 Impact brick rock dirt gravel single hit.wav","Shattering Bricks","PMSFX","https://sonniss.com/sound-effects/shattering-bricks/","/Sonniss - GDC 2020 - Game Audio Bundle/PMSFX - Shattering Bricks/PM_SB_SOURCE_61 Impact brick rock dirt gravel single hit.wav","impact|bricks|rocks|dirt|gravel|pm_sb_source_61|brick|rock|dirt|gravel|single|hitwav|shattering bricks|pmsfx"
"PM_SDGS_113 Footstep Step Dry Grass Shrubs Pine Needles Meadow .wav","STEPS Dry Grass & Shrubs","PMSFX","https://sonniss.com/sound-effects/steps-dry-grass-shrubs/","/Sonniss - GDC 2020 - Game Audio Bundle/PMSFX - STEPS Dry Grass & Shrubs/PM_SDGS_113 Footstep Step Dry Grass Shrubs Pine Needles Meadow .wav","footstep|step|dry|grass|shrubs|pm_sdgs_113|pine|needles|meadow|wav|steps dry grass & shrubs|pmsfx"
"PM_SDGS_14 Footstep Step Dry Grass Shrubs Pine Needles Meadow .wav","STEPS Dry Grass & Shrubs","PMSFX","https://sonniss.com/sound-effects/steps-dry-grass-shrubs/","/Sonniss - GDC 2020 - Game Audio Bundle/PMSFX - STEPS Dry Grass & Shrubs/PM_SDGS_14 Footstep Step Dry Grass Shrubs Pine Needles Meadow .wav","footstep|step|dry|grass|shrubs|pm_sdgs_14|pine|needles|meadow|wav|steps dry grass & shrubs|pmsfx"
"PM_SDGS_186 Footstep Step Dry Grass Shrubs Pine Needles Meadow .wav","STEPS Dry Grass & Shrubs","PMSFX","https://sonniss.com/sound-effects/steps-dry-grass-shrubs/","/Sonniss - GDC 2020 - Game Audio Bundle/PMSFX - STEPS Dry Grass & Shrubs/PM_SDGS_186 Footstep Step Dry Grass Shrubs Pine Needles Meadow .wav","footstep|step|dry|grass|shrubs|pm_sdgs_186|pine|needles|meadow|wav|steps dry grass & shrubs|pmsfx"
"PM_SDGS_213 Footstep Step Dry Grass Skid Drag.wav","STEPS Dry Grass & Shrubs","PMSFX","https://sonniss.com/sound-effects/steps-dry-grass-shrubs/","/Sonniss - GDC 2020 - Game Audio Bundle/PMSFX - STEPS Dry Grass & Shrubs/PM_SDGS_213 Footstep Step Dry Grass Skid Drag.wav","footstep|step|dry|grass|shrubs|pm_sdgs_213|skid|dragwav|steps dry grass & shrubs|pmsfx"
"PM_DSSP_Passby_Designed_Whoosh_Futuristic_Scifi_Airy_Synth_Spaceship_Fast_12.wav","Scifi Passby [designer Series]","PMSFX","https://sonniss.com/sound-effects/scifi-passby-designer-series/","/Sonniss - GDC 2020 - Game Audio Bundle/PMSFX -Scifi Passby [designer Series]/PM_DSSP_Passby_Designed_Whoosh_Futuristic_Scifi_Airy_Synth_Spaceship_Fast_12.wav","passby_designed_whoosh_futuristic_scifi_airy_synth_spaceship_fast_12|pm_dssp_passby_designed_whoosh_futuristic_scifi_airy_synth_spaceship_fast_12wav|scifi passby [designer series]|pmsfx"
"PM_DSSP_Rotor_Engine_Designed_Futuristic_Scifi_41.wav","Scifi Passby [designer Series]","PMSFX","https://sonniss.com/sound-effects/scifi-passby-designer-series/","/Sonniss - GDC 2020 - Game Audio Bundle/PMSFX -Scifi Passby [designer Series]/PM_DSSP_Rotor_Engine_Designed_Futuristic_Scifi_41.wav","rotor_engine_designed_futuristic_scifi_41|pm_dssp_rotor_engine_designed_futuristic_scifi_41wav|scifi passby [designer series]|pmsfx"
"PM_DSSP_Source_Airy_Intake_Hum_Scifi_Futuristic_Constant_Engine_27.wav","Scifi Passby [designer Series]","PMSFX","https://sonniss.com/sound-effects/scifi-passby-designer-series/","/Sonniss - GDC 2020 - Game Audio Bundle/PMSFX -Scifi Passby [designer Series]/PM_DSSP_Source_Airy_Intake_Hum_Scifi_Futuristic_Constant_Engine_27.wav","source_airy_intake_hum_scifi_futuristic_constant_engine_27|pm_dssp_source_airy_intake_hum_scifi_futuristic_constant_engine_27wav|scifi passby [designer series]|pmsfx"
"PM_DSSP_Source_Rotors_Propeller_Scifi_Futuristic_Constant_Engine_73.wav","Scifi Passby [designer Series]","PMSFX","https://sonniss.com/sound-effects/scifi-passby-designer-series/","/Sonniss - GDC 2020 - Game Audio Bundle/PMSFX -Scifi Passby [designer Series]/PM_DSSP_Source_Rotors_Propeller_Scifi_Futuristic_Constant_Engine_73.wav","source_rotors_propeller_scifi_futuristic_constant_engine_73|pm_dssp_source_rotors_propeller_scifi_futuristic_constant_engine_73wav|scifi passby [designer series]|pmsfx"
"Trike, Tanarg, 912S, t1, Ext, By, CMC6.wav","Air Creation Tanarg 912 S Motor Glider Trike","Pole Position","https://sonniss.com/sound-effects/air-creation-tanarg-912-motor-glider-trike/","/Sonniss - GDC 2020 - Game Audio Bundle/Pole Position - Air Creation Tanarg 912 S Motor Glider Trike/Trike, Tanarg, 912S, t1, Ext, By, CMC6.wav","trike|tanarg|912s|exterior|by|schoeps|cmc6|t1|ext|cmc6wav|air creation tanarg 912 s motor glider trike|pole position"
"Trike, Tanarg, 912S, t10, Var SFX, Foot Throttle, Handheld, CSS5.wav","Air Creation Tanarg 912 S Motor Glider Trike","Pole Position","https://sonniss.com/sound-effects/air-creation-tanarg-912-motor-glider-trike/","/Sonniss - GDC 2020 - Game Audio Bundle/Pole Position - Air Creation Tanarg 912 S Motor Glider Trike/Trike, Tanarg, 912S, t10, Var SFX, Foot Throttle, Handheld, CSS5.wav","trike|tanarg|912s|various|sfx|foot|throttle|handheld|sanken|css5|t10|var|css5wav|air creation tanarg 912 s motor glider trike|pole position"
"Trike, Tanarg, 912S, t6, Onbrd, Start, idle, Steady RPMs, Stationary on Ground, Off, Cockpit, Hood, Left.wav","Air Creation Tanarg 912 S Motor Glider Trike","Pole Position","https://sonniss.com/sound-effects/air-creation-tanarg-912-motor-glider-trike/","/Sonniss - GDC 2020 - Game Audio Bundle/Pole Position - Air Creation Tanarg 912 S Motor Glider Trike/Trike, Tanarg, 912S, t6, Onbrd, Start, idle, Steady RPMs, Stationary on Ground, Off, Cockpit, Hood, Left.wav","trike|tanarg|912s|onboard|start|idle|steady|rpms|stationary|on|ground|off|cockpit|hood|left|t6|onbrd|leftwav|air creation tanarg 912 s motor glider trike|pole position"
"Alfa Romeo, Giulia, t12, Var SFX, Door, Interior, DPA4021.wav","Alfa Romeo Giulia Quadrifoglio 2015","Pole Position","https://sonniss.com/sound-effects/alfa-romeo-giulia-quadrifoglio-2015/","/Sonniss - GDC 2020 - Game Audio Bundle/Pole Position - Alfa Romeo Giulia Quadrifoglio 2015/Alfa Romeo, Giulia, t12, Var SFX, Door, Interior, DPA4021.wav","alfa|romeo|giulia|various|sfx|door|interior|dpa|4021|t12|var|dpa4021wav|alfa romeo giulia quadrifoglio 2015|pole position"
"Alfa Romeo, Giulia, t3, Ext, Fast, Up, Stop, Reverse, Away, x2, By, x2, Horn, x2, CSS5.wav","Alfa Romeo Giulia Quadrifoglio 2015","Pole Position","https://sonniss.com/sound-effects/alfa-romeo-giulia-quadrifoglio-2015/","/Sonniss - GDC 2020 - Game Audio Bundle/Pole Position - Alfa Romeo Giulia Quadrifoglio 2015/Alfa Romeo, Giulia, t3, Ext, Fast, Up, Stop, Reverse, Away, x2, By, x2, Horn, x2, CSS5.wav","alfa|romeo|giulia|exterior|fast|up|stop|reverse|away|x2|by|horn|sanken|css5|some|microphone|movement|t3|ext|css5wav|alfa romeo giulia quadrifoglio 2015|pole position"
"Alfa Romeo, Giulia, t7, Onbrd, Start, Idle, Steady, Blips, Off, Engine, Mix.wav","Alfa Romeo Giulia Quadrifoglio 2015","Pole Position","https://sonniss.com/sound-effects/alfa-romeo-giulia-quadrifoglio-2015/","/Sonniss - GDC 2020 - Game Audio Bundle/Pole Position - Alfa Romeo Giulia Quadrifoglio 2015/Alfa Romeo, Giulia, t7, Onbrd, Start, Idle, Steady, Blips, Off, Engine, Mix.wav","alfa|romeo|giulia|onboard|start|idle|steady|blips|off|engine|mix|t7|onbrd|mixwav|alfa romeo giulia quadrifoglio 2015|pole position"
"Arctic Cat, SVX450, t1, Onbrd, Start, Slow, Drive, Stop, Off, Back, DPA4061.wav","Arctic Cat Snow Bike SVX 450 2017","Pole Position","https://sonniss.com/sound-effects/arctic-cat-snow-bike-svx-450-2017/","/Sonniss - GDC 2020 - Game Audio Bundle/Pole Position - Arctic Cat Snow Bike SVX 450 2017/Arctic Cat, SVX450, t1, Onbrd, Start, Slow, Drive, Stop, Off, Back, DPA4061.wav","arctic|cat|svx450|onboard|start|slow|drive|stop|off|back|dpa|4061|t1|onbrd|dpa4061wav|arctic cat snow bike svx 450 2017|pole position"
"Arctic Cat, SVX450, t3, Onbrd, Start, Fast, Drive, Stop, Off, Engine, Right, PZM.wav","Arctic Cat Snow Bike SVX 450 2017","Pole Position","https://sonniss.com/sound-effects/arctic-cat-snow-bike-svx-450-2017/","/Sonniss - GDC 2020 - Game Audio Bundle/Pole Position - Arctic Cat Snow Bike SVX 450 2017/Arctic Cat, SVX450, t3, Onbrd, Start, Fast, Drive, Stop, Off, Engine, Right, PZM.wav","arctic|cat|svx450|onboard|start|fast|drive|stop|off|engine|right|crown|pzm|t3|onbrd|pzmwav|arctic cat snow bike svx 450 2017|pole position"
"Arctic Cat, SVX450, t7, Ext, Medium, Various, MS Decoded, RSM191.wav","Arctic Cat Snow Bike SVX 450 2017","Pole Position","https://sonniss.com/sound-effects/arctic-cat-snow-bike-svx-450-2017/","/Sonniss - GDC 2020 - Game Audio Bundle/Pole Position - Arctic Cat Snow Bike SVX 450 2017/Arctic Cat, SVX450, t7, Ext, Medium, Various, MS Decoded, RSM191.wav","arctic|cat|svx450|exterior|medium|various|ms|decoded|neumann|rsm|191|t7|ext|rsm191wav|arctic cat snow bike svx 450 2017|pole position"
"Aston_Martin_Rapide_S_t11_Var_SFX_Door_Open_Interior_MKH8040.wav","Aston Martin Rapide S 2017","Pole Position","https://sonniss.com/sound-effects/aston-martin-rapide-2017/","/Sonniss - GDC 2020 - Game Audio Bundle/Pole Position - Aston Martin Rapide S 2017/Aston_Martin_Rapide_S_t11_Var_SFX_Door_Open_Interior_MKH8040.wav","aston|martin|rapide|s|various|sfx|door|open|interior|sennheiser|mkh|8040|aston_martin_rapide_s_t11_var_sfx_door_open_interior_mkh8040wav|aston martin rapide s 2017|pole position"
"Aston_Martin_Rapide_S_t5_Ext_By_Ramps_ORTF_MKH8040.wav","Aston Martin Rapide S 2017","Pole Position","https://sonniss.com/sound-effects/aston-martin-rapide-2017/","/Sonniss - GDC 2020 - Game Audio Bundle/Pole Position - Aston Martin Rapide S 2017/Aston_Martin_Rapide_S_t5_Ext_By_Ramps_ORTF_MKH8040.wav","aston|martin|rapide|s|exterior|by|ramps|ortf|sennheiser|mkh|8040|aston_martin_rapide_s_t5_ext_by_ramps_ortf_mkh8040wav|aston martin rapide s 2017|pole position"
"Aston_Martin_Rapide_S_t8_Onbrd_Medium_Drive_Various_Stop_Off_Exhaust_Left_DPA4062.wav","Aston Martin Rapide S 2017","Pole Position","https://sonniss.com/sound-effects/aston-martin-rapide-2017/","/Sonniss - GDC 2020 - Game Audio Bundle/Pole Position - Aston Martin Rapide S 2017/Aston_Martin_Rapide_S_t8_Onbrd_Medium_Drive_Various_Stop_Off_Exhaust_Left_DPA4062.wav","aston|martin|rapide|s|onboard|medium|drive|various|stop|off|exhaust|left|dpa|4062|aston_martin_rapide_s_t8_onbrd_medium_drive_various_stop_off_exhaust_left_dpa4062wav|aston martin rapide s 2017|pole position"
"Audi, R8, t11, Ext, Fast, Various, Distant, LS12.wav","Audi R8 2017","Pole Position","https://sonniss.com/sound-effects/Audi-R8-2017/","/Sonniss - GDC 2020 - Game Audio Bundle/Pole Position - Audi R8 2017/Audi, R8, t11, Ext, Fast, Various, Distant, LS12.wav","audi|r8|exterior|fast|various|distant|olympus|ls12|some|wind|t11|ext|ls12wav|audi r8 2017|pole position"
"Audi, R8, t3, Ext, Fast, Up, Stop, Reverse, Away, By, x2, MKH8040.wav","Audi R8 2017","Pole Position","https://sonniss.com/sound-effects/Audi-R8-2017/","/Sonniss - GDC 2020 - Game Audio Bundle/Pole Position - Audi R8 2017/Audi, R8, t3, Ext, Fast, Up, Stop, Reverse, Away, By, x2, MKH8040.wav","audi|r8|exterior|fast|up|stop|reverse|away|by|x2|sennheiser|mkh|8040|some|wind|t3|ext|mkh8040wav|audi r8 2017|pole position"
"Audi, R8, t3, Onbrd, Start, Fast, Drive, Stop, Reverse, Stop, Drive, Engine, Right, DPA4061.wav","Audi R8 2017","Pole Position","https://sonniss.com/sound-effects/Audi-R8-2017/","/Sonniss - GDC 2020 - Game Audio Bundle/Pole Position - Audi R8 2017/Audi, R8, t3, Onbrd, Start, Fast, Drive, Stop, Reverse, Stop, Drive, Engine, Right, DPA4061.wav","audi|r8|onboard|start|fast|drive|stop|reverse|engine|right|dpa|4061|t3|onbrd|dpa4061wav|audi r8 2017|pole position"
"Bell_206_t17_Var_SFX_Panel_Movement_Wide_AB_Passenger_Seat_MKH8020.wav","Bell 206L 3 Longranger III 1983","Pole Position","https://sonniss.com/sound-effects/volvo-9/","/Sonniss - GDC 2020 - Game Audio Bundle/Pole Position - Bell 206L-3 Longranger III 1983/Bell_206_t17_Var_SFX_Panel_Movement_Wide_AB_Passenger_Seat_MKH8020.wav","bell|206|various|sfx|panel|movement|wide|ab|passenger|seat|sennheiser|mkh|8020|bell_206_t17_var_sfx_panel_movement_wide_ab_passenger_seat_mkh8020wav|bell 206l 3 longranger iii 1983|pole position"
"Bell_206_t4_Onbrd_Fly_Steady_Wide_AB_Passenger_Seat_MKH8020.wav","Bell 206L 3 Longranger III 1983","Pole Position","https://sonniss.com/sound-effects/volvo-9/","/Sonniss - GDC 2020 - Game Audio Bundle/Pole Position - Bell 206L-3 Longranger III 1983/Bell_206_t4_Onbrd_Fly_Steady_Wide_AB_Passenger_Seat_MKH8020.wav","bell|206|onboard|fly|steady|wide|ab|passenger|seat|sennheiser|mkh|8020|bell_206_t4_onbrd_fly_steady_wide_ab_passenger_seat_mkh8020wav|bell 206l 3 longranger iii 1983|pole position"
"Bell_206_t5_Ext_Idle_Take_Off_Away_Left_MKH8060.wav","Bell 206L 3 Longranger III 1983","Pole Position","https://sonniss.com/sound-effects/volvo-9/","/Sonniss - GDC 2020 - Game Audio Bundle/Pole Position - Bell 206L-3 Longranger III 1983/Bell_206_t5_Ext_Idle_Take_Off_Away_Left_MKH8060.wav","bell|206|exterior|idle|take|off|away|left|sennheiser|mkh|8060|bell_206_t5_ext_idle_take_off_away_left_mkh8060wav|bell 206l 3 longranger iii 1983|pole position"
"BMW_E30_t10_Onbrd_Idle_Various_Exhaust_RE50.wav","BMW E30 318i 1988 Street Race Modded","Pole Position","https://sonniss.com/sound-effects/bmw-e30-318i-1988-street-race-modded/","/Sonniss - GDC 2020 - Game Audio Bundle/Pole Position - BMW E30 318i 1988 Street Race Modded/BMW_E30_t10_Onbrd_Idle_Various_Exhaust_RE50.wav","bmw|e30|onboard|idle|various|exhaust|electrovoice|re50|bmw_e30_t10_onbrd_idle_various_exhaust_re50wav|bmw e30 318i 1988 street race modded|pole position"
"BMW_E30_t1_Ext_Start_Slow_Away_Up_Reverse_Stop_Away_By_Up_Stop_Off_MS_RSM191.wav","BMW E30 318i 1988 Street Race Modded","Pole Position","https://sonniss.com/sound-effects/bmw-e30-318i-1988-street-race-modded/","/Sonniss - GDC 2020 - Game Audio Bundle/Pole Position - BMW E30 318i 1988 Street Race Modded/BMW_E30_t1_Ext_Start_Slow_Away_Up_Reverse_Stop_Away_By_Up_Stop_Off_MS_RSM191.wav","bmw|e30|exterior|start|slow|away|up|reverse|stop|by|off|ms|neumann|rsm|191|some|rain|bmw_e30_t1_ext_start_slow_away_up_reverse_stop_away_by_up_stop_off_ms_rsm191wav|bmw e30 318i 1988 street race modded|pole position"
"BMW_E30_t6_Onbrd_Start_Drive_Steady_RPMs_Stop_Off_Interior_ORTF_MKH8040.wav","BMW E30 318i 1988 Street Race Modded","Pole Position","https://sonniss.com/sound-effects/bmw-e30-318i-1988-street-race-modded/","/Sonniss - GDC 2020 - Game Audio Bundle/Pole Position - BMW E30 318i 1988 Street Race Modded/BMW_E30_t6_Onbrd_Start_Drive_Steady_RPMs_Stop_Off_Interior_ORTF_MKH8040.wav","bmw|e30|onboard|start|drive|steady|rpms|stop|off|interior|ortf|sennheiser|mkh|8040|bmw_e30_t6_onbrd_start_drive_steady_rpms_stop_off_interior_ortf_mkh8040wav|bmw e30 318i 1988 street race modded|pole position"
"BMW_M4_t10_Var_SFX_Parking_Brake_Interior_ORTF_MKH 8040.wav","BMW M4 2014","Pole Position","https://sonniss.com/sound-effects/bmw-m4-2014/","/Sonniss - GDC 2020 - Game Audio Bundle/Pole Position - BMW M4 2014/BMW_M4_t10_Var_SFX_Parking_Brake_Interior_ORTF_MKH 8040.wav","bmw|m4|various|sfx|parking|brake|interior|ortf|sennheiser|mkh|8040|bmw_m4_t10_var_sfx_parking_brake_interior_ortf_mkh|8040wav|bmw m4 2014|pole position"
"BMW_M4_t4_Onbrd_Drive_Gearshifts_Engine_Center_DPA4061.wav","BMW M4 2014","Pole Position","https://sonniss.com/sound-effects/bmw-m4-2014/","/Sonniss - GDC 2020 - Game Audio Bundle/Pole Position - BMW M4 2014/BMW_M4_t4_Onbrd_Drive_Gearshifts_Engine_Center_DPA4061.wav","bmw|m4|onboard|drive|gearshifts|engine|center|dpa|4061|bmw_m4_t4_onbrd_drive_gearshifts_engine_center_dpa4061wav|bmw m4 2014|pole position"
"BMW_M4_t7_Ext_Start_Idle_Blips_Steady_in_Netural_Off_XY_RSM191.wav","BMW M4 2014","Pole Position","https://sonniss.com/sound-effects/bmw-m4-2014/","/Sonniss - GDC 2020 - Game Audio Bundle/Pole Position - BMW M4 2014/BMW_M4_t7_Ext_Start_Idle_Blips_Steady_in_Netural_Off_XY_RSM191.wav","bmw|m4|exterior|start|idle|blips|steady|in|netural|off|xy|neumann|rsm|191|bmw_m4_t7_ext_start_idle_blips_steady_in_netural_off_xy_rsm191wav|bmw m4 2014|pole position"
"Camaro_ZL1_t11_Onbrd_On_Idle_Blips_Off_Exhaust_Mix.wav","Camaro ZL1 2014","Pole Position","https://sonniss.com/sound-effects/camaro-zl1-2014/","/Sonniss - GDC 2020 - Game Audio Bundle/Pole Position - Camaro ZL1 2014/Camaro_ZL1_t11_Onbrd_On_Idle_Blips_Off_Exhaust_Mix.wav","camaro|zl1|onboard|on|idle|blips|off|exhaust|mix|camaro_zl1_t11_onbrd_on_idle_blips_off_exhaust_mixwav|camaro zl1 2014|pole position"
"Camaro_ZL1_t5_Onbrd_Drive_Ramps_Stop_Off_Exhaust_Center_DPA4062.wav","Camaro ZL1 2014","Pole Position","https://sonniss.com/sound-effects/camaro-zl1-2014/","/Sonniss - GDC 2020 - Game Audio Bundle/Pole Position - Camaro ZL1 2014/Camaro_ZL1_t5_Onbrd_Drive_Ramps_Stop_Off_Exhaust_Center_DPA4062.wav","camaro|zl1|onboard|drive|ramps|stop|off|exhaust|center|dpa|4062|camaro_zl1_t5_onbrd_drive_ramps_stop_off_exhaust_center_dpa4062wav|camaro zl1 2014|pole position"
"Camaro_ZL1_t7_Onbrd_Start_Idle_Blips_Steady_in_Neutral_Off_Engine_Intake_DPA4062.wav","Camaro ZL1 2014","Pole Position","https://sonniss.com/sound-effects/camaro-zl1-2014/","/Sonniss - GDC 2020 - Game Audio Bundle/Pole Position - Camaro ZL1 2014/Camaro_ZL1_t7_Onbrd_Start_Idle_Blips_Steady_in_Neutral_Off_Engine_Intake_DPA4062.wav","camaro|zl1|onboard|start|idle|blips|steady|in|neutral|off|engine|intake|dpa|4062|camaro_zl1_t7_onbrd_start_idle_blips_steady_in_neutral_off_engine_intake_dpa4062wav|camaro zl1 2014|pole position"
"Car_Destruction_Chassis_Impact_t36_Ext_Drop_on_Ground_Metal_Crash_Bounce_Various_MKH8060.wav","Car Destruction","Pole Position","https://sonniss.com/sound-effects/car-destruction-pole-position/","/Sonniss - GDC 2020 - Game Audio Bundle/Pole Position - Car Destruction/Car_Destruction_Chassis_Impact_t36_Ext_Drop_on_Ground_Metal_Crash_Bounce_Various_MKH8060.wav","car|destruction|chassis|impact|exterior|drop|on|ground|metal|crash|bounce|various|sennheiser|mkh|8060|car_destruction_chassis_impact_t36_ext_drop_on_ground_metal_crash_bounce_various_mkh8060wav|car destruction|pole position"
"Car_Destruction_Damaged_Engine_t22_Ext_Heavy_Damage_No_Oil_Water_Hiss_XY_RSM191.wav","Car Destruction","Pole Position","https://sonniss.com/sound-effects/car-destruction-pole-position/","/Sonniss - GDC 2020 - Game Audio Bundle/Pole Position - Car Destruction/Car_Destruction_Damaged_Engine_t22_Ext_Heavy_Damage_No_Oil_Water_Hiss_XY_RSM191.wav","car|destruction|damaged|engine|exterior|heavy|damage|no|oil|water|hiss|xy|neumann|rsm|191|car_destruction_damaged_engine_t22_ext_heavy_damage_no_oil_water_hiss_xy_rsm191wav|car destruction|pole position"
"Car_Destruction_Designed_t44_Impacts_Interor.wav","Car Destruction","Pole Position","https://sonniss.com/sound-effects/car-destruction-pole-position/","/Sonniss - GDC 2020 - Game Audio Bundle/Pole Position - Car Destruction/Car_Destruction_Designed_t44_Impacts_Interor.wav","car|destruction|designed|impacts|interor|car_destruction_designed_t44_impacts_interorwav|car destruction|pole position"
"Centurion_Tank_t11_Var_SFX_Loaders_Hatch_Open_Half_Full_XY_RSM191.wav","Centurion Mk V2 1955","Pole Position","https://sonniss.com/sound-effects/centurion-mk-v-2-1955/","/Sonniss - GDC 2020 - Game Audio Bundle/Pole Position - Centurion Mk V2 1955/Centurion_Tank_t11_Var_SFX_Loaders_Hatch_Open_Half_Full_XY_RSM191.wav","centurion|tank|various|sfx|loaders|hatch|open|half|full|xy|neumann|rsm|191|centurion_tank_t11_var_sfx_loaders_hatch_open_half_full_xy_rsm191wav|centurion mk v2 1955|pole position"
"Centurion_Tank_t3_Onbrd_Medium_Drive_Stop_Exhaust_Right_DPA4062.wav","Centurion Mk V2 1955","Pole Position","https://sonniss.com/sound-effects/centurion-mk-v-2-1955/","/Sonniss - GDC 2020 - Game Audio Bundle/Pole Position - Centurion Mk V2 1955/Centurion_Tank_t3_Onbrd_Medium_Drive_Stop_Exhaust_Right_DPA4062.wav","centurion|tank|onboard|medium|drive|stop|exhaust|right|dpa|4062|centurion_tank_t3_onbrd_medium_drive_stop_exhaust_right_dpa4062wav|centurion mk v2 1955|pole position"
"Centurion_Tank_t6_Ext_Fast_Away_XY_RSM191.wav","Centurion Mk V2 1955","Pole Position","https://sonniss.com/sound-effects/centurion-mk-v-2-1955/","/Sonniss - GDC 2020 - Game Audio Bundle/Pole Position - Centurion Mk V2 1955/Centurion_Tank_t6_Ext_Fast_Away_XY_RSM191.wav","centurion|tank|exterior|fast|away|xy|neumann|rsm|191|centurion_tank_t6_ext_fast_away_xy_rsm191wav|centurion mk v2 1955|pole position"
"Char B1, Bis, t11, Onbrd, Idle, Various, Exhaust, RE20.wav","Char B1 Bis 1938","Pole Position","https://sonniss.com/sound-effects/char-b1-bis-1938/","/Sonniss - GDC 2020 - Game Audio Bundle/Pole Position - Char B1 Bis 1938/Char B1, Bis, t11, Onbrd, Idle, Various, Exhaust, RE20.wav","char|b1|bis|onboard|idle|various|exhaust|electrovoice|re20|t11|onbrd|re20wav|char b1 bis 1938|pole position"
"Char B1, Bis, t6, Ext, Fast, Exciting Driving, x2, Rear Holophone.Top.wav","Char B1 Bis 1938","Pole Position","https://sonniss.com/sound-effects/char-b1-bis-1938/","/Sonniss - GDC 2020 - Game Audio Bundle/Pole Position - Char B1 Bis 1938/Char B1, Bis, t6, Ext, Fast, Exciting Driving, x2, Rear Holophone.Top.wav","char|b1|bis|exterior|fast|exciting|driving|x2|rear|turn|point|holophonetop|t6|ext|holophonetopwav|char b1 bis 1938|pole position"
"Char B1, Bis, t8, Onbrd, Medium, Drive, Various, Interior, MKH8020.wav","Char B1 Bis 1938","Pole Position","https://sonniss.com/sound-effects/char-b1-bis-1938/","/Sonniss - GDC 2020 - Game Audio Bundle/Pole Position - Char B1 Bis 1938/Char B1, Bis, t8, Onbrd, Medium, Drive, Various, Interior, MKH8020.wav","char|b1|bis|onboard|medium|drive|various|interior|sennheiser|mkh|8020|t8|onbrd|mkh8020wav|char b1 bis 1938|pole position"
"Cigarette_Top_Gun_39_t2_Onbrd_Start_Steady_Driving_Low_to_Medium_High_Stop_Engine_Front_Left_RE50.wav","Cigarette 39 Top Gun 2012","Pole Position","https://sonniss.com/sound-effects/cigarette-39-top-gun-2012/","/Sonniss - GDC 2020 - Game Audio Bundle/Pole Position - Cigarette 39 Top Gun 2012/Cigarette_Top_Gun_39_t2_Onbrd_Start_Steady_Driving_Low_to_Medium_High_Stop_Engine_Front_Left_RE50.wav","cigarette|top|gun|39|onboard|start|steady|driving|low|to|medium|high|stop|engine|front|left|electrovoice|re50|cigarette_top_gun_39_t2_onbrd_start_steady_driving_low_to_medium_high_stop_engine_front_left_re50wav|cigarette 39 top gun 2012|pole position"
"Cigarette_Top_Gun_39_t6_Ext_Away_By_Many_XY_RSM191.wav","Cigarette 39 Top Gun 2012","Pole Position","https://sonniss.com/sound-effects/cigarette-39-top-gun-2012/","/Sonniss - GDC 2020 - Game Audio Bundle/Pole Position - Cigarette 39 Top Gun 2012/Cigarette_Top_Gun_39_t6_Ext_Away_By_Many_XY_RSM191.wav","cigarette|top|gun|39|exterior|away|by|many|xy|neumann|rsm|191|some|image|shift|cigarette_top_gun_39_t6_ext_away_by_many_xy_rsm191wav|cigarette 39 top gun 2012|pole position"
"Cigarette_Top_Gun_39_t9_Onbrd_Idle_Various_Engine_Rear_Left_MKH8020.wav","Cigarette 39 Top Gun 2012","Pole Position","https://sonniss.com/sound-effects/cigarette-39-top-gun-2012/","/Sonniss - GDC 2020 - Game Audio Bundle/Pole Position - Cigarette 39 Top Gun 2012/Cigarette_Top_Gun_39_t9_Onbrd_Idle_Various_Engine_Rear_Left_MKH8020.wav","cigarette|top|gun|39|onboard|idle|various|engine|rear|left|sennheiser|mkh|8020|cigarette_top_gun_39_t9_onbrd_idle_various_engine_rear_left_mkh8020wav|cigarette 39 top gun 2012|pole position"
"M1911A1, Firing, t2, 200m, Front, Target, M10.wav","Colt M1911A1 semi automatic pistol","Pole Position","https://sonniss.com/sound-effects/colt-m1911a1-semi-automatic-pistol/","/Sonniss - GDC 2020 - Game Audio Bundle/Pole Position - Colt M1911A1 semi-automatic pistol/M1911A1, Firing, t2, 200m, Front, Target, M10.wav","m1911a1|45|acp|firing|200m|front|target|sony|pcmm10|t2|m10wav|colt m1911a1 semi automatic pistol|pole position"
"M1911A1, Handling, Dry Fire, MKH416.wav","Colt M1911A1 semi automatic pistol","Pole Position","https://sonniss.com/sound-effects/colt-m1911a1-semi-automatic-pistol/","/Sonniss - GDC 2020 - Game Audio Bundle/Pole Position - Colt M1911A1 semi-automatic pistol/M1911A1, Handling, Dry Fire, MKH416.wav","m1911a1|45|acp|handling|dry|fire|sennheiser|mkh|416|mkh416wav|colt m1911a1 semi automatic pistol|pole position"
"Comet_Tank_t2_Ext_Slow_By_ORTF_CMC6.wav","Comet A34 Model B 1944","Pole Position","https://sonniss.com/sound-effects/comet-a34-model-1944/","/Sonniss - GDC 2020 - Game Audio Bundle/Pole Position - Comet A34 Model B 1944/Comet_Tank_t2_Ext_Slow_By_ORTF_CMC6.wav","comet|tank|exterior|slow|by|ortf|schoeps|cmc6|comet_tank_t2_ext_slow_by_ortf_cmc6wav|comet a34 model b 1944|pole position"
"Comet_Tank_t5_Onbrd_Fast_Drive_Stop_Tracks_Right_PZM.wav","Comet A34 Model B 1944","Pole Position","https://sonniss.com/sound-effects/comet-a34-model-1944/","/Sonniss - GDC 2020 - Game Audio Bundle/Pole Position - Comet A34 Model B 1944/Comet_Tank_t5_Onbrd_Fast_Drive_Stop_Tracks_Right_PZM.wav","comet|tank|onboard|fast|drive|stop|tracks|right|crown|pzm|comet_tank_t5_onbrd_fast_drive_stop_tracks_right_pzmwav|comet a34 model b 1944|pole position"
"Comet_Tank_t8_Onbrd_Slow_Various_Exhaust_RE50.wav","Comet A34 Model B 1944","Pole Position","https://sonniss.com/sound-effects/comet-a34-model-1944/","/Sonniss - GDC 2020 - Game Audio Bundle/Pole Position - Comet A34 Model B 1944/Comet_Tank_t8_Onbrd_Slow_Various_Exhaust_RE50.wav","comet|tank|onboard|slow|various|exhaust|electrovoice|re50|comet_tank_t8_onbrd_slow_various_exhaust_re50wav|comet a34 model b 1944|pole position"
"Corvette, C5, t10, Ext, Idle, Various, Engine, Front, DPA4061.wav","Corvette C5 2004","Pole Position","https://sonniss.com/sound-effects/corvette-c5-2004/","/Sonniss - GDC 2020 - Game Audio Bundle/Pole Position - Corvette C5 2004/Corvette, C5, t10, Ext, Idle, Various, Engine, Front, DPA4061.wav","corvette|c5|exterior|idle|various|engine|front|dpa|4061|t10|ext|dpa4061wav|corvette c5 2004|pole position"
"Corvette, C5, t2, Onbrd, Start, Medium, Drive, Stop, Reverse, Stop, Drive, Stop, Off, Exhaust, Center, DPA4062.wav","Corvette C5 2004","Pole Position","https://sonniss.com/sound-effects/corvette-c5-2004/","/Sonniss - GDC 2020 - Game Audio Bundle/Pole Position - Corvette C5 2004/Corvette, C5, t2, Onbrd, Start, Medium, Drive, Stop, Reverse, Stop, Drive, Stop, Off, Exhaust, Center, DPA4062.wav","corvette|c5|onboard|start|medium|drive|stop|reverse|off|exhaust|center|dpa|4062|t2|onbrd|dpa4062wav|corvette c5 2004|pole position"
"Corvette, C5, t4, Ext, By, Gearshifts, Wide AB, CMC6.wav","Corvette C5 2004","Pole Position","https://sonniss.com/sound-effects/corvette-c5-2004/","/Sonniss - GDC 2020 - Game Audio Bundle/Pole Position - Corvette C5 2004/Corvette, C5, t4, Ext, By, Gearshifts, Wide AB, CMC6.wav","corvette|c5|exterior|by|gearshifts|wide|ab|schoeps|cmc6|t4|ext|cmc6wav|corvette c5 2004|pole position"
"Corvette_C6_t10_Onbrd_Start_Idle_Blips_Off_Exhaust_Left_RE50.wav","Corvette C6 Z06 2009","Pole Position","https://sonniss.com/sound-effects/corvette-c6-z06-2009/","/Sonniss - GDC 2020 - Game Audio Bundle/Pole Position - Corvette C6 Z06 2009/Corvette_C6_t10_Onbrd_Start_Idle_Blips_Off_Exhaust_Left_RE50.wav","corvette|c6|onboard|start|idle|blips|off|exhaust|left|electrovoice|re50|corvette_c6_t10_onbrd_start_idle_blips_off_exhaust_left_re50wav|corvette c6 z06 2009|pole position"
"Corvette_C6_t1_Ext_Slow_Up_Stop_Reverse_Away_By_x2_MKH8060.wav","Corvette C6 Z06 2009","Pole Position","https://sonniss.com/sound-effects/corvette-c6-z06-2009/","/Sonniss - GDC 2020 - Game Audio Bundle/Pole Position - Corvette C6 Z06 2009/Corvette_C6_t1_Ext_Slow_Up_Stop_Reverse_Away_By_x2_MKH8060.wav","corvette|c6|exterior|slow|up|stop|reverse|away|by|x2|sennheiser|mkh|8060|corvette_c6_t1_ext_slow_up_stop_reverse_away_by_x2_mkh8060wav|corvette c6 z06 2009|pole position"
"Corvette_C6_t2_Onbrd_Start_Medium_Drive_Stop_Reverse_Stop_Drive_Stop_Off_Engine_PZM.wav","Corvette C6 Z06 2009","Pole Position","https://sonniss.com/sound-effects/corvette-c6-z06-2009/","/Sonniss - GDC 2020 - Game Audio Bundle/Pole Position - Corvette C6 Z06 2009/Corvette_C6_t2_Onbrd_Start_Medium_Drive_Stop_Reverse_Stop_Drive_Stop_Off_Engine_PZM.wav","corvette|c6|onboard|start|medium|drive|stop|reverse|off|engine|crown|pzm|corvette_c6_t2_onbrd_start_medium_drive_stop_reverse_stop_drive_stop_off_engine_pzmwav|corvette c6 z06 2009|pole position"
"Corvette_C7_t10_Var_SFX_Horn_Various_XY_RSM191.wav","Corvette C7 Z06 2016","Pole Position","https://sonniss.com/sound-effects/corvette-c7-z06-2016/","/Sonniss - GDC 2020 - Game Audio Bundle/Pole Position - Corvette C7 Z06 2016/Corvette_C7_t10_Var_SFX_Horn_Various_XY_RSM191.wav","corvette|c7|various|sfx|horn|xy|neumann|rsm|191|corvette_c7_t10_var_sfx_horn_various_xy_rsm191wav|corvette c7 z06 2016|pole position"
"Corvette_C7_t4_Ext_By_Gearshifts_ORTF_MKH8040.wav","Corvette C7 Z06 2016","Pole Position","https://sonniss.com/sound-effects/corvette-c7-z06-2016/","/Sonniss - GDC 2020 - Game Audio Bundle/Pole Position - Corvette C7 Z06 2016/Corvette_C7_t4_Ext_By_Gearshifts_ORTF_MKH8040.wav","corvette|c7|exterior|by|gearshifts|ortf|sennheiser|mkh|8040|corvette_c7_t4_ext_by_gearshifts_ortf_mkh8040wav|corvette c7 z06 2016|pole position"
"Corvette_C7_t7_Onbrd_Start_Idle_Blips_Steadies_in_Neutral_Off_Engine_C.wav","Corvette C7 Z06 2016","Pole Position","https://sonniss.com/sound-effects/corvette-c7-z06-2016/","/Sonniss - GDC 2020 - Game Audio Bundle/Pole Position - Corvette C7 Z06 2016/Corvette_C7_t7_Onbrd_Start_Idle_Blips_Steadies_in_Neutral_Off_Engine_C.wav","corvette|c7|onboard|start|idle|blips|steadies|in|neutral|off|engine|c|corvette_c7_t7_onbrd_start_idle_blips_steadies_in_neutral_off_engine_cwav|corvette c7 z06 2016|pole position"
"Dodge_Challenger_Shaker_SRT8_t10_Var_SFX_Door_Interior.wav","Dodge Challenger Shaker SRT 8","Pole Position","https://sonniss.com/sound-effects/dodge-challenger-shaker-srt-8-2015/","/Sonniss - GDC 2020 - Game Audio Bundle/Pole Position - Dodge Challenger Shaker SRT-8 2015/Dodge_Challenger_Shaker_SRT8_t10_Var_SFX_Door_Interior.wav","dodge|challenger|shaker|srt8|various|sfx|door|interior|dodge_challenger_shaker_srt8_t10_var_sfx_door_interiorwav|dodge challenger shaker srt 8|pole position"
"Dodge_Challenger_Shaker_SRT8_t2_Ext_Start_Medium_Away_Up_Reverse_Stop_Away_By_Up_Stop_Off_Holophone.wav","Dodge Challenger Shaker SRT 8","Pole Position","https://sonniss.com/sound-effects/dodge-challenger-shaker-srt-8-2015/","/Sonniss - GDC 2020 - Game Audio Bundle/Pole Position - Dodge Challenger Shaker SRT-8 2015/Dodge_Challenger_Shaker_SRT8_t2_Ext_Start_Medium_Away_Up_Reverse_Stop_Away_By_Up_Stop_Off_Holophone.wav","dodge|challenger|shaker|srt8|exterior|start|medium|away|up|reverse|stop|by|off|holophone|dodge_challenger_shaker_srt8_t2_ext_start_medium_away_up_reverse_stop_away_by_up_stop_off_holophonewav|dodge challenger shaker srt 8|pole position"
"Dodge_Challenger_Shaker_SRT8_t5_Onbrd_Drive_Ramps_Stop_Off_Exhaust_Left_DPA4062.wav","Dodge Challenger Shaker SRT 8","Pole Position","https://sonniss.com/sound-effects/dodge-challenger-shaker-srt-8-2015/","/Sonniss - GDC 2020 - Game Audio Bundle/Pole Position - Dodge Challenger Shaker SRT-8 2015/Dodge_Challenger_Shaker_SRT8_t5_Onbrd_Drive_Ramps_Stop_Off_Exhaust_Left_DPA4062.wav","dodge|challenger|shaker|srt8|onboard|drive|ramps|stop|off|exhaust|left|dpa|4062|dodge_challenger_shaker_srt8_t5_onbrd_drive_ramps_stop_off_exhaust_left_dpa4062wav|dodge challenger shaker srt 8|pole position"
"Dodge, SRT8, 2011, t10, Var SFX, Door, Various, Interior, ORTF, MKH8040.wav","Dodge Challenger SRT8 2011","Pole Position","https://sonniss.com/sound-effects/dodge-charger-srt8/","/Sonniss - GDC 2020 - Game Audio Bundle/Pole Position - Dodge Challenger SRT8 2011/Dodge, SRT8, 2011, t10, Var SFX, Door, Various, Interior, ORTF, MKH8040.wav","dodge|srt8|2011|various|sfx|door|interior|ortf|sennheiser|mkh|8040|t10|var|mkh8040wav|dodge challenger srt8 2011|pole position"
"Dodge, SRT8, 2011, t3, Onbrd, Start, Fast, Drive, Stop, Off, Reverse, Stop, Drive, Stop, Off, Engine, Mix.wav","Dodge Challenger SRT8 2011","Pole Position","https://sonniss.com/sound-effects/dodge-charger-srt8/","/Sonniss - GDC 2020 - Game Audio Bundle/Pole Position - Dodge Challenger SRT8 2011/Dodge, SRT8, 2011, t3, Onbrd, Start, Fast, Drive, Stop, Off, Reverse, Stop, Drive, Stop, Off, Engine, Mix.wav","dodge|srt8|2011|onboard|start|fast|drive|stop|off|reverse|engine|mix|t3|onbrd|mixwav|dodge challenger srt8 2011|pole position"
"Dodge, SRT8, 2011, t7, Ext, Start, Idle, Blips, Steadies in Neutral, RSM191.wav","Dodge Challenger SRT8 2011","Pole Position","https://sonniss.com/sound-effects/dodge-charger-srt8/","/Sonniss - GDC 2020 - Game Audio Bundle/Pole Position - Dodge Challenger SRT8 2011/Dodge, SRT8, 2011, t7, Ext, Start, Idle, Blips, Steadies in Neutral, RSM191.wav","dodge|srt8|2011|exterior|start|idle|blips|steadies|in|neutral|neumann|rsm|191|t7|ext|rsm191wav|dodge challenger srt8 2011|pole position"
"Dodge_Ram_t11_Var_SFX_Horn_Honk_Various_Exhaust_Right_RE50.wav","Dodge Ram 1500 HEMI SUV 2014","Pole Position","https://sonniss.com/sound-effects/dodge-ram-1500-hemi-suv-2014/","/Sonniss - GDC 2020 - Game Audio Bundle/Pole Position - Dodge Ram 1500 HEMI SUV 2014/Dodge_Ram_t11_Var_SFX_Horn_Honk_Various_Exhaust_Right_RE50.wav","dodge|ram|various|sfx|horn|honk|exhaust|right|electrovoice|re50|dodge_ram_t11_var_sfx_horn_honk_various_exhaust_right_re50wav|dodge ram 1500 hemi suv 2014|pole position"
"Dodge_Ram_t2_Onbrd_Start_Medium_Drive_Stop_Reverse_Stop_Drive_Stop_Off_Engine_MKH8020.wav","Dodge Ram 1500 HEMI SUV 2014","Pole Position","https://sonniss.com/sound-effects/dodge-ram-1500-hemi-suv-2014/","/Sonniss - GDC 2020 - Game Audio Bundle/Pole Position - Dodge Ram 1500 HEMI SUV 2014/Dodge_Ram_t2_Onbrd_Start_Medium_Drive_Stop_Reverse_Stop_Drive_Stop_Off_Engine_MKH8020.wav","dodge|ram|onboard|start|medium|drive|stop|reverse|off|engine|sennheiser|mkh|8020|dodge_ram_t2_onbrd_start_medium_drive_stop_reverse_stop_drive_stop_off_engine_mkh8020wav|dodge ram 1500 hemi suv 2014|pole position"
"Dodge_Ram_t6_Onbrd_Start_Drive_Steady_RPMs_Engine_PZM.wav","Dodge Ram 1500 HEMI SUV 2014","Pole Position","https://sonniss.com/sound-effects/dodge-ram-1500-hemi-suv-2014/","/Sonniss - GDC 2020 - Game Audio Bundle/Pole Position - Dodge Ram 1500 HEMI SUV 2014/Dodge_Ram_t6_Onbrd_Start_Drive_Steady_RPMs_Engine_PZM.wav","dodge|ram|onboard|start|drive|steady|rpms|engine|crown|pzm|dodge_ram_t6_onbrd_start_drive_steady_rpms_engine_pzmwav|dodge ram 1500 hemi suv 2014|pole position"
"Dodge_Viper_GTS_t1_Onbrd_Start_Slow_Drive_Stop_Reverse_Stop_Drive_Stop_Off_Engine_Right_DPA4061.wav","Dodge Viper GTS 2014","Pole Position","https://sonniss.com/sound-effects/volvo-2/","/Sonniss - GDC 2020 - Game Audio Bundle/Pole Position - Dodge Viper GTS 2014/Dodge_Viper_GTS_t1_Onbrd_Start_Slow_Drive_Stop_Reverse_Stop_Drive_Stop_Off_Engine_Right_DPA4061.wav","dodge|viper|gts|onboard|start|slow|drive|stop|reverse|off|engine|right|dpa|4061|dodge_viper_gts_t1_onbrd_start_slow_drive_stop_reverse_stop_drive_stop_off_engine_right_dpa4061wav|dodge viper gts 2014|pole position"
"Dodge_Viper_GTS_t8_Ext_Medium_Various_Wide_AB_CMC6.wav","Dodge Viper GTS 2014","Pole Position","https://sonniss.com/sound-effects/volvo-2/","/Sonniss - GDC 2020 - Game Audio Bundle/Pole Position - Dodge Viper GTS 2014/Dodge_Viper_GTS_t8_Ext_Medium_Various_Wide_AB_CMC6.wav","dodge|viper|gts|exterior|medium|various|wide|ab|schoeps|cmc6|dodge_viper_gts_t8_ext_medium_various_wide_ab_cmc6wav|dodge viper gts 2014|pole position"
"Dodge_Viper_GTS_t8_Onbrd_Medium_Drive_Various_Engine_Intake_DPA4062.wav","Dodge Viper GTS 2014","Pole Position","https://sonniss.com/sound-effects/volvo-2/","/Sonniss - GDC 2020 - Game Audio Bundle/Pole Position - Dodge Viper GTS 2014/Dodge_Viper_GTS_t8_Onbrd_Medium_Drive_Various_Engine_Intake_DPA4062.wav","dodge|viper|gts|onboard|medium|drive|various|engine|intake|dpa|4062|dodge_viper_gts_t8_onbrd_medium_drive_various_engine_intake_dpa4062wav|dodge viper gts 2014|pole position"
"Drag_Boat_t10_Onbrd_Medium_Drive_Various_Engine_Intake_DPA4062.wav","Drag Boat 1970s","Pole Position","https://sonniss.com/sound-effects/drag-boat-1970s/","/Sonniss - GDC 2020 - Game Audio Bundle/Pole Position - Drag Boat 1970s/Drag_Boat_t10_Onbrd_Medium_Drive_Various_Engine_Intake_DPA4062.wav","drag|boat|onboard|medium|drive|various|engine|intake|dpa|4062|drag_boat_t10_onbrd_medium_drive_various_engine_intake_dpa4062wav|drag boat 1970s|pole position"
"Drag_Boat_t2_Ext_Start_Medium_Away_By_Up_Stop_Off_x2_Middle_CSS5.wav","Drag Boat 1970s","Pole Position","https://sonniss.com/sound-effects/drag-boat-1970s/","/Sonniss - GDC 2020 - Game Audio Bundle/Pole Position - Drag Boat 1970s/Drag_Boat_t2_Ext_Start_Medium_Away_By_Up_Stop_Off_x2_Middle_CSS5.wav","drag|boat|exterior|start|medium|away|by|up|stop|off|x2|middle|sanken|css5|drag_boat_t2_ext_start_medium_away_by_up_stop_off_x2_middle_css5wav|drag boat 1970s|pole position"
"Drag_Boat_t6_Onbrd_Start_Drive_Ramps_Stop_Off_Engine_Left_MKH8020.wav","Drag Boat 1970s","Pole Position","https://sonniss.com/sound-effects/drag-boat-1970s/","/Sonniss - GDC 2020 - Game Audio Bundle/Pole Position - Drag Boat 1970s/Drag_Boat_t6_Onbrd_Start_Drive_Ramps_Stop_Off_Engine_Left_MKH8020.wav","drag|boat|onboard|start|drive|ramps|stop|off|engine|left|sennheiser|mkh|8020|drag_boat_t6_onbrd_start_drive_ramps_stop_off_engine_left_mkh8020wav|drag boat 1970s|pole position"
"Extra, 330LX, t1, Ext, Fly, Bys, Slow, Medium, Fast, MKH8060.wav","Extra 330LX","Pole Position","https://sonniss.com/sound-effects/extra-330lx/","/Sonniss - GDC 2020 - Game Audio Bundle/Pole Position - Extra 330LX/Extra, 330LX, t1, Ext, Fly, Bys, Slow, Medium, Fast, MKH8060.wav","extra|330lx|exterior|fly|bys|slow|medium|fast|sennheiser|mkh|8060|t1|ext|mkh8060wav|extra 330lx|pole position"
"Extra, 330LX, t10, Ext, Fly, Bys, Acrobatic Flying, Beginning of Airstrip, D50.wav","Extra 330LX","Pole Position","https://sonniss.com/sound-effects/extra-330lx/","/Sonniss - GDC 2020 - Game Audio Bundle/Pole Position - Extra 330LX/Extra, 330LX, t10, Ext, Fly, Bys, Acrobatic Flying, Beginning of Airstrip, D50.wav","extra|330lx|exterior|fly|bys|acrobatic|flying|beginning|of|airstrip|sony|pcmd50|some|wind|flies|t10|ext|d50wav|extra 330lx|pole position"
"Extra, 330LX, t2, Onbrd, Fly, High RPM to Back Off Throttle, High Medium Low RPMs, Engine, Mix.wav","Extra 330LX","Pole Position","https://sonniss.com/sound-effects/extra-330lx/","/Sonniss - GDC 2020 - Game Audio Bundle/Pole Position - Extra 330LX/Extra, 330LX, t2, Onbrd, Fly, High RPM to Back Off Throttle, High Medium Low RPMs, Engine, Mix.wav","extra|330lx|onboard|fly|high|rpm|to|back|off|throttle|medium|low|rpms|engine|mix|t2|onbrd|mixwav|extra 330lx|pole position"
"Feedback_Long_Tone_Various_1_Front_ORTF.wav","Feedback","Pole Position","https://sonniss.com/sound-effects/feedback/","/Sonniss - GDC 2020 - Game Audio Bundle/Pole Position - Feedback/Feedback_Long_Tone_Various_1_Front_ORTF.wav","feedback|long|tone|various|1|front|ortf|feedback_long_tone_various_1_front_ortfwav|pole position"
"Feedback_Tones_High_Long_Front_ORTF.wav","Feedback","Pole Position","https://sonniss.com/sound-effects/feedback/","/Sonniss - GDC 2020 - Game Audio Bundle/Pole Position - Feedback/Feedback_Tones_High_Long_Front_ORTF.wav","feedback|tones|high|long|front|ortf|feedback_tones_high_long_front_ortfwav|pole position"
"Ferrari, 308GTB, t11, Var SFX, Door, Various, Interior, Left, DPA4061.wav","Ferrari 308 GTB 1985","Pole Position","https://sonniss.com/sound-effects/ferrari-308-gtb-1985/","/Sonniss - GDC 2020 - Game Audio Bundle/Pole Position - Ferrari 308 GTB 1985/Ferrari, 308GTB, t11, Var SFX, Door, Various, Interior, Left, DPA4061.wav","ferrari|308gtb|various|sfx|door|interior|left|dpa|4061|t11|var|dpa4061wav|ferrari 308 gtb 1985|pole position"
"Ferrari, 308GTB, t4, Ext, By, Gearshifts, ORTF, MKH8040.wav","Ferrari 308 GTB 1985","Pole Position","https://sonniss.com/sound-effects/ferrari-308-gtb-1985/","/Sonniss - GDC 2020 - Game Audio Bundle/Pole Position - Ferrari 308 GTB 1985/Ferrari, 308GTB, t4, Ext, By, Gearshifts, ORTF, MKH8040.wav","ferrari|308gtb|exterior|by|gearshifts|ortf|sennheiser|mkh|8040|t4|ext|mkh8040wav|ferrari 308 gtb 1985|pole position"
"Ferrari, 308GTB, t4, Onbrd, Drive, Gearshifts, Engine, Right, DPA4062.wav","Ferrari 308 GTB 1985","Pole Position","https://sonniss.com/sound-effects/ferrari-308-gtb-1985/","/Sonniss - GDC 2020 - Game Audio Bundle/Pole Position - Ferrari 308 GTB 1985/Ferrari, 308GTB, t4, Onbrd, Drive, Gearshifts, Engine, Right, DPA4062.wav","ferrari|308gtb|onboard|drive|gearshifts|engine|right|dpa|4062|t4|onbrd|dpa4062wav|ferrari 308 gtb 1985|pole position"
"ferrari_458_t10_var_sfx_onbrd_door_close_firm_exhaust_right_DPA4062.wav","Ferrari 458 2013","Pole Position","https://sonniss.com/sound-effects/ferrari-458-2013/","/Sonniss - GDC 2020 - Game Audio Bundle/Pole Position - Ferrari 458 2013/ferrari_458_t10_var_sfx_onbrd_door_close_firm_exhaust_right_DPA4062.wav","ferrari|458|various|sfx|onboard|door|close|firm|exhaust|right|dpa|4062|ferrari_458_t10_var_sfx_onbrd_door_close_firm_exhaust_right_dpa4062wav|ferrari 458 2013|pole position"
"ferrari_458_t5_ext_fast_away_by_XY_RSM191.wav","Ferrari 458 2013","Pole Position","https://sonniss.com/sound-effects/ferrari-458-2013/","/Sonniss - GDC 2020 - Game Audio Bundle/Pole Position - Ferrari 458 2013/ferrari_458_t5_ext_fast_away_by_XY_RSM191.wav","ferrari|458|exterior|fast|away|by|xy|neumann|rsm|191|ferrari_458_t5_ext_fast_away_by_xy_rsm191wav|ferrari 458 2013|pole position"
"ferrari_458_t8_onbrd_drive_ramps_stop_off_intake_left_DPA4062.wav","Ferrari 458 2013","Pole Position","https://sonniss.com/sound-effects/ferrari-458-2013/","/Sonniss - GDC 2020 - Game Audio Bundle/Pole Position - Ferrari 458 2013/ferrari_458_t8_onbrd_drive_ramps_stop_off_intake_left_DPA4062.wav","ferrari|458|onboard|drive|ramps|stop|off|intake|left|dpa|4062|ferrari_458_t8_onbrd_drive_ramps_stop_off_intake_left_dpa4062wav|ferrari 458 2013|pole position"
"ferrari_488_t17_var_sfx_onbrd_door_close_double_interior_MKH8020.wav","Ferrari 488 2016","Pole Position","https://sonniss.com/sound-effects/ferrari-488-2016/","/Sonniss - GDC 2020 - Game Audio Bundle/Pole Position - Ferrari 488 2016/ferrari_488_t17_var_sfx_onbrd_door_close_double_interior_MKH8020.wav","ferrari|488|various|sfx|onboard|door|close|double|interior|sennheiser|mkh|8020|ferrari_488_t17_var_sfx_onbrd_door_close_double_interior_mkh8020wav|ferrari 488 2016|pole position"
"ferrari_488_t5_ext_fast_up_reverse_away_twice_by_twice_CSS5.wav","Ferrari 488 2016","Pole Position","https://sonniss.com/sound-effects/ferrari-488-2016/","/Sonniss - GDC 2020 - Game Audio Bundle/Pole Position - Ferrari 488 2016/ferrari_488_t5_ext_fast_up_reverse_away_twice_by_twice_CSS5.wav","ferrari|488|exterior|fast|up|reverse|away|twice|by|sanken|css5|ferrari_488_t5_ext_fast_up_reverse_away_twice_by_twice_css5wav|ferrari 488 2016|pole position"
"ferrari_488_t9_onbrd_drive_steady_RPMs_exhaust_left_RE50.wav","Ferrari 488 2016","Pole Position","https://sonniss.com/sound-effects/ferrari-488-2016/","/Sonniss - GDC 2020 - Game Audio Bundle/Pole Position - Ferrari 488 2016/ferrari_488_t9_onbrd_drive_steady_RPMs_exhaust_left_RE50.wav","ferrari|488|onboard|drive|steady|rpms|exhaust|left|electrovoice|re50|ferrari_488_t9_onbrd_drive_steady_rpms_exhaust_left_re50wav|ferrari 488 2016|pole position"
"Ferrari, 812, t2, Ext, Medium, By, ORTF, CMC6.wav","Ferrari 812 Superfast 2018","Pole Position","https://sonniss.com/sound-effects/ferrari-812-superfast-2018/","/Sonniss - GDC 2020 - Game Audio Bundle/Pole Position - Ferrari 812 Superfast 2018/Ferrari, 812, t2, Ext, Medium, By, ORTF, CMC6.wav","ferrari|812|exterior|medium|by|turn|point|ortf|schoeps|cmc6|t2|ext|cmc6wav|ferrari 812 superfast 2018|pole position"
"Ferrari, 812, t7, Onbrd, Start, Idle, Steady, Blips, Off, Engine, Mix.wav","Ferrari 812 Superfast 2018","Pole Position","https://sonniss.com/sound-effects/ferrari-812-superfast-2018/","/Sonniss - GDC 2020 - Game Audio Bundle/Pole Position - Ferrari 812 Superfast 2018/Ferrari, 812, t7, Onbrd, Start, Idle, Steady, Blips, Off, Engine, Mix.wav","ferrari|812|onboard|start|idle|steady|blips|off|engine|mix|t7|onbrd|mixwav|ferrari 812 superfast 2018|pole position"
"Ferrari, 812, t9, Var SFX, Doors, Various, Interior, AMBEO3.wav","Ferrari 812 Superfast 2018","Pole Position","https://sonniss.com/sound-effects/ferrari-812-superfast-2018/","/Sonniss - GDC 2020 - Game Audio Bundle/Pole Position - Ferrari 812 Superfast 2018/Ferrari, 812, t9, Var SFX, Doors, Various, Interior, AMBEO3.wav","ferrari|812|various|sfx|doors|interior|sennheiser|ambeo|3|t9|var|ambeo3wav|ferrari 812 superfast 2018|pole position"
"Ferrari_F12_t13_Var_SFX_Door_Various_Interior_AMBEO4.wav","Ferrari F12 2016","Pole Position","https://sonniss.com/sound-effects/ferrari-f12-2016/","/Sonniss - GDC 2020 - Game Audio Bundle/Pole Position - Ferrari F12 2016/Ferrari_F12_t13_Var_SFX_Door_Various_Interior_AMBEO4.wav","ferrari|f12|various|sfx|door|interior|sennheiser|ambeo|4|ferrari_f12_t13_var_sfx_door_various_interior_ambeo4wav|ferrari f12 2016|pole position"
"Ferrari_F12_t2_Onbrd_Start_Medium_Drive_Stop_Reverse_Stop_Drive_Stop_Off_Engine_Left_DPA4061.wav","Ferrari F12 2016","Pole Position","https://sonniss.com/sound-effects/ferrari-f12-2016/","/Sonniss - GDC 2020 - Game Audio Bundle/Pole Position - Ferrari F12 2016/Ferrari_F12_t2_Onbrd_Start_Medium_Drive_Stop_Reverse_Stop_Drive_Stop_Off_Engine_Left_DPA4061.wav","ferrari|f12|onboard|start|medium|drive|stop|reverse|off|engine|left|dpa|4061|ferrari_f12_t2_onbrd_start_medium_drive_stop_reverse_stop_drive_stop_off_engine_left_dpa4061wav|ferrari f12 2016|pole position"
"Ferrari_F12_t9_Onbrd_Slow_Drive_Various_Interior_AMBEO4.wav","Ferrari F12 2016","Pole Position","https://sonniss.com/sound-effects/ferrari-f12-2016/","/Sonniss - GDC 2020 - Game Audio Bundle/Pole Position - Ferrari F12 2016/Ferrari_F12_t9_Onbrd_Slow_Drive_Various_Interior_AMBEO4.wav","ferrari|f12|onboard|slow|drive|various|interior|sennheiser|ambeo|4|ferrari_f12_t9_onbrd_slow_drive_various_interior_ambeo4wav|ferrari f12 2016|pole position"
"fiat_500_t17_ext_horn_short_XY_RSM191.wav","Fiat Abarth 595 2016","Pole Position","https://sonniss.com/sound-effects/fiat-abarth-595-2016/","/Sonniss - GDC 2020 - Game Audio Bundle/Pole Position - Fiat Abarth 595 2016/fiat_500_t17_ext_horn_short_XY_RSM191.wav","fiat|500|exterior|horn|short|xy|neumann|rsm|191|fiat_500_t17_ext_horn_short_xy_rsm191wav|fiat abarth 595 2016|pole position"
"fiat_500_t3_ext_start_slow_up_short_stop_off_Holophone.wav","Fiat Abarth 595 2016","Pole Position","https://sonniss.com/sound-effects/fiat-abarth-595-2016/","/Sonniss - GDC 2020 - Game Audio Bundle/Pole Position - Fiat Abarth 595 2016/fiat_500_t3_ext_start_slow_up_short_stop_off_Holophone.wav","fiat|500|exterior|start|slow|up|short|stop|off|holophone|some|movement|fiat_500_t3_ext_start_slow_up_short_stop_off_holophonewav|fiat abarth 595 2016|pole position"
"fiat_500_t6_onbrd_fast_drive_short_stop_off_exhaust_left_DPA4062.wav","Fiat Abarth 595 2016","Pole Position","https://sonniss.com/sound-effects/fiat-abarth-595-2016/","/Sonniss - GDC 2020 - Game Audio Bundle/Pole Position - Fiat Abarth 595 2016/fiat_500_t6_onbrd_fast_drive_short_stop_off_exhaust_left_DPA4062.wav","fiat|500|onboard|fast|drive|short|stop|off|exhaust|left|dpa|4062|fiat_500_t6_onbrd_fast_drive_short_stop_off_exhaust_left_dpa4062wav|fiat abarth 595 2016|pole position"
"Ford, Fiesta, WRC, t3, Ext, By, Ramps, ORTF, MKH8040.wav","Ford Fiesta WRC 2016","Pole Position","https://sonniss.com/sound-effects/ford-fiesta-wrc-2016/","/Sonniss - GDC 2020 - Game Audio Bundle/Pole Position - Ford Fiesta WRC 2016/Ford, Fiesta, WRC, t3, Ext, By, Ramps, ORTF, MKH8040.wav","ford|fiesta|wrc|exterior|by|ramps|ortf|sennheiser|mkh|8040|t3|ext|mkh8040wav|ford fiesta wrc 2016|pole position"
"Ford, Fiesta, WRC, t6, Onbrd, Medium, Drive, Various, Engine, Center, DPA4061.wav","Ford Fiesta WRC 2016","Pole Position","https://sonniss.com/sound-effects/ford-fiesta-wrc-2016/","/Sonniss - GDC 2020 - Game Audio Bundle/Pole Position - Ford Fiesta WRC 2016/Ford, Fiesta, WRC, t6, Onbrd, Medium, Drive, Various, Engine, Center, DPA4061.wav","ford|fiesta|wrc|onboard|medium|drive|various|engine|center|dpa|4061|t6|onbrd|dpa4061wav|ford fiesta wrc 2016|pole position"
"Ford, Fiesta, WRC, t9, Var SFX, Door Various, Decoded, RSM191.wav","Ford Fiesta WRC 2016","Pole Position","https://sonniss.com/sound-effects/ford-fiesta-wrc-2016/","/Sonniss - GDC 2020 - Game Audio Bundle/Pole Position - Ford Fiesta WRC 2016/Ford, Fiesta, WRC, t9, Var SFX, Door Various, Decoded, RSM191.wav","ford|fiesta|wrc|various|sfx|door|decoded|neumann|rsm|191|t9|var|rsm191wav|ford fiesta wrc 2016|pole position"
"Ford_Focus_RS_t11_Var_SFX_Hood_Pop_Open_Engine_MKH8020.wav","Ford Focus RS 2016","Pole Position","https://sonniss.com/sound-effects/ford-focus-rs-2016/","/Sonniss - GDC 2020 - Game Audio Bundle/Pole Position - Ford Focus RS 2016/Ford_Focus_RS_t11_Var_SFX_Hood_Pop_Open_Engine_MKH8020.wav","ford|focus|rs|various|sfx|hood|pop|open|engine|sennheiser|mkh|8020|ford_focus_rs_t11_var_sfx_hood_pop_open_engine_mkh8020wav|ford focus rs 2016|pole position"
"Ford_Focus_RS_t4_Ext_By_Gearshifts_ORTF_MKH8040.wav","Ford Focus RS 2016","Pole Position","https://sonniss.com/sound-effects/ford-focus-rs-2016/","/Sonniss - GDC 2020 - Game Audio Bundle/Pole Position - Ford Focus RS 2016/Ford_Focus_RS_t4_Ext_By_Gearshifts_ORTF_MKH8040.wav","ford|focus|rs|exterior|by|gearshifts|ortf|sennheiser|mkh|8040|ford_focus_rs_t4_ext_by_gearshifts_ortf_mkh8040wav|ford focus rs 2016|pole position"
"Ford_Focus_RS_t5_Onbrd_Drive_Ramps_Stop_Off_Engine_MKH8020.wav","Ford Focus RS 2016","Pole Position","https://sonniss.com/sound-effects/ford-focus-rs-2016/","/Sonniss - GDC 2020 - Game Audio Bundle/Pole Position - Ford Focus RS 2016/Ford_Focus_RS_t5_Onbrd_Drive_Ramps_Stop_Off_Engine_MKH8020.wav","ford|focus|rs|onboard|drive|ramps|stop|off|engine|sennheiser|mkh|8020|ford_focus_rs_t5_onbrd_drive_ramps_stop_off_engine_mkh8020wav|ford focus rs 2016|pole position"
"Lublin_51_t12_Var_SFX_Window_Roll_Up_and_Down_MS_MK41_MK8.wav","FSC Lublin 51 1951","Pole Position","https://sonniss.com/sound-effects/fsc-lublin-51-1951/","/Sonniss - GDC 2020 - Game Audio Bundle/Pole Position - FSC Lublin-51 1951/Lublin_51_t12_Var_SFX_Window_Roll_Up_and_Down_MS_MK41_MK8.wav","lublin51|various|sfx|window|roll|up|and|down|ms|schoeps|mk41|mk8|lublin_51_t12_var_sfx_window_roll_up_and_down_ms_mk41_mk8wav|fsc lublin 51 1951|pole position"
"Lublin_51_t1_Onbrd_Start_Slow_Drive_Stop_Reverse_Stop_Drive_Stop_Off_Exhaust_Below_DPA4062.wav","FSC Lublin 51 1951","Pole Position","https://sonniss.com/sound-effects/fsc-lublin-51-1951/","/Sonniss - GDC 2020 - Game Audio Bundle/Pole Position - FSC Lublin-51 1951/Lublin_51_t1_Onbrd_Start_Slow_Drive_Stop_Reverse_Stop_Drive_Stop_Off_Exhaust_Below_DPA4062.wav","lublin51|onboard|start|slow|drive|stop|reverse|off|exhaust|below|dpa|4062|lublin_51_t1_onbrd_start_slow_drive_stop_reverse_stop_drive_stop_off_exhaust_below_dpa4062wav|fsc lublin 51 1951|pole position"
"Lublin_51_t9_Ext_Medium_Drive_Various_M10.wav","FSC Lublin 51 1951","Pole Position","https://sonniss.com/sound-effects/fsc-lublin-51-1951/","/Sonniss - GDC 2020 - Game Audio Bundle/Pole Position - FSC Lublin-51 1951/Lublin_51_t9_Ext_Medium_Drive_Various_M10.wav","lublin51|exterior|medium|drive|various|turn|point|sony|pcmm10|lublin_51_t9_ext_medium_drive_various_m10wav|fsc lublin 51 1951|pole position"
"Harley_Davidson_V_Rod_t10_Var_SFX_Horn_Various_XY_RSM191.wav","Harley Davidson V Rod Night Rod 2014","Pole Position","https://sonniss.com/sound-effects/volvo-3/","/Sonniss - GDC 2020 - Game Audio Bundle/Pole Position - Harley Davidson V-Rod Night Rod 2014/Harley_Davidson_V_Rod_t10_Var_SFX_Horn_Various_XY_RSM191.wav","harley|davidson|v|rod|various|sfx|horn|xy|neumann|rsm|191|harley_davidson_v_rod_t10_var_sfx_horn_various_xy_rsm191wav|harley davidson v rod night rod 2014|pole position"
"Harley_Davidson_V_Rod_t3_Ext_Fast_Away_By_x2_Up_Stop_XY_RSM191.wav","Harley Davidson V Rod Night Rod 2014","Pole Position","https://sonniss.com/sound-effects/volvo-3/","/Sonniss - GDC 2020 - Game Audio Bundle/Pole Position - Harley Davidson V-Rod Night Rod 2014/Harley_Davidson_V_Rod_t3_Ext_Fast_Away_By_x2_Up_Stop_XY_RSM191.wav","harley|davidson|v|rod|exterior|fast|away|by|x2|up|stop|xy|neumann|rsm|191|harley_davidson_v_rod_t3_ext_fast_away_by_x2_up_stop_xy_rsm191wav|harley davidson v rod night rod 2014|pole position"
"Harley_Davidson_V_Rod_t7_Onbrd_Start_Idle_Blips_Steady_in_Neutral_Off_Exhaust_DPA4062.wav","Harley Davidson V Rod Night Rod 2014","Pole Position","https://sonniss.com/sound-effects/volvo-3/","/Sonniss - GDC 2020 - Game Audio Bundle/Pole Position - Harley Davidson V-Rod Night Rod 2014/Harley_Davidson_V_Rod_t7_Onbrd_Start_Idle_Blips_Steady_in_Neutral_Off_Exhaust_DPA4062.wav","harley|davidson|v|rod|onboard|start|idle|blips|steady|in|neutral|off|exhaust|dpa|4062|harley_davidson_v_rod_t7_onbrd_start_idle_blips_steady_in_neutral_off_exhaust_dpa4062wav|harley davidson v rod night rod 2014|pole position"
"Honda, 450R, t1, Ext, Slow, By, x3, ORTF, MKH8040.wav","Honda CRF450R 2015","Pole Position","https://sonniss.com/sound-effects/motorcycle-honda-cbr-250/","/Sonniss - GDC 2020 - Game Audio Bundle/Pole Position - Honda CRF450R 2015/Honda, 450R, t1, Ext, Slow, By, x3, ORTF, MKH8040.wav","honda|450r|exterior|slow|by|x3|ortf|sennheiser|mkh|8040|t1|ext|mkh8040wav|honda crf450r 2015|pole position"
"Honda, 450R, t7, Onbrd, Start, Idle, Steady, Blips, Off, Engine, Mix.wav","Honda CRF450R 2015","Pole Position","https://sonniss.com/sound-effects/motorcycle-honda-cbr-250/","/Sonniss - GDC 2020 - Game Audio Bundle/Pole Position - Honda CRF450R 2015/Honda, 450R, t7, Onbrd, Start, Idle, Steady, Blips, Off, Engine, Mix.wav","honda|450r|onboard|start|idle|steady|blips|off|engine|mix|t7|onbrd|mixwav|honda crf450r 2015|pole position"
"Honda, 450R, t9, Onbrd, Medium, Drive, Various, Engine, Left, PZM.wav","Honda CRF450R 2015","Pole Position","https://sonniss.com/sound-effects/motorcycle-honda-cbr-250/","/Sonniss - GDC 2020 - Game Audio Bundle/Pole Position - Honda CRF450R 2015/Honda, 450R, t9, Onbrd, Medium, Drive, Various, Engine, Left, PZM.wav","honda|450r|onboard|medium|drive|various|engine|left|crown|pzm|t9|onbrd|pzmwav|honda crf450r 2015|pole position"
"Hotchkiss_H39_t12_Var_SFX_Engine_Cover_Movement_MKH8040.wav","Hotchkiss H39","Pole Position","https://sonniss.com/sound-effects/hotchkiss-h39/","/Sonniss - GDC 2020 - Game Audio Bundle/Pole Position - Hotchkiss H39/Hotchkiss_H39_t12_Var_SFX_Engine_Cover_Movement_MKH8040.wav","hotchkiss|h39|various|sfx|engine|cover|movement|sennheiser|mkh|8040|hotchkiss_h39_t12_var_sfx_engine_cover_movement_mkh8040wav|hotchkiss h39|pole position"
"Hotchkiss_H39_t5_Ext_Fast_By_Reverse_By_x3_Front_H4n.wav","Hotchkiss H39","Pole Position","https://sonniss.com/sound-effects/hotchkiss-h39/","/Sonniss - GDC 2020 - Game Audio Bundle/Pole Position - Hotchkiss H39/Hotchkiss_H39_t5_Ext_Fast_By_Reverse_By_x3_Front_H4n.wav","hotchkiss|h39|exterior|fast|by|reverse|x3|front|turn|point|h4n|hotchkiss_h39_t5_ext_fast_by_reverse_by_x3_front_h4nwav|hotchkiss h39|pole position"
"Hotchkiss_H39_t8_Onbrd_Medium_Drive_Various_Off_Cannon_Right_MKH8020.wav","Hotchkiss H39","Pole Position","https://sonniss.com/sound-effects/hotchkiss-h39/","/Sonniss - GDC 2020 - Game Audio Bundle/Pole Position - Hotchkiss H39/Hotchkiss_H39_t8_Onbrd_Medium_Drive_Various_Off_Cannon_Right_MKH8020.wav","hotchkiss|h39|onboard|medium|drive|various|off|cannon|right|sennheiser|mkh|8020|hotchkiss_h39_t8_onbrd_medium_drive_various_off_cannon_right_mkh8020wav|hotchkiss h39|pole position"
"Hetzer Tank, t10, Onbrd, Start, Reverse, Exhaust, Rod, RE20.wav","Jagdpanzer 38(t) Hetzer 1944","Pole Position","https://sonniss.com/sound-effects/jagdpanzer-38t-hetzer-1944/","/Sonniss - GDC 2020 - Game Audio Bundle/Pole Position - Jagdpanzer 38(t) Hetzer 1944/Hetzer Tank, t10, Onbrd, Start, Reverse, Exhaust, Rod, RE20.wav","hetzer|tank|onboard|start|reverse|exhaust|rod|electrovoice|re20|t10|onbrd|re20wav|jagdpanzer 38(t) hetzer 1944|pole position"
"Hetzer Tank, t5, Ext, Fast, By, x2, DPA4021.wav","Jagdpanzer 38(t) Hetzer 1944","Pole Position","https://sonniss.com/sound-effects/jagdpanzer-38t-hetzer-1944/","/Sonniss - GDC 2020 - Game Audio Bundle/Pole Position - Jagdpanzer 38(t) Hetzer 1944/Hetzer Tank, t5, Ext, Fast, By, x2, DPA4021.wav","hetzer|tank|exterior|fast|by|x2|dpa|4021|t5|ext|dpa4021wav|jagdpanzer 38(t) hetzer 1944|pole position"
"Hetzer Tank, t9, Onbrd, Medium, Drive, Various, Engine, RE50.wav","Jagdpanzer 38(t) Hetzer 1944","Pole Position","https://sonniss.com/sound-effects/jagdpanzer-38t-hetzer-1944/","/Sonniss - GDC 2020 - Game Audio Bundle/Pole Position - Jagdpanzer 38(t) Hetzer 1944/Hetzer Tank, t9, Onbrd, Medium, Drive, Various, Engine, RE50.wav","hetzer|tank|onboard|medium|drive|various|engine|electrovoice|re50|t9|onbrd|re50wav|jagdpanzer 38(t) hetzer 1944|pole position"
"Lada, Niva, t11, Var SFX, Windhshield Wiper Lever, Interior, AMBEO3.wav","Lada Niva 1996","Pole Position","https://sonniss.com/sound-effects/lada-niva-1996/","/Sonniss - GDC 2020 - Game Audio Bundle/Pole Position - Lada Niva 1996/Lada, Niva, t11, Var SFX, Windhshield Wiper Lever, Interior, AMBEO3.wav","lada|niva|various|sfx|windhshield|wiper|lever|interior|sennheiser|ambeo|3|t11|var|ambeo3wav|lada niva 1996|pole position"
"Lada, Niva, t2, Ext, Away, Up, Stop, Away, By, Up, Stop, Wide AB, MKH8060.wav","Lada Niva 1996","Pole Position","https://sonniss.com/sound-effects/lada-niva-1996/","/Sonniss - GDC 2020 - Game Audio Bundle/Pole Position - Lada Niva 1996/Lada, Niva, t2, Ext, Away, Up, Stop, Away, By, Up, Stop, Wide AB, MKH8060.wav","lada|niva|exterior|away|up|stop|by|wide|ab|sennheiser|mkh|8060|some|background|car|t2|ext|mkh8060wav|lada niva 1996|pole position"
"Lada, Niva, t6, Onbrd, Start, Idle, Blips, Off, x2, Engine, Center, MKH8020.wav","Lada Niva 1996","Pole Position","https://sonniss.com/sound-effects/lada-niva-1996/","/Sonniss - GDC 2020 - Game Audio Bundle/Pole Position - Lada Niva 1996/Lada, Niva, t6, Onbrd, Start, Idle, Blips, Off, x2, Engine, Center, MKH8020.wav","lada|niva|onboard|start|idle|blips|off|x2|engine|center|sennheiser|mkh|8020|t6|onbrd|mkh8020wav|lada niva 1996|pole position"
"lamborghini_aventador_t14_onbrd_start_drive_ramps_stop_off_exhaust_right_DPA4062.wav","Lamborghini Aventador 2014","Pole Position","https://sonniss.com/sound-effects/lamborghini-aventador-2014/","/Sonniss - GDC 2020 - Game Audio Bundle/Pole Position - Lamborghini Aventador 2014/lamborghini_aventador_t14_onbrd_start_drive_ramps_stop_off_exhaust_right_DPA4062.wav","lamborghini|aventador|onboard|start|drive|ramps|stop|off|exhaust|right|dpa|4062|lamborghini_aventador_t14_onbrd_start_drive_ramps_stop_off_exhaust_right_dpa4062wav|lamborghini aventador 2014|pole position"
"lamborghini_aventador_t18_onbrd_horn_various_exhaust_right_DPA4062.wav","Lamborghini Aventador 2014","Pole Position","https://sonniss.com/sound-effects/lamborghini-aventador-2014/","/Sonniss - GDC 2020 - Game Audio Bundle/Pole Position - Lamborghini Aventador 2014/lamborghini_aventador_t18_onbrd_horn_various_exhaust_right_DPA4062.wav","lamborghini|aventador|onboard|horn|various|exhaust|right|dpa|4062|lamborghini_aventador_t18_onbrd_horn_various_exhaust_right_dpa4062wav|lamborghini aventador 2014|pole position"
"lamborghini_aventador_t9_ext_fast_by_four_times_ORTF_MKH8040.wav","Lamborghini Aventador 2014","Pole Position","https://sonniss.com/sound-effects/lamborghini-aventador-2014/","/Sonniss - GDC 2020 - Game Audio Bundle/Pole Position - Lamborghini Aventador 2014/lamborghini_aventador_t9_ext_fast_by_four_times_ORTF_MKH8040.wav","lamborghini|aventador|exterior|fast|by|four|times|ortf|sennheiser|mkh|8040|sneeze|lamborghini_aventador_t9_ext_fast_by_four_times_ortf_mkh8040wav|lamborghini aventador 2014|pole position"
"Lancia_Delta_Integrale_t11_Onbrd_Fan_Cool_Down_Engine_Off_Engine_Left_PZM.wav","Lancia Delta Integrale HF 1989","Pole Position","https://sonniss.com/sound-effects/lancia-delta-integrale-hf-1989/","/Sonniss - GDC 2020 - Game Audio Bundle/Pole Position - Lancia Delta Integrale HF 1989/Lancia_Delta_Integrale_t11_Onbrd_Fan_Cool_Down_Engine_Off_Engine_Left_PZM.wav","lancia|delta|integrale|onboard|fan|cool|down|engine|off|left|crown|pzm|lancia_delta_integrale_t11_onbrd_fan_cool_down_engine_off_engine_left_pzmwav|lancia delta integrale hf 1989|pole position"
"Lancia_Delta_Integrale_t2_Ext_Medium_Up_Reverse_Stop_Away_By_Twice_ORTF_MKH8040.wav","Lancia Delta Integrale HF 1989","Pole Position","https://sonniss.com/sound-effects/lancia-delta-integrale-hf-1989/","/Sonniss - GDC 2020 - Game Audio Bundle/Pole Position - Lancia Delta Integrale HF 1989/Lancia_Delta_Integrale_t2_Ext_Medium_Up_Reverse_Stop_Away_By_Twice_ORTF_MKH8040.wav","lancia|delta|integrale|exterior|medium|up|reverse|stop|away|by|twice|ortf|sennheiser|mkh|8040|lancia_delta_integrale_t2_ext_medium_up_reverse_stop_away_by_twice_ortf_mkh8040wav|lancia delta integrale hf 1989|pole position"
"Lancia_Delta_Integrale_t6_Onbrd_Drive_Steady_RPMs_Interior_DPA4021.wav","Lancia Delta Integrale HF 1989","Pole Position","https://sonniss.com/sound-effects/lancia-delta-integrale-hf-1989/","/Sonniss - GDC 2020 - Game Audio Bundle/Pole Position - Lancia Delta Integrale HF 1989/Lancia_Delta_Integrale_t6_Onbrd_Drive_Steady_RPMs_Interior_DPA4021.wav","lancia|delta|integrale|onboard|drive|steady|rpms|interior|dpa|4021|lancia_delta_integrale_t6_onbrd_drive_steady_rpms_interior_dpa4021wav|lancia delta integrale hf 1989|pole position"
"lotus_exige_t15_var_sfx_onbrd_door_openinterior_DPA4021.wav","Lotus Exige S 2013","Pole Position","https://sonniss.com/sound-effects/lotus-exige-s-2013/","/Sonniss - GDC 2020 - Game Audio Bundle/Pole Position - Lotus Exige-S 2013/lotus_exige_t15_var_sfx_onbrd_door_openinterior_DPA4021.wav","lotus|exige|various|sfx|onboard|door|openinterior|dpa|4021|lotus_exige_t15_var_sfx_onbrd_door_openinterior_dpa4021wav|lotus exige s 2013|pole position"
"lotus_exige_t3_ext_medium_by_ORTF_MKH8040.wav","Lotus Exige S 2013","Pole Position","https://sonniss.com/sound-effects/lotus-exige-s-2013/","/Sonniss - GDC 2020 - Game Audio Bundle/Pole Position - Lotus Exige-S 2013/lotus_exige_t3_ext_medium_by_ORTF_MKH8040.wav","lotus|exige|exterior|medium|by|ortf|sennheiser|mkh|8040|some|wind|lotus_exige_t3_ext_medium_by_ortf_mkh8040wav|lotus exige s 2013|pole position"
"lotus_exige_t9_onbrd_drive_gearshifts_mix_interior.wav","Lotus Exige S 2013","Pole Position","https://sonniss.com/sound-effects/lotus-exige-s-2013/","/Sonniss - GDC 2020 - Game Audio Bundle/Pole Position - Lotus Exige-S 2013/lotus_exige_t9_onbrd_drive_gearshifts_mix_interior.wav","lotus|exige|onboard|drive|gearshifts|mix|interior|lotus_exige_t9_onbrd_drive_gearshifts_mix_interiorwav|lotus exige s 2013|pole position"
"M10, Tank, t1, Ext, Slow, By, x2, DPA4021.wav","M10 Tank Destroyer 1942","Pole Position","https://sonniss.com/sound-effects/m10-tank-destroyer-1942/","/Sonniss - GDC 2020 - Game Audio Bundle/Pole Position - M10 Tank Destroyer 1942/M10, Tank, t1, Ext, Slow, By, x2, DPA4021.wav","m10|tank|exterior|slow|by|x2|dpa|4021|t1|ext|dpa4021wav|m10 tank destroyer 1942|pole position"
"M10, Tank, t12, Onbrd, Idle, Various, Tracks, 1, Left, E935.wav","M10 Tank Destroyer 1942","Pole Position","https://sonniss.com/sound-effects/m10-tank-destroyer-1942/","/Sonniss - GDC 2020 - Game Audio Bundle/Pole Position - M10 Tank Destroyer 1942/M10, Tank, t12, Onbrd, Idle, Various, Tracks, 1, Left, E935.wav","m10|tank|onboard|idle|various|tracks|1|left|sennheiser|e|935|t12|onbrd|e935wav|m10 tank destroyer 1942|pole position"
"M10, Tank, t5, Onbrd, Start, Fast, Drive, Stop, Off, Tracks, 1, Right, E935.wav","M10 Tank Destroyer 1942","Pole Position","https://sonniss.com/sound-effects/m10-tank-destroyer-1942/","/Sonniss - GDC 2020 - Game Audio Bundle/Pole Position - M10 Tank Destroyer 1942/M10, Tank, t5, Onbrd, Start, Fast, Drive, Stop, Off, Tracks, 1, Right, E935.wav","m10|tank|onboard|start|fast|drive|stop|off|tracks|1|right|sennheiser|e|935|t5|onbrd|e935wav|m10 tank destroyer 1942|pole position"
"K98k, Firing, t2, MKH416.wav","Mauser Karabiner 98 kurz K98k bolt action rifle","Pole Position","https://sonniss.com/sound-effects/mauser-karabiner-98-kurz-k98k-bolt-action-rifle/","/Sonniss - GDC 2020 - Game Audio Bundle/Pole Position - Mauser Karabiner 98 kurz K98k bolt-action rifle/K98k, Firing, t2, MKH416.wav","k98k|792x57mm|firing|sennheiser|mkh|416|t2|mkh416wav|mauser karabiner 98 kurz k98k bolt action rifle|pole position"
"K98k, Handling, Various, t2, 1m, Right, MKH8060.wav","Mauser Karabiner 98 kurz K98k bolt action rifle","Pole Position","https://sonniss.com/sound-effects/mauser-karabiner-98-kurz-k98k-bolt-action-rifle/","/Sonniss - GDC 2020 - Game Audio Bundle/Pole Position - Mauser Karabiner 98 kurz K98k bolt-action rifle/K98k, Handling, Various, t2, 1m, Right, MKH8060.wav","k98k|792x57mm|handling|various|1m|right|sennheiser|mkh|8060|t2|mkh8060wav|mauser karabiner 98 kurz k98k bolt action rifle|pole position"
"McLaren_570S_t10_Onbrd_Fast_Various_Exhaust_Right_DPA4062.wav","McLaren 570S 2016","Pole Position","https://sonniss.com/sound-effects/mclaren-570s-2016/","/Sonniss - GDC 2020 - Game Audio Bundle/Pole Position - McLaren 570S 2016/McLaren_570S_t10_Onbrd_Fast_Various_Exhaust_Right_DPA4062.wav","mclaren|570s|onboard|fast|various|exhaust|right|dpa|4062|mclaren_570s_t10_onbrd_fast_various_exhaust_right_dpa4062wav|mclaren 570s 2016|pole position"
"McLaren_570S_t2_Ext_Medium_Up_Stop_Reverse_Away_By_x2_MKH8060.wav","McLaren 570S 2016","Pole Position","https://sonniss.com/sound-effects/mclaren-570s-2016/","/Sonniss - GDC 2020 - Game Audio Bundle/Pole Position - McLaren 570S 2016/McLaren_570S_t2_Ext_Medium_Up_Stop_Reverse_Away_By_x2_MKH8060.wav","mclaren|570s|exterior|medium|up|stop|reverse|away|by|x2|sennheiser|mkh|8060|mclaren_570s_t2_ext_medium_up_stop_reverse_away_by_x2_mkh8060wav|mclaren 570s 2016|pole position"
"McLaren_570S_t7_Onbrd_Start_Idle_Steady_in_Neutral_Blips_Off_Interior_Mix.wav","McLaren 570S 2016","Pole Position","https://sonniss.com/sound-effects/mclaren-570s-2016/","/Sonniss - GDC 2020 - Game Audio Bundle/Pole Position - McLaren 570S 2016/McLaren_570S_t7_Onbrd_Start_Idle_Steady_in_Neutral_Blips_Off_Interior_Mix.wav","mclaren|570s|onboard|start|idle|steady|in|neutral|blips|off|interior|mix|mclaren_570s_t7_onbrd_start_idle_steady_in_neutral_blips_off_interior_mixwav|mclaren 570s 2016|pole position"
"Mercedes_C63_t12_Var_SFX_Horn_Various_Holophone.wav","Mercedes AMG C63 2009","Pole Position","https://sonniss.com/sound-effects/mercedes-amg-c63-2009/","/Sonniss - GDC 2020 - Game Audio Bundle/Pole Position - Mercedes AMG C63 2009/Mercedes_C63_t12_Var_SFX_Horn_Various_Holophone.wav","mercedes|amc|c|63|various|sfx|horn|holophone|mercedes_c63_t12_var_sfx_horn_various_holophonewav|mercedes amg c63 2009|pole position"
"Mercedes_C63_t1_Onbrd_Start_Slow_Drive_Stop_Reverse_Stop_Drive_Stop_Off_Engine_B.wav","Mercedes AMG C63 2009","Pole Position","https://sonniss.com/sound-effects/mercedes-amg-c63-2009/","/Sonniss - GDC 2020 - Game Audio Bundle/Pole Position - Mercedes AMG C63 2009/Mercedes_C63_t1_Onbrd_Start_Slow_Drive_Stop_Reverse_Stop_Drive_Stop_Off_Engine_B.wav","mercedes|amc|c|63|onboard|start|slow|drive|stop|reverse|off|engine|b|mercedes_c63_t1_onbrd_start_slow_drive_stop_reverse_stop_drive_stop_off_engine_bwav|mercedes amg c63 2009|pole position"
"Mercedes_C63_t3_Ext_Start_Fast_Away_Up_Reverse_Stop_Away_By_Up_Stop_Off_Wide_AB_MKH8060.wav","Mercedes AMG C63 2009","Pole Position","https://sonniss.com/sound-effects/mercedes-amg-c63-2009/","/Sonniss - GDC 2020 - Game Audio Bundle/Pole Position - Mercedes AMG C63 2009/Mercedes_C63_t3_Ext_Start_Fast_Away_Up_Reverse_Stop_Away_By_Up_Stop_Off_Wide_AB_MKH8060.wav","mercedes|amc|c|63|exterior|start|fast|away|up|reverse|stop|by|off|wide|ab|sennheiser|mkh|8060|mercedes_c63_t3_ext_start_fast_away_up_reverse_stop_away_by_up_stop_off_wide_ab_mkh8060wav|mercedes amg c63 2009|pole position"
"Mercedes_L3750_t11_Var_SFX_Cargo_Tarp_Belt_Exterior_MKH8060.wav","Mercedes L3750 1945","Pole Position","https://sonniss.com/sound-effects/mercedes-l3750-1945/","/Sonniss - GDC 2020 - Game Audio Bundle/Pole Position - Mercedes L3750 1945/Mercedes_L3750_t11_Var_SFX_Cargo_Tarp_Belt_Exterior_MKH8060.wav","mercedes|l3750|various|sfx|cargo|tarp|belt|exterior|sennheiser|mkh|8060|mercedes_l3750_t11_var_sfx_cargo_tarp_belt_exterior_mkh8060wav|mercedes l3750 1945|pole position"
"Mercedes_L3750_t1_Ext_Start_Slow_Away_Up_Reverse_Stop_Away_By_Up_Stop_Off_Distant_MKH416.wav","Mercedes L3750 1945","Pole Position","https://sonniss.com/sound-effects/mercedes-l3750-1945/","/Sonniss - GDC 2020 - Game Audio Bundle/Pole Position - Mercedes L3750 1945/Mercedes_L3750_t1_Ext_Start_Slow_Away_Up_Reverse_Stop_Away_By_Up_Stop_Off_Distant_MKH416.wav","mercedes|l3750|exterior|start|slow|away|up|reverse|stop|by|off|distant|sennheiser|mkh|416|mercedes_l3750_t1_ext_start_slow_away_up_reverse_stop_away_by_up_stop_off_distant_mkh416wav|mercedes l3750 1945|pole position"
"Mercedes_L3750_t2_Onbrd_Start_Medium_Drive_Stop_Reverse_Drive_Stall_x2_Drive_Stop_Off_Interior_DPA4021.wav","Mercedes L3750 1945","Pole Position","https://sonniss.com/sound-effects/mercedes-l3750-1945/","/Sonniss - GDC 2020 - Game Audio Bundle/Pole Position - Mercedes L3750 1945/Mercedes_L3750_t2_Onbrd_Start_Medium_Drive_Stop_Reverse_Drive_Stall_x2_Drive_Stop_Off_Interior_DPA4021.wav","mercedes|l3750|onboard|start|medium|drive|stop|reverse|stall|x2|off|interior|dpa|4021|mercedes_l3750_t2_onbrd_start_medium_drive_stop_reverse_drive_stall_x2_drive_stop_off_interior_dpa4021wav|mercedes l3750 1945|pole position"
"MG 42, Firing, t1, Burst, Long, Mountain Top, D100.wav","MG 42 machine gun","Pole Position","https://sonniss.com/sound-effects/mg-42-machine-gun/","/Sonniss - GDC 2020 - Game Audio Bundle/Pole Position - MG 42 machine gun/MG 42, Firing, t1, Burst, Long, Mountain Top, D100.wav","mg|42|792x57mm|firing|burst|long|mountain|top|sony|pcmd100|some|distant|plane|t1|d100wav|mg 42 machine gun|pole position"
"MG 42, Handling, Top Cover Up, 1m, Right, MKH8060.wav","MG 42 machine gun","Pole Position","https://sonniss.com/sound-effects/mg-42-machine-gun/","/Sonniss - GDC 2020 - Game Audio Bundle/Pole Position - MG 42 machine gun/MG 42, Handling, Top Cover Up, 1m, Right, MKH8060.wav","mg|42|792x57mm|handling|top|cover|up|1m|right|sennheiser|mkh|8060|mkh8060wav|mg 42 machine gun|pole position"
"Mitsubishi_Evo_8_t11_Var_SFX_Door_Interior_ORTF_MKH8040.wav","Mitsubishi Lancer Evolution VIII 2004","Pole Position","https://sonniss.com/sound-effects/volvo-11/","/Sonniss - GDC 2020 - Game Audio Bundle/Pole Position - Mitsubishi Lancer Evolution VIII 2004/Mitsubishi_Evo_8_t11_Var_SFX_Door_Interior_ORTF_MKH8040.wav","mitsubishi|evo|8|various|sfx|door|interior|ortf|sennheiser|mkh|8040|mitsubishi_evo_8_t11_var_sfx_door_interior_ortf_mkh8040wav|mitsubishi lancer evolution viii 2004|pole position"
"Mitsubishi_Evo_8_t1_Onbrd_Start_Slow_Drive_Stop_Reverse_Drive_Stop_Off_Engine_Right_DPA4062.wav","Mitsubishi Lancer Evolution VIII 2004","Pole Position","https://sonniss.com/sound-effects/volvo-11/","/Sonniss - GDC 2020 - Game Audio Bundle/Pole Position - Mitsubishi Lancer Evolution VIII 2004/Mitsubishi_Evo_8_t1_Onbrd_Start_Slow_Drive_Stop_Reverse_Drive_Stop_Off_Engine_Right_DPA4062.wav","mitsubishi|evo|8|onboard|start|slow|drive|stop|reverse|off|engine|right|dpa|4062|mitsubishi_evo_8_t1_onbrd_start_slow_drive_stop_reverse_drive_stop_off_engine_right_dpa4062wav|mitsubishi lancer evolution viii 2004|pole position"
"Mitsubishi_Evo_8_t5_Ext_By_Ramps_MKH8060.wav","Mitsubishi Lancer Evolution VIII 2004","Pole Position","https://sonniss.com/sound-effects/volvo-11/","/Sonniss - GDC 2020 - Game Audio Bundle/Pole Position - Mitsubishi Lancer Evolution VIII 2004/Mitsubishi_Evo_8_t5_Ext_By_Ramps_MKH8060.wav","mitsubishi|evo|8|exterior|by|ramps|sennheiser|mkh|8060|mitsubishi_evo_8_t5_ext_by_ramps_mkh8060wav|mitsubishi lancer evolution viii 2004|pole position"
"F2_Boat_t12_Var_SFX_Hull_Water_Engine_Under_Hood_DPA4021.wav","Molgaard F2 2006","Pole Position","https://sonniss.com/sound-effects/molgaard-f2-2006/","/Sonniss - GDC 2020 - Game Audio Bundle/Pole Position - Molgaard F2 2006/F2_Boat_t12_Var_SFX_Hull_Water_Engine_Under_Hood_DPA4021.wav","f2|boat|various|sfx|hull|water|engine|under|hood|dpa|4021|f2_boat_t12_var_sfx_hull_water_engine_under_hood_dpa4021wav|molgaard f2 2006|pole position"
"F2_Boat_t5_Ext_Away_Bys_Up_Stop_ORTF_CMC6.wav","Molgaard F2 2006","Pole Position","https://sonniss.com/sound-effects/molgaard-f2-2006/","/Sonniss - GDC 2020 - Game Audio Bundle/Pole Position - Molgaard F2 2006/F2_Boat_t5_Ext_Away_Bys_Up_Stop_ORTF_CMC6.wav","f2|boat|exterior|away|bys|up|stop|ortf|schoeps|cmc6|f2_boat_t5_ext_away_bys_up_stop_ortf_cmc6wav|molgaard f2 2006|pole position"
"F2_Boat_t9_Onbrd_Slow_Drive_Various_Engine_Under_Hood_DPA4021.wav","Molgaard F2 2006","Pole Position","https://sonniss.com/sound-effects/molgaard-f2-2006/","/Sonniss - GDC 2020 - Game Audio Bundle/Pole Position - Molgaard F2 2006/F2_Boat_t9_Onbrd_Slow_Drive_Various_Engine_Under_Hood_DPA4021.wav","f2|boat|onboard|slow|drive|various|engine|under|hood|dpa|4021|f2_boat_t9_onbrd_slow_drive_various_engine_under_hood_dpa4021wav|molgaard f2 2006|pole position"
"M38, Firing, t2, BP4027.wav","Mosin Nagant M38 bolt","Pole Position","https://sonniss.com/sound-effects/mosin-nagant-m38-bolt-action-rifle/","/Sonniss - GDC 2020 - Game Audio Bundle/Pole Position - Mosin-Nagant M38 bolt-action rifle/M38, Firing, t2, BP4027.wav","m38|792x54r|firing|audiotechnica|bp4027|t2|bp4027wav|mosin nagant m38 bolt|pole position"
"M38, Handling, Various, t2, 1m, Above, Right, MKH8060.wav","Mosin Nagant M38 bolt","Pole Position","https://sonniss.com/sound-effects/mosin-nagant-m38-bolt-action-rifle/","/Sonniss - GDC 2020 - Game Audio Bundle/Pole Position - Mosin-Nagant M38 bolt-action rifle/M38, Handling, Various, t2, 1m, Above, Right, MKH8060.wav","m38|762x54r|handling|various|1m|above|right|sennheiser|mkh|8060|t2|mkh8060wav|mosin nagant m38 bolt|pole position"
"MP 40, Firing, t1, 250m, Holophone.wav","MP 40 submachine gun","Pole Position","https://sonniss.com/sound-effects/mp-40-submachine-gun/","/Sonniss - GDC 2020 - Game Audio Bundle/Pole Position - MP 40 submachine gun/MP 40, Firing, t1, 250m, Holophone.wav","mp|40|9x19mm|firing|250m|holophone|some|wind|t1|holophonewav|mp 40 submachine gun|pole position"
"MP 40, Handling, Cocking, MKH416.wav","MP 40 submachine gun","Pole Position","https://sonniss.com/sound-effects/mp-40-submachine-gun/","/Sonniss - GDC 2020 - Game Audio Bundle/Pole Position - MP 40 submachine gun/MP 40, Handling, Cocking, MKH416.wav","mp|40|9x19mm|handling|cocking|sennheiser|mkh|416|mkh416wav|mp 40 submachine gun|pole position"
"Nissan_370Z_t11_Var_SFX_Horn_Various_Exhaust_Left_DPA4062.wav","Nissan 370Z 2012","Pole Position","https://sonniss.com/sound-effects/volvo-4/","/Sonniss - GDC 2020 - Game Audio Bundle/Pole Position - Nissan 370Z 2012/Nissan_370Z_t11_Var_SFX_Horn_Various_Exhaust_Left_DPA4062.wav","nissan|370z|various|sfx|horn|exhaust|left|dpa|4062|nissan_370z_t11_var_sfx_horn_various_exhaust_left_dpa4062wav|nissan 370z 2012|pole position"
"Nissan_370Z_t3_Ext_Start_Fast_Away_Up_Reverse_Stop_Away_By_Up_Stop_Off_XY_RSM191.wav","Nissan 370Z 2012","Pole Position","https://sonniss.com/sound-effects/volvo-4/","/Sonniss - GDC 2020 - Game Audio Bundle/Pole Position - Nissan 370Z 2012/Nissan_370Z_t3_Ext_Start_Fast_Away_Up_Reverse_Stop_Away_By_Up_Stop_Off_XY_RSM191.wav","nissan|370z|exterior|start|fast|away|up|reverse|stop|by|off|xy|neumann|rsm|191|nissan_370z_t3_ext_start_fast_away_up_reverse_stop_away_by_up_stop_off_xy_rsm191wav|nissan 370z 2012|pole position"
"Nissan_370Z_t6_Onbrd_Start_Drive_Steady_RPMs_Exhaust_Right_DPA4062.wav","Nissan 370Z 2012","Pole Position","https://sonniss.com/sound-effects/volvo-4/","/Sonniss - GDC 2020 - Game Audio Bundle/Pole Position - Nissan 370Z 2012/Nissan_370Z_t6_Onbrd_Start_Drive_Steady_RPMs_Exhaust_Right_DPA4062.wav","nissan|370z|onboard|start|drive|steady|rpms|exhaust|right|dpa|4062|nissan_370z_t6_onbrd_start_drive_steady_rpms_exhaust_right_dpa4062wav|nissan 370z 2012|pole position"
"Datsun_240Z_t11_Var_SFX_Hood_Open_Interior_AMBEO4.wav","Nissan Datsun 240z Fairlady 1973","Pole Position","https://sonniss.com/sound-effects/nissan-datsun-240z-fairlady-1973/","/Sonniss - GDC 2020 - Game Audio Bundle/Pole Position - Nissan Datsun 240z Fairlady 1973/Datsun_240Z_t11_Var_SFX_Hood_Open_Interior_AMBEO4.wav","datsun|240z|various|sfx|hood|open|interior|sennheiser|ambeo|4|datsun_240z_t11_var_sfx_hood_open_interior_ambeo4wav|nissan datsun 240z fairlady 1973|pole position"
"Datsun_240Z_t3_Ext_Fast_Up_Reverse_Stop_Away_By_x2_ORTF_MKH8040.wav","Nissan Datsun 240z Fairlady 1973","Pole Position","https://sonniss.com/sound-effects/nissan-datsun-240z-fairlady-1973/","/Sonniss - GDC 2020 - Game Audio Bundle/Pole Position - Nissan Datsun 240z Fairlady 1973/Datsun_240Z_t3_Ext_Fast_Up_Reverse_Stop_Away_By_x2_ORTF_MKH8040.wav","datsun|240z|exterior|fast|up|reverse|stop|away|by|x2|ortf|sennheiser|mkh|8040|datsun_240z_t3_ext_fast_up_reverse_stop_away_by_x2_ortf_mkh8040wav|nissan datsun 240z fairlady 1973|pole position"
"Datsun_240Z_t8_Onbrd_Slow_Drive_Various_Off_Exhaust_Mix.wav","Nissan Datsun 240z Fairlady 1973","Pole Position","https://sonniss.com/sound-effects/nissan-datsun-240z-fairlady-1973/","/Sonniss - GDC 2020 - Game Audio Bundle/Pole Position - Nissan Datsun 240z Fairlady 1973/Datsun_240Z_t8_Onbrd_Slow_Drive_Various_Off_Exhaust_Mix.wav","datsun|240z|onboard|slow|drive|various|off|exhaust|mix|datsun_240z_t8_onbrd_slow_drive_various_off_exhaust_mixwav|nissan datsun 240z fairlady 1973|pole position"
"Nissan_GTR_t13_Var_SFX_Seatbelt_Interior_Gearbox_DPA4062.wav","Nissan GT R R35 2012","Pole Position","https://sonniss.com/sound-effects/volvo-8/","/Sonniss - GDC 2020 - Game Audio Bundle/Pole Position - Nissan GT-R R35 2012/Nissan_GTR_t13_Var_SFX_Seatbelt_Interior_Gearbox_DPA4062.wav","nissan|gtr|various|sfx|seatbelt|interior|gearbox|dpa|4062|nissan_gtr_t13_var_sfx_seatbelt_interior_gearbox_dpa4062wav|nissan gt r r35 2012|pole position"
"Nissan_GTR_t3_Ext_Fast_Up_Stop_Away_Reverse_By_x2_ORTF_MKH8040.wav","Nissan GT R R35 2012","Pole Position","https://sonniss.com/sound-effects/volvo-8/","/Sonniss - GDC 2020 - Game Audio Bundle/Pole Position - Nissan GT-R R35 2012/Nissan_GTR_t3_Ext_Fast_Up_Stop_Away_Reverse_By_x2_ORTF_MKH8040.wav","nissan|gtr|exterior|fast|up|stop|away|reverse|by|x2|ortf|sennheiser|mkh|8040|nissan_gtr_t3_ext_fast_up_stop_away_reverse_by_x2_ortf_mkh8040wav|nissan gt r r35 2012|pole position"
"Nissan_GTR_t6_Onbrd_Drive_Ramps_Engine_Left_Valve_DPA4062.wav","Nissan GT R R35 2012","Pole Position","https://sonniss.com/sound-effects/volvo-8/","/Sonniss - GDC 2020 - Game Audio Bundle/Pole Position - Nissan GT-R R35 2012/Nissan_GTR_t6_Onbrd_Drive_Ramps_Engine_Left_Valve_DPA4062.wav","nissan|gtr|onboard|drive|ramps|engine|left|valve|dpa|4062|nissan_gtr_t6_onbrd_drive_ramps_engine_left_valve_dpa4062wav|nissan gt r r35 2012|pole position"
"Panther, t1, Onbrd, Start, Slow, Drive, Stop, Off, Engine, Mix.wav","Panther Ausf. A 1943","Pole Position","https://sonniss.com/sound-effects/panther-ausf-1943/","/Sonniss - GDC 2020 - Game Audio Bundle/Pole Position - Panther Ausf. A 1943/Panther, t1, Onbrd, Start, Slow, Drive, Stop, Off, Engine, Mix.wav","panther|onboard|start|slow|drive|stop|off|engine|mix|t1|onbrd|mixwav|panther ausf. a 1943|pole position"
"Panther, t10, Var SFX, Turret, Rotate, Off, Interior, Driver, RSM191.wav","Panther Ausf. A 1943","Pole Position","https://sonniss.com/sound-effects/panther-ausf-1943/","/Sonniss - GDC 2020 - Game Audio Bundle/Pole Position - Panther Ausf. A 1943/Panther, t10, Var SFX, Turret, Rotate, Off, Interior, Driver, RSM191.wav","panther|various|sfx|turret|rotate|off|interior|driver|neumann|rsm|191|t10|var|rsm191wav|panther ausf. a 1943|pole position"
"Panther, t5, Ext, Start, Fast, Stop, Off, CSS5.wav","Panther Ausf. A 1943","Pole Position","https://sonniss.com/sound-effects/panther-ausf-1943/","/Sonniss - GDC 2020 - Game Audio Bundle/Pole Position - Panther Ausf. A 1943/Panther, t5, Ext, Start, Fast, Stop, Off, CSS5.wav","panther|exterior|start|fast|stop|off|sanken|css5|t5|ext|css5wav|panther ausf. a 1943|pole position"
"Peterbilt, 359, 1969, t11, Var SFX, Door Interior Exterior, Interior, AMBEO2.wav","Peterbilt 359 1969","Pole Position","https://sonniss.com/sound-effects/peterbilt-359-1969/","/Sonniss - GDC 2020 - Game Audio Bundle/Pole Position - Peterbilt 359 1969/Peterbilt, 359, 1969, t11, Var SFX, Door Interior Exterior, Interior, AMBEO2.wav","peterbilt|359|1969|various|sfx|door|interior|exterior|sennheiser|ambeo|2|t11|var|ambeo2wav|peterbilt 359 1969|pole position"
"Peterbilt, 359, 1969, t2, Onbrd, Start, Medium, Drive, Stop, Reverse, Stop, Drive, Stop, Off, Engine, Intake, Left, DPA4062.wav","Peterbilt 359 1969","Pole Position","https://sonniss.com/sound-effects/peterbilt-359-1969/","/Sonniss - GDC 2020 - Game Audio Bundle/Pole Position - Peterbilt 359 1969/Peterbilt, 359, 1969, t2, Onbrd, Start, Medium, Drive, Stop, Reverse, Stop, Drive, Stop, Off, Engine, Intake, Left, DPA4062.wav","peterbilt|359|1969|onboard|start|medium|drive|stop|reverse|off|engine|intake|left|dpa|4062|some|distortion|t2|onbrd|dpa4062wav|peterbilt 359 1969|pole position"
"Peterbilt, 359, 1969, t9, Ext, Medium, Various, M10.wav","Peterbilt 359 1969","Pole Position","https://sonniss.com/sound-effects/peterbilt-359-1969/","/Sonniss - GDC 2020 - Game Audio Bundle/Pole Position - Peterbilt 359 1969/Peterbilt, 359, 1969, t9, Ext, Medium, Various, M10.wav","peterbilt|359|1969|exterior|medium|various|turn|point|sony|pcmm10|t9|ext|m10wav|peterbilt 359 1969|pole position"
"Peterbilt, 359, t10, Var SFX, Ashtray, Interior, AMBEO3.wav","Peterbilt 359 1971","Pole Position","https://sonniss.com/sound-effects/peterbilt-359-1971/","/Sonniss - GDC 2020 - Game Audio Bundle/Pole Position - Peterbilt 359 1971/Peterbilt, 359, t10, Var SFX, Ashtray, Interior, AMBEO3.wav","peterbilt|359|various|sfx|ashtray|interior|sennheiser|ambeo|3|t10|var|ambeo3wav|peterbilt 359 1971|pole position"
"Peterbilt, 359, t3, Ext, Fast, Up, Stop, Reverse, Away, By, x2, CSS5.wav","Peterbilt 359 1971","Pole Position","https://sonniss.com/sound-effects/peterbilt-359-1971/","/Sonniss - GDC 2020 - Game Audio Bundle/Pole Position - Peterbilt 359 1971/Peterbilt, 359, t3, Ext, Fast, Up, Stop, Reverse, Away, By, x2, CSS5.wav","peterbilt|359|exterior|fast|up|stop|reverse|away|by|x2|sanken|css5|t3|ext|css5wav|peterbilt 359 1971|pole position"
"Peterbilt, 359, t7, Onbrd, Start, Idle, Blips, Off, Engine, Center, MKH8020.wav","Peterbilt 359 1971","Pole Position","https://sonniss.com/sound-effects/peterbilt-359-1971/","/Sonniss - GDC 2020 - Game Audio Bundle/Pole Position - Peterbilt 359 1971/Peterbilt, 359, t7, Onbrd, Start, Idle, Blips, Off, Engine, Center, MKH8020.wav","peterbilt|359|onboard|start|idle|blips|off|engine|center|sennheiser|mkh|8020|t7|onbrd|mkh8020wav|peterbilt 359 1971|pole position"
"Peterbilt, 359, 1968, t10, Var SFX, Brake Pedal, Interior, AMBEO3.wav","Peterbilt 359 Detroit 1968","Pole Position","https://sonniss.com/sound-effects/peterbilt-359-detroit-1968/","/Sonniss - GDC 2020 - Game Audio Bundle/Pole Position - Peterbilt 359 Detroit 1968/Peterbilt, 359, 1968, t10, Var SFX, Brake Pedal, Interior, AMBEO3.wav","peterbilt|359|1968|various|sfx|brake|pedal|interior|sennheiser|ambeo|3|t10|var|ambeo3wav|peterbilt 359 detroit 1968|pole position"
"Peterbilt, 359, 1968, t2, Ext, Medium, Away, Up, Stop, Reverse, Away, By, Horn, Up, Stop, Off, Decoded, RSM191.wav","Peterbilt 359 Detroit 1968","Pole Position","https://sonniss.com/sound-effects/peterbilt-359-detroit-1968/","/Sonniss - GDC 2020 - Game Audio Bundle/Pole Position - Peterbilt 359 Detroit 1968/Peterbilt, 359, 1968, t2, Ext, Medium, Away, Up, Stop, Reverse, Away, By, Horn, Up, Stop, Off, Decoded, RSM191.wav","peterbilt|359|1968|exterior|medium|away|up|stop|reverse|by|horn|off|decoded|neumann|rsm|191|t2|ext|rsm191wav|peterbilt 359 detroit 1968|pole position"
"Peterbilt, 359, 1968, t7, Onbrd, Medium, Drive, Various, 1, Engine, Left, Beta 52.wav","Peterbilt 359 Detroit 1968","Pole Position","https://sonniss.com/sound-effects/peterbilt-359-detroit-1968/","/Sonniss - GDC 2020 - Game Audio Bundle/Pole Position - Peterbilt 359 Detroit 1968/Peterbilt, 359, 1968, t7, Onbrd, Medium, Drive, Various, 1, Engine, Left, Beta 52.wav","peterbilt|359|1968|onboard|medium|drive|various|1|engine|left|shure|beta|52|t7|onbrd|52wav|peterbilt 359 detroit 1968|pole position"
"Ape_P703V_t10_Ext_Idle_Various_Wide_AB_MKH8060.wav","Piaggio Ape tm P703V 1993","Pole Position","https://sonniss.com/sound-effects/piaggio-ape-tm-p703v-1993/","/Sonniss - GDC 2020 - Game Audio Bundle/Pole Position - Piaggio Ape tm P703V 1993/Ape_P703V_t10_Ext_Idle_Various_Wide_AB_MKH8060.wav","ape|p703v|exterior|idle|various|wide|ab|sennheiser|mkh|8060|ape_p703v_t10_ext_idle_various_wide_ab_mkh8060wav|piaggio ape tm p703v 1993|pole position"
"Ape_P703V_t14_Var_SFX_Throttle_XY_RSM191.wav","Piaggio Ape tm P703V 1993","Pole Position","https://sonniss.com/sound-effects/piaggio-ape-tm-p703v-1993/","/Sonniss - GDC 2020 - Game Audio Bundle/Pole Position - Piaggio Ape tm P703V 1993/Ape_P703V_t14_Var_SFX_Throttle_XY_RSM191.wav","ape|p703v|various|sfx|throttle|xy|neumann|rsm|191|ape_p703v_t14_var_sfx_throttle_xy_rsm191wav|piaggio ape tm p703v 1993|pole position"
"Ape_P703V_t3_Onbrd_Start_Fast_Drive_Stop_Reverse_Stop_Drive_Stop_Off_Engine_Intake_DPA4062.wav","Piaggio Ape tm P703V 1993","Pole Position","https://sonniss.com/sound-effects/piaggio-ape-tm-p703v-1993/","/Sonniss - GDC 2020 - Game Audio Bundle/Pole Position - Piaggio Ape tm P703V 1993/Ape_P703V_t3_Onbrd_Start_Fast_Drive_Stop_Reverse_Stop_Drive_Stop_Off_Engine_Intake_DPA4062.wav","ape|p703v|onboard|start|fast|drive|stop|reverse|off|engine|intake|dpa|4062|ape_p703v_t3_onbrd_start_fast_drive_stop_reverse_stop_drive_stop_off_engine_intake_dpa4062wav|piaggio ape tm p703v 1993|pole position"
"Polaris, Ranger, t5, Onbrd, Slow, Drive, Various, Short, Stop, x2, Onboard, Left, CMC6.wav","Polaris Ranger Electric UTV 2017","Pole Position","https://sonniss.com/sound-effects/polaris-ranger-electric-utv-2017/","/Sonniss - GDC 2020 - Game Audio Bundle/Pole Position - Polaris Ranger Electric UTV 2017/Polaris, Ranger, t5, Onbrd, Slow, Drive, Various, Short, Stop, x2, Onboard, Left, CMC6.wav","polaris|ranger|onboard|slow|drive|various|short|stop|x2|left|schoeps|cmc6|t5|onbrd|cmc6wav|polaris ranger electric utv 2017|pole position"
"Polaris, Ranger, t9, Var SFX, Parking Brake, Onboard, Left, CMC6.wav","Polaris Ranger Electric UTV 2017","Pole Position","https://sonniss.com/sound-effects/polaris-ranger-electric-utv-2017/","/Sonniss - GDC 2020 - Game Audio Bundle/Pole Position - Polaris Ranger Electric UTV 2017/Polaris, Ranger, t9, Var SFX, Parking Brake, Onboard, Left, CMC6.wav","polaris|ranger|various|sfx|parking|brake|onboard|left|schoeps|cmc6|t9|var|cmc6wav|polaris ranger electric utv 2017|pole position"
"Pontiac, Firebird, t12, Var SFX, Clutch, Interior, AMBEO2.wav","Pontiac Firebird 1969","Pole Position","https://sonniss.com/sound-effects/pontiac-firebird-1969/","/Sonniss - GDC 2020 - Game Audio Bundle/Pole Position - Pontiac Firebird 1969/Pontiac, Firebird, t12, Var SFX, Clutch, Interior, AMBEO2.wav","pontiac|firebird|various|sfx|clutch|interior|sennheiser|ambeo|2|t12|var|ambeo2wav|pontiac firebird 1969|pole position"
"Pontiac, Firebird, t7, Ext, Start, Idle, Steady, Blips, Off, x2, ORTF, MKH8040.wav","Pontiac Firebird 1969","Pole Position","https://sonniss.com/sound-effects/pontiac-firebird-1969/","/Sonniss - GDC 2020 - Game Audio Bundle/Pole Position - Pontiac Firebird 1969/Pontiac, Firebird, t7, Ext, Start, Idle, Steady, Blips, Off, x2, ORTF, MKH8040.wav","pontiac|firebird|exterior|start|idle|steady|blips|off|x2|ortf|sennheiser|mkh|8040|t7|ext|mkh8040wav|pontiac firebird 1969|pole position"
"Pontiac, Firebird, t9, Onbrd, Medium, Drive, Various, Interior, AMBEO3.wav","Pontiac Firebird 1969","Pole Position","https://sonniss.com/sound-effects/pontiac-firebird-1969/","/Sonniss - GDC 2020 - Game Audio Bundle/Pole Position - Pontiac Firebird 1969/Pontiac, Firebird, t9, Onbrd, Medium, Drive, Various, Interior, AMBEO3.wav","pontiac|firebird|onboard|medium|drive|various|interior|sennheiser|ambeo|3|t9|onbrd|ambeo3wav|pontiac firebird 1969|pole position"
"Pontiac_Trans_Am_84_t12_Var_SFX_Seatbelt_Interior_AMBEO1.wav","Pontiac Trans Am 1984","Pole Position","https://sonniss.com/sound-effects/pontiac-trans-1984/","/Sonniss - GDC 2020 - Game Audio Bundle/Pole Position - Pontiac Trans Am 1984/Pontiac_Trans_Am_84_t12_Var_SFX_Seatbelt_Interior_AMBEO1.wav","pontiac|trans|am|84|various|sfx|seatbelt|interior|sennheiser|ambeo|1|pontiac_trans_am_84_t12_var_sfx_seatbelt_interior_ambeo1wav|pontiac trans am 1984|pole position"
"Pontiac_Trans_Am_84_t2_Onbrd_Start_Medium_Drive_Stop_Reverse_Stop_Drive_Horn_Stop_Off_Interior_AMBEO2.wav","Pontiac Trans Am 1984","Pole Position","https://sonniss.com/sound-effects/pontiac-trans-1984/","/Sonniss - GDC 2020 - Game Audio Bundle/Pole Position - Pontiac Trans Am 1984/Pontiac_Trans_Am_84_t2_Onbrd_Start_Medium_Drive_Stop_Reverse_Stop_Drive_Horn_Stop_Off_Interior_AMBEO2.wav","pontiac|trans|am|84|onboard|start|medium|drive|stop|reverse|horn|off|interior|sennheiser|ambeo|2|some|microphone|rattling|pontiac_trans_am_84_t2_onbrd_start_medium_drive_stop_reverse_stop_drive_horn_stop_off_interior_ambeo2wav|pontiac trans am 1984|pole position"
"Pontiac_Trans_Am_84_t7_Ext_Start_Idle_Blips_Off_MD_421.wav","Pontiac Trans Am 1984","Pole Position","https://sonniss.com/sound-effects/pontiac-trans-1984/","/Sonniss - GDC 2020 - Game Audio Bundle/Pole Position - Pontiac Trans Am 1984/Pontiac_Trans_Am_84_t7_Ext_Start_Idle_Blips_Off_MD_421.wav","pontiac|trans|am|84|exterior|start|idle|blips|off|sennheiser|md|421|some|birds|pontiac_trans_am_84_t7_ext_start_idle_blips_off_md_421wav|pontiac trans am 1984|pole position"
"Porsche, 911, ST, t10, Ext, Fast, Away, Up, Reverse, Away, By, Up, Stop, Wide AB, MKH8060.wav","Porsche 911 ST 1972","Pole Position","https://sonniss.com/sound-effects/porsche-911-st-1972/","/Sonniss - GDC 2020 - Game Audio Bundle/Pole Position - Porsche 911 ST 1972/Porsche, 911, ST, t10, Ext, Fast, Away, Up, Reverse, Away, By, Up, Stop, Wide AB, MKH8060.wav","porsche|911|st|exterior|fast|away|up|reverse|by|stop|wide|ab|sennheiser|mkh|8060|t10|ext|mkh8060wav|porsche 911 st 1972|pole position"
"Porsche, 911, ST, t19, Onbrd, Idle, Various, Interior, AMBEO2.wav","Porsche 911 ST 1972","Pole Position","https://sonniss.com/sound-effects/porsche-911-st-1972/","/Sonniss - GDC 2020 - Game Audio Bundle/Pole Position - Porsche 911 ST 1972/Porsche, 911, ST, t19, Onbrd, Idle, Various, Interior, AMBEO2.wav","porsche|911|st|onboard|idle|various|interior|sennheiser|ambeo|2|t19|onbrd|ambeo2wav|porsche 911 st 1972|pole position"
"Porsche, 911, ST, t4, Onbrd, Fast, Drive, Engine, Left, DPA4061.wav","Porsche 911 ST 1972","Pole Position","https://sonniss.com/sound-effects/porsche-911-st-1972/","/Sonniss - GDC 2020 - Game Audio Bundle/Pole Position - Porsche 911 ST 1972/Porsche, 911, ST, t4, Onbrd, Fast, Drive, Engine, Left, DPA4061.wav","porsche|911|st|onboard|fast|drive|engine|left|dpa|4061|t4|onbrd|dpa4061wav|porsche 911 st 1972|pole position"
"Porsche, 997, Cup, t11, Var SFX, Door, Various, Interior, DPA4021.wav","Porsche 997 Cup 2012","Pole Position","https://sonniss.com/sound-effects/porsche-997-cup-2012/","/Sonniss - GDC 2020 - Game Audio Bundle/Pole Position - Porsche 997 Cup 2012/Porsche, 997, Cup, t11, Var SFX, Door, Various, Interior, DPA4021.wav","porsche|997|cup|various|sfx|door|interior|dpa|4021|t11|var|dpa4021wav|porsche 997 cup 2012|pole position"
"Porsche, 997, Cup, t3, Ext, Fast, By, MKH8060.wav","Porsche 997 Cup 2012","Pole Position","https://sonniss.com/sound-effects/porsche-997-cup-2012/","/Sonniss - GDC 2020 - Game Audio Bundle/Pole Position - Porsche 997 Cup 2012/Porsche, 997, Cup, t3, Ext, Fast, By, MKH8060.wav","porsche|997|cup|exterior|fast|by|left|turn|point|sennheiser|mkh|8060|t3|ext|mkh8060wav|porsche 997 cup 2012|pole position"
"Porsche, 997, Cup, t4, Onbrd, Start, Drive, Gearshifts, Stall, Drive, Stop, Off, Engine, Right, PZM.wav","Porsche 997 Cup 2012","Pole Position","https://sonniss.com/sound-effects/porsche-997-cup-2012/","/Sonniss - GDC 2020 - Game Audio Bundle/Pole Position - Porsche 997 Cup 2012/Porsche, 997, Cup, t4, Onbrd, Start, Drive, Gearshifts, Stall, Drive, Stop, Off, Engine, Right, PZM.wav","porsche|997|cup|onboard|start|drive|gearshifts|stall|stop|off|engine|right|crown|pzm|t4|onbrd|pzmwav|porsche 997 cup 2012|pole position"
"Porsche, 997, GT3, t1, Onbrd, Start, Slow, Drive, Stop, Reverse, Stop, Drive, Stop, Off, Interior, Mix.wav","Porsche 997 GT3 RS 2008","Pole Position","https://sonniss.com/sound-effects/porsche-997-gt3-rs-2008/","/Sonniss - GDC 2020 - Game Audio Bundle/Pole Position - Porsche 997 GT3 RS 2008/Porsche, 997, GT3, t1, Onbrd, Start, Slow, Drive, Stop, Reverse, Stop, Drive, Stop, Off, Interior, Mix.wav","porsche|997|gt3|onboard|start|slow|drive|stop|reverse|off|interior|mix|t1|onbrd|mixwav|porsche 997 gt3 rs 2008|pole position"
"Porsche, 997, GT3, t5, Ext, By, MKH80601.wav","Porsche 997 GT3 RS 2008","Pole Position","https://sonniss.com/sound-effects/porsche-997-gt3-rs-2008/","/Sonniss - GDC 2020 - Game Audio Bundle/Pole Position - Porsche 997 GT3 RS 2008/Porsche, 997, GT3, t5, Ext, By, MKH80601.wav","porsche|997|gt3|exterior|by|turn|point|sennheiser|mkh|8060|t5|ext|mkh80601wav|porsche 997 gt3 rs 2008|pole position"
"Porsche, 997, GT3, t9, Var SFX, Horn, Various, Engine, Left, PZM.wav","Porsche 997 GT3 RS 2008","Pole Position","https://sonniss.com/sound-effects/porsche-997-gt3-rs-2008/","/Sonniss - GDC 2020 - Game Audio Bundle/Pole Position - Porsche 997 GT3 RS 2008/Porsche, 997, GT3, t9, Var SFX, Horn, Various, Engine, Left, PZM.wav","porsche|997|gt3|various|sfx|horn|engine|left|crown|pzm|t9|var|pzmwav|porsche 997 gt3 rs 2008|pole position"
"R35_Renault_t10_Var_SFX_Movement_and_Activity_Engine_906.wav","Renault R35","Pole Position","https://sonniss.com/sound-effects/renault-r35/","/Sonniss - GDC 2020 - Game Audio Bundle/Pole Position - Renault R35/R35_Renault_t10_Var_SFX_Movement_and_Activity_Engine_906.wav","r35|renault|various|sfx|movement|and|activity|engine|sennheiser|906|r35_renault_t10_var_sfx_movement_and_activity_engine_906wav|renault r35|pole position"
"R35_Renault_t2_Onbrd_Start_Medium_Drive_Stop_Off_Exhaust_Fishing_Rod_RE20.wav","Renault R35","Pole Position","https://sonniss.com/sound-effects/renault-r35/","/Sonniss - GDC 2020 - Game Audio Bundle/Pole Position - Renault R35/R35_Renault_t2_Onbrd_Start_Medium_Drive_Stop_Off_Exhaust_Fishing_Rod_RE20.wav","r35|renault|onboard|start|medium|drive|stop|off|exhaust|fishing|rod|electrovoice|re20|r35_renault_t2_onbrd_start_medium_drive_stop_off_exhaust_fishing_rod_re20wav|renault r35|pole position"
"R35_Renault_t4_Ext_Fast_By_Exciting_CMC6.wav","Renault R35","Pole Position","https://sonniss.com/sound-effects/renault-r35/","/Sonniss - GDC 2020 - Game Audio Bundle/Pole Position - Renault R35/R35_Renault_t4_Ext_Fast_By_Exciting_CMC6.wav","r35|renault|exterior|fast|by|exciting|rear|turn|point|schoeps|cmc6|r35_renault_t4_ext_fast_by_exciting_cmc6wav|renault r35|pole position"
"Shoe Cleaner Machine, On, Run, Steady, Off, 1, CO100k.wav","Shoe Cleaner Machine  100kHz","Pole Position","https://sonniss.com/sound-effects/shoe-cleaner-machine/","/Sonniss - GDC 2020 - Game Audio Bundle/Pole Position - Shoe Cleaner Machine - 100kHz/Shoe Cleaner Machine, On, Run, Steady, Off, 1, CO100k.wav","shoe|cleaner|machine|on|run|steady|off|1|sanken|co100k|co100kwav|shoe cleaner machine  100khz|pole position"
"SOMUA Tank, t10, Ext, Start, Idle, Blips, Off, DPA4021.wav","SOMUA S35 1942","Pole Position","https://sonniss.com/sound-effects/somua-s35-1942/","/Sonniss - GDC 2020 - Game Audio Bundle/Pole Position - SOMUA S35 1942/SOMUA Tank, t10, Ext, Start, Idle, Blips, Off, DPA4021.wav","somua|tank|exterior|start|idle|blips|off|dpa|4021|t10|ext|dpa4021wav|somua s35 1942|pole position"
"SOMUA Tank, t4, Ext, Medium, Up, Away, Reverse, DPA4021.wav","SOMUA S35 1942","Pole Position","https://sonniss.com/sound-effects/somua-s35-1942/","/Sonniss - GDC 2020 - Game Audio Bundle/Pole Position - SOMUA S35 1942/SOMUA Tank, t4, Ext, Medium, Up, Away, Reverse, DPA4021.wav","somua|tank|exterior|medium|up|away|reverse|dpa|4021|t4|ext|dpa4021wav|somua s35 1942|pole position"
"SOMUA Tank, t9, Onbrd, Start, Fast, Drive, Gearshifts Down, Stop, Off, Interior, Driver, MKH8020.wav","SOMUA S35 1942","Pole Position","https://sonniss.com/sound-effects/somua-s35-1942/","/Sonniss - GDC 2020 - Game Audio Bundle/Pole Position - SOMUA S35 1942/SOMUA Tank, t9, Onbrd, Start, Fast, Drive, Gearshifts Down, Stop, Off, Interior, Driver, MKH8020.wav","somua|tank|onboard|start|fast|drive|gearshifts|down|stop|off|interior|driver|sennheiser|mkh|8020|t9|onbrd|mkh8020wav|somua s35 1942|pole position"
"M1903A3, Firing, t2, 1m, Right, Above, MKH8060.wav","Springfield 1903A3 bolt action rifle","Pole Position","https://sonniss.com/sound-effects/springfield-1903a3-bolt-action-rifle/","/Sonniss - GDC 2020 - Game Audio Bundle/Pole Position - Springfield 1903A3 bolt-action rifle/M1903A3, Firing, t2, 1m, Right, Above, MKH8060.wav","m1903a3|3006|firing|1m|right|above|sennheiser|mkh|8060|some|background|plane|t2|mkh8060wav|springfield 1903a3 bolt action rifle|pole position"
"M1903A3, Handling, Cycling Bolt, MKH416.wav","Springfield 1903A3 bolt action rifle","Pole Position","https://sonniss.com/sound-effects/springfield-1903a3-bolt-action-rifle/","/Sonniss - GDC 2020 - Game Audio Bundle/Pole Position - Springfield 1903A3 bolt-action rifle/M1903A3, Handling, Cycling Bolt, MKH416.wav","m1903a3|3006|handling|cycling|bolt|sennheiser|mkh|416|mkh416wav|springfield 1903a3 bolt action rifle|pole position"
"SU76, t1, Ext, Slow, By, MKH416.wav","SU 76","Pole Position","https://sonniss.com/sound-effects/su-76/","/Sonniss - GDC 2020 - Game Audio Bundle/Pole Position - SU-76/SU76, t1, Ext, Slow, By, MKH416.wav","su76|exterior|slow|by|sennheiser|mkh|416|t1|ext|mkh416wav|su 76|pole position"
"SU76, t5, Onbrd, Start, Medium, Drive, Stone Tiles, Various, Stop, Off, Engine, Gearbox, Back, DPA4061.wav","SU 76","Pole Position","https://sonniss.com/sound-effects/su-76/","/Sonniss - GDC 2020 - Game Audio Bundle/Pole Position - SU-76/SU76, t5, Onbrd, Start, Medium, Drive, Stone Tiles, Various, Stop, Off, Engine, Gearbox, Back, DPA4061.wav","su76|onboard|start|medium|drive|stone|tiles|various|stop|off|engine|gearbox|back|dpa|4061|t5|onbrd|dpa4061wav|su 76|pole position"
"SU76, t9, Var SFX, Clutch, MKH8060.wav","SU 76","Pole Position","https://sonniss.com/sound-effects/su-76/","/Sonniss - GDC 2020 - Game Audio Bundle/Pole Position - SU-76/SU76, t9, Var SFX, Clutch, MKH8060.wav","su76|various|sfx|clutch|sennheiser|mkh|8060|t9|var|mkh8060wav|su 76|pole position"
"Tankietka_t1_Ext_Slow_Up_Stop_Reverse_Away_By_MKH416.wav","Tankietka TKS 1936","Pole Position","https://sonniss.com/sound-effects/tankietka-tks-1936/","/Sonniss - GDC 2020 - Game Audio Bundle/Pole Position - Tankietka TKS 1936/Tankietka_t1_Ext_Slow_Up_Stop_Reverse_Away_By_MKH416.wav","tankietka|exterior|slow|up|stop|reverse|away|by|sennheiser|mkh|416|tankietka_t1_ext_slow_up_stop_reverse_away_by_mkh416wav|tankietka tks 1936|pole position"
"Tankietka_t5_Onbrd_Slow_Drive_Various_Interior_Hatch_Rear_DPA4061.wav","Tankietka TKS 1936","Pole Position","https://sonniss.com/sound-effects/tankietka-tks-1936/","/Sonniss - GDC 2020 - Game Audio Bundle/Pole Position - Tankietka TKS 1936/Tankietka_t5_Onbrd_Slow_Drive_Various_Interior_Hatch_Rear_DPA4061.wav","tankietka|onboard|slow|drive|various|interior|hatch|rear|dpa|4061|tankietka_t5_onbrd_slow_drive_various_interior_hatch_rear_dpa4061wav|tankietka tks 1936|pole position"
"Tankietka_t8_Var_SFX_Reload_Hatch_Closing_MS_CMC6XT_MK41_MK8.wav","Tankietka TKS 1936","Pole Position","https://sonniss.com/sound-effects/tankietka-tks-1936/","/Sonniss - GDC 2020 - Game Audio Bundle/Pole Position - Tankietka TKS 1936/Tankietka_t8_Var_SFX_Reload_Hatch_Closing_MS_CMC6XT_MK41_MK8.wav","tankietka|various|sfx|reload|hatch|closing|ms|schoeps|cmc6xt|mk41|mk8|tankietka_t8_var_sfx_reload_hatch_closing_ms_cmc6xt_mk41_mk8wav|tankietka tks 1936|pole position"
"Break Kale Long CO100k.wav","The Gut Wrenching Gore Library","Pole Position","https://sonniss.com/sound-effects/volvo-10/","/Sonniss - GDC 2020 - Game Audio Bundle/Pole Position - The Gut-Wrenching Gore Library/Break Kale Long CO100k.wav","break|kale|long|sanken|co100k|co100kwav|the gut wrenching gore library|pole position"
"Breathe Male Fast Shuddering ORTF MKH8040.wav","The Gut Wrenching Gore Library","Pole Position","https://sonniss.com/sound-effects/volvo-10/","/Sonniss - GDC 2020 - Game Audio Bundle/Pole Position - The Gut-Wrenching Gore Library/Breathe Male Fast Shuddering ORTF MKH8040.wav","breathe|male|fast|shuddering|ortf|sennheiser|mkh|8040|mkh8040wav|the gut wrenching gore library|pole position"
"Drip Watermelon Sloppy MKH8040.wav","The Gut Wrenching Gore Library","Pole Position","https://sonniss.com/sound-effects/volvo-10/","/Sonniss - GDC 2020 - Game Audio Bundle/Pole Position - The Gut-Wrenching Gore Library/Drip Watermelon Sloppy MKH8040.wav","drip|watermelon|sloppy|sennheiser|mkh|8040|mkh8040wav|the gut wrenching gore library|pole position"
"Compressed_Air_Blower_On_Run_Air_Release_Sustained_Off_CO100k.wav","The Ironwork Machinery Library","Pole Position","https://sonniss.com/sound-effects/volvo-12/","/Sonniss - GDC 2020 - Game Audio Bundle/Pole Position - The Ironwork Machinery Library/Compressed_Air_Blower_On_Run_Air_Release_Sustained_Off_CO100k.wav","compressed|air|blower|on|run|release|sustained|off|sanken|co100k|compressed_air_blower_on_run_air_release_sustained_off_co100kwav|the ironwork machinery library|pole position"
"Spring_Powered_Hammer_Impacts_Various_Speeds_MKH8060.wav","The Ironwork Machinery Library","Pole Position","https://sonniss.com/sound-effects/volvo-12/","/Sonniss - GDC 2020 - Game Audio Bundle/Pole Position - The Ironwork Machinery Library/Spring_Powered_Hammer_Impacts_Various_Speeds_MKH8060.wav","spring|powered|hammer|impacts|various|speeds|sennheiser|mkh|8060|spring_powered_hammer_impacts_various_speeds_mkh8060wav|the ironwork machinery library|pole position"
"Metal_Creak_Van_Door_Back_and_Forth_Various_CO100k.wav","The Junkyard Metal Library","Pole Position","https://sonniss.com/sound-effects/junkyard-metal-library/","/Sonniss - GDC 2020 - Game Audio Bundle/Pole Position - The Junkyard Metal Library/Metal_Creak_Van_Door_Back_and_Forth_Various_CO100k.wav","metal|creak|van|door|back|and|forth|various|sanken|co100k|metal_creak_van_door_back_and_forth_various_co100kwav|the junkyard metal library|pole position"
"Metal_Rocking_Diesel_Tank_Pulses_A_DPA4061.wav","The Junkyard Metal Library","Pole Position","https://sonniss.com/sound-effects/junkyard-metal-library/","/Sonniss - GDC 2020 - Game Audio Bundle/Pole Position - The Junkyard Metal Library/Metal_Rocking_Diesel_Tank_Pulses_A_DPA4061.wav","metal|rocking|diesel|tank|pulses|a|dpa|4061|metal_rocking_diesel_tank_pulses_a_dpa4061wav|the junkyard metal library|pole position"
"Metal_Spin_Hub_Cap_Rattle_Many_MKH8060.wav","The Junkyard Metal Library","Pole Position","https://sonniss.com/sound-effects/junkyard-metal-library/","/Sonniss - GDC 2020 - Game Audio Bundle/Pole Position - The Junkyard Metal Library/Metal_Spin_Hub_Cap_Rattle_Many_MKH8060.wav","metal|spin|hub|cap|rattle|many|sennheiser|mkh|8060|metal_spin_hub_cap_rattle_many_mkh8060wav|the junkyard metal library|pole position"
"Pulse Jet Snowmobile, t1, Onbrd, Start, Fast, Drive, Off, Glide, Stop, Onboard, Behind Driver, Right, DPA4062.wav","The Pulse Jet Snowmobile","Pole Position","https://sonniss.com/sound-effects/pulse-jet-snowmobile/","/Sonniss - GDC 2020 - Game Audio Bundle/Pole Position - The Pulse Jet Snowmobile/Pulse Jet Snowmobile, t1, Onbrd, Start, Fast, Drive, Off, Glide, Stop, Onboard, Behind Driver, Right, DPA4062.wav","jet|snowmobile|onboard|start|fast|drive|off|glide|stop|behind|driver|right|dpa|4062|pulse|t1|onbrd|dpa4062wav|the pulse jet snowmobile|pole position"
"Pulse Jet Snowmobile, t2, Ext, By, Distant, Holophone.wav","The Pulse Jet Snowmobile","Pole Position","https://sonniss.com/sound-effects/pulse-jet-snowmobile/","/Sonniss - GDC 2020 - Game Audio Bundle/Pole Position - The Pulse Jet Snowmobile/Pulse Jet Snowmobile, t2, Ext, By, Distant, Holophone.wav","jet|snowmobile|exterior|by|distant|holophone|some|movement|pulse|t2|ext|holophonewav|the pulse jet snowmobile|pole position"
"1928A1, Firing, t2, Burst, 1m, Right, Above, MKH8060.wav","Thompson 1928A1 automatic submachine gun","Pole Position","https://sonniss.com/sound-effects/thompson-1928a1-automatic-submachine-gun/","/Sonniss - GDC 2020 - Game Audio Bundle/Pole Position - Thompson 1928A1 automatic submachine gun/1928A1, Firing, t2, Burst, 1m, Right, Above, MKH8060.wav","1928a1|45|acp|firing|burst|1m|right|above|sennheiser|mkh|8060|t2|mkh8060wav|thompson 1928a1 automatic submachine gun|pole position"
"1928A1, Handling, Dry Fire, MKH416.wav","Thompson 1928A1 automatic submachine gun","Pole Position","https://sonniss.com/sound-effects/thompson-1928a1-automatic-submachine-gun/","/Sonniss - GDC 2020 - Game Audio Bundle/Pole Position - Thompson 1928A1 automatic submachine gun/1928A1, Handling, Dry Fire, MKH416.wav","1928a1|45|acp|handling|dry|fire|sennheiser|mkh|416|mkh416wav|thompson 1928a1 automatic submachine gun|pole position"
"TM 125, t15, Var SFX, Brake, Engine, Right, DPA4061.wav","TM 125 2018","Pole Position","https://sonniss.com/sound-effects/tm-125-2018/","/Sonniss - GDC 2020 - Game Audio Bundle/Pole Position - TM 125 2018/TM 125, t15, Var SFX, Brake, Engine, Right, DPA4061.wav","tm|125|various|sfx|brake|engine|right|dpa|4061|t15|var|dpa4061wav|tm 125 2018|pole position"
"TM 125, t4, Ext, By, Gearshifts, MS Decoded, RSM191.wav","TM 125 2018","Pole Position","https://sonniss.com/sound-effects/tm-125-2018/","/Sonniss - GDC 2020 - Game Audio Bundle/Pole Position - TM 125 2018/TM 125, t4, Ext, By, Gearshifts, MS Decoded, RSM191.wav","tm|125|exterior|by|gearshifts|ms|decoded|neumann|rsm|191|t4|ext|rsm191wav|tm 125 2018|pole position"
"TM 125, t9, Onbrd, Start, Drive, Jumps, Stop, Off, Engine, Left, DPA4061.wav","TM 125 2018","Pole Position","https://sonniss.com/sound-effects/tm-125-2018/","/Sonniss - GDC 2020 - Game Audio Bundle/Pole Position - TM 125 2018/TM 125, t9, Onbrd, Start, Drive, Jumps, Stop, Off, Engine, Left, DPA4061.wav","tm|125|onboard|start|drive|jumps|stop|off|engine|left|dpa|4061|some|drop|outs|t9|onbrd|dpa4061wav|tm 125 2018|pole position"
"PPSh41, Firing, t1, Burst, Long, MKH416.wav","Tokarev PPSh 41 submachine gun","Pole Position","https://sonniss.com/sound-effects/tokarev-ppsh-41-submachine-gun/","/Sonniss - GDC 2020 - Game Audio Bundle/Pole Position - Tokarev PPSh-41 submachine gun/PPSh41, Firing, t1, Burst, Long, MKH416.wav","ppsh41|762x25mm|tokarev|firing|burst|long|sennheiser|mkh|416|t1|mkh416wav|tokarev ppsh 41 submachine gun|pole position"
"PPSh41, Handling, Pulling Back Bolt, MKH416.wav","Tokarev PPSh 41 submachine gun","Pole Position","https://sonniss.com/sound-effects/tokarev-ppsh-41-submachine-gun/","/Sonniss - GDC 2020 - Game Audio Bundle/Pole Position - Tokarev PPSh-41 submachine gun/PPSh41, Handling, Pulling Back Bolt, MKH416.wav","ppsh41|7|62x25mm|tokarev|handling|pulling|back|bolt|sennheiser|mkh|416|mkh416wav|tokarev ppsh 41 submachine gun|pole position"
"TT33, Firing, t1, Inside Car, Omni, CMC6.wav","Tokarev TT 33 semi","Pole Position","https://sonniss.com/sound-effects/tokarev-tt-33-semi-automatic-pistol/","/Sonniss - GDC 2020 - Game Audio Bundle/Pole Position - Tokarev TT-33 semi-automatic pistol/TT33, Firing, t1, Inside Car, Omni, CMC6.wav","tt33|762x25mm|tokarev|firing|inside|car|omni|schoeps|cmc6|t1|cmc6wav|tokarev tt 33 semi|pole position"
"TT33, Handling, Clearing, MK012.wav","Tokarev TT 33 semi","Pole Position","https://sonniss.com/sound-effects/tokarev-tt-33-semi-automatic-pistol/","/Sonniss - GDC 2020 - Game Audio Bundle/Pole Position - Tokarev TT-33 semi-automatic pistol/TT33, Handling, Clearing, MK012.wav","tt33|762x25mm|tokarev|handling|clearing|oktava|mk012|mk012wav|tokarev tt 33 semi|pole position"
"Toyota Rally Car, t11, Var SFX, Horn, Various, Interior, AMBEO2.wav","Toyota Corolla 1998 Rally car","Pole Position","https://sonniss.com/sound-effects/toyota-corolla-1998-rally-car/","/Sonniss - GDC 2020 - Game Audio Bundle/Pole Position - Toyota Corolla 1998 Rally car/Toyota Rally Car, t11, Var SFX, Horn, Various, Interior, AMBEO2.wav","toyota|rally|car|various|sfx|horn|interior|sennheiser|ambeo|2|t11|var|ambeo2wav|toyota corolla 1998 rally car|pole position"
"Toyota Rally Car, t2, Ext, Start, Medium, Away, Up, Reverse, Stop, Away, By, Up, Stop, Off, MS Decoded, RSM191.wav","Toyota Corolla 1998 Rally car","Pole Position","https://sonniss.com/sound-effects/toyota-corolla-1998-rally-car/","/Sonniss - GDC 2020 - Game Audio Bundle/Pole Position - Toyota Corolla 1998 Rally car/Toyota Rally Car, t2, Ext, Start, Medium, Away, Up, Reverse, Stop, Away, By, Up, Stop, Off, MS Decoded, RSM191.wav","toyota|rally|car|exterior|start|medium|away|up|reverse|stop|by|off|ms|decoded|neumann|rsm|191|t2|ext|rsm191wav|toyota corolla 1998 rally car|pole position"
"Toyota Rally Car, t9, Onbrd, Fast, Drive, Various, Exhaust, Center, DPA4062.wav","Toyota Corolla 1998 Rally car","Pole Position","https://sonniss.com/sound-effects/toyota-corolla-1998-rally-car/","/Sonniss - GDC 2020 - Game Audio Bundle/Pole Position - Toyota Corolla 1998 Rally car/Toyota Rally Car, t9, Onbrd, Fast, Drive, Various, Exhaust, Center, DPA4062.wav","toyota|rally|car|onboard|fast|drive|various|exhaust|center|dpa|4062|t9|onbrd|dpa4062wav|toyota corolla 1998 rally car|pole position"
"Toyota_Land_Cruiser_t14_Var_SFX_Hood_Various_Engine_Center_MKH8020.wav","Toyota Land Cruiser LX Turbo 1985","Pole Position","https://sonniss.com/sound-effects/volvo-5/","/Sonniss - GDC 2020 - Game Audio Bundle/Pole Position - Toyota Land Cruiser LX Turbo 1985/Toyota_Land_Cruiser_t14_Var_SFX_Hood_Various_Engine_Center_MKH8020.wav","toyota|land|cruiser|various|sfx|hood|engine|center|sennheiser|mkh|8020|toyota_land_cruiser_t14_var_sfx_hood_various_engine_center_mkh8020wav|toyota land cruiser lx turbo 1985|pole position"
"Toyota_Land_Cruiser_t1_Ext_Start_Slow_Away_Up_Reverse_Stop_Away_By_Up_Stop_Off_Telinga.wav","Toyota Land Cruiser LX Turbo 1985","Pole Position","https://sonniss.com/sound-effects/volvo-5/","/Sonniss - GDC 2020 - Game Audio Bundle/Pole Position - Toyota Land Cruiser LX Turbo 1985/Toyota_Land_Cruiser_t1_Ext_Start_Slow_Away_Up_Reverse_Stop_Away_By_Up_Stop_Off_Telinga.wav","toyota|land|cruiser|exterior|start|slow|away|up|reverse|stop|by|off|telinga|some|wind|toyota_land_cruiser_t1_ext_start_slow_away_up_reverse_stop_away_by_up_stop_off_telingawav|toyota land cruiser lx turbo 1985|pole position"
"Toyota_Land_Cruiser_t3_Onbrd_Start_Fast_Drive_Stop_Reverse_Stop_Drive_Horn_x2_Stop_Off_Engine_Mix.wav","Toyota Land Cruiser LX Turbo 1985","Pole Position","https://sonniss.com/sound-effects/volvo-5/","/Sonniss - GDC 2020 - Game Audio Bundle/Pole Position - Toyota Land Cruiser LX Turbo 1985/Toyota_Land_Cruiser_t3_Onbrd_Start_Fast_Drive_Stop_Reverse_Stop_Drive_Horn_x2_Stop_Off_Engine_Mix.wav","toyota|land|cruiser|onboard|start|fast|drive|stop|reverse|horn|x2|off|engine|mix|toyota_land_cruiser_t3_onbrd_start_fast_drive_stop_reverse_stop_drive_horn_x2_stop_off_engine_mixwav|toyota land cruiser lx turbo 1985|pole position"
"Valentine_Tank_t10_Var_SFX_Gearstick_First_XY_RSM191.wav","Valentine Mark IX DD 1940s","Pole Position","https://sonniss.com/sound-effects/valentine-mark-ix-dd-1940s/","/Sonniss - GDC 2020 - Game Audio Bundle/Pole Position - Valentine Mark IX DD 1940s/Valentine_Tank_t10_Var_SFX_Gearstick_First_XY_RSM191.wav","valentine|tank|various|sfx|gearstick|first|xy|neumann|rsm|191|valentine_tank_t10_var_sfx_gearstick_first_xy_rsm191wav|valentine mark ix dd 1940s|pole position"
"Valentine_Tank_t1_Onbrd_Start_Slow_Drive_Stop_Reverse_Stop_Engine_B_DPA4062.wav","Valentine Mark IX DD 1940s","Pole Position","https://sonniss.com/sound-effects/valentine-mark-ix-dd-1940s/","/Sonniss - GDC 2020 - Game Audio Bundle/Pole Position - Valentine Mark IX DD 1940s/Valentine_Tank_t1_Onbrd_Start_Slow_Drive_Stop_Reverse_Stop_Engine_B_DPA4062.wav","valentine|tank|onboard|start|slow|drive|stop|reverse|engine|b|dpa|4062|valentine_tank_t1_onbrd_start_slow_drive_stop_reverse_stop_engine_b_dpa4062wav|valentine mark ix dd 1940s|pole position"
"Valentine_Tank_t6_Ext_Fast_By_MKH8060.wav","Valentine Mark IX DD 1940s","Pole Position","https://sonniss.com/sound-effects/valentine-mark-ix-dd-1940s/","/Sonniss - GDC 2020 - Game Audio Bundle/Pole Position - Valentine Mark IX DD 1940s/Valentine_Tank_t6_Ext_Fast_By_MKH8060.wav","valentine|tank|exterior|fast|by|sennheiser|mkh|8060|valentine_tank_t6_ext_fast_by_mkh8060wav|valentine mark ix dd 1940s|pole position"
"Volkswagen_Van_t12_Var_SFX_Glove_Compartment_XY_RSM191.wav","Volkswagen Van 1978","Pole Position","https://sonniss.com/sound-effects/volkswagen-van-1978/","/Sonniss - GDC 2020 - Game Audio Bundle/Pole Position - Volkswagen Van 1978/Volkswagen_Van_t12_Var_SFX_Glove_Compartment_XY_RSM191.wav","volkswagen|van|various|sfx|glove|compartment|xy|neumann|rsm|191|volkswagen_van_t12_var_sfx_glove_compartment_xy_rsm191wav|volkswagen van 1978|pole position"
"Volkswagen_Van_t3_Onbrd_Start_Fast_Drive_Stop_Reverse_Stop_Drive_Stop_Off_Engine_A.wav","Volkswagen Van 1978","Pole Position","https://sonniss.com/sound-effects/volkswagen-van-1978/","/Sonniss - GDC 2020 - Game Audio Bundle/Pole Position - Volkswagen Van 1978/Volkswagen_Van_t3_Onbrd_Start_Fast_Drive_Stop_Reverse_Stop_Drive_Stop_Off_Engine_A.wav","volkswagen|van|onboard|start|fast|drive|stop|reverse|off|engine|a|volkswagen_van_t3_onbrd_start_fast_drive_stop_reverse_stop_drive_stop_off_engine_awav|volkswagen van 1978|pole position"
"Volkswagen_Van_t8_Ext_Start_Idle_Blips_Steady_in_Neutral_Off_XY_RSM191.wav","Volkswagen Van 1978","Pole Position","https://sonniss.com/sound-effects/volkswagen-van-1978/","/Sonniss - GDC 2020 - Game Audio Bundle/Pole Position - Volkswagen Van 1978/Volkswagen_Van_t8_Ext_Start_Idle_Blips_Steady_in_Neutral_Off_XY_RSM191.wav","volkswagen|van|exterior|start|idle|blips|steady|in|neutral|off|xy|neumann|rsm|191|volkswagen_van_t8_ext_start_idle_blips_steady_in_neutral_off_xy_rsm191wav|volkswagen van 1978|pole position"
"Volvo, 142, Rally, t1, Ext, Start, Slow, Away, Up, Reverse, Stop, Away, By, Up, Stop, Off, Wide AB, MKH8060.wav","Volvo 142 Rally car","Pole Position","https://sonniss.com/sound-effects/volvo-142-drag-car/","/Sonniss - GDC 2020 - Game Audio Bundle/Pole Position - Volvo 142 Rally car/Volvo, 142, Rally, t1, Ext, Start, Slow, Away, Up, Reverse, Stop, Away, By, Up, Stop, Off, Wide AB, MKH8060.wav","volvo|142|rally|exterior|start|slow|away|up|reverse|stop|by|off|wide|ab|sennheiser|mkh|8060|t1|ext|mkh8060wav|volvo 142 rally car|pole position"
"Volvo, 142, Rally, t1, Onbrd, Start, Slow, Drive, Stop, Reverse, Stop, Drive, Stop, Off, Interior, Left, DPA4061.wav","Volvo 142 Rally car","Pole Position","https://sonniss.com/sound-effects/volvo-142-drag-car/","/Sonniss - GDC 2020 - Game Audio Bundle/Pole Position - Volvo 142 Rally car/Volvo, 142, Rally, t1, Onbrd, Start, Slow, Drive, Stop, Reverse, Stop, Drive, Stop, Off, Interior, Left, DPA4061.wav","volvo|142|rally|onboard|start|slow|drive|stop|reverse|off|interior|left|dpa|4061|t1|onbrd|dpa4061wav|volvo 142 rally car|pole position"
"Volvo, 142, Rally, t11, Var SFX, Door, Various, Interior, AMBEO3.wav","Volvo 142 Rally car","Pole Position","https://sonniss.com/sound-effects/volvo-142-drag-car/","/Sonniss - GDC 2020 - Game Audio Bundle/Pole Position - Volvo 142 Rally car/Volvo, 142, Rally, t11, Var SFX, Door, Various, Interior, AMBEO3.wav","volvo|142|rally|various|sfx|door|interior|sennheiser|ambeo|3|t11|var|ambeo3wav|volvo 142 rally car|pole position"
"Volvo_F6_Tow_Truck_t0_Onbrd_Impulse_Response_Waves_2_Interior_DPA4021.wav","Volvo F6 1979 tow truck","Pole Position","https://sonniss.com/sound-effects/volvo-f6-1979-tow-truck/","/Sonniss - GDC 2020 - Game Audio Bundle/Pole Position - Volvo F6 1979 tow truck/Volvo_F6_Tow_Truck_t0_Onbrd_Impulse_Response_Waves_2_Interior_DPA4021.wav","volvo|f6|tow|truck|onboard|impulse|response|waves|2|interior|dpa|4021|volvo_f6_tow_truck_t0_onbrd_impulse_response_waves_2_interior_dpa4021wav|volvo f6 1979 tow truck|pole position"
"Volvo_F6_Tow_Truck_t4_Ext_Away_By_Gearshifts_Wide_AB_MKH8060.wav","Volvo F6 1979 tow truck","Pole Position","https://sonniss.com/sound-effects/volvo-f6-1979-tow-truck/","/Sonniss - GDC 2020 - Game Audio Bundle/Pole Position - Volvo F6 1979 tow truck/Volvo_F6_Tow_Truck_t4_Ext_Away_By_Gearshifts_Wide_AB_MKH8060.wav","volvo|f6|tow|truck|exterior|away|by|gearshifts|wide|ab|sennheiser|mkh|8060|volvo_f6_tow_truck_t4_ext_away_by_gearshifts_wide_ab_mkh8060wav|volvo f6 1979 tow truck|pole position"
"Volvo_F6_Tow_Truck_t6_Onbrd_Drive_Steady_RPMs_Interior_DPA4021.wav","Volvo F6 1979 tow truck","Pole Position","https://sonniss.com/sound-effects/volvo-f6-1979-tow-truck/","/Sonniss - GDC 2020 - Game Audio Bundle/Pole Position - Volvo F6 1979 tow truck/Volvo_F6_Tow_Truck_t6_Onbrd_Drive_Steady_RPMs_Interior_DPA4021.wav","volvo|f6|tow|truck|onboard|drive|steady|rpms|interior|dpa|4021|volvo_f6_tow_truck_t6_onbrd_drive_steady_rpms_interior_dpa4021wav|volvo f6 1979 tow truck|pole position"
"Volvo_L90_Wheel_Loader_t10_Var_SFX_Door_MKH8060.wav","Volvo L90c Wheel Loader 1996","Pole Position","https://sonniss.com/sound-effects/volvo-7/","/Sonniss - GDC 2020 - Game Audio Bundle/Pole Position - Volvo L90c Wheel Loader 1996/Volvo_L90_Wheel_Loader_t10_Var_SFX_Door_MKH8060.wav","volvo|l90|wheel|loader|various|sfx|door|sennheiser|mkh|8060|volvo_l90_wheel_loader_t10_var_sfx_door_mkh8060wav|volvo l90c wheel loader 1996|pole position"
"Volvo_L90_Wheel_Loader_t1_Ext_Start_Slow_Away_Up_Reverse_Stop_Away_By_Up_Stop_Off_XY_RSM191.wav","Volvo L90c Wheel Loader 1996","Pole Position","https://sonniss.com/sound-effects/volvo-7/","/Sonniss - GDC 2020 - Game Audio Bundle/Pole Position - Volvo L90c Wheel Loader 1996/Volvo_L90_Wheel_Loader_t1_Ext_Start_Slow_Away_Up_Reverse_Stop_Away_By_Up_Stop_Off_XY_RSM191.wav","volvo|l90|wheel|loader|exterior|start|slow|away|up|reverse|stop|by|off|xy|neumann|rsm|191|volvo_l90_wheel_loader_t1_ext_start_slow_away_up_reverse_stop_away_by_up_stop_off_xy_rsm191wav|volvo l90c wheel loader 1996|pole position"
"Volvo_L90_Wheel_Loader_t4_Onbrd_Drive_Gearshifts_Stop_Off_Engine_Right_RE50.wav","Volvo L90c Wheel Loader 1996","Pole Position","https://sonniss.com/sound-effects/volvo-7/","/Sonniss - GDC 2020 - Game Audio Bundle/Pole Position - Volvo L90c Wheel Loader 1996/Volvo_L90_Wheel_Loader_t4_Onbrd_Drive_Gearshifts_Stop_Off_Engine_Right_RE50.wav","volvo|l90|wheel|loader|onboard|drive|gearshifts|stop|off|engine|right|electrovoice|re50|volvo_l90_wheel_loader_t4_onbrd_drive_gearshifts_stop_off_engine_right_re50wav|volvo l90c wheel loader 1996|pole position"
"Volvo, XC90, Hybrid, t12, Onbrd, Medium, Drive, Various, Engine, VP88.wav","Volvo XC90 2018 Electric","Pole Position","https://sonniss.com/sound-effects/volvo-xc90-2018-electric/","/Sonniss - GDC 2020 - Game Audio Bundle/Pole Position - Volvo XC90 2018 Electric/Volvo, XC90, Hybrid, t12, Onbrd, Medium, Drive, Various, Engine, VP88.wav","volvo|xc90|hybrid|electric|mode|onboard|medium|drive|various|engine|shure|vp88|electric|mode|only|t12|onbrd|vp88wav|volvo xc90 2018 electric|pole position"
"Volvo, XC90, Hybrid, t14, Var SFX, Console Box Open and Close, Interior, MKH8020.wav","Volvo XC90 2018 Electric","Pole Position","https://sonniss.com/sound-effects/volvo-xc90-2018-electric/","/Sonniss - GDC 2020 - Game Audio Bundle/Pole Position - Volvo XC90 2018 Electric/Volvo, XC90, Hybrid, t14, Var SFX, Console Box Open and Close, Interior, MKH8020.wav","volvo|xc90|hybrid|electric|mode|various|sfx|console|box|open|and|close|interior|sennheiser|mkh|8020|t14|var|mkh8020wav|volvo xc90 2018 electric|pole position"
"Volvo, XC90, Hybrid, t5, Ext, Start, Away, By, Ramps, MS Decoded, RSM191.wav","Volvo XC90 2018 Electric","Pole Position","https://sonniss.com/sound-effects/volvo-xc90-2018-electric/","/Sonniss - GDC 2020 - Game Audio Bundle/Pole Position - Volvo XC90 2018 Electric/Volvo, XC90, Hybrid, t5, Ext, Start, Away, By, Ramps, MS Decoded, RSM191.wav","volvo|xc90|hybrid|electric|mode|exterior|start|away|by|ramps|ms|decoded|neumann|rsm|191|electric|mode|only|t5|ext|rsm191wav|volvo xc90 2018 electric|pole position"
"Corsair, t1, Onbrd, Fly, Interior, Mix.wav","Vought F4U 1A Corsair 1943","Pole Position","https://sonniss.com/sound-effects/vought-f4u-1a-corsair-1943/","/Sonniss - GDC 2020 - Game Audio Bundle/Pole Position - Vought F4U-1A Corsair 1943/Corsair, t1, Onbrd, Fly, Interior, Mix.wav","corsair|onboard|fly|interior|mix|t1|onbrd|mixwav|vought f4u 1a corsair 1943|pole position"
"Corsair, t10, Var SFX, Canopy, MS, MKH418.wav","Vought F4U 1A Corsair 1943","Pole Position","https://sonniss.com/sound-effects/vought-f4u-1a-corsair-1943/","/Sonniss - GDC 2020 - Game Audio Bundle/Pole Position - Vought F4U-1A Corsair 1943/Corsair, t10, Var SFX, Canopy, MS, MKH418.wav","corsair|various|sfx|canopy|ms|sennheiser|mkh|418|t10|var|mkh418wav|vought f4u 1a corsair 1943|pole position"
"Corsair, t6, Ext, Taxi, By, Distant, B, ORTF, MKH8040.wav","Vought F4U 1A Corsair 1943","Pole Position","https://sonniss.com/sound-effects/vought-f4u-1a-corsair-1943/","/Sonniss - GDC 2020 - Game Audio Bundle/Pole Position - Vought F4U-1A Corsair 1943/Corsair, t6, Ext, Taxi, By, Distant, B, ORTF, MKH8040.wav","corsair|exterior|taxi|by|distant|b|ortf|sennheiser|mkh|8040|some|wind|t6|ext|mkh8040wav|vought f4u 1a corsair 1943|pole position"
"P38, Firing, t1, 2m, Behind, LS5.wav","Walther P38 semi automatic pistol","Pole Position","https://sonniss.com/sound-effects/walther-p38-semi-automatic-pistol/","/Sonniss - GDC 2020 - Game Audio Bundle/Pole Position - Walther P38 semi automatic pistol/P38, Firing, t1, 2m, Behind, LS5.wav","p38|9x19mm|firing|2m|behind|olympus|ls5|t1|ls5wav|walther p38 semi automatic pistol|pole position"
"P38, Handling, Removing Magazine, 1m, Right, MKH8060.wav","Walther P38 semi automatic pistol","Pole Position","https://sonniss.com/sound-effects/walther-p38-semi-automatic-pistol/","/Sonniss - GDC 2020 - Game Audio Bundle/Pole Position - Walther P38 semi automatic pistol/P38, Handling, Removing Magazine, 1m, Right, MKH8060.wav","p38|9x19mm|handling|removing|magazine|1m|right|sennheiser|mkh|8060|mkh8060wav|walther p38 semi automatic pistol|pole position"
"Yamaha, ET, 340, t2, Onbrd, Start, Medium, Drive, Stop, Off, Engine, Intake, DPA4062.wav","Yamaha ET 340 1978","Pole Position","https://sonniss.com/sound-effects/yamaha-340-1978/","/Sonniss - GDC 2020 - Game Audio Bundle/Pole Position - Yamaha ET 340 1978/Yamaha, ET, 340, t2, Onbrd, Start, Medium, Drive, Stop, Off, Engine, Intake, DPA4062.wav","yamaha|et|340|onboard|start|medium|drive|stop|off|engine|intake|dpa|4062|t2|onbrd|dpa4062wav|yamaha et 340 1978|pole position"
"Yamaha, ET, 340, t6, Ext, Start, Idle, Steady, Off, Start, Idle, Blips, Off, MS, RSM191.wav","Yamaha ET 340 1978","Pole Position","https://sonniss.com/sound-effects/yamaha-340-1978/","/Sonniss - GDC 2020 - Game Audio Bundle/Pole Position - Yamaha ET 340 1978/Yamaha, ET, 340, t6, Ext, Start, Idle, Steady, Off, Start, Idle, Blips, Off, MS, RSM191.wav","yamaha|et|340|exterior|start|idle|steady|off|blips|ms|neumann|rsm|191|t6|ext|rsm191wav|yamaha et 340 1978|pole position"
"Yamaha, ET, 340, t9, Var SFX, False Start, Pull Starter Cord, Engine, Intake, DPA4062.wav","Yamaha ET 340 1978","Pole Position","https://sonniss.com/sound-effects/yamaha-340-1978/","/Sonniss - GDC 2020 - Game Audio Bundle/Pole Position - Yamaha ET 340 1978/Yamaha, ET, 340, t9, Var SFX, False Start, Pull Starter Cord, Engine, Intake, DPA4062.wav","yamaha|et|340|various|sfx|false|start|pull|starter|cord|engine|intake|dpa|4062|t9|var|dpa4062wav|yamaha et 340 1978|pole position"
"Yamaha_MT07_t10_Onbrd_Start_Medium_Drive_Various_Off_Engine_Right_PZM.wav","Yamaha MT-07 2015","Pole Position","https://sonniss.com/sound-effects/volvo-6/","/Sonniss - GDC 2020 - Game Audio Bundle/Pole Position - Yamaha MT-07 2015/Yamaha_MT07_t10_Onbrd_Start_Medium_Drive_Various_Off_Engine_Right_PZM.wav","yamaha|mt07|onboard|start|medium|drive|various|off|engine|right|crown|pzm|yamaha_mt07_t10_onbrd_start_medium_drive_various_off_engine_right_pzmwav|yamaha mt-07 2015|pole position"
"Yamaha_MT07_t11_Onbrd_Fast_Various_Onboard_Front_DPA4061.wav","Yamaha MT-07 2015","Pole Position","https://sonniss.com/sound-effects/volvo-6/","/Sonniss - GDC 2020 - Game Audio Bundle/Pole Position - Yamaha MT-07 2015/Yamaha_MT07_t11_Onbrd_Fast_Various_Onboard_Front_DPA4061.wav","yamaha|mt07|onboard|fast|various|front|dpa|4061|yamaha_mt07_t11_onbrd_fast_various_onboard_front_dpa4061wav|yamaha mt-07 2015|pole position"
"Yamaha_MT07_t5_Ext_By_Ramps_Right_Turn_Point_MKH8060.wav","Yamaha MT-07 2015","Pole Position","https://sonniss.com/sound-effects/volvo-6/","/Sonniss - GDC 2020 - Game Audio Bundle/Pole Position - Yamaha MT-07 2015/Yamaha_MT07_t5_Ext_By_Ramps_Right_Turn_Point_MKH8060.wav","yamaha|mt07|exterior|by|ramps|right|turn|point|sennheiser|mkh|8060|yamaha_mt07_t5_ext_by_ramps_right_turn_point_mkh8060wav|yamaha mt-07 2015|pole position"
"Yamaha_MT09_t11_Ext_Fast_By_ORTF_MKH8040.wav","Yamaha MT-09 2015","Pole Position","https://sonniss.com/sound-effects/yamaha-mt-09-2015/","/Sonniss - GDC 2020 - Game Audio Bundle/Pole Position - Yamaha MT-09 2015/Yamaha_MT09_t11_Ext_Fast_By_ORTF_MKH8040.wav","yamaha|mt09|exterior|fast|by|ortf|sennheiser|mkh|8040|yamaha_mt09_t11_ext_fast_by_ortf_mkh8040wav|yamaha mt-09 2015|pole position"
"Yamaha_MT09_t2_Onbrd_Start_Medium_Drive_Stop_Off_Engine_Mix.wav","Yamaha MT-09 2015","Pole Position","https://sonniss.com/sound-effects/yamaha-mt-09-2015/","/Sonniss - GDC 2020 - Game Audio Bundle/Pole Position - Yamaha MT-09 2015/Yamaha_MT09_t2_Onbrd_Start_Medium_Drive_Stop_Off_Engine_Mix.wav","yamaha|mt09|onboard|start|medium|drive|stop|off|engine|mix|yamaha_mt09_t2_onbrd_start_medium_drive_stop_off_engine_mixwav|yamaha mt-09 2015|pole position"
"Yamaha_MT09_t7_Ext_Start_Idle_Blips_Off_Holophone.wav","Yamaha MT-09 2015","Pole Position","https://sonniss.com/sound-effects/yamaha-mt-09-2015/","/Sonniss - GDC 2020 - Game Audio Bundle/Pole Position - Yamaha MT-09 2015/Yamaha_MT09_t7_Ext_Start_Idle_Blips_Off_Holophone.wav","yamaha|mt09|exterior|start|idle|blips|off|holophone|yamaha_mt09_t7_ext_start_idle_blips_off_holophonewav|yamaha mt-09 2015|pole position"
"ZiL131_t12_Var_SFX_Light_Button_MKH8060.wav","ZiL 131 1977","Pole Position","https://sonniss.com/sound-effects/zil-131-1977/","/Sonniss - GDC 2020 - Game Audio Bundle/Pole Position - ZiL-131 1977/ZiL131_t12_Var_SFX_Light_Button_MKH8060.wav","zil131|various|sfx|light|button|sennheiser|mkh|8060|zil131_t12_var_sfx_light_button_mkh8060wav|zil 131 1977|pole position"
"ZiL131_t3_Onbrd_Start_Fast_Drive_Stop_Reverse_Stop_Drive_Stop_Off_Engine_Mix.wav","ZiL 131 1977","Pole Position","https://sonniss.com/sound-effects/zil-131-1977/","/Sonniss - GDC 2020 - Game Audio Bundle/Pole Position - ZiL-131 1977/ZiL131_t3_Onbrd_Start_Fast_Drive_Stop_Reverse_Stop_Drive_Stop_Off_Engine_Mix.wav","zil131|onboard|start|fast|drive|stop|reverse|off|engine|mix|zil131_t3_onbrd_start_fast_drive_stop_reverse_stop_drive_stop_off_engine_mixwav|zil 131 1977|pole position"
"ZiL131_t7_Ext_Start_Idle_Blips_Steadies_in_Neutral_Off_MS_RSM191.wav","ZiL 131 1977","Pole Position","https://sonniss.com/sound-effects/zil-131-1977/","/Sonniss - GDC 2020 - Game Audio Bundle/Pole Position - ZiL-131 1977/ZiL131_t7_Ext_Start_Idle_Blips_Steadies_in_Neutral_Off_MS_RSM191.wav","zil131|exterior|start|idle|blips|steadies|in|neutral|off|ms|neumann|rsm|191|zil131_t7_ext_start_idle_blips_steadies_in_neutral_off_ms_rsm191wav|zil 131 1977|pole position"
"Zivko, Edge, 540, t24, Var SFX, Button, 1, MS, RSM191.wav","Zivko Edge 540","Pole Position","https://sonniss.com/sound-effects/zivko-edge-540/","/Sonniss - GDC 2020 - Game Audio Bundle/Pole Position - Zivko Edge 540/Zivko, Edge, 540, t24, Var SFX, Button, 1, MS, RSM191.wav","zivko|edge|540|various|sfx|button|1|ms|neumann|rsm|191|t24|var|rsm191wav|zivko edge 540|pole position"
"Zivko, Edge, 540, t5, Ext, Take Off, Beginning of Airstrip, D50.wav","Zivko Edge 540","Pole Position","https://sonniss.com/sound-effects/zivko-edge-540/","/Sonniss - GDC 2020 - Game Audio Bundle/Pole Position - Zivko Edge 540/Zivko, Edge, 540, t5, Ext, Take Off, Beginning of Airstrip, D50.wav","zivko|edge|540|exterior|take|off|beginning|of|airstrip|sony|pcmd50|t5|ext|d50wav|zivko edge 540|pole position"
"Zivko, Edge, 540, t9, Onbrd, Descent to Land, Left, MKH8020.wav","Zivko Edge 540","Pole Position","https://sonniss.com/sound-effects/zivko-edge-540/","/Sonniss - GDC 2020 - Game Audio Bundle/Pole Position - Zivko Edge 540/Zivko, Edge, 540, t9, Onbrd, Descent to Land, Left, MKH8020.wav","zivko|edge|540|onboard|descent|to|land|left|sennheiser|mkh|8020|t9|onbrd|mkh8020wav|zivko edge 540|pole position"
"02_Arrival_Slow_Stereo.wav","Jaguar XE SV Project 8","Pursuit Sound","https://sonniss.com/sound-effects/jaguar-xe-sv-project-8/","/Sonniss - GDC 2020 - Game Audio Bundle/Pursuit Sound - Jaguar XE SV Project 8/02_Arrival_Slow_Stereo.wav","jaguar|xe|sv|project|8|arrival|xy|stereo|slow|02_arrival_slow_stereowav|jaguar xe sv project 8|pursuit sound"
"03_Onboards_02__Airbox_2.wav","Jaguar XE SV Project 8","Pursuit Sound","https://sonniss.com/sound-effects/jaguar-xe-sv-project-8/","/Sonniss - GDC 2020 - Game Audio Bundle/Pursuit Sound - Jaguar XE SV Project 8/03_Onboards_02__Airbox_2.wav","jaguar|xe|sv|project|8|onboards|configuration|02|acceleration|fast|variations|airbox|1|03_onboards_02__airbox_2wav|jaguar xe sv project 8|pursuit sound"
"04_SFX_Drive_Mode_Stick.wav","Jaguar XE SV Project 8","Pursuit Sound","https://sonniss.com/sound-effects/jaguar-xe-sv-project-8/","/Sonniss - GDC 2020 - Game Audio Bundle/Pursuit Sound - Jaguar XE SV Project 8/04_SFX_Drive_Mode_Stick.wav","jaguar|xe|sv|project|8|sfx|drive|mode|stick|04_sfx_drive_mode_stickwav|jaguar xe sv project 8|pursuit sound"
"16_EXT_Passby_Stereo_XY.wav","Jaguar XE SV Project 8","Pursuit Sound","https://sonniss.com/sound-effects/jaguar-xe-sv-project-8/","/Sonniss - GDC 2020 - Game Audio Bundle/Pursuit Sound - Jaguar XE SV Project 8/16_EXT_Passby_Stereo_XY.wav","jaguar|xe|sv|project|8|passby|stereo|xy|16_ext_passby_stereo_xywav|jaguar xe sv project 8|pursuit sound"
"Porsche 996 GT3 Interior Mono.wav","Porsche 996 GT3 Nurburgring Lap","Pursuit Sound","https://sonniss.com/sound-effects/porsche-996-gt3-nurburgring-lap/","/Sonniss - GDC 2020 - Game Audio Bundle/Pursuit Sound - Porsche 996 GT3 Nurburgring Lap/Porsche 996 GT3 Interior Mono.wav","porsche|996|gt3|onboards|interior|monowav|porsche 996 gt3 nurburgring lap|pursuit sound"
"RL_Mutant_Insects_Beetle_Evolution_Distant_05.wav","Mutant Insects (FLYING)","Red Libraries","https://sonniss.com/sound-effects/mutant-insects-flying/","/Sonniss - GDC 2020 - Game Audio Bundle/Red Libraries - Mutant Insects (FLYING)/RL_Mutant_Insects_Beetle_Evolution_Distant_05.wav","mutant_insects_beetle_evolution_distant_05|rl_mutant_insects_beetle_evolution_distant_05wav|mutant insects (flying)|red libraries"
"RL_Mutant_insects_Hornet_Swarm_Internal_Dense_01.wav","Mutant Insects (FLYING)","Red Libraries","https://sonniss.com/sound-effects/mutant-insects-flying/","/Sonniss - GDC 2020 - Game Audio Bundle/Red Libraries - Mutant Insects (FLYING)/RL_Mutant_insects_Hornet_Swarm_Internal_Dense_01.wav","mutant_insects_hornet_swarm_internal_dense_01|rl_mutant_insects_hornet_swarm_internal_dense_01wav|mutant insects (flying)|red libraries"
"RL_Mutant_Insects_Unknown_Buzz Sweetner-D_Idle_01.wav","Mutant Insects (FLYING)","Red Libraries","https://sonniss.com/sound-effects/mutant-insects-flying/","/Sonniss - GDC 2020 - Game Audio Bundle/Red Libraries - Mutant Insects (FLYING)/RL_Mutant_Insects_Unknown_Buzz Sweetner-D_Idle_01.wav","mutant_insects_unknown_buzz|sweetnerd_idle_01|rl_mutant_insects_unknown_buzz|sweetnerd_idle_01wav|mutant insects (flying)|red libraries"
"RL_Mutant_Insects_Unknown_Wings Sweetner-E_Idle_03.wav","Mutant Insects (FLYING)","Red Libraries","https://sonniss.com/sound-effects/mutant-insects-flying/","/Sonniss - GDC 2020 - Game Audio Bundle/Red Libraries - Mutant Insects (FLYING)/RL_Mutant_Insects_Unknown_Wings Sweetner-E_Idle_03.wav","mutant_insects_unknown_wings|sweetnere_idle_03|rl_mutant_insects_unknown_wings|sweetnere_idle_03wav|mutant insects (flying)|red libraries"
"GEARBOX - BUILDING BLOCK - LARGE - Original Helmsworth Cylinder Press 13.wav","Gearbox","Rock The Speakerbox","https://sonniss.com/sound-effects/rock-speakerbox-gearbox/","/Sonniss - GDC 2020 - Game Audio Bundle/Rock The Speakerbox - Gearbox/GEARBOX - BUILDING BLOCK - LARGE - Original Helmsworth Cylinder Press 13.wav","building|block|large|original|helmsworth|cylinder|press;|quick|metal|squeaky|clicks|followed|by|heavy|hit|designed|element|gearbox|original|helmsworth|cylinder|press|13wav|gearbox|rock the speakerbox"
"GEARBOX - CK - PERFORMANCE Metal Large A.wav","Gearbox","Rock The Speakerbox","https://sonniss.com/sound-effects/rock-speakerbox-gearbox/","/Sonniss - GDC 2020 - Game Audio Bundle/Rock The Speakerbox - Gearbox/GEARBOX - CK - PERFORMANCE Metal Large A.wav","performance;|metal|large|a|various|designed|performances|emulating|a|ratchet|cranking|turning|and|clicking|rattly|metal|character|gearbox|ck|performance|large|awav|gearbox|rock the speakerbox"
"GEARBOX - DESIGNED - LARGE - Original Helmsworth Cylinder Press 01.wav","Gearbox","Rock The Speakerbox","https://sonniss.com/sound-effects/rock-speakerbox-gearbox/","/Sonniss - GDC 2020 - Game Audio Bundle/Rock The Speakerbox - Gearbox/GEARBOX - DESIGNED - LARGE - Original Helmsworth Cylinder Press 01.wav","designed|mechanism|large|original|helmsworth|cylinder|press;|complex|metallic|machine|with|cranking|heavy|hits|and|rhythmic|movement|large|deep|character|gearbox|original|helmsworth|cylinder|press|01wav|gearbox|rock the speakerbox"
"GEARBOX - DESIGNED - SMALL - Chronometric Revolving Instrument 02.wav","Gearbox","Rock The Speakerbox","https://sonniss.com/sound-effects/rock-speakerbox-gearbox/","/Sonniss - GDC 2020 - Game Audio Bundle/Rock The Speakerbox - Gearbox/GEARBOX - DESIGNED - SMALL - Chronometric Revolving Instrument 02.wav","designed|mechanism|small|chronometric|revolving|instrument;|complex|metallic|rotating|device|with|winding|and|clicking|elements|musical|rhythmic|percussive|character|gearbox|chronometric|revolving|instrument|02wav|gearbox|rock the speakerbox"
"Skateboard, Jump, Grind, Deck, Banquet_V02.wav","Skate on Board","Rzpost","https://sonniss.com/sound-effects/skate-board/","/Sonniss - GDC 2020 - Game Audio Bundle/Rzpost - Skate on Board/Skateboard, Jump, Grind, Deck, Banquet_V02.wav","skateboard|jump|grind|deck|banquet_v02|banquet_v02wav|skate on board|rzpost"
"Skateboard, Jump, Grind, Deck, Rail, Tube, Metal_V06.wav","Skate on Board","Rzpost","https://sonniss.com/sound-effects/skate-board/","/Sonniss - GDC 2020 - Game Audio Bundle/Rzpost - Skate on Board/Skateboard, Jump, Grind, Deck, Rail, Tube, Metal_V06.wav","skateboard|jump|grind|deck|rail|tube|metal_v06|metal_v06wav|skate on board|rzpost"
"Skateboard, Passs By, Left, Right, Close, Prespective_V08.wav","Skate on Board","Rzpost","https://sonniss.com/sound-effects/skate-board/","/Sonniss - GDC 2020 - Game Audio Bundle/Rzpost - Skate on Board/Skateboard, Passs By, Left, Right, Close, Prespective_V08.wav","skateboard|passs|by|left|right|close|prespective_v08|prespective_v08wav|skate on board|rzpost"
"Skateboard,POV,Skate,Jump,Land,Fail_02.wav","Skate on Board","Rzpost","https://sonniss.com/sound-effects/skate-board/","/Sonniss - GDC 2020 - Game Audio Bundle/Rzpost - Skate on Board/Skateboard,POV,Skate,Jump,Land,Fail_02.wav","skateboard|pov|skate|jump|land|fail_02|fail_02wav|skate on board|rzpost"
"Gondola,Interior,Medium,Size,Goin,Up,Low,Rumble,Metal,Rattle,Winter.wav","The Gondola Lift","Rzpost","https://sonniss.com/sound-effects/gondola-lift/","/Sonniss - GDC 2020 - Game Audio Bundle/Rzpost - The Gondola Lift/Gondola,Interior,Medium,Size,Goin,Up,Low,Rumble,Metal,Rattle,Winter.wav","gondola|interior|medium|size|goin|up|low|rumble|metal|rattle|winterwav|the gondola lift|rzpost"
"Gondola,Snowboard,Ski,Lyft,Style,Small,Size,Mechanism,Pulley,Passing,By_V2.wav","The Gondola Lift","Rzpost","https://sonniss.com/sound-effects/gondola-lift/","/Sonniss - GDC 2020 - Game Audio Bundle/Rzpost - The Gondola Lift/Gondola,Snowboard,Ski,Lyft,Style,Small,Size,Mechanism,Pulley,Passing,By_V2.wav","gondola|snowboard|ski|lyft|style|small|size|mechanism|pulley|passing|by_v2|by_v2wav|the gondola lift|rzpost"
"Multiple,Gondolas, Medium,Size,Passing,By,Mountain,Ski,Station,Mechanism.wav","The Gondola Lift","Rzpost","https://sonniss.com/sound-effects/gondola-lift/","/Sonniss - GDC 2020 - Game Audio Bundle/Rzpost - The Gondola Lift/Multiple,Gondolas, Medium,Size,Passing,By,Mountain,Ski,Station,Mechanism.wav","multiple|gondolas|medium|size|passing|by|mountain|ski|station|mechanism|mechanismwav|the gondola lift|rzpost"
"BALAFON - NOTIF OCT UP.wav","Scoba Ui Essentials","Scoba Sounds","https://sonniss.com/sound-effects/scoba-ui-essentials/","/Sonniss - GDC 2020 - Game Audio Bundle/Scoba Sounds – Scoba Ui Essentials/BALAFON - NOTIF OCT UP.wav","balafon|notif|oct|upwav|scoba ui essentials|scoba sounds"
"ERROR 13.wav","Scoba Ui Essentials","Scoba Sounds","https://sonniss.com/sound-effects/scoba-ui-essentials/","/Sonniss - GDC 2020 - Game Audio Bundle/Scoba Sounds – Scoba Ui Essentials/ERROR 13.wav","error|13wav|scoba ui essentials|scoba sounds"
"PAPER PEN CROSS OUT 2.wav","Scoba Ui Essentials","Scoba Sounds","https://sonniss.com/sound-effects/scoba-ui-essentials/","/Sonniss - GDC 2020 - Game Audio Bundle/Scoba Sounds – Scoba Ui Essentials/PAPER PEN CROSS OUT 2.wav","paper|pen|cross|out|2wav|scoba ui essentials|scoba sounds"
"SS WIPE 3 .wav","Scoba Ui Essentials","Scoba Sounds","https://sonniss.com/sound-effects/scoba-ui-essentials/","/Sonniss - GDC 2020 - Game Audio Bundle/Scoba Sounds – Scoba Ui Essentials/SS WIPE 3 .wav","ss|wipe|3|wav|scoba ui essentials|scoba sounds"
"HHDoors  Armored Door - Metal and wood Fron door - Unlock and Lock by the Key.wav","HHDoors  Household Doors and furnitures","SculpTunes","https://sonniss.com/sound-effects/hhdoors-household-doors-furnitures/","/Sonniss - GDC 2020 - Game Audio Bundle/SculpTunes - HHDoors - Household Doors and furnitures/HHDoors  Armored Door - Metal and wood Fron door - Unlock and Lock by the Key.wav","b|armored|door|metal|and|wooden|door|other|hhdoors|wood|fron|unlock|lock|by|the|keywav|hhdoors  household doors and furnitures|sculptunes"
"HHDoors -  80s wooden door - 80s city apartment door - Opening and closing - close perspective XY.wav","HHDoors  Household Doors and furnitures","SculpTunes","https://sonniss.com/sound-effects/hhdoors-household-doors-furnitures/","/Sonniss - GDC 2020 - Game Audio Bundle/SculpTunes - HHDoors - Household Doors and furnitures/HHDoors -  80s wooden door - 80s city apartment door - Opening and closing - close perspective XY.wav","a|wooden|door|hhdoors|80s|wooden|door|city|apartment|opening|and|closing|close|perspective|xywav|hhdoors  household doors and furnitures|sculptunes"
"HHDoors - Glass and Metal door - Int To ext -  cheap door.wav","HHDoors  Household Doors and furnitures","SculpTunes","https://sonniss.com/sound-effects/hhdoors-household-doors-furnitures/","/Sonniss - GDC 2020 - Game Audio Bundle/SculpTunes - HHDoors - Household Doors and furnitures/HHDoors - Glass and Metal door - Int To ext -  cheap door.wav","d|windoes|french|door|glass|and|wood|hhdoors|metal|door|int|to|ext|cheap|doorwav|hhdoors  household doors and furnitures|sculptunes"
"HHDoors - Window Wooden Shutter Open and close - Close Perspective XY.wav","HHDoors  Household Doors and furnitures","SculpTunes","https://sonniss.com/sound-effects/hhdoors-household-doors-furnitures/","/Sonniss - GDC 2020 - Game Audio Bundle/SculpTunes - HHDoors - Household Doors and furnitures/HHDoors - Window Wooden Shutter Open and close - Close Perspective XY.wav","d|windoes|french|door|glass|and|wood|hhdoors|window|wooden|shutter|open|close|close|perspective|xywav|hhdoors  household doors and furnitures|sculptunes"
"Summer in the fields -  DAY Morning - 005 - killing little birds near - owl - cicadas - bees and insects.wav","Summer in the field  Crickets and Cicadas","SculpTunes","https://sonniss.com/sound-effects/summer-field-crickets-cicadas-day-night-5-0-summer-ambiences/","/Sonniss - GDC 2020 - Game Audio Bundle/SculpTunes - Summer in the field - Crickets and Cicadas - 5.0/Summer in the fields -  DAY Morning - 005 - killing little birds near - owl - cicadas - bees and insects.wav","day|_|ambiences|from|6|am|to|2|pm|cicadas|in|the|fields|birds|lake|ambiences|forest|countryside|summer|morning|005|killing|little|near|owl|cicadas|bees|and|insectswav|summer in the field  crickets and cicadas|sculptunes"
"Summer in the fields -  DAY Morning - 017 - the cicadas stridulate very loudly - cowbells and sparse birds.wav","Summer in the field  Crickets and Cicadas","SculpTunes","https://sonniss.com/sound-effects/summer-field-crickets-cicadas-day-night-5-0-summer-ambiences/","/Sonniss - GDC 2020 - Game Audio Bundle/SculpTunes - Summer in the field - Crickets and Cicadas - 5.0/Summer in the fields -  DAY Morning - 017 - the cicadas stridulate very loudly - cowbells and sparse birds.wav","day|_|ambiences|from|6|am|to|2|pm|cicadas|in|the|fields|birds|lake|ambiences|forest|countryside|summer|morning|017|cicadas|stridulate|very|loudly|cowbells|and|sparse|birdswav|summer in the field  crickets and cicadas|sculptunes"
"Summer in the Fields - Evening-Night 002 - Crickets sing close - dogs barks all around - calm night.wav","Summer in the field  Crickets and Cicadas","SculpTunes","https://sonniss.com/sound-effects/summer-field-crickets-cicadas-day-night-5-0-summer-ambiences/","/Sonniss - GDC 2020 - Game Audio Bundle/SculpTunes - Summer in the field - Crickets and Cicadas - 5.0/Summer in the Fields - Evening-Night 002 - Crickets sing close - dogs barks all around - calm night.wav","night|__|ambiences|rural|ambiences|recorded|in|italy|nature|night|quiet|crickets|summer|the|fields|eveningnight|002|sing|close|dogs|barks|all|around|calm|nightwav|summer in the field  crickets and cicadas|sculptunes"
"Summer in the Fields - Evening-Night 004- Distant crickets shrill high frequencies - flat night ambience.wav","Summer in the field  Crickets and Cicadas","SculpTunes","https://sonniss.com/sound-effects/summer-field-crickets-cicadas-day-night-5-0-summer-ambiences/","/Sonniss - GDC 2020 - Game Audio Bundle/SculpTunes - Summer in the field - Crickets and Cicadas - 5.0/Summer in the Fields - Evening-Night 004- Distant crickets shrill high frequencies - flat night ambience.wav","night|__|ambiences|rural|ambiences|recorded|in|italy|nature|night|quiet|crickets|summer|the|fields|eveningnight|004|distant|crickets|shrill|high|frequencies|flat|night|ambiencewav|summer in the field  crickets and cicadas|sculptunes"
"6 35 GFL - Casings Shell & Cartridges - Drop bounce and roll on Wooden Floor - Outdoor.wav","Cartridges & Casings Shell","SculpTunes","https://sonniss.com/sound-effects/cartridges-casings-shell/","/Sonniss - GDC 2020 - Game Audio Bundle/SculpTunes – Cartridges & Casings Shell/6 35 GFL - Casings Shell & Cartridges - Drop bounce and roll on Wooden Floor - Outdoor.wav","wwwsculptunescom|6|35|gfl|casings|shell|&|cartridges|drop|bounce|and|roll|on|wooden|floor|outdoorwav|cartridges & casings shell|sculptunes"
"7 62 x 39 PPU  - Casings Shell & Cartdridges  - Impact and Roll on Tile Floor - Inside.wav","Cartridges & Casings Shell","SculpTunes","https://sonniss.com/sound-effects/cartridges-casings-shell/","/Sonniss - GDC 2020 - Game Audio Bundle/SculpTunes – Cartridges & Casings Shell/7 62 x 39 PPU  - Casings Shell & Cartdridges  - Impact and Roll on Tile Floor - Inside.wav","wwwsculptunescom|7|62|x|39|ppu|casings|shell|&|cartdridges|impact|and|roll|on|tile|floor|insidewav|cartridges & casings shell|sculptunes"
"9 mm x 21  - Casings Shell & Cartdridges - Roll on Concrete Floor - Outdoor.wav","Cartridges & Casings Shell","SculpTunes","https://sonniss.com/sound-effects/cartridges-casings-shell/","/Sonniss - GDC 2020 - Game Audio Bundle/SculpTunes – Cartridges & Casings Shell/9 mm x 21  - Casings Shell & Cartdridges - Roll on Concrete Floor - Outdoor.wav","wwwsculptunescom|9|mm|x|21|casings|shell|&|cartdridges|roll|on|concrete|floor|outdoorwav|cartridges & casings shell|sculptunes"
"Cartridges and Casings Shell - drop on Carpeted Floor - Internal -.wav","Cartridges & Casings Shell","SculpTunes","https://sonniss.com/sound-effects/cartridges-casings-shell/","/Sonniss - GDC 2020 - Game Audio Bundle/SculpTunes – Cartridges & Casings Shell/Cartridges and Casings Shell - drop on Carpeted Floor - Internal -.wav","wwwsculptunescom|cartridges|and|casings|shell|drop|on|carpeted|floor|internal|wav|cartridges & casings shell|sculptunes"
"CLOTHING_MATERIAL_MOVEMENT_08.wav","Hit & Punch","Shapeforms","https://sonniss.com/sound-effects/hit-punch/","/Sonniss - GDC 2020 - Game Audio Bundle/Shapeforms - Hit & Punch/CLOTHING_MATERIAL_MOVEMENT_08.wav","cloth|clothing|material|fabric|rustle|impact|movement|clothing_material_movement_08wav|hit & punch|shapeforms"
"IMPACT_LOW_THUD_10.wav","Hit & Punch","Shapeforms","https://sonniss.com/sound-effects/hit-punch/","/Sonniss - GDC 2020 - Game Audio Bundle/Shapeforms - Hit & Punch/IMPACT_LOW_THUD_10.wav","impact|hit|bass|thud|punch|impact_low_thud_10wav|hit & punch|shapeforms"
"PUNCH_DESIGNED_LIGHT_78.wav","Hit & Punch","Shapeforms","https://sonniss.com/sound-effects/hit-punch/","/Sonniss - GDC 2020 - Game Audio Bundle/Shapeforms - Hit & Punch/PUNCH_DESIGNED_LIGHT_78.wav","punch|impact|hit|light|soft|punch_designed_light_78wav|hit & punch|shapeforms"
"PUNCH_PERCUSSIVE_HEAVY_06.wav","Hit & Punch","Shapeforms","https://sonniss.com/sound-effects/hit-punch/","/Sonniss - GDC 2020 - Game Audio Bundle/Shapeforms - Hit & Punch/PUNCH_PERCUSSIVE_HEAVY_06.wav","punch|impact|heavy|fast|percussive|short|punch_percussive_heavy_06wav|hit & punch|shapeforms"
"AMBIENCE_ELEMENTAL_EXHILATION_LOOP.wav","Dystopia  Ambience & Drone","Shapeforms","https://sonniss.com/sound-effects/dystopia-ambience-drone/","/Sonniss - GDC 2020 - Game Audio Bundle/Shapeforms – Dystopia – Ambience & Drone/AMBIENCE_ELEMENTAL_EXHILATION_LOOP.wav","ambience|atmosphere|drone|dark|dystopian|sci|fi|horror|seamless|loop|ambience_elemental_exhilation_loopwav|dystopia  ambience & drone|shapeforms"
"AMBIENCE_SIGNAL_LOOP.wav","Dystopia  Ambience & Drone","Shapeforms","https://sonniss.com/sound-effects/dystopia-ambience-drone/","/Sonniss - GDC 2020 - Game Audio Bundle/Shapeforms – Dystopia – Ambience & Drone/AMBIENCE_SIGNAL_LOOP.wav","ambience|atmosphere|drone|dark|dystopian|sci|fi|horror|seamless|loop|comms|glitch|ambience_signal_loopwav|dystopia  ambience & drone|shapeforms"
"AMBIENCE_THE_HAUNTING_LOOP_02.wav","Dystopia  Ambience & Drone","Shapeforms","https://sonniss.com/sound-effects/dystopia-ambience-drone/","/Sonniss - GDC 2020 - Game Audio Bundle/Shapeforms – Dystopia – Ambience & Drone/AMBIENCE_THE_HAUNTING_LOOP_02.wav","ambience|atmosphere|drone|dark|dystopian|sci|fi|horror|seamless|loop|ambience_the_haunting_loop_02wav|dystopia  ambience & drone|shapeforms"
"ONE_SHOT_CINEMATIC_EFFECT_10.wav","Dystopia  Ambience & Drone","Shapeforms","https://sonniss.com/sound-effects/dystopia-ambience-drone/","/Sonniss - GDC 2020 - Game Audio Bundle/Shapeforms – Dystopia – Ambience & Drone/ONE_SHOT_CINEMATIC_EFFECT_10.wav","ambience|atmosphere|cinematic|dark|reverberant|diminuendo|transition|trailer|one_shot_cinematic_effect_10wav|dystopia  ambience & drone|shapeforms"
"AMBIENCE Birds Medium Distant Village and People.wav","Asian Countrysides","SmartSoundFX","https://sonniss.com/sound-effects/asian-countrysides/","/Sonniss - GDC 2020 - Game Audio Bundle/SmartSoundFX - Asian Countrysides/AMBIENCE Birds Medium Distant Village and People.wav","asian|countrysides|birds|atmo|atmosphere|village|small|town|some|birds|and|chicken|calling|crows|subtle|crowd|walla|ambience|birds|medium|distant|peoplewav|asian countrysides|smartsoundfx"
"AMBIENCE Insects Medium Night Summer Distant Village.wav","Asian Countrysides","SmartSoundFX","https://sonniss.com/sound-effects/asian-countrysides/","/Sonniss - GDC 2020 - Game Audio Bundle/SmartSoundFX - Asian Countrysides/AMBIENCE Insects Medium Night Summer Distant Village.wav","asian|countrysides|insects|atmo|atmosphere|insects|at|night|and|distant|village|ambience|medium|night|summer|distant|villagewav|asian countrysides|smartsoundfx"
"AMBIENCE Water Soft Spring Small Bubbling.wav","Asian Countrysides","SmartSoundFX","https://sonniss.com/sound-effects/asian-countrysides/","/Sonniss - GDC 2020 - Game Audio Bundle/SmartSoundFX - Asian Countrysides/AMBIENCE Water Soft Spring Small Bubbling.wav","asian|countrysides|water|atmo|atmosphere|creek|river|small|fountain|or|creek|ambience|water|soft|spring|bubblingwav|asian countrysides|smartsoundfx"
"AMBIENCE Weather Soft Rain Thunder 01.wav","Asian Countrysides","SmartSoundFX","https://sonniss.com/sound-effects/asian-countrysides/","/Sonniss - GDC 2020 - Game Audio Bundle/SmartSoundFX - Asian Countrysides/AMBIENCE Weather Soft Rain Thunder 01.wav","asian|countrysides|weather|atmo|atmosphere|subtle|rain|on|concrete|and|distant|thunder|ambience|weather|soft|rain|thunder|01wav|asian countrysides|smartsoundfx"
"DRONE Bowels 02.wav","Dark Textures","SmartSoundFX","https://sonniss.com/sound-effects/dark-textures/","/Sonniss - GDC 2020 - Game Audio Bundle/SmartSoundFX - Dark Textures/DRONE Bowels 02.wav","dark|texture|cinematic|trailer|atmo|mood|creepy|spooky|dark|grumbling|drone|drone|bowels|02wav|dark textures|smartsoundfx"
"DRONE Hell Swarm.wav","Dark Textures","SmartSoundFX","https://sonniss.com/sound-effects/dark-textures/","/Sonniss - GDC 2020 - Game Audio Bundle/SmartSoundFX - Dark Textures/DRONE Hell Swarm.wav","dark|texture|cinematic|trailer|atmo|mood|creepy|spooky|noisy|drone|slowly|building|up|drone|hell|swarmwav|dark textures|smartsoundfx"
"PAD Dangerous Air.wav","Dark Textures","SmartSoundFX","https://sonniss.com/sound-effects/dark-textures/","/Sonniss - GDC 2020 - Game Audio Bundle/SmartSoundFX - Dark Textures/PAD Dangerous Air.wav","dark|texture|cinematic|trailer|atmo|mood|creepy|spooky|dark|airy|ghost|pad|pad|dangerous|airwav|dark textures|smartsoundfx"
"PAD The Clattering.wav","Dark Textures","SmartSoundFX","https://sonniss.com/sound-effects/dark-textures/","/Sonniss - GDC 2020 - Game Audio Bundle/SmartSoundFX - Dark Textures/PAD The Clattering.wav","dark|texture|cinematic|trailer|atmo|mood|creepy|spooky|clattering|experimental|string|pad|pad|the|clatteringwav|dark textures|smartsoundfx"
"AMBIENCE Engine Room 03.wav","Futuristic","SmartSoundFX","https://sonniss.com/sound-effects/futuristic/","/Sonniss - GDC 2020 - Game Audio Bundle/SmartSoundFX - Futuristic/AMBIENCE Engine Room 03.wav","futuristic|spaceship|shuttle|craft|ship|atmosphere|interior|vehicle|engine|room|spaceship|atmo|ambience|room|03wav|smartsoundfx"
"CANNON Plasma Shot Tonal High 10.wav","Futuristic","SmartSoundFX","https://sonniss.com/sound-effects/futuristic/","/Sonniss - GDC 2020 - Game Audio Bundle/SmartSoundFX - Futuristic/CANNON Plasma Shot Tonal High 10.wav","futuristic|weapon|big|blast|impact|fire|laser|shoot|plasma|cannon|firing|laser|projectile|cannon|shot|tonal|high|10wav|smartsoundfx"
"MINE Placing 01.wav","Futuristic","SmartSoundFX","https://sonniss.com/sound-effects/futuristic/","/Sonniss - GDC 2020 - Game Audio Bundle/SmartSoundFX - Futuristic/MINE Placing 01.wav","futuristic|weapon|obstacle|combat|bomb|destruction|heavy|metal|thud|sound|placing|mine|on|ground|mine|placing|01wav|smartsoundfx"
"SPACESHIP Fly By Big Long Rumble 01.wav","Futuristic","SmartSoundFX","https://sonniss.com/sound-effects/futuristic/","/Sonniss - GDC 2020 - Game Audio Bundle/SmartSoundFX - Futuristic/SPACESHIP Fly By Big Long Rumble 01.wav","futuristic|vehicle|drone|whoosh|flyby|plane|car|jet|hover|aircraft|fly|fast|tonal|fly|by|of|big|vehicle|with|turbine|engine|spaceship|by|big|long|rumble|01wav|smartsoundfx"
"IMPACT DARK Epic Punch_01.wav","Impacts, Hits & Whooshes","SmartSoundFX","https://sonniss.com/sound-effects/impacts-hits-whooshes/","/Sonniss - GDC 2020 - Game Audio Bundle/SmartSoundFX - Impacts, Hits & Whooshes/IMPACT DARK Epic Punch_01.wav","impacts|hits|&|whooshes|cinematic|trailer|stinger|drone|bang|blast|metal|crash|hit|short|rise|into|epic|impact|dark|epic|punch_01wav|impacts, hits & whooshes|smartsoundfx"
"IMPACT METAL Scratchy Short Punch_03.wav","Impacts, Hits & Whooshes","SmartSoundFX","https://sonniss.com/sound-effects/impacts-hits-whooshes/","/Sonniss - GDC 2020 - Game Audio Bundle/SmartSoundFX - Impacts, Hits & Whooshes/IMPACT METAL Scratchy Short Punch_03.wav","impacts|hits|&|whooshes|cinematic|trailer|stinger|drone|bang|blast|metal|short|metal|rise|into|percussive|hit|impact|metal|scratchy|punch_03wav|impacts, hits & whooshes|smartsoundfx"
"IMPACT METAL Short Slam_03.wav","Impacts, Hits & Whooshes","SmartSoundFX","https://sonniss.com/sound-effects/impacts-hits-whooshes/","/Sonniss - GDC 2020 - Game Audio Bundle/SmartSoundFX - Impacts, Hits & Whooshes/IMPACT METAL Short Slam_03.wav","impacts|hits|&|whooshes|cinematic|trailer|stinger|drone|bang|blast|metal|deep|metal|hit|with|reverb|impact|metal|short|slam_03wav|impacts, hits & whooshes|smartsoundfx"
"WHOOSH AIR Steady Smooth_02.wav","Impacts, Hits & Whooshes","SmartSoundFX","https://sonniss.com/sound-effects/impacts-hits-whooshes/","/Sonniss - GDC 2020 - Game Audio Bundle/SmartSoundFX - Impacts, Hits & Whooshes/WHOOSH AIR Steady Smooth_02.wav","impacts|hits|&|whooshes|cinematic|trailer|swoosh|transition|smooth|small|strong|bamboo|stick|whoosh|air|steady|smooth_02wav|impacts, hits & whooshes|smartsoundfx"
"ATMOSPHERIC DARK Fluttering Darkness.wav","Krypton","SmartSoundFX","https://sonniss.com/sound-effects/krypton/","/Sonniss - GDC 2020 - Game Audio Bundle/SmartSoundFX - Krypton/ATMOSPHERIC DARK Fluttering Darkness.wav","cinematic|sound|library|atmospheric|dark|trailer|atmo|mood|pad|texture|deep|threatening|unpleasant|fluttering|dark|drone|with|electronic|background|flutter|darknesswav|krypton|smartsoundfx"
"DRONE Server Room Loop.wav","Krypton","SmartSoundFX","https://sonniss.com/sound-effects/krypton/","/Sonniss - GDC 2020 - Game Audio Bundle/SmartSoundFX - Krypton/DRONE Server Room Loop.wav","cinematic|sound|library|drone|trailer|atmo|mood|pad|intro|crash|impact|hit|power|generator|percussion|low|generator|texture|server|room|loopwav|krypton|smartsoundfx"
"RISE Dark Tonal Metal Rattle.wav","Krypton","SmartSoundFX","https://sonniss.com/sound-effects/krypton/","/Sonniss - GDC 2020 - Game Audio Bundle/SmartSoundFX - Krypton/RISE Dark Tonal Metal Rattle.wav","cinematic|sound|library|rise|trailer|movie|effect|tension|build|up|rise|with|tonal|string|instrument|reverberant|dark|tonal|metal|rattlewav|krypton|smartsoundfx"
"TRANSITION Medium Rumbling Wave.wav","Krypton","SmartSoundFX","https://sonniss.com/sound-effects/krypton/","/Sonniss - GDC 2020 - Game Audio Bundle/SmartSoundFX - Krypton/TRANSITION Medium Rumbling Wave.wav","cinematic|sound|library|transition|trailer|movie|effect|blender|change|impact|hit|bright|scifi|power|zap|medium|rumbling|wavewav|krypton|smartsoundfx"
"AMBIENCE Birds Forest Quiet Wind Loop 02.wav","Mavic Travel Filmmaker","SmartSoundFX","https://sonniss.com/sound-effects/mavic-travel-filmmaker/","/Sonniss - GDC 2020 - Game Audio Bundle/SmartSoundFX - Mavic Travel Filmmaker/AMBIENCE Birds Forest Quiet Wind Loop 02.wav","travel|filmmaker|soundfx|birds|movie|atmosphere|atmo|nature|ambience|of|mid|european|forest|with|birds|and|slight|wind|ambience|birds|forest|quiet|wind|loop|02wav|mavic travel filmmaker|smartsoundfx"
"CAMERA Minolta 505 Shutter.wav","Mavic Travel Filmmaker","SmartSoundFX","https://sonniss.com/sound-effects/mavic-travel-filmmaker/","/Sonniss - GDC 2020 - Game Audio Bundle/SmartSoundFX - Mavic Travel Filmmaker/CAMERA Minolta 505 Shutter.wav","travel|filmmaker|soundfx|object|mechanical|photo|picture|shutter|of|minolta|505|camera|short|mechanism|camera|minolta|shutterwav|mavic travel filmmaker|smartsoundfx"
"MUSICAL SHORT String and Pad Rise.wav","Mavic Travel Filmmaker","SmartSoundFX","https://sonniss.com/sound-effects/mavic-travel-filmmaker/","/Sonniss - GDC 2020 - Game Audio Bundle/SmartSoundFX - Mavic Travel Filmmaker/MUSICAL SHORT String and Pad Rise.wav","travel|filmmaker|soundfx|instrument|light|atmospheric|intro|transition|swelling|pad|followed|by|sub|bass|musical|short|string|and|pad|risewav|mavic travel filmmaker|smartsoundfx"
"TRANSITION Whoosh Big Subtle Tonal.wav","Mavic Travel Filmmaker","SmartSoundFX","https://sonniss.com/sound-effects/mavic-travel-filmmaker/","/Sonniss - GDC 2020 - Game Audio Bundle/SmartSoundFX - Mavic Travel Filmmaker/TRANSITION Whoosh Big Subtle Tonal.wav","travel|filmmaker|soundfx|whoosh|trailer|movie|transition|swoosh|effect|cut|incoming|train|whoosh|transition|whoosh|big|subtle|tonalwav|mavic travel filmmaker|smartsoundfx"
"BEAST 01 Attack 08.wav","Monsters","SmartSoundFX","https://sonniss.com/sound-effects/monsters/","/Sonniss - GDC 2020 - Game Audio Bundle/SmartSoundFX - Monsters/BEAST 01 Attack 08.wav","monsters|voice|huge|giant|attacking|screaming|aggressive|fighting|hitting|evil|battle|big|monster|anxiously|beast|01|attack|08wav|monsters|smartsoundfx"
"BEAST 01 Threaten Short 06.wav","Monsters","SmartSoundFX","https://sonniss.com/sound-effects/monsters/","/Sonniss - GDC 2020 - Game Audio Bundle/SmartSoundFX - Monsters/BEAST 01 Threaten Short 06.wav","monsters|voice|huge|giant|aggressive|angry|dangerous|threatening|warning|fight|scary|evil|attack|big|monster|sniffing|snorting|beast|01|threaten|short|06wav|monsters|smartsoundfx"
"HELLHOUND Idle Weak 03.wav","Monsters","SmartSoundFX","https://sonniss.com/sound-effects/monsters/","/Sonniss - GDC 2020 - Game Audio Bundle/SmartSoundFX - Monsters/HELLHOUND Idle Weak 03.wav","monsters|voice|big|werewolf|dog|dangerous|snorting|sluggish|waiting|temporizing|temporize|biding|wolf|like|monster|roaring|hellhound|idle|weak|03wav|monsters|smartsoundfx"
"ZOMBIE Idle 04.wav","Monsters","SmartSoundFX","https://sonniss.com/sound-effects/monsters/","/Sonniss - GDC 2020 - Game Audio Bundle/SmartSoundFX - Monsters/ZOMBIE Idle 04.wav","monsters|voice|throaty|snorting|sluggish|waiting|temporizing|temporize|biding|distant|dark|male|zombie|perishing|moaning|zombie|idle|04wav|monsters|smartsoundfx"
"AMBIENCE Additional Tropical Forest Soft Insects Calm.wav","Nature South Africa","SmartSoundFX","https://sonniss.com/sound-effects/nature-south-africa/","/Sonniss - GDC 2020 - Game Audio Bundle/SmartSoundFX - Nature South Africa/AMBIENCE Additional Tropical Forest Soft Insects Calm.wav","nature|south|africa|forest|atmo|atmosphere|afternoon|summer|owl|cricket|brazil|quiet|afternoon|forest|atmosphere|ambience|additional|tropical|soft|insects|calmwav|nature south africa|smartsoundfx"
"AMBIENCE Desert Soft Day.wav","Nature South Africa","SmartSoundFX","https://sonniss.com/sound-effects/nature-south-africa/","/Sonniss - GDC 2020 - Game Audio Bundle/SmartSoundFX - Nature South Africa/AMBIENCE Desert Soft Day.wav","nature|south|africa|desert|atmo|atmosphere|desert|day|wind|hot|atmosphere|wind|sparse|plant|ambience|soft|daywav|nature south africa|smartsoundfx"
"AMBIENCE Savanna Medium Dawn River Bed Birds Bedlam.wav","Nature South Africa","SmartSoundFX","https://sonniss.com/sound-effects/nature-south-africa/","/Sonniss - GDC 2020 - Game Audio Bundle/SmartSoundFX - Nature South Africa/AMBIENCE Savanna Medium Dawn River Bed Birds Bedlam.wav","nature|south|africa|savanna|atmo|atmosphere|dawn|morning|sunrise|bush|steppe|hole|birds|chirp|twitter|call|insects|chaotic|in|dried|out|river|bed|many|birds|twittering|and|calling|ambience|savanna|medium|river|bed|bedlamwav|nature south africa|smartsoundfx"
"AMBIENCE Savanna Soft Water Hole Dusk Birds Insects Calm.wav","Nature South Africa","SmartSoundFX","https://sonniss.com/sound-effects/nature-south-africa/","/Sonniss - GDC 2020 - Game Audio Bundle/SmartSoundFX - Nature South Africa/AMBIENCE Savanna Soft Water Hole Dusk Birds Insects Calm.wav","nature|south|africa|savanna|atmo|atmosphere|bush|steppe|birds|insects|hum|buzz|chirp|twitter|calm|water|hole|atmosphere|twittering|and|insects|flying|around|ambience|savanna|soft|water|hole|dusk|calmwav|nature south africa|smartsoundfx"
"BUTTON Generic Metal Medium High Mechanics 02.wav","User Interaction","SmartSoundFX","https://sonniss.com/sound-effects/user-interaction/","/Sonniss - GDC 2020 - Game Audio Bundle/SmartSoundFX - User Interaction/BUTTON Generic Metal Medium High Mechanics 02.wav","user|interaction|interface|user|interface|click|confirm|enable|disable|press|push|metallic|pressing|and|releasing|metal|button|button|generic|metal|medium|high|mechanics|02wav|user interaction|smartsoundfx"
"NOTIFICATION Digital Call Arcade 01.wav","User Interaction","SmartSoundFX","https://sonniss.com/sound-effects/user-interaction/","/Sonniss - GDC 2020 - Game Audio Bundle/SmartSoundFX - User Interaction/NOTIFICATION Digital Call Arcade 01.wav","user|interaction|interface|user|interface|synthetic|feedback|positive|sequence|in|different|pitches|notification|digital|call|arcade|01wav|user interaction|smartsoundfx"
"ORGANIC Paper Book Page Turn Short 02.wav","User Interaction","SmartSoundFX","https://sonniss.com/sound-effects/user-interaction/","/Sonniss - GDC 2020 - Game Audio Bundle/SmartSoundFX - User Interaction/ORGANIC Paper Book Page Turn Short 02.wav","user|interaction|interface|user|interface|feedback|flipping|pages|of|few|rumpled|old|papers|organic|paper|book|page|turn|short|02wav|user interaction|smartsoundfx"
"SLIDE Generic Small Plastic Turn Back 02.wav","User Interaction","SmartSoundFX","https://sonniss.com/sound-effects/user-interaction/","/Sonniss - GDC 2020 - Game Audio Bundle/SmartSoundFX - User Interaction/SLIDE Generic Small Plastic Turn Back 02.wav","user|interaction|interface|user|interface|swish|fader|lever|turning|rattling|plastic|knob|slide|generic|small|plastic|turn|back|02wav|user interaction|smartsoundfx"
"ARMOR Body Drop Chain Leather Short 02.wav","Medieval","SmartSoundFX","https://sonniss.com/sound-effects/medieval/","/Sonniss - GDC 2020 - Game Audio Bundle/SmartSoundFX – Medieval/ARMOR Body Drop Chain Leather Short 02.wav","medieval|foley|chain|mail|leather|clothes|knight|rattle|clatter|duel|battle|war|armor|combat|fight|body|drop|with|chain|and|leather|armour|armor|drop|short|02wav|medieval|smartsoundfx"
"BOW Arrow Hit 05.wav","Medieval","SmartSoundFX","https://sonniss.com/sound-effects/medieval/","/Sonniss - GDC 2020 - Game Audio Bundle/SmartSoundFX – Medieval/BOW Arrow Hit 05.wav","medieval|weapon|arrow|shot|hit|knight|bouncing|arrow|hit|bow|05wav|medieval|smartsoundfx"
"SWORD Hit Metal 02.wav","Medieval","SmartSoundFX","https://sonniss.com/sound-effects/medieval/","/Sonniss - GDC 2020 - Game Audio Bundle/SmartSoundFX – Medieval/SWORD Hit Metal 02.wav","medieval|weapon|melee|duel|fight|combat|battle|metal|clank|jingle|ringing|jangle|bright|loud|impact|hit|metal|with|a|sword|sword|02wav|medieval|smartsoundfx"
"WHOOSH Ball Crackle Small 02.wav","Medieval","SmartSoundFX","https://sonniss.com/sound-effects/medieval/","/Sonniss - GDC 2020 - Game Audio Bundle/SmartSoundFX – Medieval/WHOOSH Ball Crackle Small 02.wav","medieval|fire|transition|noise|flame|burn|wield|torch|crackle|crumble|rustle|long|noisy|fire|whoosh|crackling|and|crumbling|whoosh|ball|small|02wav|medieval|smartsoundfx"
"SBAsw_Mountain Ridge Morning 004.wav","Ambisonics Springtime Woods","Sonic Bat","https://sonniss.com/sound-effects/ambisonics-springtime-woods/","/Sonniss - GDC 2020 - Game Audio Bundle/Sonic Bat - Ambisonics - Springtime Woods/SBAsw_Mountain Ridge Morning 004.wav","sbasw_mountain|ridge|morning|004wav|ambisonics springtime woods|sonic bat"
"SBAsw_Mountain Ridge Windy Morning 005.wav","Ambisonics Springtime Woods","Sonic Bat","https://sonniss.com/sound-effects/ambisonics-springtime-woods/","/Sonniss - GDC 2020 - Game Audio Bundle/Sonic Bat - Ambisonics - Springtime Woods/SBAsw_Mountain Ridge Windy Morning 005.wav","sbasw_mountain|ridge|windy|morning|005wav|ambisonics springtime woods|sonic bat"
"SBAsw_Mountain Trail 003.wav","Ambisonics Springtime Woods","Sonic Bat","https://sonniss.com/sound-effects/ambisonics-springtime-woods/","/Sonniss - GDC 2020 - Game Audio Bundle/Sonic Bat - Ambisonics - Springtime Woods/SBAsw_Mountain Trail 003.wav","sbasw_mountain|trail|003wav|ambisonics springtime woods|sonic bat"
"SBsfi1_Arcade Single 005.wav","Sci Fi Interface Construction Kit Vol. I","Sonic Bat","https://sonniss.com/sound-effects/sci-fi-interface-construction-kit-vol/","/Sonniss - GDC 2020 - Game Audio Bundle/Sonic Bat - Sci-Fi Interface Construction Kit Vol. I/SBsfi1_Arcade Single 005.wav","sbsfi1_arcade|single|005wav|sci fi interface construction kit vol. i|sonic bat"
"SBsfi1_Computer Data Glitch 036.wav","Sci Fi Interface Construction Kit Vol. I","Sonic Bat","https://sonniss.com/sound-effects/sci-fi-interface-construction-kit-vol/","/Sonniss - GDC 2020 - Game Audio Bundle/Sonic Bat - Sci-Fi Interface Construction Kit Vol. I/SBsfi1_Computer Data Glitch 036.wav","sbsfi1_computer|data|glitch|036wav|sci fi interface construction kit vol. i|sonic bat"
"SBsfi1_Playstation 4 Activity 002.wav","Sci Fi Interface Construction Kit Vol. I","Sonic Bat","https://sonniss.com/sound-effects/sci-fi-interface-construction-kit-vol/","/Sonniss - GDC 2020 - Game Audio Bundle/Sonic Bat - Sci-Fi Interface Construction Kit Vol. I/SBsfi1_Playstation 4 Activity 002.wav","sbsfi1_playstation|4|activity|002wav|sci fi interface construction kit vol. i|sonic bat"
"SBsfi1_Select Click 014.wav","Sci Fi Interface Construction Kit Vol. I","Sonic Bat","https://sonniss.com/sound-effects/sci-fi-interface-construction-kit-vol/","/Sonniss - GDC 2020 - Game Audio Bundle/Sonic Bat - Sci-Fi Interface Construction Kit Vol. I/SBsfi1_Select Click 014.wav","sbsfi1_select|click|014wav|sci fi interface construction kit vol. i|sonic bat"
"SBsfi2_Data Rhythm 001.wav","Sci Fi Interface Construction Kit Vol. 2","Sonic Bat","https://sonniss.com/sound-effects/sci-fi-interface-construction-kit-vol-ii/","/Sonniss - GDC 2020 - Game Audio Bundle/Sonic Bat - Sci-Fi Interface Construction Kit Vol. II/SBsfi2_Data Rhythm 001.wav","sbsfi2_data|rhythm|001wav|sci fi interface construction kit vol. 2|sonic bat"
"SBsfi2_Musical Hum 003.wav","Sci Fi Interface Construction Kit Vol. 2","Sonic Bat","https://sonniss.com/sound-effects/sci-fi-interface-construction-kit-vol-ii/","/Sonniss - GDC 2020 - Game Audio Bundle/Sonic Bat - Sci-Fi Interface Construction Kit Vol. II/SBsfi2_Musical Hum 003.wav","sbsfi2_musical|hum|003wav|sci fi interface construction kit vol. 2|sonic bat"
"SBsfi2_Rhythmic Clicking 001.wav","Sci Fi Interface Construction Kit Vol. 2","Sonic Bat","https://sonniss.com/sound-effects/sci-fi-interface-construction-kit-vol-ii/","/Sonniss - GDC 2020 - Game Audio Bundle/Sonic Bat - Sci-Fi Interface Construction Kit Vol. II/SBsfi2_Rhythmic Clicking 001.wav","sbsfi2_rhythmic|clicking|001wav|sci fi interface construction kit vol. 2|sonic bat"
"SBsfi2_Wet Data Hits 001.wav","Sci Fi Interface Construction Kit Vol. 2","Sonic Bat","https://sonniss.com/sound-effects/sci-fi-interface-construction-kit-vol-ii/","/Sonniss - GDC 2020 - Game Audio Bundle/Sonic Bat - Sci-Fi Interface Construction Kit Vol. II/SBsfi2_Wet Data Hits 001.wav","sbsfi2_wet|data|hits|001wav|sci fi interface construction kit vol. 2|sonic bat"
"SBssa_Crowd Booing 002.wav","Soccer Stadium Ambience","Sonic Bat","https://sonniss.com/sound-effects/soccer-stadium-ambience/","/Sonniss - GDC 2020 - Game Audio Bundle/Sonic Bat - Soccer Stadium Ambience/SBssa_Crowd Booing 002.wav","sbssa_crowd|booing|002wav|soccer stadium ambience|sonic bat"
"SBssa_Crowd Chanting 019.wav","Soccer Stadium Ambience","Sonic Bat","https://sonniss.com/sound-effects/soccer-stadium-ambience/","/Sonniss - GDC 2020 - Game Audio Bundle/Sonic Bat - Soccer Stadium Ambience/SBssa_Crowd Chanting 019.wav","sbssa_crowd|chanting|019wav|soccer stadium ambience|sonic bat"
"SBssa_Crowd Talking 010.wav","Soccer Stadium Ambience","Sonic Bat","https://sonniss.com/sound-effects/soccer-stadium-ambience/","/Sonniss - GDC 2020 - Game Audio Bundle/Sonic Bat - Soccer Stadium Ambience/SBssa_Crowd Talking 010.wav","sbssa_crowd|talking|010wav|soccer stadium ambience|sonic bat"
"SBssa_Goal Miss 002.wav","Soccer Stadium Ambience","Sonic Bat","https://sonniss.com/sound-effects/soccer-stadium-ambience/","/Sonniss - GDC 2020 - Game Audio Bundle/Sonic Bat - Soccer Stadium Ambience/SBssa_Goal Miss 002.wav","sbssa_goal|miss|002wav|soccer stadium ambience|sonic bat"
"SBsd_Dark Resonance 001.wav","Synthetic Drones","Sonic Bat","https://sonniss.com/sound-effects/synthetic-drones/","/Sonniss - GDC 2020 - Game Audio Bundle/Sonic Bat - Synthetic Drones/SBsd_Dark Resonance 001.wav","sbsd_dark|resonance|001wav|synthetic drones|sonic bat"
"SBsd_Insectoid Humming 002.wav","Synthetic Drones","Sonic Bat","https://sonniss.com/sound-effects/synthetic-drones/","/Sonniss - GDC 2020 - Game Audio Bundle/Sonic Bat - Synthetic Drones/SBsd_Insectoid Humming 002.wav","sbsd_insectoid|humming|002wav|synthetic drones|sonic bat"
"SBsd_Rhythmic Resonance 001.wav","Synthetic Drones","Sonic Bat","https://sonniss.com/sound-effects/synthetic-drones/","/Sonniss - GDC 2020 - Game Audio Bundle/Sonic Bat - Synthetic Drones/SBsd_Rhythmic Resonance 001.wav","sbsd_rhythmic|resonance|001wav|synthetic drones|sonic bat"
"SBtvbs_Betamax Blank Tape Hiss 003.wav","The VHS & Betamax Sessions","Sonic Bat","https://sonniss.com/sound-effects/vhs-betamax-sessions/","/Sonniss - GDC 2020 - Game Audio Bundle/Sonic Bat - The VHS & Betamax Sessions/SBtvbs_Betamax Blank Tape Hiss 003.wav","sbtvbs_betamax|blank|tape|hiss|003wav|the vhs & betamax sessions|sonic bat"
"SBtvbs_Betamax Tape Eject 004.wav","The VHS & Betamax Sessions","Sonic Bat","https://sonniss.com/sound-effects/vhs-betamax-sessions/","/Sonniss - GDC 2020 - Game Audio Bundle/Sonic Bat - The VHS & Betamax Sessions/SBtvbs_Betamax Tape Eject 004.wav","sbtvbs_betamax|tape|eject|004wav|the vhs & betamax sessions|sonic bat"
"SBtvbs_VHS Digital Clock 001.wav","The VHS & Betamax Sessions","Sonic Bat","https://sonniss.com/sound-effects/vhs-betamax-sessions/","/Sonniss - GDC 2020 - Game Audio Bundle/Sonic Bat - The VHS & Betamax Sessions/SBtvbs_VHS Digital Clock 001.wav","sbtvbs_vhs|digital|clock|001wav|the vhs & betamax sessions|sonic bat"
"SBtvbs_VHS Tape Rewind 001.wav","The VHS & Betamax Sessions","Sonic Bat","https://sonniss.com/sound-effects/vhs-betamax-sessions/","/Sonniss - GDC 2020 - Game Audio Bundle/Sonic Bat - The VHS & Betamax Sessions/SBtvbs_VHS Tape Rewind 001.wav","sbtvbs_vhs|tape|rewind|001wav|the vhs & betamax sessions|sonic bat"
"SBAv_Train Arrival and Departure 004.wav","Ambisonics  Village","Sonic Bat","https://sonniss.com/sound-effects/ambisonics-village/","/Sonniss - GDC 2020 - Game Audio Bundle/Sonic Bat – Ambisonics - Village/SBAv_Train Arrival and Departure 004.wav","sbav_train|arrival|and|departure|004wav|ambisonics  village|sonic bat"
"SBAv_Tram Interior Ride 003.wav","Ambisonics  Village","Sonic Bat","https://sonniss.com/sound-effects/ambisonics-village/","/Sonniss - GDC 2020 - Game Audio Bundle/Sonic Bat – Ambisonics - Village/SBAv_Tram Interior Ride 003.wav","sbav_tram|interior|ride|003wav|ambisonics  village|sonic bat"
"SBAv_Village Ambience 003.wav","Ambisonics  Village","Sonic Bat","https://sonniss.com/sound-effects/ambisonics-village/","/Sonniss - GDC 2020 - Game Audio Bundle/Sonic Bat – Ambisonics - Village/SBAv_Village Ambience 003.wav","sbav_village|ambience|003wav|ambisonics  village|sonic bat"
"SBAv_Village Park Pond 001.wav","Ambisonics  Village","Sonic Bat","https://sonniss.com/sound-effects/ambisonics-village/","/Sonniss - GDC 2020 - Game Audio Bundle/Sonic Bat – Ambisonics - Village/SBAv_Village Park Pond 001.wav","sbav_village|park|pond|001wav|ambisonics  village|sonic bat"
"Ambience, City Park, Distant Traffic, Voices, Birds Chirping-AmbiX.wav","Spatial Cities","Sonik Sound Library","https://sonniss.com/sound-effects/spatial-cities/","/Sonniss - GDC 2020 - Game Audio Bundle/Sonik Sound Library - Spatial Cities/Ambience, City Park, Distant Traffic, Voices, Birds Chirping-AmbiX.wav","ambience|city|park|distant|traffic|voices|birds|chirpingambix|chirpingambixwav|spatial cities|sonik sound library"
"Ambience, Suburb, Quiet Afternoon, Light Traffic-Stereo.wav","Spatial Cities","Sonik Sound Library","https://sonniss.com/sound-effects/spatial-cities/","/Sonniss - GDC 2020 - Game Audio Bundle/Sonik Sound Library - Spatial Cities/Ambience, Suburb, Quiet Afternoon, Light Traffic-Stereo.wav","ambience|suburb|quiet|afternoon|light|trafficstereo|trafficstereowav|spatial cities|sonik sound library"
"Traffic, Auto Horn Jam, Various Cars Energically Whistle, Accelerations and Skids-Surround.wav","Spatial Cities","Sonik Sound Library","https://sonniss.com/sound-effects/spatial-cities/","/Sonniss - GDC 2020 - Game Audio Bundle/Sonik Sound Library - Spatial Cities/Traffic, Auto Horn Jam, Various Cars Energically Whistle, Accelerations and Skids-Surround.wav","traffic|auto|horn|jam|various|cars|energically|whistle|accelerations|and|skids50|skidssurroundwav|spatial cities|sonik sound library"
"Ambience, City, Dense Crowd Walking and Chattering in Comercial Pedestrian Big Street, No Traffic-AmbiX.wav","Spatial Crowds","Sonik Sound Library","https://sonniss.com/sound-effects/spatial-crowds/","/Sonniss - GDC 2020 - Game Audio Bundle/Sonik Sound Library - Spatial Crowds/Ambience, City, Dense Crowd Walking and Chattering in Comercial Pedestrian Big Street, No Traffic-AmbiX.wav","ambience|city|dense|crowd|walking|and|chattering|in|comercial|pedestrian|big|street|no|trafficambix|trafficambixwav|spatial crowds|sonik sound library"
"Ambience, Town, Turistic Main Square, Crowd Chattering, No Traffic-Stereo.wav","Spatial Crowds","Sonik Sound Library","https://sonniss.com/sound-effects/spatial-crowds/","/Sonniss - GDC 2020 - Game Audio Bundle/Sonik Sound Library - Spatial Crowds/Ambience, Town, Turistic Main Square, Crowd Chattering, No Traffic-Stereo.wav","ambience|town|turistic|main|square|crowd|chattering|no|trafficstereo|trafficstereowav|spatial crowds|sonik sound library"
"Ambience, Wedding Crowd, Crowd in a Open Bar Wedding Banquet-Surround.wav","Spatial Crowds","Sonik Sound Library","https://sonniss.com/sound-effects/spatial-crowds/","/Sonniss - GDC 2020 - Game Audio Bundle/Sonik Sound Library - Spatial Crowds/Ambience, Wedding Crowd, Crowd in a Open Bar Wedding Banquet-Surround.wav","ambience|wedding|crowd|in|a|open|bar|banquet50|banquetsurroundwav|spatial crowds|sonik sound library"
"Ambience, Empty Garage Hum, Metal Gate Hitting, Wind Outside, Scary-AmbiX.wav","Spatial Roomtones & Interiors","Sonik Sound Library","https://sonniss.com/sound-effects/spatial-roomtones-interiors/","/Sonniss - GDC 2020 - Game Audio Bundle/Sonik Sound Library - Spatial Roomtones & Interiors/Ambience, Empty Garage Hum, Metal Gate Hitting, Wind Outside, Scary-AmbiX.wav","ambience|empty|garage|hum|metal|gate|hitting|wind|outside|scaryambix|scaryambixwav|spatial roomtones & interiors|sonik sound library"
"Ambience, Roomtone, Computer Classroom, 16 iMacs, Next Door Light Activity, Hum with Hi-Freq Buzz-Stereo.wav","Spatial Roomtones & Interiors","Sonik Sound Library","https://sonniss.com/sound-effects/spatial-roomtones-interiors/","/Sonniss - GDC 2020 - Game Audio Bundle/Sonik Sound Library - Spatial Roomtones & Interiors/Ambience, Roomtone, Computer Classroom, 16 iMacs, Next Door Light Activity, Hum with Hi-Freq Buzz-Stereo.wav","ambience|roomtone|computer|classroom|16|imacs|next|door|light|activity|hum|with|hifreq|buzzstereo|buzzstereowav|spatial roomtones & interiors|sonik sound library"
"Ambience, Roomtone, Quite Room, Air Conditioning Hum & Hiss-Surround.wav","Spatial Roomtones & Interiors","Sonik Sound Library","https://sonniss.com/sound-effects/spatial-roomtones-interiors/","/Sonniss - GDC 2020 - Game Audio Bundle/Sonik Sound Library - Spatial Roomtones & Interiors/Ambience, Roomtone, Quite Room, Air Conditioning Hum & Hiss-Surround.wav","ambience|roomtone|quite|room|air|conditioning|hum|and|hisssurround|&|hisssurroundwav|spatial roomtones & interiors|sonik sound library"
"Ambience, Seashore, Constant Sea Wash, Cliff Perspective, No Voices, Sunset-Stereo.wav","Spatial Shores","Sonik Sound Library","https://sonniss.com/sound-effects/spatial-shores/","/Sonniss - GDC 2020 - Game Audio Bundle/Sonik Sound Library - Spatial Shores/Ambience, Seashore, Constant Sea Wash, Cliff Perspective, No Voices, Sunset-Stereo.wav","ambience|seashore|constant|sea|wash|cliff|perspective|no|voices|sunsetstereo|sunsetstereowav|spatial shores|sonik sound library"
"Sea, Seashore, Water Lapping On Rocks, Sea Wash, Gently-AmbiX.wav","Spatial Shores","Sonik Sound Library","https://sonniss.com/sound-effects/spatial-shores/","/Sonniss - GDC 2020 - Game Audio Bundle/Sonik Sound Library - Spatial Shores/Sea, Seashore, Water Lapping On Rocks, Sea Wash, Gently-AmbiX.wav","sea|seashore|water|lapping|on|rocks|wash|gentlyambix|gentlyambixwav|spatial shores|sonik sound library"
"Sea, Seashore, Water Stream Gurgling On Rock, Crispy Close Perspective, Medium Waves Roll, Far Muffled Voices-Surround.wav","Spatial Shores","Sonik Sound Library","https://sonniss.com/sound-effects/spatial-shores/","/Sonniss - GDC 2020 - Game Audio Bundle/Sonik Sound Library - Spatial Shores/Sea, Seashore, Water Stream Gurgling On Rock, Crispy Close Perspective, Medium Waves Roll, Far Muffled Voices-Surround.wav","sea|seashore|water|stream|gurgling|on|rock|crispy|close|perspective|medium|waves|roll|far|muffled|voicessurround|voicessurroundwav|spatial shores|sonik sound library"
"Ambience, Residential, Night, Crickets, Night Bird-AmbiX.wav","Spatial Towns","Sonik Sound Library","https://sonniss.com/sound-effects/spatial-towns/","/Sonniss - GDC 2020 - Game Audio Bundle/Sonik Sound Library - Spatial Towns/Ambience, Residential, Night, Crickets, Night Bird-AmbiX.wav","ambience|residential|night|crickets|birdambix|birdambixwav|spatial towns|sonik sound library"
"Ambience, Spanish Town, Quite Environment with Human Activity, Open Fence, Turn On Car and Go Away, Female Group Chattering Walking Near By-Stereo.wav","Spatial Towns","Sonik Sound Library","https://sonniss.com/sound-effects/spatial-towns/","/Sonniss - GDC 2020 - Game Audio Bundle/Sonik Sound Library - Spatial Towns/Ambience, Spanish Town, Quite Environment with Human Activity, Open Fence, Turn On Car and Go Away, Female Group Chattering Walking Near By-Stereo.wav","ambience|spanish|town|quite|environment|with|human|activity|open|fence|turn|on|car|and|go|away|female|group|chattering|walking|near|bystereo|bystereowav|spatial towns|sonik sound library"
"Ambience, Town, North Italy, Birds, Ligth Traffic, Church Bells Calling to Mass-Surround.wav","Spatial Towns","Sonik Sound Library","https://sonniss.com/sound-effects/spatial-towns/","/Sonniss - GDC 2020 - Game Audio Bundle/Sonik Sound Library - Spatial Towns/Ambience, Town, North Italy, Birds, Ligth Traffic, Church Bells Calling to Mass-Surround.wav","ambience|town|north|italy|birds|ligth|traffic|church|bells|calling|to|mass50|masssurroundwav|spatial towns|sonik sound library"
"F-16 Jet Fighter passing by overhead and vanishing into the horizon 03.wav","F16 Maneuvers","Sound Ex Machina","https://sonniss.com/sound-effects/f16-maneuvers/","/Sonniss - GDC 2020 - Game Audio Bundle/Sound Ex Machina - F16 Maneuvers/F-16 Jet Fighter passing by overhead and vanishing into the horizon 03.wav","f16|jet|fighter|passing|by|overhead|and|vanishing|into|the|horizon|03|03wav|f16 maneuvers|sound ex machina"
"F-16 pass by (Contact mic, ORTF) 03.wav","F16 Maneuvers","Sound Ex Machina","https://sonniss.com/sound-effects/f16-maneuvers/","/Sonniss - GDC 2020 - Game Audio Bundle/Sound Ex Machina - F16 Maneuvers/F-16 pass by (Contact mic, ORTF) 03.wav","f16|pass|by|(contact|mic|ortf)|03|03wav|f16 maneuvers|sound ex machina"
"Group of F-16 Jet Fighters passing from right to left and vanishing into the horizon.wav","F16 Maneuvers","Sound Ex Machina","https://sonniss.com/sound-effects/f16-maneuvers/","/Sonniss - GDC 2020 - Game Audio Bundle/Sound Ex Machina - F16 Maneuvers/Group of F-16 Jet Fighters passing from right to left and vanishing into the horizon.wav","group|of|f16|jet|fighters|passing|from|right|to|left|and|vanishing|into|the|horizon|horizonwav|f16 maneuvers|sound ex machina"
"TonalWind_Atmo_FluteLikeRoughMids_HeavyBlow _Mono.wav","Tonal Wind","Sound of Essen","https://sonniss.com/sound-effects/tonal-wind/","/Sonniss - GDC 2020 - Game Audio Bundle/Sound of Essen - Tonal Wind/TonalWind_Atmo_FluteLikeRoughMids_HeavyBlow _Mono.wav","sound|wind|intensity|blowing|rough|musicality|like|a|hectic|flute|frequencies|harsh|mids|background|none|tonalwind_atmo_flutelikeroughmids_heavyblow|_monowav|tonal wind|sound of essen"
"TonalWind_Atmo_SealLikeHowling_Mono.wav","Tonal Wind","Sound of Essen","https://sonniss.com/sound-effects/tonal-wind/","/Sonniss - GDC 2020 - Game Audio Bundle/Sound of Essen - Tonal Wind/TonalWind_Atmo_SealLikeHowling_Mono.wav","sound|wind|intensity|hard|blowing|musicality|like|a|seal|animalistic|frequencies|accented|mids|background|more|wind|tonalwind_atmo_seallikehowling_monowav|tonal wind|sound of essen"
"TonalWind_XTra_Windmill_Outside_Stereo.wav","Tonal Wind","Sound of Essen","https://sonniss.com/sound-effects/tonal-wind/","/Sonniss - GDC 2020 - Game Audio Bundle/Sound of Essen - Tonal Wind/TonalWind_XTra_Windmill_Outside_Stereo.wav","sound|windmill|intensity|medium|strong|musicality|wooden|percussion|frequencies|mostly|low|mids|background|none|tonalwind_xtra_windmill_outside_stereowav|tonal wind|sound of essen"
"Electric, Electronic Data, hard disk, pulse, crackle, spurious,long.wav","Electric Field","Sound Sower","https://sonniss.com/sound-effects/electric-field/","/Sonniss - GDC 2020 - Game Audio Bundle/Sound Sower - Electric Field/Electric, Electronic Data, hard disk, pulse, crackle, spurious,long.wav","electric|electronic|data|hard|disk|pulse|crackle|spurious|longwav|electric field|sound sower"
"Electric, Pass-by, distorsion, motor, turning machine, accelerate, increase, decrease.wav","Electric Field","Sound Sower","https://sonniss.com/sound-effects/electric-field/","/Sonniss - GDC 2020 - Game Audio Bundle/Sound Sower - Electric Field/Electric, Pass-by, distorsion, motor, turning machine, accelerate, increase, decrease.wav","electric|permanent|tone|medium|frequency|harsh|passby|distorsion|motor|turning|machine|accelerate|increase|decreasewav|electric field|sound sower"
"Electric, Permanent Tone, High frequency, note A4.wav","Electric Field","Sound Sower","https://sonniss.com/sound-effects/electric-field/","/Sonniss - GDC 2020 - Game Audio Bundle/Sound Sower - Electric Field/Electric, Permanent Tone, High frequency, note A4.wav","electric|permanent|tone|high|frequency|note|a4wav|electric field|sound sower"
"Electric, Switch ON OFF, power, turn-on, medium frequency, motor, pulse, hum.wav","Electric Field","Sound Sower","https://sonniss.com/sound-effects/electric-field/","/Sonniss - GDC 2020 - Game Audio Bundle/Sound Sower - Electric Field/Electric, Switch ON OFF, power, turn-on, medium frequency, motor, pulse, hum.wav","electric|permanent|tone|medium|frequency|harsh|switch|on|off|power|turnon|motor|pulse|humwav|electric field|sound sower"
"01 SPRING WATERFALLS, fall, continuous, regular flow, medium close, Saut des Cuves, MKH8040.wav","Spring Waterfalls","Sound Sower","https://sonniss.com/sound-effects/spring-waterfalls/","/Sonniss - GDC 2020 - Game Audio Bundle/Sound Sower - Spring Waterfalls/01 SPRING WATERFALLS, fall, continuous, regular flow, medium close, Saut des Cuves, MKH8040.wav","01|spring|waterfalls|fall|continuous|regular|flow|medium|close|saut|des|cuves|mkh8040wav|spring waterfalls|sound sower"
"03b SPRING WATERFALLS, river, small flow, close, bubbles, Pont des Fees, MKH8020.wav","Spring Waterfalls","Sound Sower","https://sonniss.com/sound-effects/spring-waterfalls/","/Sonniss - GDC 2020 - Game Audio Bundle/Sound Sower - Spring Waterfalls/03b SPRING WATERFALLS, river, small flow, close, bubbles, Pont des Fees, MKH8020.wav","03b|spring|waterfalls|river|small|flow|close|bubbles|pont|des|fees|mkh8020wav|spring waterfalls|sound sower"
"06c SPRING WATERFALLS, fall, river, far distance, bubbles, Cascade Charlemagne, hydrophone.wav","Spring Waterfalls","Sound Sower","https://sonniss.com/sound-effects/spring-waterfalls/","/Sonniss - GDC 2020 - Game Audio Bundle/Sound Sower - Spring Waterfalls/06c SPRING WATERFALLS, fall, river, far distance, bubbles, Cascade Charlemagne, hydrophone.wav","06c|spring|waterfalls|fall|river|far|distance|bubbles|cascade|charlemagne|hydrophonewav|spring waterfalls|sound sower"
"22 MKH8040 Cars, Vehicles, traffic, road, rural, wave, moderate speed.wav","Vehicles Pass by","Sound Sower","https://sonniss.com/sound-effects/vehicles-pass-by/","/Sonniss - GDC 2020 - Game Audio Bundle/Sound Sower - Vehicles Pass-by/22 MKH8040 Cars, Vehicles, traffic, road, rural, wave, moderate speed.wav","22|mkh8040|cars|vehicles|traffic|road|rural|wave|moderate|speedwav|vehicles pass by|sound sower"
"31 MKH8040 Cars, Vehicles, traffic, road, rural, wave, moderate speed.wav","Vehicles Pass by","Sound Sower","https://sonniss.com/sound-effects/vehicles-pass-by/","/Sonniss - GDC 2020 - Game Audio Bundle/Sound Sower - Vehicles Pass-by/31 MKH8040 Cars, Vehicles, traffic, road, rural, wave, moderate speed.wav","31|mkh8040|cars|vehicles|traffic|road|rural|wave|moderate|speedwav|vehicles pass by|sound sower"
"4 MKH8020, Vehicles, traffic, cars, road, rural, single, moderate speed, MKH8020 4.wav","Vehicles Pass by","Sound Sower","https://sonniss.com/sound-effects/vehicles-pass-by/","/Sonniss - GDC 2020 - Game Audio Bundle/Sound Sower - Vehicles Pass-by/4 MKH8020, Vehicles, traffic, cars, road, rural, single, moderate speed, MKH8020 4.wav","4|mkh8020|vehicles|traffic|cars|road|rural|single|moderate|speed|4wav|vehicles pass by|sound sower"
"43 MKH8040 Truck, Cars, Vehicles, traffic, road, rural, wave, moderate speed.wav","Vehicles Pass by","Sound Sower","https://sonniss.com/sound-effects/vehicles-pass-by/","/Sonniss - GDC 2020 - Game Audio Bundle/Sound Sower - Vehicles Pass-by/43 MKH8040 Truck, Cars, Vehicles, traffic, road, rural, wave, moderate speed.wav","43|mkh8040|truck|cars|vehicles|traffic|road|rural|wave|moderate|speedwav|vehicles pass by|sound sower"
"Broken_Robot_Blip_Chaotic_Pitch_Receipt_Print.wav","Broken Robot","Sound Spark LLC","https://sonniss.com/sound-effects/broken-robot/","/Sonniss - GDC 2020 - Game Audio Bundle/Sound Spark LLC - Broken Robot/Broken_Robot_Blip_Chaotic_Pitch_Receipt_Print.wav","cyborg|computer|ui|interface|device|scifi|hitech|futuristic|click|hit|tick|switch|broken_robot_blip_chaotic_pitch_receipt_printwav|broken robot|sound spark llc"
"Broken_Robot_Morphing_Short_Static_Pitch_Confused_Glitch_02.wav","Broken Robot","Sound Spark LLC","https://sonniss.com/sound-effects/broken-robot/","/Sonniss - GDC 2020 - Game Audio Bundle/Sound Spark LLC - Broken Robot/Broken_Robot_Morphing_Short_Static_Pitch_Confused_Glitch_02.wav","cyborg|computer|ui|interface|device|scifi|hitech|futuristic|transition|movement|mech|broken_robot_morphing_short_static_pitch_confused_glitch_02wav|broken robot|sound spark llc"
"Broken_Robot_Servo_Long_Static_Pitch_01.wav","Broken Robot","Sound Spark LLC","https://sonniss.com/sound-effects/broken-robot/","/Sonniss - GDC 2020 - Game Audio Bundle/Sound Spark LLC - Broken Robot/Broken_Robot_Servo_Long_Static_Pitch_01.wav","cyborg|scifi|hitech|futuristic|transition|movement|mech|gears|gadget|gizmo|broken_robot_servo_long_static_pitch_01wav|broken robot|sound spark llc"
"Broken_Robot_Servo_Short_Falling_Pitch_02.wav","Broken Robot","Sound Spark LLC","https://sonniss.com/sound-effects/broken-robot/","/Sonniss - GDC 2020 - Game Audio Bundle/Sound Spark LLC - Broken Robot/Broken_Robot_Servo_Short_Falling_Pitch_02.wav","cyborg|scifi|hitech|futuristic|transition|movement|mech|gears|gadget|gizmo|broken_robot_servo_short_falling_pitch_02wav|broken robot|sound spark llc"
"Drone_Chaos_Bass_Glitcher_Pre_Shepard_Tone_Processing.wav","Drone Shepard Tones","Sound Spark LLC","https://sonniss.com/sound-effects/drone-shepard-tones/","/Sonniss - GDC 2020 - Game Audio Bundle/Sound Spark LLC - Drone Shepard Tones/Drone_Chaos_Bass_Glitcher_Pre_Shepard_Tone_Processing.wav","shepard|tone|drone|synth|noise|buzz|hum|glitch|random|strange|erratic|chaotic|cacophony|drone_chaos_bass_glitcher_pre_shepard_tone_processingwav|drone shepard tones|sound spark llc"
"Drone_Rhythmic_Tweak_Glitch_Shepard_Tone_Pitch_Rising.wav","Drone Shepard Tones","Sound Spark LLC","https://sonniss.com/sound-effects/drone-shepard-tones/","/Sonniss - GDC 2020 - Game Audio Bundle/Sound Spark LLC - Drone Shepard Tones/Drone_Rhythmic_Tweak_Glitch_Shepard_Tone_Pitch_Rising.wav","shepard|tone|drone|synth|noise|buzz|hum|seamless|loop|looping|musical|metered|pattern|drone_rhythmic_tweak_glitch_shepard_tone_pitch_risingwav|drone shepard tones|sound spark llc"
"Drone_Tonal_Enigmatic_Saw_Shepard_Tone_Pitch_Rising.wav","Drone Shepard Tones","Sound Spark LLC","https://sonniss.com/sound-effects/drone-shepard-tones/","/Sonniss - GDC 2020 - Game Audio Bundle/Sound Spark LLC - Drone Shepard Tones/Drone_Tonal_Enigmatic_Saw_Shepard_Tone_Pitch_Rising.wav","shepard|tone|drone|synth|noise|buzz|hum|seamless|loop|looping|tuned|pitched|harmonic|concordance|drone_tonal_enigmatic_saw_shepard_tone_pitch_risingwav|drone shepard tones|sound spark llc"
"Drone_Tonal_Two_Toned_Shepard_Tone_Pitch_Rising.wav","Drone Shepard Tones","Sound Spark LLC","https://sonniss.com/sound-effects/drone-shepard-tones/","/Sonniss - GDC 2020 - Game Audio Bundle/Sound Spark LLC - Drone Shepard Tones/Drone_Tonal_Two_Toned_Shepard_Tone_Pitch_Rising.wav","shepard|tone|drone|synth|noise|buzz|hum|seamless|loop|looping|tuned|pitched|harmonic|concordance|drone_tonal_two_toned_shepard_tone_pitch_risingwav|drone shepard tones|sound spark llc"
"Electric_Arc_Deep_Bass_Seamless_Loop_02.wav","Electric Arcs and Energy","Sound Spark LLC","https://sonniss.com/sound-effects/electric-arcs-energy/","/Sonniss - GDC 2020 - Game Audio Bundle/Sound Spark LLC - Electric Arcs and Energy/Electric_Arc_Deep_Bass_Seamless_Loop_02.wav","electricity|power|energy|buzz|hum|distortion|signal|drone|arcing|noise|electric_arc_deep_bass_seamless_loop_02wav|electric arcs and energy|sound spark llc"
"Electric_Arc_Reverberant_Shock_Long_05.wav","Electric Arcs and Energy","Sound Spark LLC","https://sonniss.com/sound-effects/electric-arcs-energy/","/Sonniss - GDC 2020 - Game Audio Bundle/Sound Spark LLC - Electric Arcs and Energy/Electric_Arc_Reverberant_Shock_Long_05.wav","electricity|power|energy|buzz|hum|distortion|signal|drone|arcing|noise|electric_arc_reverberant_shock_long_05wav|electric arcs and energy|sound spark llc"
"Electric_Energy_Ambient_Warble_Powerup_03.wav","Electric Arcs and Energy","Sound Spark LLC","https://sonniss.com/sound-effects/electric-arcs-energy/","/Sonniss - GDC 2020 - Game Audio Bundle/Sound Spark LLC - Electric Arcs and Energy/Electric_Energy_Ambient_Warble_Powerup_03.wav","electricity|power|energy|buzz|hum|distortion|signal|charge|reverse|ramp|sweep|transition|weapon|scifi|electric_energy_ambient_warble_powerup_03wav|electric arcs and energy|sound spark llc"
"Electric_Energy_Bit_Erosion_Blast_Powerup_01.wav","Electric Arcs and Energy","Sound Spark LLC","https://sonniss.com/sound-effects/electric-arcs-energy/","/Sonniss - GDC 2020 - Game Audio Bundle/Sound Spark LLC - Electric Arcs and Energy/Electric_Energy_Bit_Erosion_Blast_Powerup_01.wav","electricity|power|energy|buzz|hum|distortion|signal|charge|reverse|ramp|sweep|transition|weapon|scifi|electric_energy_bit_erosion_blast_powerup_01wav|electric arcs and energy|sound spark llc"
"Air_Speeder_Startup_02.wav","Hyperdrive Futuristic Vehicle Elements","Sound Spark LLC","https://sonniss.com/sound-effects/hyperdrive-futuristic-vehicle-elements/","/Sonniss - GDC 2020 - Game Audio Bundle/Sound Spark LLC - Hyperdrive- Futuristic Vehicle Elements/Air_Speeder_Startup_02.wav","scifi|hightech|futuristic|spacecraft|machine|power|drone|engine|movement|bike|hovercraft|zoom|air_speeder_startup_02wav|hyperdrive futuristic vehicle elements|sound spark llc"
"Alien_Chopper_Whoosh_Passby_Long_01.wav","Hyperdrive Futuristic Vehicle Elements","Sound Spark LLC","https://sonniss.com/sound-effects/hyperdrive-futuristic-vehicle-elements/","/Sonniss - GDC 2020 - Game Audio Bundle/Sound Spark LLC - Hyperdrive- Futuristic Vehicle Elements/Alien_Chopper_Whoosh_Passby_Long_01.wav","scifi|hightech|futuristic|spacecraft|machine|power|drone|engine|movement|helicopter|stutter|tremolo|lfo|oscillate|alien_chopper_whoosh_passby_long_01wav|hyperdrive futuristic vehicle elements|sound spark llc"
"Digital_UFO_Accelerate_02.wav","Hyperdrive Futuristic Vehicle Elements","Sound Spark LLC","https://sonniss.com/sound-effects/hyperdrive-futuristic-vehicle-elements/","/Sonniss - GDC 2020 - Game Audio Bundle/Sound Spark LLC - Hyperdrive- Futuristic Vehicle Elements/Digital_UFO_Accelerate_02.wav","scifi|hightech|futuristic|spacecraft|machine|power|drone|engine|movement|alien|chaotic|atonal|synth|digital_ufo_accelerate_02wav|hyperdrive futuristic vehicle elements|sound spark llc"
"Stutter_Jet_Accelerate_03.wav","Hyperdrive Futuristic Vehicle Elements","Sound Spark LLC","https://sonniss.com/sound-effects/hyperdrive-futuristic-vehicle-elements/","/Sonniss - GDC 2020 - Game Audio Bundle/Sound Spark LLC - Hyperdrive- Futuristic Vehicle Elements/Stutter_Jet_Accelerate_03.wav","scifi|hightech|futuristic|spacecraft|machine|power|drone|engine|movement|harrier|fighter|jet|stutter_jet_accelerate_03wav|hyperdrive futuristic vehicle elements|sound spark llc"
"Metal_Souls_Ambient_Drone_Groaning_Depths.wav","Metal Souls","Sound Spark LLC","https://sonniss.com/sound-effects/metal-souls/","/Sonniss - GDC 2020 - Game Audio Bundle/Sound Spark LLC - Metal Souls/Metal_Souls_Ambient_Drone_Groaning_Depths.wav","ambience|space|room|reverb|echo|texture|low|groan|undulating|deep|dark|evil|metal_souls_ambient_drone_groaning_depthswav|metal souls|sound spark llc"
"Metal_Souls_Ambient_Drone_Volcanic_Eruption.wav","Metal Souls","Sound Spark LLC","https://sonniss.com/sound-effects/metal-souls/","/Sonniss - GDC 2020 - Game Audio Bundle/Sound Spark LLC - Metal Souls/Metal_Souls_Ambient_Drone_Volcanic_Eruption.wav","ambience|space|room|reverb|echo|texture|low|groan|undulating|deep|dark|evil|metal_souls_ambient_drone_volcanic_eruptionwav|metal souls|sound spark llc"
"Metal_Souls_Stinger_Echos_of_Time_05.wav","Metal Souls","Sound Spark LLC","https://sonniss.com/sound-effects/metal-souls/","/Sonniss - GDC 2020 - Game Audio Bundle/Sound Spark LLC - Metal Souls/Metal_Souls_Stinger_Echos_of_Time_05.wav","transient|hit|sting|reverb|echo|reverse|texture|low|deep|dark|evil|metal_souls_stinger_echos_of_time_05wav|metal souls|sound spark llc"
"Metal_Souls_Vocalization_Textures_Reverse_Delay_Demon_03.wav","Metal Souls","Sound Spark LLC","https://sonniss.com/sound-effects/metal-souls/","/Sonniss - GDC 2020 - Game Audio Bundle/Sound Spark LLC - Metal Souls/Metal_Souls_Vocalization_Textures_Reverse_Delay_Demon_03.wav","movement|transition|whoosh|ambient|reverb|echo|reverse|texture|low|deep|dark|evil|metal_souls_vocalization_textures_reverse_delay_demon_03wav|metal souls|sound spark llc"
"Ocean_Cave_Resonant_Hole_Wet_Distant_Waves_02.wav","Ocean Ambience 1 Caves, Crevices and Waves","Sound Spark LLC","https://sonniss.com/sound-effects/ocean-ambience-1-caves-crevices-waves/","/Sonniss - GDC 2020 - Game Audio Bundle/Sound Spark LLC - Ocean Ambience 1 Caves, Crevices and Waves/Ocean_Cave_Resonant_Hole_Wet_Distant_Waves_02.wav","ocean|beach|sea|shore|nature|environment|ambience|ambiance|resonant|reverberant|filtered|ocean_cave_resonant_hole_wet_distant_waves_02wav|ocean ambience 1 caves, crevices and waves|sound spark llc"
"Ocean_Shoreline_Wide_General_Perspective_Distant_01.wav","Ocean Ambience 1 Caves, Crevices and Waves","Sound Spark LLC","https://sonniss.com/sound-effects/ocean-ambience-1-caves-crevices-waves/","/Sonniss - GDC 2020 - Game Audio Bundle/Sound Spark LLC - Ocean Ambience 1 Caves, Crevices and Waves/Ocean_Shoreline_Wide_General_Perspective_Distant_01.wav","ocean|beach|sea|shore|nature|environment|ambience|ambiance|water|wet|ocean_shoreline_wide_general_perspective_distant_01wav|ocean ambience 1 caves, crevices and waves|sound spark llc"
"Ocean_Transient_Coquina_Rock_Splash_Low_Noise_06.wav","Ocean Ambience 1 Caves, Crevices and Waves","Sound Spark LLC","https://sonniss.com/sound-effects/ocean-ambience-1-caves-crevices-waves/","/Sonniss - GDC 2020 - Game Audio Bundle/Sound Spark LLC - Ocean Ambience 1 Caves, Crevices and Waves/Ocean_Transient_Coquina_Rock_Splash_Low_Noise_06.wav","ocean|beach|sea|shore|nature|environment|rock|impact|smash|resonant|ocean_transient_coquina_rock_splash_low_noise_06wav|ocean ambience 1 caves, crevices and waves|sound spark llc"
"Ocean_Wave_Crash_Distant_Obstructed_04.wav","Ocean Ambience 1 Caves, Crevices and Waves","Sound Spark LLC","https://sonniss.com/sound-effects/ocean-ambience-1-caves-crevices-waves/","/Sonniss - GDC 2020 - Game Audio Bundle/Sound Spark LLC - Ocean Ambience 1 Caves, Crevices and Waves/Ocean_Wave_Crash_Distant_Obstructed_04.wav","ocean|beach|sea|shore|nature|environment|wet|water|whoosh|transition|movement|noise|ocean_wave_crash_distant_obstructed_04wav|ocean ambience 1 caves, crevices and waves|sound spark llc"
"Dark_Sci-Fi_Transition_01.wav","Whooshes Impacts and Transitions","Sound Spark LLC","https://sonniss.com/sound-effects/whooshes-impacts-transitions/","/Sonniss - GDC 2020 - Game Audio Bundle/Sound Spark LLC - Whooshes Impacts and Transitions/Dark_Sci-Fi_Transition_01.wav","transition|movement|cinematic|animated|stinger|dark|ambient|dark_scifi_transition_01wav|whooshes impacts and transitions|sound spark llc"
"Scary_Breath_Whoosh_05.wav","Whooshes Impacts and Transitions","Sound Spark LLC","https://sonniss.com/sound-effects/whooshes-impacts-transitions/","/Sonniss - GDC 2020 - Game Audio Bundle/Sound Spark LLC - Whooshes Impacts and Transitions/Scary_Breath_Whoosh_05.wav","transition|movement|cinematic|animated|stinger|whoosh|scary|horror|haunted|ghost|scary_breath_whoosh_05wav|whooshes impacts and transitions|sound spark llc"
"Transition_3.wav","Whooshes Impacts and Transitions","Sound Spark LLC","https://sonniss.com/sound-effects/whooshes-impacts-transitions/","/Sonniss - GDC 2020 - Game Audio Bundle/Sound Spark LLC - Whooshes Impacts and Transitions/Transition_3.wav","transition|movement|cinematic|animated|stinger|scifi|hitech|tech|transition_3wav|whooshes impacts and transitions|sound spark llc"
"Whoosh_Fast_02.wav","Whooshes Impacts and Transitions","Sound Spark LLC","https://sonniss.com/sound-effects/whooshes-impacts-transitions/","/Sonniss - GDC 2020 - Game Audio Bundle/Sound Spark LLC - Whooshes Impacts and Transitions/Whoosh_Fast_02.wav","transition|movement|cinematic|animated|stinger|whoosh|swish|swoosh|woosh|whoosh_fast_02wav|whooshes impacts and transitions|sound spark llc"
"006_Strong blast with medium crackles.wav","Fireworks Malta","Sound Villain","https://sonniss.com/sound-effects/fireworks-malta/","/Sonniss - GDC 2020 - Game Audio Bundle/Sound Villain – Fireworks Malta/006_Strong blast with medium crackles.wav","006_strong|blast|with|medium|crackleswav|fireworks malta|sound villain"
"033_Strong blast with sparkle.wav","Fireworks Malta","Sound Villain","https://sonniss.com/sound-effects/fireworks-malta/","/Sonniss - GDC 2020 - Game Audio Bundle/Sound Villain – Fireworks Malta/033_Strong blast with sparkle.wav","033_strong|blast|with|sparklewav|fireworks malta|sound villain"
"048_Spinning wheel with whistle.wav","Fireworks Malta","Sound Villain","https://sonniss.com/sound-effects/fireworks-malta/","/Sonniss - GDC 2020 - Game Audio Bundle/Sound Villain – Fireworks Malta/048_Spinning wheel with whistle.wav","048_spinning|wheel|with|whistlewav|fireworks malta|sound villain"
"053_Very strong blast, crackles, sparkle.wav","Fireworks Malta","Sound Villain","https://sonniss.com/sound-effects/fireworks-malta/","/Sonniss - GDC 2020 - Game Audio Bundle/Sound Villain – Fireworks Malta/053_Very strong blast, crackles, sparkle.wav","053_very|strong|blast|crackles|sparklewav|fireworks malta|sound villain"
"ANGST_SH-CK_SR_065.wav","ANGST  Surrounding Horror","SoundBits","https://sonniss.com/sound-effects/angst-surrounding-horror-designed-soundscapes/","/Sonniss - GDC 2020 - Game Audio Bundle/SoundBits - ANGST - Surrounding Horror/ANGST_SH-CK_SR_065.wav","angst_shck_sr_065wav|angst  surrounding horror|soundbits"
"ANGST_SH-DS_SR_017.wav","ANGST  Surrounding Horror","SoundBits","https://sonniss.com/sound-effects/angst-surrounding-horror-designed-soundscapes/","/Sonniss - GDC 2020 - Game Audio Bundle/SoundBits - ANGST - Surrounding Horror/ANGST_SH-DS_SR_017.wav","surrounding|horror|soundscapes|ambience|atmosphere|drone|dark|bass|low|static|buzzing|angst_shds_sr_017wav|angst  surrounding horror|soundbits"
"ANGST_SH-DS_SR_099.wav","ANGST  Surrounding Horror","SoundBits","https://sonniss.com/sound-effects/angst-surrounding-horror-designed-soundscapes/","/Sonniss - GDC 2020 - Game Audio Bundle/SoundBits - ANGST - Surrounding Horror/ANGST_SH-DS_SR_099.wav","angst_shds_sr_099wav|angst  surrounding horror|soundbits"
"ANGST_SH-DS_ST_122.wav","ANGST  Surrounding Horror","SoundBits","https://sonniss.com/sound-effects/angst-surrounding-horror-designed-soundscapes/","/Sonniss - GDC 2020 - Game Audio Bundle/SoundBits - ANGST - Surrounding Horror/ANGST_SH-DS_ST_122.wav","surrounding|horror|soundscapes|ambience|atmosphere|disturbing|eerie|frightening|drone|dark|creepy|scifi|metal|grains|deep|angst_shds_st_122wav|angst  surrounding horror|soundbits"
"10-Pin_Hit_Close-Up_25.wav","Bowling  Sound Effects","SoundBits","https://sonniss.com/sound-effects/bowling-sound-effects/","/Sonniss - GDC 2020 - Game Audio Bundle/SoundBits - Bowling - Sound Effects/10-Pin_Hit_Close-Up_25.wav","bowling|sports|10|pin|alley|ball|hitting|several|pins|closeup|perspective|10pin_hit_closeup_25wav|bowling  sound effects|soundbits"
"9-Pin-Strike-Hit_Far_04.wav","Bowling  Sound Effects","SoundBits","https://sonniss.com/sound-effects/bowling-sound-effects/","/Sonniss - GDC 2020 - Game Audio Bundle/SoundBits - Bowling - Sound Effects/9-Pin-Strike-Hit_Far_04.wav","bowling|sports|9|pin|skittles|alley|ball|hitting|all|pins|full|strike|far|distance|9pinstrikehit_far_04wav|bowling  sound effects|soundbits"
"9-Pin_Re-Rack_03.wav","Bowling  Sound Effects","SoundBits","https://sonniss.com/sound-effects/bowling-sound-effects/","/Sonniss - GDC 2020 - Game Audio Bundle/SoundBits - Bowling - Sound Effects/9-Pin_Re-Rack_03.wav","bowling|sports|9|pin|skittles|alley|machinery|reracking|pins|on|deck|9pin_rerack_03wav|bowling  sound effects|soundbits"
"9-Pin_Throw-Roll-Hit_02.wav","Bowling  Sound Effects","SoundBits","https://sonniss.com/sound-effects/bowling-sound-effects/","/Sonniss - GDC 2020 - Game Audio Bundle/SoundBits - Bowling - Sound Effects/9-Pin_Throw-Roll-Hit_02.wav","bowling|sports|9|pin|skittles|alley|ball|rolling|pass|by|hitting|only|a|single|9pin_throwrollhit_02wav|bowling  sound effects|soundbits"
"Bird_Flamingos_05.wav","Collected Animals","SoundBits","https://sonniss.com/sound-effects/collected-animals/","/Sonniss - GDC 2020 - Game Audio Bundle/SoundBits - Collected Animals/Bird_Flamingos_05.wav","animal|sounds|voices|of|wildlife|fauna|birds|bird|calls|single|flamingo|calling|caw|bird_flamingos_05wav|collected animals|soundbits"
"Gibbons_02.wav","Collected Animals","SoundBits","https://sonniss.com/sound-effects/collected-animals/","/Sonniss - GDC 2020 - Game Audio Bundle/SoundBits - Collected Animals/Gibbons_02.wav","animal|sounds|voices|of|wildlife|fauna|monkeycalls|gibbon|monkeys|cackling|and|clucking|gibbons_02wav|collected animals|soundbits"
"Pig_Grunt_09.wav","Collected Animals","SoundBits","https://sonniss.com/sound-effects/collected-animals/","/Sonniss - GDC 2020 - Game Audio Bundle/SoundBits - Collected Animals/Pig_Grunt_09.wav","animal|sounds|voices|of|wildlife|fauna|pig|grunting|oinking|snorting|pig_grunt_09wav|collected animals|soundbits"
"Seals_08.wav","Collected Animals","SoundBits","https://sonniss.com/sound-effects/collected-animals/","/Sonniss - GDC 2020 - Game Audio Bundle/SoundBits - Collected Animals/Seals_08.wav","animal|sounds|voices|of|wildlife|fauna|seal|seals|barking|seals_08wav|collected animals|soundbits"
"Air-Compressor_05.wav","Electro mechanics Toolkit 2","SoundBits","https://sonniss.com/sound-effects/electro-mechanics-toolkit-2/","/Sonniss - GDC 2020 - Game Audio Bundle/SoundBits - Electro-mechanics Toolkit 2/Air-Compressor_05.wav","machinery|industry|shop|tool|air|compressor|start|rumble|moans|off|with|chugs|aircompressor_05wav|electro mechanics toolkit 2|soundbits"
"Grinding-Lathe_01_ST_8.wav","Electro mechanics Toolkit 2","SoundBits","https://sonniss.com/sound-effects/electro-mechanics-toolkit-2/","/Sonniss - GDC 2020 - Game Audio Bundle/SoundBits - Electro-mechanics Toolkit 2/Grinding-Lathe_01_ST_8.wav","machinery|industry|lathe|switched|on|grinding|tool|metal|winding|up|and|down|long|whirring|decay|whining|clicking|grindinglathe_01_st_8wav|electro mechanics toolkit 2|soundbits"
"Milling-Machine_02_04.wav","Electro mechanics Toolkit 2","SoundBits","https://sonniss.com/sound-effects/electro-mechanics-toolkit-2/","/Sonniss - GDC 2020 - Game Audio Bundle/SoundBits - Electro-mechanics Toolkit 2/Milling-Machine_02_04.wav","milling|machine|starting|and|stopping|winding|up|down|whirring|whining|long|decay|at|middle|scraping|millingmachine_02_04wav|electro mechanics toolkit 2|soundbits"
"Turning-Lathe_04.wav","Electro mechanics Toolkit 2","SoundBits","https://sonniss.com/sound-effects/electro-mechanics-toolkit-2/","/Sonniss - GDC 2020 - Game Audio Bundle/SoundBits - Electro-mechanics Toolkit 2/Turning-Lathe_04.wav","machinery|industry|tools|lathe|modern|start|run|stop|workshop|turninglathe_04wav|electro mechanics toolkit 2|soundbits"
"JW4-WS_Friction-Organic_MS_057.wav","Just Whoosh 4  Whoosh Sweeteners","SoundBits","https://sonniss.com/sound-effects/whoosh-4-whoosh-sweeteners-bundle/","/Sonniss - GDC 2020 - Game Audio Bundle/SoundBits - Just Whoosh 4 - Whoosh Sweeteners/JW4-WS_Friction-Organic_MS_057.wav","whoosh|movement|scraping|friction|organic|motion|jw4ws_frictionorganic_ms_057wav|just whoosh 4  whoosh sweeteners|soundbits"
"JW4-WS_Metallic-Dystopian_ST_052.wav","Just Whoosh 4  Whoosh Sweeteners","SoundBits","https://sonniss.com/sound-effects/whoosh-4-whoosh-sweeteners-bundle/","/Sonniss - GDC 2020 - Game Audio Bundle/SoundBits - Just Whoosh 4 - Whoosh Sweeteners/JW4-WS_Metallic-Dystopian_ST_052.wav","whoosh|movement|mechanical|motion|tools|metallic|dystopian|pass|by|rumble|metal|moan|steam|punk|jw4ws_metallicdystopian_st_052wav|just whoosh 4  whoosh sweeteners|soundbits"
"JW4-WS_Rattle-Mechanics_ST_064.wav","Just Whoosh 4  Whoosh Sweeteners","SoundBits","https://sonniss.com/sound-effects/whoosh-4-whoosh-sweeteners-bundle/","/Sonniss - GDC 2020 - Game Audio Bundle/SoundBits - Just Whoosh 4 - Whoosh Sweeteners/JW4-WS_Rattle-Mechanics_ST_064.wav","whoosh|transition|rattle|mechanics|pass|by|kinetic|motion|movement|jw4ws_rattlemechanics_st_064wav|just whoosh 4  whoosh sweeteners|soundbits"
"JW4-WS_Water-Swirled_M_012.wav","Just Whoosh 4  Whoosh Sweeteners","SoundBits","https://sonniss.com/sound-effects/whoosh-4-whoosh-sweeteners-bundle/","/Sonniss - GDC 2020 - Game Audio Bundle/SoundBits - Just Whoosh 4 - Whoosh Sweeteners/JW4-WS_Water-Swirled_M_012.wav","whoosh|transition|pass|by|liquid|water|bubbles|swirled|dabble|turbine|wet|motion|movement|jw4ws_waterswirled_m_012wav|just whoosh 4  whoosh sweeteners|soundbits"
"RC-Car_Crashing_10.wav","Rc Cars  Reely Core Buggy","SoundBits","https://sonniss.com/sound-effects/rc-cars-reely-core-buggy/","/Sonniss - GDC 2020 - Game Audio Bundle/SoundBits - Rc Cars - Reely Core Buggy/RC-Car_Crashing_10.wav","rc|car|electric|remote|battery|operated|vehicle|small|motor|toys|toy|friction|accelerate|fast|crash|control|plastic|break|revs|rccar_crashing_10wav|rc cars  reely core buggy|soundbits"
"RC-Car_Driving_50.wav","Rc Cars  Reely Core Buggy","SoundBits","https://sonniss.com/sound-effects/rc-cars-reely-core-buggy/","/Sonniss - GDC 2020 - Game Audio Bundle/SoundBits - Rc Cars - Reely Core Buggy/RC-Car_Driving_50.wav","toys|rc|car|remote|control|electric|battery|operated|vehicle|small|motor|running|and|stop|whining|rccar_driving_50wav|rc cars  reely core buggy|soundbits"
"RC-Car_Idling_30.wav","Rc Cars  Reely Core Buggy","SoundBits","https://sonniss.com/sound-effects/rc-cars-reely-core-buggy/","/Sonniss - GDC 2020 - Game Audio Bundle/SoundBits - Rc Cars - Reely Core Buggy/RC-Car_Idling_30.wav","toys|rc|car|electric|remote|battery|operated|vehicle|small|motor|robot|short|windup|power|down|revving|whining|rccar_idling_30wav|rc cars  reely core buggy|soundbits"
"RC-Car_Steering_13.wav","Rc Cars  Reely Core Buggy","SoundBits","https://sonniss.com/sound-effects/rc-cars-reely-core-buggy/","/Sonniss - GDC 2020 - Game Audio Bundle/SoundBits - Rc Cars - Reely Core Buggy/RC-Car_Steering_13.wav","toys|rc|car|electric|remote|battery|operated|vehicle|small|motor|steering|left|right|wheels|squeal|rccar_steering_13wav|rc cars  reely core buggy|soundbits"
"Scooter_Driving_Short_01_M.wav","Scooter Sfx  '94 Piaggio Sfera 50cc","SoundBits","https://sonniss.com/sound-effects/scooter-sfx-94-piaggio-sfera-50cc/","/Sonniss - GDC 2020 - Game Audio Bundle/SoundBits - Scooter Sfx – ’94 Piaggio Sfera 50cc/Scooter_Driving_Short_01_M.wav","motor|scooter|piaggio|sfera|1994|model|50|cc|driving|short|ride|at|various|speeds|accelerate|decelerate|scooter_driving_short_01_mwav|scooter sfx  '94 piaggio sfera 50cc|soundbits"
"Scooter_False-Start_07_M.wav","Scooter Sfx  '94 Piaggio Sfera 50cc","SoundBits","https://sonniss.com/sound-effects/scooter-sfx-94-piaggio-sfera-50cc/","/Sonniss - GDC 2020 - Game Audio Bundle/SoundBits - Scooter Sfx – ’94 Piaggio Sfera 50cc/Scooter_False-Start_07_M.wav","motor|scooter|piaggio|sfera|1994|model|50|cc|driving|electric|ignition|false|start|malfunction|scooter_falsestart_07_mwav|scooter sfx  '94 piaggio sfera 50cc|soundbits"
"Scooter_Kicker_05_ST.wav","Scooter Sfx  '94 Piaggio Sfera 50cc","SoundBits","https://sonniss.com/sound-effects/scooter-sfx-94-piaggio-sfera-50cc/","/Sonniss - GDC 2020 - Game Audio Bundle/SoundBits - Scooter Sfx – ’94 Piaggio Sfera 50cc/Scooter_Kicker_05_ST.wav","motor|scooter|piaggio|sfera|1994|model|50|ccfoley|mechanic|kickstart|kickstarter|scooter_kicker_05_stwav|scooter sfx  '94 piaggio sfera 50cc|soundbits"
"Scooter_PassBy_06_ST.wav","Scooter Sfx  '94 Piaggio Sfera 50cc","SoundBits","https://sonniss.com/sound-effects/scooter-sfx-94-piaggio-sfera-50cc/","/Sonniss - GDC 2020 - Game Audio Bundle/SoundBits - Scooter Sfx – ’94 Piaggio Sfera 50cc/Scooter_PassBy_06_ST.wav","motor|scooter|piaggio|sfera|1994|model|50|cc|driving|passby|driveby|honk|horn|scooter_passby_06_stwav|scooter sfx  '94 piaggio sfera 50cc|soundbits"
"CST_Chest_Ancient_Close2_SFXWiz.wav","Closets Small Doors","SoundFxwizard","https://sonniss.com/sound-effects/closets-small-doors/","/Sonniss - GDC 2020 - Game Audio Bundle/SoundFxwizard - Closets Small Doors/CST_Chest_Ancient_Close2_SFXWiz.wav","ancient|wooden|chest|with|metallic|hinges|and|rings|closing|dragging|defined|hit|jingles|cst_chest_ancient_close2_sfxwizwav|closets small doors|soundfxwizard"
"CST_Cutlery_Drawer_Open_Medium_SFXWiz.wav","Closets Small Doors","SoundFxwizard","https://sonniss.com/sound-effects/closets-small-doors/","/Sonniss - GDC 2020 - Game Audio Bundle/SoundFxwizard - Closets Small Doors/CST_Cutlery_Drawer_Open_Medium_SFXWiz.wav","drawer|wooden|full|of|cutlery|opening|whooshy|hit|jingle|cst_cutlery_drawer_open_medium_sfxwizwav|closets small doors|soundfxwizard"
"CST_PlasticBox_Tiny_Close_Multiple_SFXWiz.wav","Closets Small Doors","SoundFxwizard","https://sonniss.com/sound-effects/closets-small-doors/","/Sonniss - GDC 2020 - Game Audio Bundle/SoundFxwizard - Closets Small Doors/CST_PlasticBox_Tiny_Close_Multiple_SFXWiz.wav","plastic|box|little|close|jar|bottle|multiple|takes|cst_plasticbox_tiny_close_multiple_sfxwizwav|closets small doors|soundfxwizard"
"CST_Wardrobe_Door_Closure_Action_Multiple_SFXWiz.wav","Closets Small Doors","SoundFxwizard","https://sonniss.com/sound-effects/closets-small-doors/","/Sonniss - GDC 2020 - Game Audio Bundle/SoundFxwizard - Closets Small Doors/CST_Wardrobe_Door_Closure_Action_Multiple_SFXWiz.wav","wardrobe|doors|closure|of|two|in|sequence|with|creaks|and|squeaks|little|hits|multiple|takes|cst_wardrobe_door_closure_action_multiple_sfxwizwav|closets small doors|soundfxwizard"
"PARTICLES_IMPACT_Marble Collapsing.wav","PARTICLES An Organic & Granular Journey","SoundFxwizard","https://sonniss.com/sound-effects/particles-organic-granular-journey/","/Sonniss - GDC 2020 - Game Audio Bundle/SoundFxwizard - PARTICLES An Organic & Granular Journey/PARTICLES_IMPACT_Marble Collapsing.wav","organic|impact|hit|multilayered|foley|recordings|particles_impact_marble|collapsingwav|particles an organic & granular journey|soundfxwizard"
"PARTICLES_LOW END RUMBLE_Engine Drops.wav","PARTICLES An Organic & Granular Journey","SoundFxwizard","https://sonniss.com/sound-effects/particles-organic-granular-journey/","/Sonniss - GDC 2020 - Game Audio Bundle/SoundFxwizard - PARTICLES An Organic & Granular Journey/PARTICLES_LOW END RUMBLE_Engine Drops.wav","low|end|bass|heavy|rumble|lfe|sub|subwoofer|lowpass|filtered|particles_low|end|rumble_engine|dropswav|particles an organic & granular journey|soundfxwizard"
"PARTICLES_RUMBLE_Almonds.wav","PARTICLES An Organic & Granular Journey","SoundFxwizard","https://sonniss.com/sound-effects/particles-organic-granular-journey/","/Sonniss - GDC 2020 - Game Audio Bundle/SoundFxwizard - PARTICLES An Organic & Granular Journey/PARTICLES_RUMBLE_Almonds.wav","food|rummage|foley|handling|props|organic|rumble|close|up|recording|particles_rumble_almondswav|particles an organic & granular journey|soundfxwizard"
"PARTICLES_WHOOSH_Arrow 01.wav","PARTICLES An Organic & Granular Journey","SoundFxwizard","https://sonniss.com/sound-effects/particles-organic-granular-journey/","/Sonniss - GDC 2020 - Game Audio Bundle/SoundFxwizard - PARTICLES An Organic & Granular Journey/PARTICLES_WHOOSH_Arrow 01.wav","organic|whoosh|granular|passby|doppler|particles_whoosh_arrow|01wav|particles an organic & granular journey|soundfxwizard"
"Desert_Atmos_5.wav","SMOOTH Light Touch Production Elemetns","SoundFxwizard","https://sonniss.com/sound-effects/smooth-light-touch-production-elemetns/","/Sonniss - GDC 2020 - Game Audio Bundle/SoundFxwizard - SMOOTH Light Touch Production Elemetns/Desert_Atmos_5.wav","pad|atmosphere|haunted|empty|scifi|ambiance|desert_atmos_5wav|smooth light touch production elemetns|soundfxwizard"
"Paper_04.wav","SMOOTH Light Touch Production Elemetns","SoundFxwizard","https://sonniss.com/sound-effects/smooth-light-touch-production-elemetns/","/Sonniss - GDC 2020 - Game Audio Bundle/SoundFxwizard - SMOOTH Light Touch Production Elemetns/Paper_04.wav","props|foley|reverbered|paper_04wav|smooth light touch production elemetns|soundfxwizard"
"Swell_01.wav","SMOOTH Light Touch Production Elemetns","SoundFxwizard","https://sonniss.com/sound-effects/smooth-light-touch-production-elemetns/","/Sonniss - GDC 2020 - Game Audio Bundle/SoundFxwizard - SMOOTH Light Touch Production Elemetns/Swell_01.wav","soft|ethereal|atmospheric|production|element|swell_01wav|smooth light touch production elemetns|soundfxwizard"
"Tonal Swell_01.wav","SMOOTH Light Touch Production Elemetns","SoundFxwizard","https://sonniss.com/sound-effects/smooth-light-touch-production-elemetns/","/Sonniss - GDC 2020 - Game Audio Bundle/SoundFxwizard - SMOOTH Light Touch Production Elemetns/Tonal Swell_01.wav","tonal|element|futuristic|ui|app|mutimedia|tonal|swell_01wav|smooth light touch production elemetns|soundfxwizard"
"boat plastic foley using paddles swimming interior 2 stereo AB.wav","Abstract Aqua","Soundholder","https://sonniss.com/sound-effects/abstract-aqua/","/Sonniss - GDC 2020 - Game Audio Bundle/Soundholder - Abstract Aqua/boat plastic foley using paddles swimming interior 2 stereo AB.wav","sounds|recorded|inside|a|boat|plastic|foley|using|paddles|swimming|interior|2|stereo|abwav|abstract aqua|soundholder"
"Designed 055 Hydrophone Water Splash And Flow.wav","Abstract Aqua","Soundholder","https://sonniss.com/sound-effects/abstract-aqua/","/Sonniss - GDC 2020 - Game Audio Bundle/Soundholder - Abstract Aqua/Designed 055 Hydrophone Water Splash And Flow.wav","water|bubbles|designed|with|hydrophone|designed|055|hydrophone|splash|and|flowwav|abstract aqua|soundholder"
"Designed 088 Submerge With Sizzle.wav","Abstract Aqua","Soundholder","https://sonniss.com/sound-effects/abstract-aqua/","/Sonniss - GDC 2020 - Game Audio Bundle/Soundholder - Abstract Aqua/Designed 088 Submerge With Sizzle.wav","submerge|sound|with|airy|sizzle|designed|088|with|sizzlewav|abstract aqua|soundholder"
"Audi A3 8L 1.9 TDI engine 2k rpm loop interior stereo.wav","Audi A3 8L 1.9 TDI","Soundholder","https://sonniss.com/sound-effects/audi-a3-8l-1-9-tdi/","/Sonniss - GDC 2020 - Game Audio Bundle/Soundholder - Audi A3 8L 1.9 TDI/Audi A3 8L 1.9 TDI engine 2k rpm loop interior stereo.wav","audi|a3|8l|19|tdi|engine|2k|rpm|loop|interior|stereowav|audi a3 8l 1.9 tdi|soundholder"
"Audi A3 8L 1.9 TDI exterior passby medium speed constant rpm stereo.wav","Audi A3 8L 1.9 TDI","Soundholder","https://sonniss.com/sound-effects/audi-a3-8l-1-9-tdi/","/Sonniss - GDC 2020 - Game Audio Bundle/Soundholder - Audi A3 8L 1.9 TDI/Audi A3 8L 1.9 TDI exterior passby medium speed constant rpm stereo.wav","audi|a3|8l|19|tdi|exterior|passby|medium|speed|constant|rpm|stereowav|audi a3 8l 1.9 tdi|soundholder"
"Audi A3 8L 1.9 TDI foley exterior trunk open mechanism mono.wav","Audi A3 8L 1.9 TDI","Soundholder","https://sonniss.com/sound-effects/audi-a3-8l-1-9-tdi/","/Sonniss - GDC 2020 - Game Audio Bundle/Soundholder - Audi A3 8L 1.9 TDI/Audi A3 8L 1.9 TDI foley exterior trunk open mechanism mono.wav","audi|a3|8l|19|tdi|foley|exterior|trunk|open|mechanism|monowav|audi a3 8l 1.9 tdi|soundholder"
"audi a4 allroad 20TFSI foley door open exterior mono NTG3.wav","Car Foley","Soundholder","https://sonniss.com/sound-effects/car-foley/","/Sonniss - GDC 2020 - Game Audio Bundle/Soundholder - Car Foley/audi a4 allroad 20TFSI foley door open exterior mono NTG3.wav","vehicles|car|audi|a4|allroad|foley|door|open|exterior|20tfsi|mono|ntg3wav|car foley|soundholder"
"bmw 530d e60 foley turn signal mono.wav","Car Foley","Soundholder","https://sonniss.com/sound-effects/car-foley/","/Sonniss - GDC 2020 - Game Audio Bundle/Soundholder - Car Foley/bmw 530d e60 foley turn signal mono.wav","bmw|530d|e60|foley|turn|signal|signals|monowav|car foley|soundholder"
"renault master f3500 dci135 foley air conditioning high mono.wav","Car Foley","Soundholder","https://sonniss.com/sound-effects/car-foley/","/Sonniss - GDC 2020 - Game Audio Bundle/Soundholder - Car Foley/renault master f3500 dci135 foley air conditioning high mono.wav","renault|master|f3500|diesel|vehicle|foley|air|conditioning|high|dci135|monowav|car foley|soundholder"
"Nissan Qashqai I 1.6 Foley EXT - hood close mono.wav","Car Foley 2","Soundholder","https://sonniss.com/sound-effects/car-foley-2/","/Sonniss - GDC 2020 - Game Audio Bundle/Soundholder - Car Foley 2/Nissan Qashqai I 1.6 Foley EXT - hood close mono.wav","nissan|qashqai|i|16|foley|ext|hood|close|monowav|car foley 2|soundholder"
"Renault Master IV 2.3 DCI 165 Foley 08 - INT seatbelt mono.wav","Car Foley 2","Soundholder","https://sonniss.com/sound-effects/car-foley-2/","/Sonniss - GDC 2020 - Game Audio Bundle/Soundholder - Car Foley 2/Renault Master IV 2.3 DCI 165 Foley 08 - INT seatbelt mono.wav","renault|master|iv|23|dci|165|foley|08|int|seatbelt|monowav|car foley 2|soundholder"
"Toyota RAV4 II 2.0 16V Diesel Foley 07 - INT - door open mono.wav","Car Foley 2","Soundholder","https://sonniss.com/sound-effects/car-foley-2/","/Sonniss - GDC 2020 - Game Audio Bundle/Soundholder - Car Foley 2/Toyota RAV4 II 2.0 16V Diesel Foley 07 - INT - door open mono.wav","toyota|rav4|ii|20|16v|diesel|foley|07|int|door|open|monowav|car foley 2|soundholder"
"slush asphalt 11 medium speed puddles stereo D100.wav","Cars In Motion  Wet Asphalt","Soundholder","https://sonniss.com/sound-effects/cars-motion-wet-asphalt/","/Sonniss - GDC 2020 - Game Audio Bundle/Soundholder - Cars In Motion - Wet Asphalt/slush asphalt 11 medium speed puddles stereo D100.wav","slush|asphalt|11|medium|speed|puddles|stereo|d100wav|cars in motion  wet asphalt|soundholder"
"slush asphalt 25 diesel van pass medium speed constant rpm.wav","Cars In Motion  Wet Asphalt","Soundholder","https://sonniss.com/sound-effects/cars-motion-wet-asphalt/","/Sonniss - GDC 2020 - Game Audio Bundle/Soundholder - Cars In Motion - Wet Asphalt/slush asphalt 25 diesel van pass medium speed constant rpm.wav","slush|asphalt|25|diesel|van|pass|medium|speed|constant|rpmwav|cars in motion  wet asphalt|soundholder"
"wet asphalt 28 medium speed passby long stereo D100.wav","Cars In Motion  Wet Asphalt","Soundholder","https://sonniss.com/sound-effects/cars-motion-wet-asphalt/","/Sonniss - GDC 2020 - Game Audio Bundle/Soundholder - Cars In Motion - Wet Asphalt/wet asphalt 28 medium speed passby long stereo D100.wav","wet|asphalt|28|medium|speed|passby|long|stereo|d100wav|cars in motion  wet asphalt|soundholder"
"Audi A3 8L 1.9 TDI exterior passby medium speed whoosh stereo.wav","Cars In Motion II","Soundholder","https://sonniss.com/sound-effects/cars-motion-ii/","/Sonniss - GDC 2020 - Game Audio Bundle/Soundholder - Cars In Motion II/Audi A3 8L 1.9 TDI exterior passby medium speed whoosh stereo.wav","audi|a3|8l|19|tdi|exterior|passby|medium|speed|whoosh|stereowav|cars in motion ii|soundholder"
"Nissan Qashqai I 1.6 EXT - 80kmph passby acceleration whoosh stereo AB.wav","Cars In Motion II","Soundholder","https://sonniss.com/sound-effects/cars-motion-ii/","/Sonniss - GDC 2020 - Game Audio Bundle/Soundholder - Cars In Motion II/Nissan Qashqai I 1.6 EXT - 80kmph passby acceleration whoosh stereo AB.wav","nissan|qashqai|i|16|ext|80kmph|passby|acceleration|whoosh|stereo|abwav|cars in motion ii|soundholder"
"Toyota Corolla Verso 1.6 exterior passby fast whoosh mono.wav","Cars In Motion II","Soundholder","https://sonniss.com/sound-effects/cars-motion-ii/","/Sonniss - GDC 2020 - Game Audio Bundle/Soundholder - Cars In Motion II/Toyota Corolla Verso 1.6 exterior passby fast whoosh mono.wav","toyota|corolla|verso|16|exterior|passby|fast|whoosh|monowav|cars in motion ii|soundholder"
"cartoon voices female amused 2.wav","Cartoon Voices","Soundholder","https://sonniss.com/sound-effects/cartoon-voices/","/Sonniss - GDC 2020 - Game Audio Bundle/Soundholder - Cartoon Voices/cartoon voices female amused 2.wav","cartoon|voices|female|amused|2wav|cartoon voices|soundholder"
"cartoon voices female talking 4.wav","Cartoon Voices","Soundholder","https://sonniss.com/sound-effects/cartoon-voices/","/Sonniss - GDC 2020 - Game Audio Bundle/Soundholder - Cartoon Voices/cartoon voices female talking 4.wav","cartoon|voices|female|talking|4wav|cartoon voices|soundholder"
"cartoon voices male amused surprised 24.wav","Cartoon Voices","Soundholder","https://sonniss.com/sound-effects/cartoon-voices/","/Sonniss - GDC 2020 - Game Audio Bundle/Soundholder - Cartoon Voices/cartoon voices male amused surprised 24.wav","cartoon|voices|male|amused|surprised|24wav|cartoon voices|soundholder"
"cartoon voices male made up language 8.wav","Cartoon Voices","Soundholder","https://sonniss.com/sound-effects/cartoon-voices/","/Sonniss - GDC 2020 - Game Audio Bundle/Soundholder - Cartoon Voices/cartoon voices male made up language 8.wav","cartoon|voices|male|made|up|language|8wav|cartoon voices|soundholder"
"animals cat blue meow 14 mono 96kHz.wav","Cat  Meow Library","Soundholder","https://sonniss.com/sound-effects/cat-meow-library/","/Sonniss - GDC 2020 - Game Audio Bundle/Soundholder - Cat - Meow Library/animals cat blue meow 14 mono 96kHz.wav","animals|cat|blue|meow|14|mono|96khzwav|cat  meow library|soundholder"
"animals cat Fiona 31 meow mono 192kHz.wav","Cat  Meow Library","Soundholder","https://sonniss.com/sound-effects/cat-meow-library/","/Sonniss - GDC 2020 - Game Audio Bundle/Soundholder - Cat - Meow Library/animals cat Fiona 31 meow mono 192kHz.wav","animals|cat|fiona|31|meow|mono|192khzwav|cat  meow library|soundholder"
"animals cat Fiona 63 meow mono 96kHz.wav","Cat  Meow Library","Soundholder","https://sonniss.com/sound-effects/cat-meow-library/","/Sonniss - GDC 2020 - Game Audio Bundle/Soundholder - Cat - Meow Library/animals cat Fiona 63 meow mono 96kHz.wav","animals|cat|fiona|63|meow|mono|96khzwav|cat  meow library|soundholder"
"Dacia Sandero II - 09 - INT - Cabin - 1k RPM loop stereo.wav","Dacia Sandero II 1.0 SCe Engine","Soundholder","https://sonniss.com/sound-effects/dacia-sandero-ii-1-0-sce-engine/","/Sonniss - GDC 2020 - Game Audio Bundle/Soundholder - Dacia Sandero II 1.0 SCe Engine/Dacia Sandero II - 09 - INT - Cabin - 1k RPM loop stereo.wav","dacia|sandero|ii|09|int|cabin|1k|rpm|loop|stereowav|dacia sandero ii 1.0 sce engine|soundholder"
"Dacia Sandero II - 12 - INT - Cabin - 4k RPM loop stereo.wav","Dacia Sandero II 1.0 SCe Engine","Soundholder","https://sonniss.com/sound-effects/dacia-sandero-ii-1-0-sce-engine/","/Sonniss - GDC 2020 - Game Audio Bundle/Soundholder - Dacia Sandero II 1.0 SCe Engine/Dacia Sandero II - 12 - INT - Cabin - 4k RPM loop stereo.wav","dacia|sandero|ii|12|int|cabin|4k|rpm|loop|stereowav|dacia sandero ii 1.0 sce engine|soundholder"
"Dacia Sandero II - 12 - ONB - Engine - 4k RPM loop.wav","Dacia Sandero II 1.0 SCe Engine","Soundholder","https://sonniss.com/sound-effects/dacia-sandero-ii-1-0-sce-engine/","/Sonniss - GDC 2020 - Game Audio Bundle/Soundholder - Dacia Sandero II 1.0 SCe Engine/Dacia Sandero II - 12 - ONB - Engine - 4k RPM loop.wav","dacia|sandero|ii|12|onb|engine|4k|rpm|loopwav|dacia sandero ii 1.0 sce engine|soundholder"
"Audi A4 Allroad 2.0 TFSI Engine 4k rpm loop mono.wav","Game Audio Engines","Soundholder","https://sonniss.com/sound-effects/game-audio-engines/","/Sonniss - GDC 2020 - Game Audio Bundle/Soundholder - Game Audio Engines/Audi A4 Allroad 2.0 TFSI Engine 4k rpm loop mono.wav","audi|a4|allroad|20|tfsi|engine|4k|rpm|loop|monowav|game audio engines|soundholder"
"Porsche Cayenne I 4.8 V8 engine 2k rpm loop mono.wav","Game Audio Engines","Soundholder","https://sonniss.com/sound-effects/game-audio-engines/","/Sonniss - GDC 2020 - Game Audio Bundle/Soundholder - Game Audio Engines/Porsche Cayenne I 4.8 V8 engine 2k rpm loop mono.wav","porsche|cayenne|i|48|v8|engine|2k|rpm|loop|monowav|game audio engines|soundholder"
"Subaru Impreza GD WRX 11 - ONB - Exhaust - 5k rpm loop mono.wav","Game Audio Engines","Soundholder","https://sonniss.com/sound-effects/game-audio-engines/","/Sonniss - GDC 2020 - Game Audio Bundle/Soundholder - Game Audio Engines/Subaru Impreza GD WRX 11 - ONB - Exhaust - 5k rpm loop mono.wav","subaru|impreza|gd|wrx|11|onb|exhaust|5k|rpm|loop|monowav|game audio engines|soundholder"
"Leaf Blower 01 Engine - EXT cold start off side perspective stereo XY.wav","Leaf Blower","Soundholder","https://sonniss.com/sound-effects/leaf-blower/","/Sonniss - GDC 2020 - Game Audio Bundle/Soundholder - Leaf Blower/Leaf Blower 01 Engine - EXT cold start off side perspective stereo XY.wav","leaf|blower|01|engine|ext|cold|start|off|side|perspective|stereo|xywav|leaf blower|soundholder"
"Leaf Blower 01 Engine - ONB cold start off mono.wav","Leaf Blower","Soundholder","https://sonniss.com/sound-effects/leaf-blower/","/Sonniss - GDC 2020 - Game Audio Bundle/Soundholder - Leaf Blower/Leaf Blower 01 Engine - ONB cold start off mono.wav","leaf|blower|01|engine|onb|cold|start|off|monowav|leaf blower|soundholder"
"Leaf Blower 11 Engine - EXT low rpm loop side perspective stereo XY.wav","Leaf Blower","Soundholder","https://sonniss.com/sound-effects/leaf-blower/","/Sonniss - GDC 2020 - Game Audio Bundle/Soundholder - Leaf Blower/Leaf Blower 11 Engine - EXT low rpm loop side perspective stereo XY.wav","leaf|blower|11|engine|ext|low|rpm|loop|side|perspective|stereo|xywav|leaf blower|soundholder"
"Lexus LFA 03 - EXT - passby fast high rpm stereo XY.wav","Lexus LFA 4.8 V10","Soundholder","https://sonniss.com/sound-effects/lexus-lfa-4-8-v10/","/Sonniss - GDC 2020 - Game Audio Bundle/Soundholder - Lexus LFA 4.8 V10/Lexus LFA 03 - EXT - passby fast high rpm stereo XY.wav","lexus|lfa|03|ext|passby|fast|high|rpm|stereo|xywav|lexus lfa 4.8 v10|soundholder"
"Lexus LFA 06 - ONB - Designed - 2k RPM loop mono.wav","Lexus LFA 4.8 V10","Soundholder","https://sonniss.com/sound-effects/lexus-lfa-4-8-v10/","/Sonniss - GDC 2020 - Game Audio Bundle/Soundholder - Lexus LFA 4.8 V10/Lexus LFA 06 - ONB - Designed - 2k RPM loop mono.wav","lexus|lfa|06|onb|designed|2k|rpm|loop|monowav|lexus lfa 4.8 v10|soundholder"
"Lexus LFA 12 - INT - Designed - 8k RPM loop stereo XY.wav","Lexus LFA 4.8 V10","Soundholder","https://sonniss.com/sound-effects/lexus-lfa-4-8-v10/","/Sonniss - GDC 2020 - Game Audio Bundle/Soundholder - Lexus LFA 4.8 V10/Lexus LFA 12 - INT - Designed - 8k RPM loop stereo XY.wav","lexus|lfa|12|int|designed|8k|rpm|loop|stereo|xywav|lexus lfa 4.8 v10|soundholder"
"Mazda 6 III 2.0 Skyactive G exterior passby high rpm whoosh mono.wav","Mazda 6 III 2.0 Skyactive G","Soundholder","https://sonniss.com/sound-effects/mazda-6-iii-2-0-skyactive/","/Sonniss - GDC 2020 - Game Audio Bundle/Soundholder - Mazda 6 III 2.0 Skyactive G/Mazda 6 III 2.0 Skyactive G exterior passby high rpm whoosh mono.wav","mazda|6|iii|20|skyactive|g|exterior|passby|high|rpm|whoosh|monowav|mazda 6 iii 2.0 skyactive g|soundholder"
"Mazda 6 III 2.0 Skyactive G exterior passby steady rpm whoosh stereo ORTF.wav","Mazda 6 III 2.0 Skyactive G","Soundholder","https://sonniss.com/sound-effects/mazda-6-iii-2-0-skyactive/","/Sonniss - GDC 2020 - Game Audio Bundle/Soundholder - Mazda 6 III 2.0 Skyactive G/Mazda 6 III 2.0 Skyactive G exterior passby steady rpm whoosh stereo ORTF.wav","mazda|6|iii|20|skyactive|g|exterior|passby|steady|rpm|whoosh|stereo|ortfwav|mazda 6 iii 2.0 skyactive g|soundholder"
"Mazda 6 III 2.0 Skyactive G foley doors open close interior mono.wav","Mazda 6 III 2.0 Skyactive G","Soundholder","https://sonniss.com/sound-effects/mazda-6-iii-2-0-skyactive/","/Sonniss - GDC 2020 - Game Audio Bundle/Soundholder - Mazda 6 III 2.0 Skyactive G/Mazda 6 III 2.0 Skyactive G foley doors open close interior mono.wav","mazda|6|iii|20|skyactive|g|foley|doors|open|close|interior|monowav|mazda 6 iii 2.0 skyactive g|soundholder"
"Mazda Miata MX5 NBFL 1.6 Modded - 02 - ONB - Designed - on idle gas off.wav","Mazda Miata MX5 NBFL 1.6 Modded","Soundholder","https://sonniss.com/sound-effects/mazda-miata-mx5-nbfl-1-6-modded/","/Sonniss - GDC 2020 - Game Audio Bundle/Soundholder - Mazda Miata MX5 NBFL 1.6 Modded/Mazda Miata MX5 NBFL 1.6 Modded - 02 - ONB - Designed - on idle gas off.wav","mazda|miata|mx5|nbfl|16|modded|02|onb|designed|on|idle|gas|offwav|mazda miata mx5 nbfl 1.6 modded|soundholder"
"Mazda Miata MX5 NBFL 1.6 Modded - 16 - INT - Cabin - 7k RPM loop stereo.wav","Mazda Miata MX5 NBFL 1.6 Modded","Soundholder","https://sonniss.com/sound-effects/mazda-miata-mx5-nbfl-1-6-modded/","/Sonniss - GDC 2020 - Game Audio Bundle/Soundholder - Mazda Miata MX5 NBFL 1.6 Modded/Mazda Miata MX5 NBFL 1.6 Modded - 16 - INT - Cabin - 7k RPM loop stereo.wav","mazda|miata|mx5|nbfl|16|modded|int|cabin|7k|rpm|loop|stereowav|mazda miata mx5 nbfl 1.6 modded|soundholder"
"Mazda Miata MX5 NBFL 1.6 Modded - EXT - 11 - passby constant 20kmph ground stereo.wav","Mazda Miata MX5 NBFL 1.6 Modded","Soundholder","https://sonniss.com/sound-effects/mazda-miata-mx5-nbfl-1-6-modded/","/Sonniss - GDC 2020 - Game Audio Bundle/Soundholder - Mazda Miata MX5 NBFL 1.6 Modded/Mazda Miata MX5 NBFL 1.6 Modded - EXT - 11 - passby constant 20kmph ground stereo.wav","mazda|miata|mx5|nbfl|16|modded|ext|11|passby|constant|20kmph|ground|stereowav|mazda miata mx5 nbfl 1.6 modded|soundholder"
"Mazda Miata MX5 NBFL 1.6 Stock - 10 - INT - Cabin - 4k RPM loop stereo.wav","Mazda Miata MX5 NBFL 1.6 Stock","Soundholder","https://sonniss.com/sound-effects/mazda-miata-mx5-nbfl-1-6-stock/","/Sonniss - GDC 2020 - Game Audio Bundle/Soundholder - Mazda Miata MX5 NBFL 1.6 Stock/Mazda Miata MX5 NBFL 1.6 Stock - 10 - INT - Cabin - 4k RPM loop stereo.wav","mazda|miata|mx5|nbfl|16|stock|10|int|cabin|4k|rpm|loop|stereowav|mazda miata mx5 nbfl 1.6 stock|soundholder"
"Mazda Miata MX5 NBFL 1.6 Stock - EXT - 10 - passby 30kmph constant rpm.wav","Mazda Miata MX5 NBFL 1.6 Stock","Soundholder","https://sonniss.com/sound-effects/mazda-miata-mx5-nbfl-1-6-stock/","/Sonniss - GDC 2020 - Game Audio Bundle/Soundholder - Mazda Miata MX5 NBFL 1.6 Stock/Mazda Miata MX5 NBFL 1.6 Stock - EXT - 10 - passby 30kmph constant rpm.wav","mazda|miata|mx5|nbfl|16|stock|ext|10|passby|30kmph|constant|rpmwav|mazda miata mx5 nbfl 1.6 stock|soundholder"
"Mazda Miata MX5 NBFL 1.6 Stock - Foley - 22 - INT - gloves compartment.wav","Mazda Miata MX5 NBFL 1.6 Stock","Soundholder","https://sonniss.com/sound-effects/mazda-miata-mx5-nbfl-1-6-stock/","/Sonniss - GDC 2020 - Game Audio Bundle/Soundholder - Mazda Miata MX5 NBFL 1.6 Stock/Mazda Miata MX5 NBFL 1.6 Stock - Foley - 22 - INT - gloves compartment.wav","mazda|miata|mx5|nbfl|16|stock|foley|22|int|gloves|compartmentwav|mazda miata mx5 nbfl 1.6 stock|soundholder"
"Mazda RX-8 231HP RENESIS - 07 - EXT - passby 40kmph stereo.wav","Mazda RX 8 231HP RENESIS","Soundholder","https://sonniss.com/sound-effects/mazda-rx-8-231hp-renesis/","/Sonniss - GDC 2020 - Game Audio Bundle/Soundholder - Mazda RX-8 231HP RENESIS/Mazda RX-8 231HP RENESIS - 07 - EXT - passby 40kmph stereo.wav","mazda|rx8|231hp|renesis|07|ext|passby|40kmph|stereowav|mazda rx 8 231hp renesis|soundholder"
"Mazda RX-8 231HP RENESIS - 11 - INT - Cabin - 4k RPM loop stereo.wav","Mazda RX 8 231HP RENESIS","Soundholder","https://sonniss.com/sound-effects/mazda-rx-8-231hp-renesis/","/Sonniss - GDC 2020 - Game Audio Bundle/Soundholder - Mazda RX-8 231HP RENESIS/Mazda RX-8 231HP RENESIS - 11 - INT - Cabin - 4k RPM loop stereo.wav","mazda|rx8|231hp|renesis|11|int|cabin|4k|rpm|loop|stereowav|mazda rx 8 231hp renesis|soundholder"
"Mazda RX-8 231HP RENESIS - 12 - ONB - Designed - 5k RPM loop.wav","Mazda RX 8 231HP RENESIS","Soundholder","https://sonniss.com/sound-effects/mazda-rx-8-231hp-renesis/","/Sonniss - GDC 2020 - Game Audio Bundle/Soundholder - Mazda RX-8 231HP RENESIS/Mazda RX-8 231HP RENESIS - 12 - ONB - Designed - 5k RPM loop.wav","mazda|rx8|231hp|renesis|12|onb|designed|5k|rpm|loopwav|mazda rx 8 231hp renesis|soundholder"
"Mini Countryman F60 SD 03 - EXT DRY - start drive away.wav","Mini Countryman F60 SD","Soundholder","https://sonniss.com/sound-effects/mini-countryman-f60-sd/","/Sonniss - GDC 2020 - Game Audio Bundle/Soundholder - Mini Countryman F60 SD/Mini Countryman F60 SD 03 - EXT DRY - start drive away.wav","mini|countryman|f60|sd|03|ext|dry|start|drive|awaywav|mini countryman f60 sd|soundholder"
"Mini Countryman F60 SD 05 - EXT WET - approach passby front to back.wav","Mini Countryman F60 SD","Soundholder","https://sonniss.com/sound-effects/mini-countryman-f60-sd/","/Sonniss - GDC 2020 - Game Audio Bundle/Soundholder - Mini Countryman F60 SD/Mini Countryman F60 SD 05 - EXT WET - approach passby front to back.wav","mini|countryman|f60|sd|05|ext|wet|approach|passby|front|to|backwav|mini countryman f60 sd|soundholder"
"Mini Countryman F60 SD 09 - ONB - Designed - 2k rpm idle loop.wav","Mini Countryman F60 SD","Soundholder","https://sonniss.com/sound-effects/mini-countryman-f60-sd/","/Sonniss - GDC 2020 - Game Audio Bundle/Soundholder - Mini Countryman F60 SD/Mini Countryman F60 SD 09 - ONB - Designed - 2k rpm idle loop.wav","mini|countryman|f60|sd|09|onb|designed|2k|rpm|idle|loopwav|mini countryman f60 sd|soundholder"
"Nissan Qashqai I 1.6 Engine - 1k rpm loop mono.wav","Nissan Qashqai I 1.6","Soundholder","https://sonniss.com/sound-effects/nissan-qashqai-1-6/","/Sonniss - GDC 2020 - Game Audio Bundle/Soundholder - Nissan Qashqai I 1.6/Nissan Qashqai I 1.6 Engine - 1k rpm loop mono.wav","nissan|qashqai|i|16|engine|1k|rpm|loop|monowav|nissan qashqai i 1.6|soundholder"
"Nissan Qashqai I 1.6 EXT - 70kmph passby steady rpm whoosh stereo XY.wav","Nissan Qashqai I 1.6","Soundholder","https://sonniss.com/sound-effects/nissan-qashqai-1-6/","/Sonniss - GDC 2020 - Game Audio Bundle/Soundholder - Nissan Qashqai I 1.6/Nissan Qashqai I 1.6 EXT - 70kmph passby steady rpm whoosh stereo XY.wav","nissan|qashqai|i|16|ext|70kmph|passby|steady|rpm|whoosh|stereo|xywav|nissan qashqai i 1.6|soundholder"
"Nissan Qashqai I 1.6 Foley EXT - trunk open mono.wav","Nissan Qashqai I 1.6","Soundholder","https://sonniss.com/sound-effects/nissan-qashqai-1-6/","/Sonniss - GDC 2020 - Game Audio Bundle/Soundholder - Nissan Qashqai I 1.6/Nissan Qashqai I 1.6 Foley EXT - trunk open mono.wav","nissan|qashqai|i|16|foley|ext|trunk|open|monowav|nissan qashqai i 1.6|soundholder"
"Nissan Terrano II 2.7 TDi 06 Exhaust - ONB - idle loop mono.wav","Nissan Terrano II 2.7 TDi","Soundholder","https://sonniss.com/sound-effects/nissan-terrano-ii-2-7-tdi/","/Sonniss - GDC 2020 - Game Audio Bundle/Soundholder - Nissan Terrano II 2.7 TDi/Nissan Terrano II 2.7 TDi 06 Exhaust - ONB - idle loop mono.wav","nissan|terrano|ii|27|tdi|06|exhaust|onb|idle|loop|monowav|nissan terrano ii 2.7 tdi|soundholder"
"Nissan Terrano II 2.7 TDi 08 Engine - Designed - 2k RPM loop mono.wav","Nissan Terrano II 2.7 TDi","Soundholder","https://sonniss.com/sound-effects/nissan-terrano-ii-2-7-tdi/","/Sonniss - GDC 2020 - Game Audio Bundle/Soundholder - Nissan Terrano II 2.7 TDi/Nissan Terrano II 2.7 TDi 08 Engine - Designed - 2k RPM loop mono.wav","nissan|terrano|ii|27|tdi|08|engine|designed|2k|rpm|loop|monowav|nissan terrano ii 2.7 tdi|soundholder"
"Nissan Terrano II 2.7 TDi EXT DRY 04 approach stop drive away gentle back mono.wav","Nissan Terrano II 2.7 TDi","Soundholder","https://sonniss.com/sound-effects/nissan-terrano-ii-2-7-tdi/","/Sonniss - GDC 2020 - Game Audio Bundle/Soundholder - Nissan Terrano II 2.7 TDi/Nissan Terrano II 2.7 TDi EXT DRY 04 approach stop drive away gentle back mono.wav","nissan|terrano|ii|27|tdi|ext|dry|04|approach|stop|drive|away|gentle|back|monowav|nissan terrano ii 2.7 tdi|soundholder"
"camera 11 film rewind lever and shutter slow mono 192kHz.wav","Old Cameras 192kHz","Soundholder","https://sonniss.com/sound-effects/cameras-192khz/","/Sonniss - GDC 2020 - Game Audio Bundle/Soundholder - Old Cameras 192kHz/camera 11 film rewind lever and shutter slow mono 192kHz.wav","camera|11|film|rewind|lever|and|shutter|slow|mono|192khzwav|old cameras 192khz|soundholder"
"camera 4 self timer mechanism mono 192kHz.wav","Old Cameras 192kHz","Soundholder","https://sonniss.com/sound-effects/cameras-192khz/","/Sonniss - GDC 2020 - Game Audio Bundle/Soundholder - Old Cameras 192kHz/camera 4 self timer mechanism mono 192kHz.wav","camera|4|self|timer|mechanism|mono|192khzwav|old cameras 192khz|soundholder"
"camera 6 shutter mechanism mono 192kHz.wav","Old Cameras 192kHz","Soundholder","https://sonniss.com/sound-effects/cameras-192khz/","/Sonniss - GDC 2020 - Game Audio Bundle/Soundholder - Old Cameras 192kHz/camera 6 shutter mechanism mono 192kHz.wav","camera|6|shutter|mechanism|mono|192khzwav|old cameras 192khz|soundholder"
"Porsche Cayenne I 4.8 V8 engine 5k rpm loop mono.wav","Porsche Cayenne","Soundholder","https://sonniss.com/sound-effects/porsche-cayenne-4-8-v8/","/Sonniss - GDC 2020 - Game Audio Bundle/Soundholder - Porsche Cayenne - 4.8 V8/Porsche Cayenne I 4.8 V8 engine 5k rpm loop mono.wav","porsche|cayenne|i|48|v8|engine|5k|rpm|loop|monowav|porsche cayenne|soundholder"
"Porsche Cayenne I 4.8 V8 exterior drive away fast roar stereo.wav","Porsche Cayenne","Soundholder","https://sonniss.com/sound-effects/porsche-cayenne-4-8-v8/","/Sonniss - GDC 2020 - Game Audio Bundle/Soundholder - Porsche Cayenne - 4.8 V8/Porsche Cayenne I 4.8 V8 exterior drive away fast roar stereo.wav","porsche|cayenne|i|48|v8|exterior|drive|away|fast|roar|stereowav|porsche cayenne|soundholder"
"Porsche Cayenne I 4.8 V8 foley exterior trunk open mono.wav","Porsche Cayenne","Soundholder","https://sonniss.com/sound-effects/porsche-cayenne-4-8-v8/","/Sonniss - GDC 2020 - Game Audio Bundle/Soundholder - Porsche Cayenne - 4.8 V8/Porsche Cayenne I 4.8 V8 foley exterior trunk open mono.wav","porsche|cayenne|i|48|v8|foley|exterior|trunk|open|monowav|porsche cayenne|soundholder"
"Porsche Macan S 11 - Designed - 2k RPM loop mono.wav","Porsche Macan S 3.0 V6","Soundholder","https://sonniss.com/sound-effects/porsche-macan-3-0-v6/","/Sonniss - GDC 2020 - Game Audio Bundle/Soundholder - Porsche Macan S 3.0 V6/Porsche Macan S 11 - Designed - 2k RPM loop mono.wav","porsche|macan|s|11|designed|2k|rpm|loop|monowav|porsche macan s 3.0 v6|soundholder"
"Porsche Macan S EXT 16 - passby acceleration 60 kmph stereo.wav","Porsche Macan S 3.0 V6","Soundholder","https://sonniss.com/sound-effects/porsche-macan-3-0-v6/","/Sonniss - GDC 2020 - Game Audio Bundle/Soundholder - Porsche Macan S 3.0 V6/Porsche Macan S EXT 16 - passby acceleration 60 kmph stereo.wav","porsche|macan|s|ext|16|passby|acceleration|60|kmph|stereowav|porsche macan s 3.0 v6|soundholder"
"Porsche Macan S Foley 04 - EXT door close saturated mono.wav","Porsche Macan S 3.0 V6","Soundholder","https://sonniss.com/sound-effects/porsche-macan-3-0-v6/","/Sonniss - GDC 2020 - Game Audio Bundle/Soundholder - Porsche Macan S 3.0 V6/Porsche Macan S Foley 04 - EXT door close saturated mono.wav","porsche|macan|s|foley|04|ext|door|close|saturated|monowav|porsche macan s 3.0 v6|soundholder"
"ambient rain light washed out stereo MS.wav","Rain & Thunder","Soundholder","https://sonniss.com/sound-effects/rain-thunder-2/","/Sonniss - GDC 2020 - Game Audio Bundle/Soundholder - Rain & Thunder/ambient rain light washed out stereo MS.wav","ambient|rain|light|washed|out|stereo|mswav|rain & thunder|soundholder"
"ambient thunder clap distant with rain mono.wav","Rain & Thunder","Soundholder","https://sonniss.com/sound-effects/rain-thunder-2/","/Sonniss - GDC 2020 - Game Audio Bundle/Soundholder - Rain & Thunder/ambient thunder clap distant with rain mono.wav","ambient|thunder|clap|distant|with|rain|monowav|rain & thunder|soundholder"
"ambient thunder with subtle rain short dry mono.wav","Rain & Thunder","Soundholder","https://sonniss.com/sound-effects/rain-thunder-2/","/Sonniss - GDC 2020 - Game Audio Bundle/Soundholder - Rain & Thunder/ambient thunder with subtle rain short dry mono.wav","ambient|thunder|with|subtle|rain|short|dry|monowav|rain & thunder|soundholder"
"renault master 2.3 dci engine diesel rpm ramps.wav","Renault Master 2.3 dci","Soundholder","https://sonniss.com/sound-effects/renault-master-2-3-dci/","/Sonniss - GDC 2020 - Game Audio Bundle/Soundholder - Renault Master 2.3 dci/renault master 2.3 dci engine diesel rpm ramps.wav","renault|master|23|dci|engine|diesel|rpm|rampswav|renault master 2.3 dci|soundholder"
"renault master 2.3 dci foley interior radio knob turn.wav","Renault Master 2.3 dci","Soundholder","https://sonniss.com/sound-effects/renault-master-2-3-dci/","/Sonniss - GDC 2020 - Game Audio Bundle/Soundholder - Renault Master 2.3 dci/renault master 2.3 dci foley interior radio knob turn.wav","renault|master|23|dci|foley|interior|radio|knob|turnwav|renault master 2.3 dci|soundholder"
"renault master 2.3 dci wet asphalt ext 12 pass medium speed.wav","Renault Master 2.3 dci","Soundholder","https://sonniss.com/sound-effects/renault-master-2-3-dci/","/Sonniss - GDC 2020 - Game Audio Bundle/Soundholder - Renault Master 2.3 dci/renault master 2.3 dci wet asphalt ext 12 pass medium speed.wav","renault|master|23|dci|wet|asphalt|ext|12|pass|medium|speedwav|renault master 2.3 dci|soundholder"
"renault master 2.3 dci engine diesel rpm ramps.wav","Renault Master IV 2.3 DCI 165","Soundholder","https://sonniss.com/sound-effects/renault-master-iv-2-3-dci-165/","/Sonniss - GDC 2020 - Game Audio Bundle/Soundholder - Renault Master 2.3 dci/renault master 2.3 dci engine diesel rpm ramps.wav","renault|master|23|dci|engine|diesel|rpm|rampswav|renault master iv 2.3 dci 165|soundholder"
"renault master 2.3 dci foley interior slide door close.wav","Renault Master IV 2.3 DCI 165","Soundholder","https://sonniss.com/sound-effects/renault-master-iv-2-3-dci-165/","/Sonniss - GDC 2020 - Game Audio Bundle/Soundholder - Renault Master IV 2.3 DCI 165/renault master 2.3 dci foley interior slide door close.wav","renault|master|23|dci|foley|interior|slide|door|closewav|renault master iv 2.3 dci 165|soundholder"
"renault master 2.3 dci wet asphalt ext 14 pass slow long whoosh.wav","Renault Master IV 2.3 DCI 165","Soundholder","https://sonniss.com/sound-effects/renault-master-iv-2-3-dci-165/","/Sonniss - GDC 2020 - Game Audio Bundle/Soundholder - Renault Master IV 2.3 DCI 165/renault master 2.3 dci wet asphalt ext 14 pass slow long whoosh.wav","renault|master|23|dci|wet|asphalt|ext|14|pass|slow|long|whooshwav|renault master iv 2.3 dci 165|soundholder"
"coins plastic container moving around fast mono.wav","Sack Of Coins","Soundholder","https://sonniss.com/sound-effects/sack-coins/","/Sonniss - GDC 2020 - Game Audio Bundle/Soundholder - Sack Of Coins/coins plastic container moving around fast mono.wav","coins|plastic|container|moving|around|fast|monowav|sack of coins|soundholder"
"coins sack throwing mono.wav","Sack Of Coins","Soundholder","https://sonniss.com/sound-effects/sack-coins/","/Sonniss - GDC 2020 - Game Audio Bundle/Soundholder - Sack Of Coins/coins sack throwing mono.wav","coins|sack|throwing|monowav|sack of coins|soundholder"
"coins throwing from hand to hand mono.wav","Sack Of Coins","Soundholder","https://sonniss.com/sound-effects/sack-coins/","/Sonniss - GDC 2020 - Game Audio Bundle/Soundholder - Sack Of Coins/coins throwing from hand to hand mono.wav","coins|throwing|from|hand|to|monowav|sack of coins|soundholder"
"Seat Ibiza III 1.2 12V engine 3k rpm loop mono.wav","Seat Ibiza III 1.2 12V","Soundholder","https://sonniss.com/sound-effects/seat-ibiza-iii-1-2-12v/","/Sonniss - GDC 2020 - Game Audio Bundle/Soundholder - Seat Ibiza III 1.2 12V/Seat Ibiza III 1.2 12V engine 3k rpm loop mono.wav","seat|ibiza|iii|12|12v|engine|3k|rpm|loop|monowav|seat ibiza iii 1.2 12v|soundholder"
"Seat Ibiza III 1.2 12V exterior drive away slowly stereo.wav","Seat Ibiza III 1.2 12V","Soundholder","https://sonniss.com/sound-effects/seat-ibiza-iii-1-2-12v/","/Sonniss - GDC 2020 - Game Audio Bundle/Soundholder - Seat Ibiza III 1.2 12V/Seat Ibiza III 1.2 12V exterior drive away slowly stereo.wav","seat|ibiza|iii|12|12v|exterior|drive|away|slowly|stereowav|seat ibiza iii 1.2 12v|soundholder"
"Seat Ibiza III 1.2 12V exterior passby fast whoosh pulsing stereo.wav","Seat Ibiza III 1.2 12V","Soundholder","https://sonniss.com/sound-effects/seat-ibiza-iii-1-2-12v/","/Sonniss - GDC 2020 - Game Audio Bundle/Soundholder - Seat Ibiza III 1.2 12V/Seat Ibiza III 1.2 12V exterior passby fast whoosh pulsing stereo.wav","seat|ibiza|iii|12|12v|exterior|passby|fast|whoosh|pulsing|stereowav|seat ibiza iii 1.2 12v|soundholder"
"Subaru Impreza GD WRX 08 - ONB - Engine - 2k rpm loop mono.wav","Subaru Impreza GD WRX","Soundholder","https://sonniss.com/sound-effects/subaru-impreza-gd-wrx/","/Sonniss - GDC 2020 - Game Audio Bundle/Soundholder - Subaru Impreza GD WRX/Subaru Impreza GD WRX 08 - ONB - Engine - 2k rpm loop mono.wav","subaru|impreza|gd|wrx|08|onb|engine|2k|rpm|loop|monowav|subaru impreza gd wrx|soundholder"
"Subaru Impreza GD WRX 12 - INT - 6k rpm loop stereo.wav","Subaru Impreza GD WRX","Soundholder","https://sonniss.com/sound-effects/subaru-impreza-gd-wrx/","/Sonniss - GDC 2020 - Game Audio Bundle/Soundholder - Subaru Impreza GD WRX/Subaru Impreza GD WRX 12 - INT - 6k rpm loop stereo.wav","subaru|impreza|gd|wrx|12|int|6k|rpm|loop|stereowav|subaru impreza gd wrx|soundholder"
"Subaru Impreza GD WRX EXT 14 - passby constant rpm 90kmph ground stereo.wav","Subaru Impreza GD WRX","Soundholder","https://sonniss.com/sound-effects/subaru-impreza-gd-wrx/","/Sonniss - GDC 2020 - Game Audio Bundle/Soundholder - Subaru Impreza GD WRX/Subaru Impreza GD WRX EXT 14 - passby constant rpm 90kmph ground stereo.wav","subaru|impreza|gd|wrx|ext|14|passby|constant|rpm|90kmph|ground|stereowav|subaru impreza gd wrx|soundholder"
"Subaru Legacy 2.5 GT - 02 - ONB - Designed - start idle gas pressing off.wav","Subaru Legacy 2.5 GT","Soundholder","https://sonniss.com/sound-effects/subaru-legacy-2-5-gt/","/Sonniss - GDC 2020 - Game Audio Bundle/Soundholder - Subaru Legacy 2.5 GT/Subaru Legacy 2.5 GT - 02 - ONB - Designed - start idle gas pressing off.wav","subaru|legacy|25|gt|02|onb|designed|start|idle|gas|pressing|offwav|subaru legacy 2.5 gt|soundholder"
"Subaru Legacy 2.5 GT - 08 - ONB - Designed - 2k RPM loop.wav","Subaru Legacy 2.5 GT","Soundholder","https://sonniss.com/sound-effects/subaru-legacy-2-5-gt/","/Sonniss - GDC 2020 - Game Audio Bundle/Soundholder - Subaru Legacy 2.5 GT/Subaru Legacy 2.5 GT - 08 - ONB - Designed - 2k RPM loop.wav","subaru|legacy|25|gt|08|onb|designed|2k|rpm|loopwav|subaru legacy 2.5 gt|soundholder"
"Subaru Legacy 2.5 GT - EXT - 06 - approach stop drive away fast.wav","Subaru Legacy 2.5 GT","Soundholder","https://sonniss.com/sound-effects/subaru-legacy-2-5-gt/","/Sonniss - GDC 2020 - Game Audio Bundle/Soundholder - Subaru Legacy 2.5 GT/Subaru Legacy 2.5 GT - EXT - 06 - approach stop drive away fast.wav","subaru|legacy|25|gt|ext|06|approach|stop|drive|away|fastwav|subaru legacy 2.5 gt|soundholder"
"Toyota Corolla Verso 1.6 engine 3k rpm loop mono.wav","Toyota Corolla Verso 1.6","Soundholder","https://sonniss.com/sound-effects/toyota-corolla-verso-1-6/","/Sonniss - GDC 2020 - Game Audio Bundle/Soundholder - Toyota Corolla Verso 1.6/Toyota Corolla Verso 1.6 engine 3k rpm loop mono.wav","toyota|corolla|verso|16|engine|3k|rpm|loop|monowav|toyota corolla verso 1.6|soundholder"
"Toyota Corolla Verso 1.6 exterior passby fast constant stereo.wav","Toyota Corolla Verso 1.6","Soundholder","https://sonniss.com/sound-effects/toyota-corolla-verso-1-6/","/Sonniss - GDC 2020 - Game Audio Bundle/Soundholder - Toyota Corolla Verso 1.6/Toyota Corolla Verso 1.6 exterior passby fast constant stereo.wav","toyota|corolla|verso|16|exterior|passby|fast|constant|stereowav|toyota corolla verso 1.6|soundholder"
"Toyota Corolla Verso 1.6 foley interior window open mono.wav","Toyota Corolla Verso 1.6","Soundholder","https://sonniss.com/sound-effects/toyota-corolla-verso-1-6/","/Sonniss - GDC 2020 - Game Audio Bundle/Soundholder - Toyota Corolla Verso 1.6/Toyota Corolla Verso 1.6 foley interior window open mono.wav","toyota|corolla|verso|16|foley|interior|window|open|monowav|toyota corolla verso 1.6|soundholder"
"Toyota RAV4 II 2.0 16V Diesel Engine 10 - INT - 3k RPM loop stereo.wav","Toyota RAV 4 II 2.0 16V Diesel","Soundholder","https://sonniss.com/sound-effects/toyota-rav-4-ii-2-0-16v-diesel/","/Sonniss - GDC 2020 - Game Audio Bundle/Soundholder - Toyota RAV 4 II 2.0 16V Diesel/Toyota RAV4 II 2.0 16V Diesel Engine 10 - INT - 3k RPM loop stereo.wav","toyota|rav4|ii|20|16v|diesel|engine|10|int|3k|rpm|loop|stereowav|toyota rav 4 ii 2.0 16v diesel|soundholder"
"Toyota RAV4 II 2.0 16V Diesel Engine 10 - ONB - 3k RPM loop mono.wav","Toyota RAV 4 II 2.0 16V Diesel","Soundholder","https://sonniss.com/sound-effects/toyota-rav-4-ii-2-0-16v-diesel/","/Sonniss - GDC 2020 - Game Audio Bundle/Soundholder - Toyota RAV 4 II 2.0 16V Diesel/Toyota RAV4 II 2.0 16V Diesel Engine 10 - ONB - 3k RPM loop mono.wav","toyota|rav4|ii|20|16v|diesel|engine|10|onb|3k|rpm|loop|monowav|toyota rav 4 ii 2.0 16v diesel|soundholder"
"Toyota RAV4 II 2.0 16V Diesel EXT 12 - passby 90kmph stereo AB.wav","Toyota RAV 4 II 2.0 16V Diesel","Soundholder","https://sonniss.com/sound-effects/toyota-rav-4-ii-2-0-16v-diesel/","/Sonniss - GDC 2020 - Game Audio Bundle/Soundholder - Toyota RAV 4 II 2.0 16V Diesel/Toyota RAV4 II 2.0 16V Diesel EXT 12 - passby 90kmph stereo AB.wav","toyota|rav4|ii|20|16v|diesel|ext|12|passby|90kmph|stereo|abwav|toyota rav 4 ii 2.0 16v diesel|soundholder"
"Volkswagen Caravelle T5 2.0 TDI Engine 09 - INT - 3k rpm loop stereo.wav","Volkswagen Caravelle T5 2.0 TDI","Soundholder","https://sonniss.com/sound-effects/volkswagen-caravelle-t5-2-0-tdi/","/Sonniss - GDC 2020 - Game Audio Bundle/Soundholder - Volkswagen Caravelle T5 2.0 TDI/Volkswagen Caravelle T5 2.0 TDI Engine 09 - INT - 3k rpm loop stereo.wav","volkswagen|caravelle|t5|20|tdi|engine|09|int|3k|rpm|loop|stereowav|volkswagen caravelle t5 2.0 tdi|soundholder"
"Volkswagen Caravelle T5 2.0 TDI EXT 03 - approach stop drive away gentle front stereo AB.wav","Volkswagen Caravelle T5 2.0 TDI","Soundholder","https://sonniss.com/sound-effects/volkswagen-caravelle-t5-2-0-tdi/","/Sonniss - GDC 2020 - Game Audio Bundle/Soundholder - Volkswagen Caravelle T5 2.0 TDI/Volkswagen Caravelle T5 2.0 TDI EXT 03 - approach stop drive away gentle front stereo AB.wav","volkswagen|caravelle|t5|20|tdi|ext|03|approach|stop|drive|away|gentle|front|stereo|abwav|volkswagen caravelle t5 2.0 tdi|soundholder"
"Volkswagen Caravelle T5 2.0 TDI EXT 13 - passby constant rpm 120kmph stereo AB.wav","Volkswagen Caravelle T5 2.0 TDI","Soundholder","https://sonniss.com/sound-effects/volkswagen-caravelle-t5-2-0-tdi/","/Sonniss - GDC 2020 - Game Audio Bundle/Soundholder - Volkswagen Caravelle T5 2.0 TDI/Volkswagen Caravelle T5 2.0 TDI EXT 13 - passby constant rpm 120kmph stereo AB.wav","volkswagen|caravelle|t5|20|tdi|ext|13|passby|constant|rpm|120kmph|stereo|abwav|volkswagen caravelle t5 2.0 tdi|soundholder"
"Bowed Cymbal 2_Highs Mids Lows_Fienup_003.wav","Bowed Cymbal 2 HD","Soundopolis","https://sonniss.com/sound-effects/bowed-cymbal-2-hd/","/Sonniss - GDC 2020 - Game Audio Bundle/Soundopolis - Bowed Cymbal 2 HD/Bowed Cymbal 2_Highs Mids Lows_Fienup_003.wav","bowed|cymbal|percussion|crash|cymbal|stinger|horror|scoff|suspense|riser|sound|design|element|shimmery|soundopolis|2_highs|mids|lows_fienup_003wav|bowed cymbal 2 hd"
"Bowed Cymbal 2_Highs Mids_Fienup_033.wav","Bowed Cymbal 2 HD","Soundopolis","https://sonniss.com/sound-effects/bowed-cymbal-2-hd/","/Sonniss - GDC 2020 - Game Audio Bundle/Soundopolis - Bowed Cymbal 2 HD/Bowed Cymbal 2_Highs Mids_Fienup_033.wav","bowed|cymbal|percussion|crash|cymbal|stinger|horror|scoff|suspense|riser|sound|design|element|shimmery|soundopolis|2_highs|mids_fienup_033wav|bowed cymbal 2 hd"
"Bowed Cymbal 2_Highs_Fienup_005.wav","Bowed Cymbal 2 HD","Soundopolis","https://sonniss.com/sound-effects/bowed-cymbal-2-hd/","/Sonniss - GDC 2020 - Game Audio Bundle/Soundopolis - Bowed Cymbal 2 HD/Bowed Cymbal 2_Highs_Fienup_005.wav","bowed|cymbal|percussion|crash|cymbal|stinger|horror|scoff|suspense|riser|sound|design|element|shimmery|soundopolis|2_highs_fienup_005wav|bowed cymbal 2 hd"
"Bowed Cymbal 2_Mids Lows_Fienup_009.wav","Bowed Cymbal 2 HD","Soundopolis","https://sonniss.com/sound-effects/bowed-cymbal-2-hd/","/Sonniss - GDC 2020 - Game Audio Bundle/Soundopolis - Bowed Cymbal 2 HD/Bowed Cymbal 2_Mids Lows_Fienup_009.wav","bowed|cymbal|percussion|crash|cymbal|stinger|horror|scoff|suspense|riser|sound|design|element|shimmery|soundopolis|2_mids|lows_fienup_009wav|bowed cymbal 2 hd"
"Bowed Cymbal_13HH_Highs Mids Lows_Fienup_016.wav","Bowed Cymbal HD","Soundopolis","https://sonniss.com/sound-effects/bowed-cymbal-hd/","/Sonniss - GDC 2020 - Game Audio Bundle/Soundopolis - Bowed Cymbal HD/Bowed Cymbal_13HH_Highs Mids Lows_Fienup_016.wav","bowed|cymbal|high|hat|percussion|stinger|horror|scifi|suspense|riser|soundopolis|cymbal_13hh_highs|mids|lows_fienup_016wav|bowed cymbal hd"
"Bowed Cymbal_13HH_Highs Mids Lows_Fienup_021.wav","Bowed Cymbal HD","Soundopolis","https://sonniss.com/sound-effects/bowed-cymbal-hd/","/Sonniss - GDC 2020 - Game Audio Bundle/Soundopolis - Bowed Cymbal HD/Bowed Cymbal_13HH_Highs Mids Lows_Fienup_021.wav","bowed|cymbal|high|hat|percussion|stinger|horror|scifi|suspense|riser|soundopolis|cymbal_13hh_highs|mids|lows_fienup_021wav|bowed cymbal hd"
"Bowed Cymbal_17Crash_Mids_Fienup_003.wav","Bowed Cymbal HD","Soundopolis","https://sonniss.com/sound-effects/bowed-cymbal-hd/","/Sonniss - GDC 2020 - Game Audio Bundle/Soundopolis - Bowed Cymbal HD/Bowed Cymbal_17Crash_Mids_Fienup_003.wav","bowed|cymbal|crash|percussion|stinger|horror|scifi|suspense|riser|soundopolis|cymbal_17crash_mids_fienup_003wav|bowed cymbal hd"
"Cymbal Stinger_Designed_5.1_Fienup_002.wav","Bowed Cymbal HD","Soundopolis","https://sonniss.com/sound-effects/bowed-cymbal-hd/","/Sonniss - GDC 2020 - Game Audio Bundle/Soundopolis - Bowed Cymbal HD/Cymbal Stinger_Designed_5.1_Fienup_002.wav","cymbal|stinger|riser|surround|sound|design|element|51|scifi|horror|suspense|shimmery|tremolo|soundopolis|stinger_designed_51_fienup_002wav|bowed cymbal hd"
"Dog_Border Collie Mix_Whining and Bark_Fienup_001.wav","Dogs","Soundopolis","https://sonniss.com/sound-effects/dogs/","/Sonniss - GDC 2020 - Game Audio Bundle/Soundopolis - Dogs/Dog_Border Collie Mix_Whining and Bark_Fienup_001.wav","dog|canine|bark|whine|whimper|breathing|pet|soundopolis|dog_border|collie|mix_whining|and|bark_fienup_001wav|dogs"
"Dog_German Short-Haired Pointer_Bark and Whimper_Fienup_001.wav","Dogs","Soundopolis","https://sonniss.com/sound-effects/dogs/","/Sonniss - GDC 2020 - Game Audio Bundle/Soundopolis - Dogs/Dog_German Short-Haired Pointer_Bark and Whimper_Fienup_001.wav","dog|canine|german|shorthaired|pointer|bark|growl|ferocious|whine|pant|breath|footsteps|collar|nails|on|wood|pet|soundopolis|dog_german|pointer_bark|and|whimper_fienup_001wav|dogs"
"Dog_Shih Tzu_Growl_Fienup_002.wav","Dogs","Soundopolis","https://sonniss.com/sound-effects/dogs/","/Sonniss - GDC 2020 - Game Audio Bundle/Soundopolis - Dogs/Dog_Shih Tzu_Growl_Fienup_002.wav","dog|canine|animal|pet|shih|tzu|growl|soundopolis|dog_shih|tzu_growl_fienup_002wav|dogs"
"Dog_Yorkshire Terrier_Growl_Fienup_001.wav","Dogs","Soundopolis","https://sonniss.com/sound-effects/dogs/","/Sonniss - GDC 2020 - Game Audio Bundle/Soundopolis - Dogs/Dog_Yorkshire Terrier_Growl_Fienup_001.wav","dog|canine|animal|pet|yorkshire|terrier|growl|soundopolis|dog_yorkshire|terrier_growl_fienup_001wav|dogs"
"clutch_pedal_release.wav","Car Interiors","Sounds Great","https://sonniss.com/sound-effects/car-interiors/","/Sonniss - GDC 2020 - Game Audio Bundle/Sounds Great - Car Interiors/clutch_pedal_release.wav","car|clutch|pedal|release|clutch_pedal_releasewav|car interiors|sounds great"
"handbrake_4.wav","Car Interiors","Sounds Great","https://sonniss.com/sound-effects/car-interiors/","/Sonniss - GDC 2020 - Game Audio Bundle/Sounds Great - Car Interiors/handbrake_4.wav","car|handbrake|being|pulled|up|and|released|handbrake_4wav|car interiors|sounds great"
"seatbelt_buckle_in.wav","Car Interiors","Sounds Great","https://sonniss.com/sound-effects/car-interiors/","/Sonniss - GDC 2020 - Game Audio Bundle/Sounds Great - Car Interiors/seatbelt_buckle_in.wav","car|seatbelt|buckle|strap|in|seatbelt_buckle_inwav|car interiors|sounds great"
"signal_lever_on.wav","Car Interiors","Sounds Great","https://sonniss.com/sound-effects/car-interiors/","/Sonniss - GDC 2020 - Game Audio Bundle/Sounds Great - Car Interiors/signal_lever_on.wav","turn|signal|lever|switch|on|signal_lever_onwav|car interiors|sounds great"
"metal_clutter_10.wav","Metal Elements","Sounds Great","https://sonniss.com/sound-effects/metal-elements/","/Sonniss - GDC 2020 - Game Audio Bundle/Sounds Great - Metal Elements/metal_clutter_10.wav","metal|container|with|hinges|falls|flat|on|hard|surface|metal_clutter_10wav|metal elements|sounds great"
"metal_element_spring_2.wav","Metal Elements","Sounds Great","https://sonniss.com/sound-effects/metal-elements/","/Sonniss - GDC 2020 - Game Audio Bundle/Sounds Great - Metal Elements/metal_element_spring_2.wav","spring|metal|element|release|harder|metal_element_spring_2wav|metal elements|sounds great"
"metal_pipe_hit_2.wav","Metal Elements","Sounds Great","https://sonniss.com/sound-effects/metal-elements/","/Sonniss - GDC 2020 - Game Audio Bundle/Sounds Great - Metal Elements/metal_pipe_hit_2.wav","metal|pipe|impact|hit|metal_pipe_hit_2wav|metal elements|sounds great"
"pipe_drop_2.wav","Metal Elements","Sounds Great","https://sonniss.com/sound-effects/metal-elements/","/Sonniss - GDC 2020 - Game Audio Bundle/Sounds Great - Metal Elements/pipe_drop_2.wav","metal|pipe|drop|pipe_drop_2wav|metal elements|sounds great"
"attack_7.wav","Orc Creature Library","Sounds Great","https://sonniss.com/sound-effects/orc-creature-library/","/Sonniss - GDC 2020 - Game Audio Bundle/Sounds Great - Orc Creature Library/attack_7.wav","orc|creature|fight|attack|vocal|hit|swing|throw|roar|attack_7wav|orc creature library|sounds great"
"hit_injured_5.wav","Orc Creature Library","Sounds Great","https://sonniss.com/sound-effects/orc-creature-library/","/Sonniss - GDC 2020 - Game Audio Bundle/Sounds Great - Orc Creature Library/hit_injured_5.wav","orc|creature|gets|hit|struck|injured|pain|roar|hit_injured_5wav|orc creature library|sounds great"
"pain_scream_5.wav","Orc Creature Library","Sounds Great","https://sonniss.com/sound-effects/orc-creature-library/","/Sonniss - GDC 2020 - Game Audio Bundle/Sounds Great - Orc Creature Library/pain_scream_5.wav","orc|creature|pain|suffer|suffering|roar|cry|scream|torture|pain_scream_5wav|orc creature library|sounds great"
"surprise_2.wav","Orc Creature Library","Sounds Great","https://sonniss.com/sound-effects/orc-creature-library/","/Sonniss - GDC 2020 - Game Audio Bundle/Sounds Great - Orc Creature Library/surprise_2.wav","orc|creature|taken|by|surprise|surprise_2wav|orc creature library|sounds great"
"Hort Park, Southern Ridges, Forest, Air Tone, Leaves Rustle, Heavy Traffic, Birds Squawk, Light Cicadas.wav","Singapore Ambiences Singapore Ambiences","Soundtuts","https://sonniss.com/sound-effects/singapore-ambiences/","/Sonniss - GDC 2020 - Game Audio Bundle/Soundtuts - Singapore Ambiences/Hort Park, Southern Ridges, Forest, Air Tone, Leaves Rustle, Heavy Traffic, Birds Squawk, Light Cicadas.wav","hort|park|southern|ridges|forest|air|tone|leaves|rustle|heavy|traffic|birds|squawk|light|cicadas|cicadaswav|singapore ambiences singapore ambiences|soundtuts"
"Street Traffic, Crowd Walla, Slow Car Bys, Running Kid, Bus Arrive, Depart.wav","Singapore Ambiences Singapore Ambiences","Soundtuts","https://sonniss.com/sound-effects/singapore-ambiences/","/Sonniss - GDC 2020 - Game Audio Bundle/Soundtuts - Singapore Ambiences/Street Traffic, Crowd Walla, Slow Car Bys, Running Kid, Bus Arrive, Depart.wav","street|traffic|crowd|walla|slow|car|bys|running|kid|bus|arrive|depart|departwav|singapore ambiences singapore ambiences|soundtuts"
"Telok Ayer Market, Lau Pa Sat, Busy Food Court, Large Crowd Walla, Neon Lights, Ceiling Fans, Construction.wav","Singapore Ambiences Singapore Ambiences","Soundtuts","https://sonniss.com/sound-effects/singapore-ambiences/","/Sonniss - GDC 2020 - Game Audio Bundle/Soundtuts - Singapore Ambiences/Telok Ayer Market, Lau Pa Sat, Busy Food Court, Large Crowd Walla, Neon Lights, Ceiling Fans, Construction.wav","telok|ayer|market|lau|pa|sat|busy|food|court|large|crowd|walla|neon|lights|ceiling|fans|construction|constructionwav|singapore ambiences singapore ambiences|soundtuts"
"Asia_Echoes_Luang Prabang_Night Market_2.wav","Asia Echoes  Laos","Spectravelers","https://sonniss.com/sound-effects/asia-echoes-laos-vietnam/","/Sonniss - GDC 2020 - Game Audio Bundle/Spectravelers - Asia Echoes - Laos - Vietnam/Asia_Echoes_Luang Prabang_Night Market_2.wav","ambience|laos|luang|prabang|night|market|people|walking|and|speaking|laotian|distant|perspective|insect|background|metal|chimes|motorbikes|daytime|asia_echoes_luang|prabang_night|market_2wav|asia echoes  laos|spectravelers"
"Asia_Echoes_Luang Prabang_Vat Temple Yard_Day.wav","Asia Echoes  Laos","Spectravelers","https://sonniss.com/sound-effects/asia-echoes-laos-vietnam/","/Sonniss - GDC 2020 - Game Audio Bundle/Spectravelers - Asia Echoes - Laos - Vietnam/Asia_Echoes_Luang Prabang_Vat Temple Yard_Day.wav","ambience|laos|luang|prabang|inside|a|vat|temple|distant|traffic|birds|people|someone|sweeping|rooster|crowing|insects|daytime|asia_echoes_luang|prabang_vat|yard_daywav|asia echoes  laos|spectravelers"
"Asia_Echoes_Tam Coc_Forest_Day.wav","Asia Echoes  Laos","Spectravelers","https://sonniss.com/sound-effects/asia-echoes-laos-vietnam/","/Sonniss - GDC 2020 - Game Audio Bundle/Spectravelers - Asia Echoes - Laos - Vietnam/Asia_Echoes_Tam Coc_Forest_Day.wav","ambience|vietnam|tam|coc|tropical|forest|many|birds|insects|background|crickets|daytime|asia_echoes_tam|coc_forest_daywav|asia echoes  laos|spectravelers"
"bottle_pop_003.wav","Bar and Coffee Shop","SpillAudio","https://sonniss.com/sound-effects/bar-coffee-shop/","/Sonniss - GDC 2020 - Game Audio Bundle/SpillAudio - Bar and Coffee Shop/bottle_pop_003.wav","bottle|pop|wine|champagne|alcohol|bar|barman|cocktail|bottle_pop_003wav|bar and coffee shop|spillaudio"
"machine_hot_water_006.wav","Bar and Coffee Shop","SpillAudio","https://sonniss.com/sound-effects/bar-coffee-shop/","/Sonniss - GDC 2020 - Game Audio Bundle/SpillAudio - Bar and Coffee Shop/machine_hot_water_006.wav","machine|hot|water|bar|barman|espresso|barista|machine_hot_water_006wav|bar and coffee shop|spillaudio"
"pouring_007.wav","Bar and Coffee Shop","SpillAudio","https://sonniss.com/sound-effects/bar-coffee-shop/","/Sonniss - GDC 2020 - Game Audio Bundle/SpillAudio - Bar and Coffee Shop/pouring_007.wav","pour|pouring|water|cocktail|ice|shaker|liquid|bar|barman|bartender|alcohol|beverage|pouring_007wav|bar and coffee shop|spillaudio"
"steam_007.wav","Bar and Coffee Shop","SpillAudio","https://sonniss.com/sound-effects/bar-coffee-shop/","/Sonniss - GDC 2020 - Game Audio Bundle/SpillAudio - Bar and Coffee Shop/steam_007.wav","steam|espresso|machine|coffee|barista|bar|shop|steamer|steaming|steam_007wav|bar and coffee shop|spillaudio"
"a4_sheet_page_sliding_001.wav","Paper","SpillAudio","https://sonniss.com/sound-effects/paper/","/Sonniss - GDC 2020 - Game Audio Bundle/SpillAudio - Paper/a4_sheet_page_sliding_001.wav","a4|sheet|page|sliding|slide|paper|a4_sheet_page_sliding_001wav|paper|spillaudio"
"magazine_tearing_006.wav","Paper","SpillAudio","https://sonniss.com/sound-effects/paper/","/Sonniss - GDC 2020 - Game Audio Bundle/SpillAudio - Paper/magazine_tearing_006.wav","magazine|tear|tearing|page|paper|magazine_tearing_006wav|paper|spillaudio"
"newspaper_opening_009.wav","Paper","SpillAudio","https://sonniss.com/sound-effects/paper/","/Sonniss - GDC 2020 - Game Audio Bundle/SpillAudio - Paper/newspaper_opening_009.wav","magazine|tear|tearing|page|paper|newspaper_opening_009wav|paper|spillaudio"
"paper_scissors_cutting_004.wav","Paper","SpillAudio","https://sonniss.com/sound-effects/paper/","/Sonniss - GDC 2020 - Game Audio Bundle/SpillAudio - Paper/paper_scissors_cutting_004.wav","paper|scissors|cut|cutting|paper_scissors_cutting_004wav|paper|spillaudio"
"BigExplosion02.wav","Explosions","Stefano Cremona","https://sonniss.com/sound-effects/explosions/","/Sonniss - GDC 2020 - Game Audio Bundle/Stefano Cremona - Explosions/BigExplosion02.wav","snote=fire|ignition|oil|explosion|bigexplosion02wav|explosions|stefano cremona"
"DeepExplosion02.wav","Explosions","Stefano Cremona","https://sonniss.com/sound-effects/explosions/","/Sonniss - GDC 2020 - Game Audio Bundle/Stefano Cremona - Explosions/DeepExplosion02.wav","snote=far|dark|explosion|deepexplosion02wav|explosions|stefano cremona"
"FarExplosion03.wav","Explosions","Stefano Cremona","https://sonniss.com/sound-effects/explosions/","/Sonniss - GDC 2020 - Game Audio Bundle/Stefano Cremona - Explosions/FarExplosion03.wav","snote=far|long|dark|farexplosion03wav|explosions|stefano cremona"
"AAIA 08 Atmos Tonal Stuttery Granular Ringing Drone.wav","Alien and Imagined Atmospheres","Submerged Tapes","https://sonniss.com/sound-effects/alien-imagined-atmospheres/","/Sonniss - GDC 2020 - Game Audio Bundle/Submerged Tapes - Alien and Imagined Atmospheres/AAIA 08 Atmos Tonal Stuttery Granular Ringing Drone.wav","atmos|designed|low|deep|ringing|tonal|drone|desolate|eerie|aaia|08|stuttery|granular|dronewav|alien and imagined atmospheres|submerged tapes"
"AAIA 18 Atmos Deep Rumbly Underwater Synthesised Low Clicky.wav","Alien and Imagined Atmospheres","Submerged Tapes","https://sonniss.com/sound-effects/alien-imagined-atmospheres/","/Sonniss - GDC 2020 - Game Audio Bundle/Submerged Tapes - Alien and Imagined Atmospheres/AAIA 18 Atmos Deep Rumbly Underwater Synthesised Low Clicky.wav","atmos|designed|deep|low|rumble|underwater|drone|clicking|aaia|18|rumbly|synthesised|clickywav|alien and imagined atmospheres|submerged tapes"
"AAIA 33 Atmos Deep Low Spaceship Interior Rumble Growl Drone.wav","Alien and Imagined Atmospheres","Submerged Tapes","https://sonniss.com/sound-effects/alien-imagined-atmospheres/","/Sonniss - GDC 2020 - Game Audio Bundle/Submerged Tapes - Alien and Imagined Atmospheres/AAIA 33 Atmos Deep Low Spaceship Interior Rumble Growl Drone.wav","atmod|designed|low|deep|spaceship|interior|rumble|growl|drone|tonal|aaia|33|atmos|dronewav|alien and imagined atmospheres|submerged tapes"
"CBTV1 21 Toy Synth Major Morgan Distorted Bass Deep Aggressive Low Clicking.wav","Circuit Bent Toys Volume 1","Submerged Tapes","https://sonniss.com/sound-effects/circuit-bent-toys-volume-1/","/Sonniss - GDC 2020 - Game Audio Bundle/Submerged Tapes - Circuit Bent Toys Volume 1/CBTV1 21 Toy Synth Major Morgan Distorted Bass Deep Aggressive Low Clicking.wav","vintage|toy|synthesiser|major|morgan|simple|waveform|pulse|width|distorted|bass|deep|aggressive|clicking|low|cbtv1|21|synth|clickingwav|circuit bent toys volume 1|submerged tapes"
"CBTV1 30 Toy Synth Major Morgan Dirty Deep LFO Bass Modulating Wildly.wav","Circuit Bent Toys Volume 1","Submerged Tapes","https://sonniss.com/sound-effects/circuit-bent-toys-volume-1/","/Sonniss - GDC 2020 - Game Audio Bundle/Submerged Tapes - Circuit Bent Toys Volume 1/CBTV1 30 Toy Synth Major Morgan Dirty Deep LFO Bass Modulating Wildly.wav","vintage|toy|synthesiser|major|morgan|simple|waveform|pulse|width|dirty|deep|lfo|bass|modulating|wild|low|cbtv1|30|synth|wildlywav|circuit bent toys volume 1|submerged tapes"
"CBTV1 63 Toy Synth Stylophone High C Vibrato On.wav","Circuit Bent Toys Volume 1","Submerged Tapes","https://sonniss.com/sound-effects/circuit-bent-toys-volume-1/","/Sonniss - GDC 2020 - Game Audio Bundle/Submerged Tapes - Circuit Bent Toys Volume 1/CBTV1 63 Toy Synth Stylophone High C Vibrato On.wav","vintage|toy|synthesiser|stylophone|vibrato|high|c|cbtv1|63|synth|onwav|circuit bent toys volume 1|submerged tapes"
"CBTV1 76 Toy Synth Stylophone High Pitched Squeal Scream Feedback.wav","Circuit Bent Toys Volume 1","Submerged Tapes","https://sonniss.com/sound-effects/circuit-bent-toys-volume-1/","/Sonniss - GDC 2020 - Game Audio Bundle/Submerged Tapes - Circuit Bent Toys Volume 1/CBTV1 76 Toy Synth Stylophone High Pitched Squeal Scream Feedback.wav","vintage|toy|synthesiser|stylophone|electronic|glitch|scream|squeal|high|cbtv1|76|synth|pitched|feedbackwav|circuit bent toys volume 1|submerged tapes"
"FFPA 06 Car Ford Fusion Petrol 1.6 Door Open Aggressive Click MKH8050 CU.wav","Ford Fusion Plus Ambisonics","Submerged Tapes","https://sonniss.com/sound-effects/ford-fusion-ambisonics/","/Sonniss - GDC 2020 - Game Audio Bundle/Submerged Tapes - Ford Fusion Plus Ambisonics/FFPA 06 Car Ford Fusion Petrol 1.6 Door Open Aggressive Click MKH8050 CU.wav","auto|car|ford|fusion|plus|petrol|16|duratec|engine|2009|model|door|open|aggressive|click|sennheiser|mkh8050|cu|rx|spectral|denoise|applied|ffpa|06|cuwav|ford fusion plus ambisonics|submerged tapes"
"FFPA 23 Car Ford Fusion Petrol 1.6 Duratec Turn Key And Start Engine Rev In Neutral Stereo Rode NT5 ORTF MCU.wav","Ford Fusion Plus Ambisonics","Submerged Tapes","https://sonniss.com/sound-effects/ford-fusion-ambisonics/","/Sonniss - GDC 2020 - Game Audio Bundle/Submerged Tapes - Ford Fusion Plus Ambisonics/FFPA 23 Car Ford Fusion Petrol 1.6 Duratec Turn Key And Start Engine Rev In Neutral Stereo Rode NT5 ORTF MCU.wav","auto|car|ford|fusion|plus|petrol|16|duratec|engine|2009|model|turn|key|and|start|then|rev|in|neutral|stereo|rode|nt5|ortf|mcu|ffpa|23|and|in|mcuwav|ford fusion plus ambisonics|submerged tapes"
"FFPA 27 Car Ford Fusion Petrol 1.6 Interior Manual Window Wind Down MKH416 CU.wav","Ford Fusion Plus Ambisonics","Submerged Tapes","https://sonniss.com/sound-effects/ford-fusion-ambisonics/","/Sonniss - GDC 2020 - Game Audio Bundle/Submerged Tapes - Ford Fusion Plus Ambisonics/FFPA 27 Car Ford Fusion Petrol 1.6 Interior Manual Window Wind Down MKH416 CU.wav","auto|car|ford|fusion|plus|petrol|16|duratec|engine|2009|model|interior|manual|window|wind|down|sennheiser|mkh416|cu|rx|spectral|denoise|applied|ffpa|27|cuwav|ford fusion plus ambisonics|submerged tapes"
"FFPA 44 Car Ford Fusion Petrol 1.6 Interior Atmos Engine Off Countryside Stereo Sennheiser ME2 Spaced Pair.wav","Ford Fusion Plus Ambisonics","Submerged Tapes","https://sonniss.com/sound-effects/ford-fusion-ambisonics/","/Sonniss - GDC 2020 - Game Audio Bundle/Submerged Tapes - Ford Fusion Plus Ambisonics/FFPA 44 Car Ford Fusion Petrol 1.6 Interior Atmos Engine Off Countryside Stereo Sennheiser ME2 Spaced Pair.wav","auto|car|ford|fusion|plus|petrol|16|duratec|engine|2009|model|interior|atmos|off|countryside|stereo|spaced|omni|sennheiser|me2|ffpa|44|pairwav|ford fusion plus ambisonics|submerged tapes"
"PD27,Polystyrene,Friction,Sawing,Intense,Snap,At,End.wav","Polystyrene Destruction","Submerged Tapes","https://sonniss.com/sound-effects/polystyrene-destruction/","/Sonniss - GDC 2020 - Game Audio Bundle/Submerged Tapes - Polystyrene Destruction/PD27,Polystyrene,Friction,Sawing,Intense,Snap,At,End.wav","polystyrene|raw|saw|sawing|friction|intense|squealing|snap|creak|pd27|at|endwav|polystyrene destruction|submerged tapes"
"PD29,Polystyrene,Designed,Slow,Pitch,Up,Rubbery,Squealing,Squeak,Snap,At,End.wav","Polystyrene Destruction","Submerged Tapes","https://sonniss.com/sound-effects/polystyrene-destruction/","/Sonniss - GDC 2020 - Game Audio Bundle/Submerged Tapes - Polystyrene Destruction/PD29,Polystyrene,Designed,Slow,Pitch,Up,Rubbery,Squealing,Squeak,Snap,At,End.wav","polystyrene|designed|slow|pitched|rubbery|squealing|squeal|squeak|snap|gore|bone|break|sweetener|pd29|pitch|up|at|endwav|polystyrene destruction|submerged tapes"
"PD32,Polystyrene,Designed,Alien,Bug,Insect,Wing,Flapping,Squeaky,Weird.wav","Polystyrene Destruction","Submerged Tapes","https://sonniss.com/sound-effects/polystyrene-destruction/","/Sonniss - GDC 2020 - Game Audio Bundle/Submerged Tapes - Polystyrene Destruction/PD32,Polystyrene,Designed,Alien,Bug,Insect,Wing,Flapping,Squeaky,Weird.wav","polystyrene|designed|bug|insect|wing|alien|flapping|fast|squeaky|weird|gross|pd32|weirdwav|polystyrene destruction|submerged tapes"
"PD39,Polystyrene,Snap,Bone,Break,Gore,Quick,Fast,Sharp.wav","Polystyrene Destruction","Submerged Tapes","https://sonniss.com/sound-effects/polystyrene-destruction/","/Sonniss - GDC 2020 - Game Audio Bundle/Submerged Tapes - Polystyrene Destruction/PD39,Polystyrene,Snap,Bone,Break,Gore,Quick,Fast,Sharp.wav","polystyrene|raw|snap|bone|break|gore|quick|fast|sharp|intense|sweetener|flesh|pd39|sharpwav|polystyrene destruction|submerged tapes"
"ICE HOCKEY skate start away from stopped fast x 4 540s ORTF medium.wav","Ice Hockey","Sun Smile Island","https://sonniss.com/sound-effects/ice-hockey/","/Sonniss - GDC 2020 - Game Audio Bundle/Sun-Smile-Island - Ice Hockey/ICE HOCKEY skate start away from stopped fast x 4 540s ORTF medium.wav","ice|hockey|skate|start|away|from|stopped|fast|x|4|540s|ortf|mediumwav|ice hockey|sun smile island"
"ICE HOCKEY skate turn in and turn wide x 4 boom follow CMC641 MONO close.wav","Ice Hockey","Sun Smile Island","https://sonniss.com/sound-effects/ice-hockey/","/Sonniss - GDC 2020 - Game Audio Bundle/Sun-Smile-Island - Ice Hockey/ICE HOCKEY skate turn in and turn wide x 4 boom follow CMC641 MONO close.wav","ice|hockey|skate|turn|in|and|wide|x|4|boom|follow|cmc641|mono|closewav|ice hockey|sun smile island"
"ICE HOCKEY skate turn open hip 3 step 180 degree medium x 4 right to left 540s ORTF medium.wav","Ice Hockey","Sun Smile Island","https://sonniss.com/sound-effects/ice-hockey/","/Sonniss - GDC 2020 - Game Audio Bundle/Sun-Smile-Island - Ice Hockey/ICE HOCKEY skate turn open hip 3 step 180 degree medium x 4 right to left 540s ORTF medium.wav","ice|hockey|skate|turn|open|hip|3|step|180|degree|medium|x|4|right|to|left|540s|ortf|mediumwav|ice hockey|sun smile island"
"ICE HOCKEY stick shot pass wrist shot drag x 3 BP4025 WIDE XY close.wav","Ice Hockey","Sun Smile Island","https://sonniss.com/sound-effects/ice-hockey/","/Sonniss - GDC 2020 - Game Audio Bundle/Sun-Smile-Island - Ice Hockey/ICE HOCKEY stick shot pass wrist shot drag x 3 BP4025 WIDE XY close.wav","ice|hockey|stick|shot|pass|wrist|drag|x|3|bp4025|wide|xy|closewav|ice hockey|sun smile island"
"SHANGHAI lane day off street close movement footsteps electric scooter water splash muffled voices chinese doors horns.wav","Shanghai Ambiences","Sun Smile Island","https://sonniss.com/sound-effects/shanghai-ambiences/","/Sonniss - GDC 2020 - Game Audio Bundle/Sun-Smile-Island - Shanghai Ambiences/SHANGHAI lane day off street close movement footsteps electric scooter water splash muffled voices chinese doors horns.wav","shanghai|china|lane|day|offstreet|close|movement|footsteps|electric|scooter|water|splash|muffled|voices|chinese|doors|horns|lct540s|wwwsunsmileislandcom|shanghai|off|street|hornswav|shanghai ambiences|sun smile island"
"SHANGHAI park sparse voices chinese coughing footsteps diffuse traffic rumble birds dry leaves falling distant construction.wav","Shanghai Ambiences","Sun Smile Island","https://sonniss.com/sound-effects/shanghai-ambiences/","/Sonniss - GDC 2020 - Game Audio Bundle/Sun-Smile-Island - Shanghai Ambiences/SHANGHAI park sparse voices chinese coughing footsteps diffuse traffic rumble birds dry leaves falling distant construction.wav","shanghai|china|park|sparse|voices|chinese|coughing|footsteps|diffuse|traffic|rumble|birds|dry|leaves|falling|distant|construction|lct540s|wwwsunsmileislandcom|shanghai|constructionwav|shanghai ambiences|sun smile island"
"SHANGHAI street night from 7th floor rooftop diffuse traffic rumble voices chinese jackhammer horn.wav","Shanghai Ambiences","Sun Smile Island","https://sonniss.com/sound-effects/shanghai-ambiences/","/Sonniss - GDC 2020 - Game Audio Bundle/Sun-Smile-Island - Shanghai Ambiences/SHANGHAI street night from 7th floor rooftop diffuse traffic rumble voices chinese jackhammer horn.wav","shanghai|china|street|night|from|7th|floor|rooftop|diffuse|traffic|rumble|voices|chinese|jackhammer|horn|lct540s|wwwsunsmileislandcom|shanghai|hornwav|shanghai ambiences|sun smile island"
"SHANGHAI walla interior market vegetables meat fish lively close voices chinese plastic bags chopping.wav","Shanghai Ambiences","Sun Smile Island","https://sonniss.com/sound-effects/shanghai-ambiences/","/Sonniss - GDC 2020 - Game Audio Bundle/Sun-Smile-Island - Shanghai Ambiences/SHANGHAI walla interior market vegetables meat fish lively close voices chinese plastic bags chopping.wav","shanghai|china|walla|interior|market|vegetables|meat|fish|lively|close|voices|chinese|plastic|bags|chopping|lct540s|wwwsunsmileislandcom|shanghai|choppingwav|shanghai ambiences|sun smile island"
"STSRC_WoWW2_Wep_SMG_M3_GreaseGun_Submachine_Gun_Auto_Shot_X7_Attached.wav","M3 Grease Gun Recorded Source","Super Thump","https://sonniss.com/sound-effects/m3-grease-gun-recorded-source/","/Sonniss - GDC 2020 - Game Audio Bundle/Super Thump - M3 Grease Gun Recorded Source/STSRC_WoWW2_Wep_SMG_M3_GreaseGun_Submachine_Gun_Auto_Shot_X7_Attached.wav","m3|grease|gun|submachine|firing|shot|attached|automatic|burst|ww2|source|stsrc_woww2_wep_smg_m3_greasegun_submachine_gun_auto_shot_x7_attachedwav|m3 grease gun recorded source|super thump"
"STSRC_WoWW2_Wep_SMG_M3_GreaseGun_Submachine_Gun_Single_Shot_X10_Comp_Full.wav","M3 Grease Gun Recorded Source","Super Thump","https://sonniss.com/sound-effects/m3-grease-gun-recorded-source/","/Sonniss - GDC 2020 - Game Audio Bundle/Super Thump - M3 Grease Gun Recorded Source/STSRC_WoWW2_Wep_SMG_M3_GreaseGun_Submachine_Gun_Single_Shot_X10_Comp_Full.wav","m3|grease|gun|submachine|firing|shot|full|single|comp|ww2|source|stsrc_woww2_wep_smg_m3_greasegun_submachine_gun_single_shot_x10_comp_fullwav|m3 grease gun recorded source|super thump"
"STDSGN_WoWW2_Wep_MG_M1919_Machinegun_Auto Burst_Shot_X6.wav","Weapons of World War II  Designed","Super Thump","https://sonniss.com/sound-effects/weapons-world-war-ii-designed/","/Sonniss - GDC 2020 - Game Audio Bundle/Super Thump - Weapons of World War II - Designed/STDSGN_WoWW2_Wep_MG_M1919_Machinegun_Auto Burst_Shot_X6.wav","1919|machinegun|firing|automatic|burst|auto|ww2|designed|stdsgn_woww2_wep_mg_m1919_machinegun_auto|burst_shot_x6wav|weapons of world war ii  designed|super thump"
"STDSGN_WoWW2_Wep_Pistol_Luger_Shot_X5.wav","Weapons of World War II  Designed","Super Thump","https://sonniss.com/sound-effects/weapons-world-war-ii-designed/","/Sonniss - GDC 2020 - Game Audio Bundle/Super Thump - Weapons of World War II - Designed/STDSGN_WoWW2_Wep_Pistol_Luger_Shot_X5.wav","luger|pistol|firing|shot|ww2|designed|stdsgn_woww2_wep_pistol_luger_shot_x5wav|weapons of world war ii  designed|super thump"
"AMB COAST Beach Surf Calm Close.wav","General Ambience Series  Coastal 01","Systematic Sound","https://sonniss.com/sound-effects/general-ambience-series-coastal-01/","/Sonniss - GDC 2020 - Game Audio Bundle/Systematic-Sound - General Ambience Series - Coastal 01/AMB COAST Beach Surf Calm Close.wav","ambience|morning|waves|gently|splashin|against|the|shore|calm|surf|closeup|position|faint|engine|buzz|&|hum|from|distant|boats|passing|occasionally|voices|dog|barking|amb|coast|beach|surf|calm|closewav|general ambience series  coastal 01|systematic sound"
"AMB COAST Beach Surf Calm Far 01.wav","General Ambience Series  Coastal 01","Systematic Sound","https://sonniss.com/sound-effects/general-ambience-series-coastal-01/","/Sonniss - GDC 2020 - Game Audio Bundle/Systematic-Sound - General Ambience Series - Coastal 01/AMB COAST Beach Surf Calm Far 01.wav","ambience|evening|cars|passing|prominent|roar|from|distant|surf|faint|indistict|voices|children|screaming|dog|barking|seagulls|distant|position|amb|coast|beach|surf|calm|far|01wav|general ambience series  coastal 01|systematic sound"
"AMB COAST Port Surf Close 01.wav","General Ambience Series  Coastal 01","Systematic Sound","https://sonniss.com/sound-effects/general-ambience-series-coastal-01/","/Sonniss - GDC 2020 - Game Audio Bundle/Systematic-Sound - General Ambience Series - Coastal 01/AMB COAST Port Surf Close 01.wav","ambience|port|outer|basin|windy|moderate|surf|waves|splashing|againgst|the|waterfront|water|bubbling|&|guggling|seagulls|screaming|subtle|hum|rumble|from|car|boat|traffic|dog|barking|amb|coast|surf|close|01wav|general ambience series  coastal 01|systematic sound"
"AMB COAST Waterfront Moring Clam 03.wav","General Ambience Series  Coastal 01","Systematic Sound","https://sonniss.com/sound-effects/general-ambience-series-coastal-01/","/Sonniss - GDC 2020 - Game Audio Bundle/Systematic-Sound - General Ambience Series - Coastal 01/AMB COAST Waterfront Moring Clam 03.wav","ambience|morning|small|port|waterfront|calm|spacious|&|busy|birdsong|crows|creaking|prominent|traffic|hum|rumble|from|distant|highway|and|diesel|boat|engines|train|passing|water|bubbling|amb|coast|waterfront|moring|clam|03wav|general ambience series  coastal 01|systematic sound"
"AMB MADRID Atocha Train Station At The Rails Announcements Hum Passengers Traffic.wav","General Ambience Series  Sounds Of Madrid 01","Systematic Sound","https://sonniss.com/sound-effects/general-ambience-series-sounds-madrid-01/","/Sonniss - GDC 2020 - Game Audio Bundle/Systematic-Sound - General Ambience Series – Sounds Of Madrid 01/AMB MADRID Atocha Train Station At The Rails Announcements Hum Passengers Traffic.wav","interior|atocha|train|station|spacious|&|reverberant|constant|hum|occasional|hiss|distant|chatter|screaming|arrival|departure|announcements|alert|beeps|rumble|squeaking|quiet|no|traffic|amb|madrid|train|station|at|the|rails|announcements|hum|passengers|trafficwav|general ambience series  sounds of madrid 01|systematic sound"
"AMB MADRID Balcony Mainstreet Top Down Night Traffic 02.wav","General Ambience Series  Sounds Of Madrid 01","Systematic Sound","https://sonniss.com/sound-effects/general-ambience-series-sounds-madrid-01/","/Sonniss - GDC 2020 - Game Audio Bundle/Systematic-Sound - General Ambience Series – Sounds Of Madrid 01/AMB MADRID Balcony Mainstreet Top Down Night Traffic 02.wav","outdoor|balcony|mainstreet|night|light|variable|traffic|gentle|roar|topdown|position|various|vehicles|&|cars|passing|brakes|squeaking|distant|light|beep|occasional|pedestrians|voices|amb|madrid|balcony|top|down|traffic|02wav|general ambience series  sounds of madrid 01|systematic sound"
"AMB MADRID Gran Via Up Street Firetruck Pass by Loud Sirens Slushy Traffic Pedestrians 01.wav","General Ambience Series  Sounds Of Madrid 01","Systematic Sound","https://sonniss.com/sound-effects/general-ambience-series-sounds-madrid-01/","/Sonniss - GDC 2020 - Game Audio Bundle/Systematic-Sound - General Ambience Series – Sounds Of Madrid 01/AMB MADRID Gran Via Up Street Firetruck Pass by Loud Sirens Slushy Traffic Pedestrians 01.wav","outdoor|main|street|uphill|wet|slushy|traffic|vehicles|passing|brakes|squeaking|pedestrian|mumble|&|chatter|spanish|firetruck|police|approaching|with|loud|sirens|howling|(doppler)|traffic|light|beep|rumble|amb|madrid|gran|via|up|street|pass|by|loud|sirens|slushy|pedestrians|01wav|general ambience series  sounds of madrid 01|systematic sound"
"AMB MADRID Sol Side Street Rain Pedestrians Walla.wav","General Ambience Series  Sounds Of Madrid 01","Systematic Sound","https://sonniss.com/sound-effects/general-ambience-series-sounds-madrid-01/","/Sonniss - GDC 2020 - Game Audio Bundle/Systematic-Sound - General Ambience Series – Sounds Of Madrid 01/AMB MADRID Sol Side Street Rain Pedestrians Walla.wav","outdoor|side|street|pedestrian|area|busy|lots|of|people|passing|walla|spanish|laughter|&|chatter|coughing|footsteps|cloth|bags|rustling|distant|construction|site|indifferent|metal|banging|ringing|distant|traffic|rumble|amb|madrid|sol|side|street|rain|pedestrians|wallawav|general ambience series  sounds of madrid 01|systematic sound"
"AMB SUBURBAN Heating Station Ventilation System Less Traffic.wav","General Ambience Series  Suburban 01","Systematic Sound","https://sonniss.com/sound-effects/general-ambience-series-suburban-01/","/Sonniss - GDC 2020 - Game Audio Bundle/Systematic-Sound - General Ambience Series – Suburban 01/AMB SUBURBAN Heating Station Ventilation System Less Traffic.wav","ambiecen|evening|heating|plant|at|the|ventilation|omission|high|frequent|hiss|and|rumble|distant|pedestrian|background|activity|sparse|birdsong|amb|suburban|heating|station|ventilation|system|less|trafficwav|general ambience series  suburban 01|systematic sound"
"AMB SUBURBAN Residential Area Children Playground Less Traffic.wav","General Ambience Series  Suburban 01","Systematic Sound","https://sonniss.com/sound-effects/general-ambience-series-suburban-01/","/Sonniss - GDC 2020 - Game Audio Bundle/Systematic-Sound - General Ambience Series – Suburban 01/AMB SUBURBAN Residential Area Children Playground Less Traffic.wav","ambience|evening|calm|street|near|a|school|spacious|children|playing|&|shouting|sparse|birdsong|little|background|activity|dumping|glass|bottels|etc|occasional|car|passing|door|slamming|pedestrians|amb|suburban|residential|area|children|playground|less|trafficwav|general ambience series  suburban 01|systematic sound"
"AMB SUBURBAN Tunnel Birdsong Distant Traffic Pedestrians Mumble.wav","General Ambience Series  Suburban 01","Systematic Sound","https://sonniss.com/sound-effects/general-ambience-series-suburban-01/","/Sonniss - GDC 2020 - Game Audio Bundle/Systematic-Sound - General Ambience Series – Suburban 01/AMB SUBURBAN Tunnel Birdsong Distant Traffic Pedestrians Mumble.wav","ambience|evening|under|a|medium|sized|tunnel|reverberant|acoustics|traffic|rumble|&|car|engine|howl|roars|distat|birdsong|mainly|sparrows|pedestrians|passing|some|voices|indistinct|mumble|cloth|rustling|footsteps|amb|suburban|tunnel|birdsong|distant|traffic|mumblewav|general ambience series  suburban 01|systematic sound"
"AMB TOWN Street Calm Afternoon Sparrows Traffic.wav","General Ambience Series  Towns & Villages 01","Systematic Sound","https://sonniss.com/sound-effects/general-ambience-series-towns-villages-01/","/Sonniss - GDC 2020 - Game Audio Bundle/Systematic-Sound - General Ambience Series – Towns & Villages 01/AMB TOWN Street Calm Afternoon Sparrows Traffic.wav","ambience|evening|street|in|residential|area|distant|traffic|rumble|car|passes|engine|roars|busy|spacious|birdsong|manly|sparrows|foliage|rustling|the|wind|walla|&|dog|barking|amb|town|calm|afternoon|sparrows|trafficwav|general ambience series  towns & villages 01|systematic sound"
"AMB TOWN Vineyard Distant Glockenspiel Walla.wav","General Ambience Series  Towns & Villages 01","Systematic Sound","https://sonniss.com/sound-effects/general-ambience-series-towns-villages-01/","/Sonniss - GDC 2020 - Game Audio Bundle/Systematic-Sound - General Ambience Series – Towns & Villages 01/AMB TOWN Vineyard Distant Glockenspiel Walla.wav","ambience|evening|sunny|vineyard|facing|valley|distant|glockenspiel|walla|laugher|&|children|screaming|aircraft|passby|soft|cricket|shirping|sparse|birdsong|light|traffic|rumble|amb|town|wallawav|general ambience series  towns & villages 01|systematic sound"
"AMB VILLAGE Meadow Morning Distant Goat Herd.wav","General Ambience Series  Towns & Villages 01","Systematic Sound","https://sonniss.com/sound-effects/general-ambience-series-towns-villages-01/","/Sonniss - GDC 2020 - Game Audio Bundle/Systematic-Sound - General Ambience Series – Towns & Villages 01/AMB VILLAGE Meadow Morning Distant Goat Herd.wav","ambience|morning|calm|meadow|near|a|farm|foliage|rustling|goat|herd|bleating|neck|bells|ringing|sparse|birdsong|occasional|aircraft|rumble|amb|village|distant|herdwav|general ambience series  towns & villages 01|systematic sound"
"AMB CITY Riverside Industrial Rusty Jetty.wav","General Ambience Series  Urban City Sounds 01","Systematic Sound","https://sonniss.com/sound-effects/general-ambience-series-urban-city-sounds-01/","/Sonniss - GDC 2020 - Game Audio Bundle/Systematic-Sound - General Ambience Series – Urban City Sounds 01/AMB CITY Riverside Industrial Rusty Jetty.wav","ambience|morning|riverside|old|shipping|pier|with|decent|surf|old|metal|jetty|crings|loudly|in|the|waves|church|bells|ringing|faint|voices|dog|barking|amb|city|industrial|rusty|jettywav|general ambience series  urban city sounds 01|systematic sound"
"AMB CITY Schoolyard Children Walla.wav","General Ambience Series  Urban City Sounds 01","Systematic Sound","https://sonniss.com/sound-effects/general-ambience-series-urban-city-sounds-01/","/Sonniss - GDC 2020 - Game Audio Bundle/Systematic-Sound - General Ambience Series – Urban City Sounds 01/AMB CITY Schoolyard Children Walla.wav","ambience|morning|schoolyard|in|downtown|area|children|playing|screaming|whistleing|voices|&|activity|throughout|very|light|traffic|noise|amb|city|wallawav|general ambience series  urban city sounds 01|systematic sound"
"AMB CITY Terrace Distant Rumble Traffic Pedestrians.wav","General Ambience Series  Urban City Sounds 01","Systematic Sound","https://sonniss.com/sound-effects/general-ambience-series-urban-city-sounds-01/","/Sonniss - GDC 2020 - Game Audio Bundle/Systematic-Sound - General Ambience Series – Urban City Sounds 01/AMB CITY Terrace Distant Rumble Traffic Pedestrians.wav","ambience|evening|terrace|downtown|view|busy|traffic|rumble|ambulance|siren|car|honks|pedestrians|&|bicibles|passing|dog|barking|leash|jingle|distant|voices|children|screams|spacious|birdsong|several|church|bells|bangs|amb|city|rumble|traffic|pedestrianswav|general ambience series  urban city sounds 01|systematic sound"
"SFX CLOTH Foley Backpack Velcro Straps Ripping Apart Stress.wav","Themes  Modern Cloth Foley 01","Systematic Sound","https://sonniss.com/sound-effects/sound-themes-modern-cloth-foley-01/","/Sonniss - GDC 2020 - Game Audio Bundle/Systematic-Sound - Sound Themes - Modern Cloth Foley 01/SFX CLOTH Foley Backpack Velcro Straps Ripping Apart Stress.wav","sfx|cloth|foley|backpack|velcro|straps|ripping|apart|stress|stresswav|themes  modern cloth foley 01|systematic sound"
"SFX CLOTH Foley Jacket Leather Rough Movement Slow Rustle.wav","Themes  Modern Cloth Foley 01","Systematic Sound","https://sonniss.com/sound-effects/sound-themes-modern-cloth-foley-01/","/Sonniss - GDC 2020 - Game Audio Bundle/Systematic-Sound - Sound Themes - Modern Cloth Foley 01/SFX CLOTH Foley Jacket Leather Rough Movement Slow Rustle.wav","sfx|cloth|foley|jacket|leather|rough|movement|slow|rustle|rustlewav|themes  modern cloth foley 01|systematic sound"
"SFX CLOTH Foley Jacket Synthetic Polyester Zip Ties Zip Unzip.wav","Themes  Modern Cloth Foley 01","Systematic Sound","https://sonniss.com/sound-effects/sound-themes-modern-cloth-foley-01/","/Sonniss - GDC 2020 - Game Audio Bundle/Systematic-Sound - Sound Themes - Modern Cloth Foley 01/SFX CLOTH Foley Jacket Synthetic Polyester Zip Ties Zip Unzip.wav","sfx|cloth|foley|jacket|synthetic|polyester|zip|ties|unzip|unzipwav|themes  modern cloth foley 01|systematic sound"
"SFX CLOTH Foley Jacket Synthetic Soft Shell Whoosh Flutter.wav","Themes  Modern Cloth Foley 01","Systematic Sound","https://sonniss.com/sound-effects/sound-themes-modern-cloth-foley-01/","/Sonniss - GDC 2020 - Game Audio Bundle/Systematic-Sound - Sound Themes - Modern Cloth Foley 01/SFX CLOTH Foley Jacket Synthetic Soft Shell Whoosh Flutter.wav","sfx|cloth|foley|jacket|synthetic|soft|shell|whoosh|flutter|flutterwav|themes  modern cloth foley 01|systematic sound"
"Electro Magnetic Fields - Buzz Tonal-08.wav","Themes  Electro Magnetic 01","Systematic Sound","https://sonniss.com/sound-effects/sound-themes-electro-magnetic-01/","/Sonniss - GDC 2020 - Game Audio Bundle/Systematic-Sound - Sound Themes – Electro Magnetic 01/Electro Magnetic Fields - Buzz Tonal-08.wav","tonal|hollow|buzz|with|high|frequency|sizzle|medium|attack|slowly|evolvin|stereo|image|movement|subtle|glitches|and|interference|noises|production|element|lofi|scifi|noisy|electro|magnetic|fields|buzz|tonal08wav|themes  electro magnetic 01|systematic sound"
"Electro Magnetic Fields - Electro Magnetic Engine-109.wav","Themes  Electro Magnetic 01","Systematic Sound","https://sonniss.com/sound-effects/sound-themes-electro-magnetic-01/","/Sonniss - GDC 2020 - Game Audio Bundle/Systematic-Sound - Sound Themes – Electro Magnetic 01/Electro Magnetic Fields - Electro Magnetic Engine-109.wav","servor|motor|aggressive|swirl|with|deep|hum|electronic|noise|fast|oscillation|shifting|stressfull|power|on|slow|power|down|pitch|dropping|short|attack|production|element|lofi|scifi|noisy|electro|magnetic|fields|engine109wav|themes  electro magnetic 01|systematic sound"
"Electro Magnetic Fields - HF Radio & Data Transmission Interferences-32.wav","Themes  Electro Magnetic 01","Systematic Sound","https://sonniss.com/sound-effects/sound-themes-electro-magnetic-01/","/Sonniss - GDC 2020 - Game Audio Bundle/Systematic-Sound - Sound Themes – Electro Magnetic 01/Electro Magnetic Fields - HF Radio & Data Transmission Interferences-32.wav","starts|with|click|periodical|bright|beep|frequency|modulation|alert|raspy|digital|resonances|pulsating|scanner|cycle|data|transmission|static|interface|production|element|lofi|scifi|noisy|electro|magnetic|fields|hf|radio|&|transmission|interferences32wav|themes  electro magnetic 01|systematic sound"
"Electro Magnetic Fields - Hums Bass-08.wav","Themes  Electro Magnetic 01","Systematic Sound","https://sonniss.com/sound-effects/sound-themes-electro-magnetic-01/","/Sonniss - GDC 2020 - Game Audio Bundle/Systematic-Sound - Sound Themes – Electro Magnetic 01/Electro Magnetic Fields - Hums Bass-08.wav","deep|hum|modulation|overtones|evolving|sound|short|attack|drone|stereo|image|movement|production|element|lofi|scifi|noisy|electro|magnetic|fields|hums|bass08wav|themes  electro magnetic 01|systematic sound"
"AMB WATERFLOW Creek Lively 10m Far MS.wav","Sounds Of Nature  Flowing Water 01","Systematic Sound","https://sonniss.com/sound-effects/sounds-nature-flowing-water-01/","/Sonniss - GDC 2020 - Game Audio Bundle/Systematic-Sound - Sounds Of Nature – Flowing Water 01/AMB WATERFLOW Creek Lively 10m Far MS.wav","ambience|woodlands|lively|creek|fast|&|compact|stream|water|bubbling|gurgling|side|10m|far|position|light|background|ambience|ms|stereo|amb|waterflow|creek|far|mswav|sounds of nature  flowing water 01|systematic sound"
"AMB WATERFLOW Lake Shore Waves Detailed Windy 1m Close Loop 01 ST.wav","Sounds Of Nature  Flowing Water 01","Systematic Sound","https://sonniss.com/sound-effects/sounds-nature-flowing-water-01/","/Sonniss - GDC 2020 - Game Audio Bundle/Systematic-Sound - Sounds Of Nature – Flowing Water 01/AMB WATERFLOW Lake Shore Waves Detailed Windy 1m Close Loop 01 ST.wav","ambience|lake|shore|on|a|windy|evening|small|waves|lapping|gently|against|the|water|splashing|sizzling|&|bubbling|faint|background|birdsong|front|1m|closeup|position|ortf|stereo|loop|amb|waterflow|shore|waves|detailed|windy|close|01|stwav|sounds of nature  flowing water 01|systematic sound"
"AMB WATERFLOW Stream Splash 2m Close M.wav","Sounds Of Nature  Flowing Water 01","Systematic Sound","https://sonniss.com/sound-effects/sounds-nature-flowing-water-01/","/Sonniss - GDC 2020 - Game Audio Bundle/Systematic-Sound - Sounds Of Nature – Flowing Water 01/AMB WATERFLOW Stream Splash 2m Close M.wav","ambience|small|creek|compact|&|fast|stream|water|splashing|bubbling|front|2m|closeup|position|mono|amb|waterflow|stream|splash|close|mwav|sounds of nature  flowing water 01|systematic sound"
"Tatak_ROCKS_Falling Heavy Dusty Debris.wav","Rocks and Debris","Tatak Audio","https://sonniss.com/sound-effects/rocks-debris/","/Sonniss - GDC 2020 - Game Audio Bundle/Tatak Audio - Rocks and Debris/Tatak_ROCKS_Falling Heavy Dusty Debris.wav","rock|debris|medium|sized|pile|of|stones|pushed|down|a|small|hill|creating|some|rolling|debris|tatak_rocks_falling|heavy|dusty|debriswav|rocks and debris|tatak audio"
"Tatak_ROCKS_Pebbles Dust Tumbling Rolling Debris.wav","Rocks and Debris","Tatak Audio","https://sonniss.com/sound-effects/rocks-debris/","/Sonniss - GDC 2020 - Game Audio Bundle/Tatak Audio - Rocks and Debris/Tatak_ROCKS_Pebbles Dust Tumbling Rolling Debris.wav","pebble|debris|pebbles|kicked|down|a|small|hill|creating|sandy|light|dusty|debris|tatak_rocks_pebbles|dust|tumbling|rolling|debriswav|rocks and debris|tatak audio"
"Tatak_ROCKS_Rock Roll Movement.wav","Rocks and Debris","Tatak Audio","https://sonniss.com/sound-effects/rocks-debris/","/Sonniss - GDC 2020 - Game Audio Bundle/Tatak Audio - Rocks and Debris/Tatak_ROCKS_Rock Roll Movement.wav","rock|roll|multiple|rocks|pushed|down|a|small|hill|creating|medium|length|heavy|debris|sound|tatak_rocks_rock|movementwav|rocks and debris|tatak audio"
"Tatak_ROCKS_Single Rock Impact on Stones.wav","Rocks and Debris","Tatak Audio","https://sonniss.com/sound-effects/rocks-debris/","/Sonniss - GDC 2020 - Game Audio Bundle/Tatak Audio - Rocks and Debris/Tatak_ROCKS_Single Rock Impact on Stones.wav","rock|roll|single|rock|thrown|with|rolling|impact|on|stones|grass|and|soil|tatak_rocks_single|impact|stoneswav|rocks and debris|tatak audio"
"Short Mid Weak Wet Screeching Barking Explosive Transient Punchy Natural Cheeser.wav","1000 Winds Project (Farts.)","The Chris Alan","https://sonniss.com/sound-effects/1000-winds-project-farts-the-original/","/Sonniss - GDC 2020 - Game Audio Bundle/The Chris Alan - 1000 Winds Project (Farts.)/Short Mid Weak Wet Screeching Barking Explosive Transient Punchy Natural Cheeser.wav","1000|winds|(farts)|[the|original]|0078|short|mid|weak|wet|screeching|barking|explosive|transient|punchy|natural|cheeser|cheeserwav|1000 winds project (farts.)|the chris alan"
"Long Deep Powerful Airy Sneaky Thunderous Bomber Steady Tremor Forced Wrecker.wav","1000 Winds Project (Farts.)","The Chris Alan","https://sonniss.com/sound-effects/1000-winds-project-farts-the-original/","/Sonniss - GDC 2020 - Game Audio Bundle/The Chris Alan - 1000 Winds Project (Farts.)/Long Deep Powerful Airy Sneaky Thunderous Bomber Steady Tremor Forced Wrecker.wav","1000|winds|(farts)|[the|original]|0434|long|deep|powerful|airy|sneaky|thunderous|bomber|steady|tremor|forced|wrecker|wreckerwav|1000 winds project (farts.)|the chris alan"
"Medium Deep Average Juicy Bubbley Speaking Explosive Rhythmic Beefy Forced Froggy.wav","1000 Winds Project (Farts.)","The Chris Alan","https://sonniss.com/sound-effects/1000-winds-project-farts-the-original/","/Sonniss - GDC 2020 - Game Audio Bundle/The Chris Alan - 1000 Winds Project (Farts.)/Medium Deep Average Juicy Bubbley Speaking Explosive Rhythmic Beefy Forced Froggy.wav","1000|winds|(farts)|[the|original]|0770|medium|deep|average|juicy|bubbley|speaking|explosive|rhythmic|beefy|forced|froggy|froggywav|1000 winds project (farts.)|the chris alan"
"Long Deep Powerful Juicy Crackling Thunderous Explosive Rhythmic Wreckless Forced Wrecker.wav","1000 Winds Project (Farts.)","The Chris Alan","https://sonniss.com/sound-effects/1000-winds-project-farts-the-original/","/Sonniss - GDC 2020 - Game Audio Bundle/The Chris Alan - 1000 Winds Project (Farts.)/Long Deep Powerful Juicy Crackling Thunderous Explosive Rhythmic Wreckless Forced Wrecker.wav","1000|winds|(farts)|[the|original]|0954|long|deep|powerful|juicy|crackling|thunderous|explosive|rhythmic|wreckless|forced|wrecker|wreckerwav|1000 winds project (farts.)|the chris alan"
"The Chris Alan - 8-Bit SFX & UI - Blip Select 4.wav","8-Bit Complete SFX & UI","The Chris Alan","https://sonniss.com/sound-effects/8-bit-complete-sfx-ui/","/Sonniss - GDC 2020 - Game Audio Bundle/The Chris Alan - 8-Bit Complete SFX & UI/The Chris Alan - 8-Bit SFX & UI - Blip Select 4.wav","the|chris|alan|8bit|sfx|&|ui|blip|select|4|4wav|8-bit complete sfx & ui|the chris alan"
"The Chris Alan - 8-Bit SFX & UI - Button Open Menu 2.wav","8-Bit Complete SFX & UI","The Chris Alan","https://sonniss.com/sound-effects/8-bit-complete-sfx-ui/","/Sonniss - GDC 2020 - Game Audio Bundle/The Chris Alan - 8-Bit Complete SFX & UI/The Chris Alan - 8-Bit SFX & UI - Button Open Menu 2.wav","the|chris|alan|8bit|sfx|&|ui|button|open|menu|2|2wav|8-bit complete sfx & ui|the chris alan"
"The Chris Alan - 8-Bit SFX & UI - Eerie Notification 10.wav","8-Bit Complete SFX & UI","The Chris Alan","https://sonniss.com/sound-effects/8-bit-complete-sfx-ui/","/Sonniss - GDC 2020 - Game Audio Bundle/The Chris Alan - 8-Bit Complete SFX & UI/The Chris Alan - 8-Bit SFX & UI - Eerie Notification 10.wav","the|chris|alan|8bit|sfx|&|ui|eerie|notification|10|10wav|8-bit complete sfx & ui|the chris alan"
"The Chris Alan - 8-Bit SFX & UI - Jump Delay.wav","8-Bit Complete SFX & UI","The Chris Alan","https://sonniss.com/sound-effects/8-bit-complete-sfx-ui/","/Sonniss - GDC 2020 - Game Audio Bundle/The Chris Alan - 8-Bit Complete SFX & UI/The Chris Alan - 8-Bit SFX & UI - Jump Delay.wav","the|chris|alan|8bit|sfx|&|ui|jump|delay|delaywav|8-bit complete sfx & ui|the chris alan"
"The Chris Alan - ASTRAL - Textures Spirits Sprites Bell-like Rhythmic Uncertainty Fmin.wav","ASTRAL  Otherworldly Spirts, Abstract Atmospheres & Textural Soundscapes","The Chris Alan","https://sonniss.com/sound-effects/astral-otherworldly-spirts-abstract-atmospheres-textural-soundscapes/","/Sonniss - GDC 2020 - Game Audio Bundle/The Chris Alan - ASTRAL - Otherworldly Spirts, Abstract Atmospheres & Textural Soundscapes/The Chris Alan - ASTRAL - Textures Spirits Sprites Bell-like Rhythmic Uncertainty Fmin.wav","the|chris|alan|astral|textures|spirits|sprites|belllike|rhythmic|uncertainty|fmin|fminwav|astral  otherworldly spirts, abstract atmospheres & textural soundscapes|the chris alan"
"The Chris Alan - ASTRAL - Textures Spirits Sprites Dense Underworldy Resonant Emin7.wav","ASTRAL  Otherworldly Spirts, Abstract Atmospheres & Textural Soundscapes","The Chris Alan","https://sonniss.com/sound-effects/astral-otherworldly-spirts-abstract-atmospheres-textural-soundscapes/","/Sonniss - GDC 2020 - Game Audio Bundle/The Chris Alan - ASTRAL - Otherworldly Spirts, Abstract Atmospheres & Textural Soundscapes/The Chris Alan - ASTRAL - Textures Spirits Sprites Dense Underworldy Resonant Emin7.wav","the|chris|alan|astral|textures|spirits|sprites|dense|underworldy|resonant|emin7|emin7wav|astral  otherworldly spirts, abstract atmospheres & textural soundscapes|the chris alan"
"The Chris Alan - ASTRAL - Textures Spirits Sprites Eerie Airy Dark Sunrise.wav","ASTRAL  Otherworldly Spirts, Abstract Atmospheres & Textural Soundscapes","The Chris Alan","https://sonniss.com/sound-effects/astral-otherworldly-spirts-abstract-atmospheres-textural-soundscapes/","/Sonniss - GDC 2020 - Game Audio Bundle/The Chris Alan - ASTRAL - Otherworldly Spirts, Abstract Atmospheres & Textural Soundscapes/The Chris Alan - ASTRAL - Textures Spirits Sprites Eerie Airy Dark Sunrise.wav","the|chris|alan|astral|textures|spirits|sprites|eerie|airy|dark|sunrise|sunrisewav|astral  otherworldly spirts, abstract atmospheres & textural soundscapes|the chris alan"
"The Chris Alan - ASTRAL - Textures Spirts Winds Eerie Airy Scary 04.wav","ASTRAL  Otherworldly Spirts, Abstract Atmospheres & Textural Soundscapes","The Chris Alan","https://sonniss.com/sound-effects/astral-otherworldly-spirts-abstract-atmospheres-textural-soundscapes/","/Sonniss - GDC 2020 - Game Audio Bundle/The Chris Alan - ASTRAL - Otherworldly Spirts, Abstract Atmospheres & Textural Soundscapes/The Chris Alan - ASTRAL - Textures Spirts Winds Eerie Airy Scary 04.wav","the|chris|alan|astral|textures|spirts|winds|eerie|airy|scary|04|04wav|astral  otherworldly spirts, abstract atmospheres & textural soundscapes|the chris alan"
"Ambience Chicago Bus Ride Inside Bumpy Shakey Metal Announcer.wav","Chicago Environmental & Transportation Ambiences","The Chris Alan","https://sonniss.com/sound-effects/chicago-environmental-transportation-ambiences/","/Sonniss - GDC 2020 - Game Audio Bundle/The Chris Alan - Chicago- Environmental & Transportation Ambiences/Ambience Chicago Bus Ride Inside Bumpy Shakey Metal Announcer.wav","ambience|chicago|bus|ride|inside|bumpy|shakey|metal|announcer|announcerwav|chicago environmental & transportation ambiences|the chris alan"
"Chicago L Train Underneath Tracks Passby 03.wav","Chicago Environmental & Transportation Ambiences","The Chris Alan","https://sonniss.com/sound-effects/chicago-environmental-transportation-ambiences/","/Sonniss - GDC 2020 - Game Audio Bundle/The Chris Alan - Chicago- Environmental & Transportation Ambiences/Chicago L Train Underneath Tracks Passby 03.wav","chicago|l|train|underneath|tracks|passby|03wav|chicago environmental & transportation ambiences|the chris alan"
"The Chris Alan - Hot Tub SFX - Ambience - Seamless Loop - All Bubble Jets On - High Water Flow - Jets Sucking.wav","Hot Tub SFX (Jacuzzi Spa)","The Chris Alan","https://sonniss.com/sound-effects/hot-tub-sfx/","/Sonniss - GDC 2020 - Game Audio Bundle/The Chris Alan - Hot Tub SFX (Jacuzzi-Spa)/The Chris Alan - Hot Tub SFX - Ambience - Seamless Loop - All Bubble Jets On - High Water Flow - Jets Sucking.wav","the|chris|alan|hot|tub|sfx|ambience|seamless|loop|all|bubble|jets|on|high|water|flow|sucking|suckingwav|hot tub sfx (jacuzzi spa)|the chris alan"
"The Chris Alan - Hot Tub SFX - Ambience - Seamless Loop - Bubble Jet Set A On - Medium Water Flow.wav","Hot Tub SFX (Jacuzzi Spa)","The Chris Alan","https://sonniss.com/sound-effects/hot-tub-sfx/","/Sonniss - GDC 2020 - Game Audio Bundle/The Chris Alan - Hot Tub SFX (Jacuzzi-Spa)/The Chris Alan - Hot Tub SFX - Ambience - Seamless Loop - Bubble Jet Set A On - Medium Water Flow.wav","the|chris|alan|hot|tub|sfx|ambience|seamless|loop|bubble|jet|set|a|on|medium|water|flow|flowwav|hot tub sfx (jacuzzi spa)|the chris alan"
"The Chris Alan - Quadcopter Drone Flight - Binaural Mic - Drone On Hover Maneuver Hover Land Drone Off.wav","QuadCopter Drone Flight In Binaural The Chris Alan","The Chris Alan","https://sonniss.com/sound-effects/quadcopter-drone-flight-binaural/","/Sonniss - GDC 2020 - Game Audio Bundle/The Chris Alan - QuadCopter Drone Flight In Binaural/The Chris Alan - Quadcopter Drone Flight - Binaural Mic - Drone On Hover Maneuver Hover Land Drone Off.wav","the|chris|alan|quadcopter|drone|flight|binaural|mic|on|hover|maneuver|land|off|offwav|quadcopter drone flight in binaural the chris alan|the chris alan"
"The Chris Alan - Quadcopter Drone Flight - Precision Mic - Drone On Hover Fly Away Fly In Drone Off.wav","QuadCopter Drone Flight In Binaural The Chris Alan","The Chris Alan","https://sonniss.com/sound-effects/quadcopter-drone-flight-binaural/","/Sonniss - GDC 2020 - Game Audio Bundle/The Chris Alan - QuadCopter Drone Flight In Binaural/The Chris Alan - Quadcopter Drone Flight - Precision Mic - Drone On Hover Fly Away Fly In Drone Off.wav","the|chris|alan|quadcopter|drone|flight|precision|mic|on|hover|fly|away|in|off|offwav|quadcopter drone flight in binaural the chris alan|the chris alan"
"loading_8.wav","Digital Sci Fi UI Kit 1","The Mooseman","https://sonniss.com/sound-effects/digital-sci-fi-ui-kit-1/","/Sonniss - GDC 2020 - Game Audio Bundle/The Mooseman - Digital Sci Fi UI Kit 1/loading_8.wav","loading_8wav|digital sci fi ui kit 1|the mooseman"
"notification_2.wav","Digital Sci Fi UI Kit 1","The Mooseman","https://sonniss.com/sound-effects/digital-sci-fi-ui-kit-1/","/Sonniss - GDC 2020 - Game Audio Bundle/The Mooseman - Digital Sci Fi UI Kit 1/notification_2.wav","notification_2wav|digital sci fi ui kit 1|the mooseman"
"positive_1.wav","Digital Sci Fi UI Kit 1","The Mooseman","https://sonniss.com/sound-effects/digital-sci-fi-ui-kit-1/","/Sonniss - GDC 2020 - Game Audio Bundle/The Mooseman - Digital Sci Fi UI Kit 1/positive_1.wav","positive_1wav|digital sci fi ui kit 1|the mooseman"
"Metal Tape Measurer Coil Up Fast 03.wav","Construction & Tools","The Sound Pack Tree","https://sonniss.com/sound-effects/construction-tools/","/Sonniss - GDC 2020 - Game Audio Bundle/The Sound Pack Tree - Construction & Tools/Metal Tape Measurer Coil Up Fast 03.wav","021103|coil|measure|metal|move|off|roll|tape|tools|unroll|up|wind|fast|metal|tape|measurer|coil|up|fast|03wav|construction & tools|the sound pack tree"
"Lay Brick 15.wav","Construction & Tools","The Sound Pack Tree","https://sonniss.com/sound-effects/construction-tools/","/Sonniss - GDC 2020 - Game Audio Bundle/The Sound Pack Tree - Construction & Tools/Lay Brick 15.wav","044315|bricks|build|cave|construction|drop|lay|site|stone|tomb|up|wall|down|lay|brick|15wav|construction & tools|the sound pack tree"
"Nail Hammering 03.wav","Construction & Tools","The Sound Pack Tree","https://sonniss.com/sound-effects/construction-tools/","/Sonniss - GDC 2020 - Game Audio Bundle/The Sound Pack Tree - Construction & Tools/Nail Hammering 03.wav","176403|xnail|hammering|hammer|household|home|domestic|building|inside|interior|equipment|tools|house|improvement|workshop|handcraft|machines|craft|industrial|work|diy|handicraft|build|nail|hammering|03wav|construction & tools|the sound pack tree"
"Rotary Hammer Drill in Wall 01.wav","Construction & Tools","The Sound Pack Tree","https://sonniss.com/sound-effects/construction-tools/","/Sonniss - GDC 2020 - Game Audio Bundle/The Sound Pack Tree - Construction & Tools/Rotary Hammer Drill in Wall 01.wav","270901|construction|site|tools|drilling|rotary|power|electric|machines|into|wall|hammer|motor|noise|rotary|hammer|drill|in|wall|01wav|construction & tools|the sound pack tree"
"Counting Money Bills 03.wav","Money","The Sound Pack Tree","https://sonniss.com/sound-effects/money-2/","/Sonniss - GDC 2020 - Game Audio Bundle/The Sound Pack Tree - Money/Counting Money Bills 03.wav","091003|bank|bar|bill|cash|casino|change|check|coins|currency|down|drop|gambling|game|loose|luck|money|pay|penny|poker|price|pub|put|restaurant|save|shop|small|store|win|counting|money|bills|03wav|the sound pack tree"
"Drop Couple of Gold Coins on Coins 03.wav","Money","The Sound Pack Tree","https://sonniss.com/sound-effects/money-2/","/Sonniss - GDC 2020 - Game Audio Bundle/The Sound Pack Tree - Money/Drop Couple of Gold Coins on Coins 03.wav","262703|coins|money|metal|currency|token|treasure|stash|robbery|bank|cash|vegas|safe|drop|falling|down|pour|spill|out|distribute|cashier|fruit|gambling|gamble|machine|slot|play|onearmed|bandit|win|prize|drop|couple|of|gold|coins|on|03wav|money|the sound pack tree"
"Lift Coin Bag 01.wav","Money","The Sound Pack Tree","https://sonniss.com/sound-effects/money-2/","/Sonniss - GDC 2020 - Game Audio Bundle/The Sound Pack Tree - Money/Lift Coin Bag 01.wav","263801|coins|money|metal|currency|token|treasure|stash|robbery|bank|cash|vegas|safe|take|taking|collect|pick|up|grab|bag|big|sack|stack|lift|coin|bag|01wav|money|the sound pack tree"
"Stack Coin Bag 04.wav","Money","The Sound Pack Tree","https://sonniss.com/sound-effects/money-2/","/Sonniss - GDC 2020 - Game Audio Bundle/The Sound Pack Tree - Money/Stack Coin Bag 04.wav","264604|coins|money|metal|currency|token|treasure|stash|robbery|bank|cash|vegas|safe|drop|falling|down|stack|bag|big|sack|stack|coin|bag|04wav|money|the sound pack tree"
"CKT005.wav","Cricket  Junior & Senior","TheWorkRoom Audio Post","https://sonniss.com/sound-effects/cricket-junior-senior/","/Sonniss - GDC 2020 - Game Audio Bundle/TheWorkRoom Audio Post - Cricket - Junior & Senior/CKT005.wav","gear|put|on|helmet|ckt005wav|cricket  junior & senior|theworkroom audio post"
"CKT020.wav","Cricket  Junior & Senior","TheWorkRoom Audio Post","https://sonniss.com/sound-effects/cricket-junior-senior/","/Sonniss - GDC 2020 - Game Audio Bundle/TheWorkRoom Audio Post - Cricket - Junior & Senior/CKT020.wav","batting|block|leather|ball|ckt020wav|cricket  junior & senior|theworkroom audio post"
"CKT029.wav","Cricket  Junior & Senior","TheWorkRoom Audio Post","https://sonniss.com/sound-effects/cricket-junior-senior/","/Sonniss - GDC 2020 - Game Audio Bundle/TheWorkRoom Audio Post - Cricket - Junior & Senior/CKT029.wav","batting|in|nets|ckt029wav|cricket  junior & senior|theworkroom audio post"
"CUP019.wav","Crockery & Surfaces (Empty)","TheWorkRoom Audio Post","https://sonniss.com/sound-effects/crockery-surfaces-empty/","/Sonniss - GDC 2020 - Game Audio Bundle/TheWorkRoom Audio Post - Crockery & Surfaces (Empty)/CUP019.wav","glass|wine|glass|pick|up|hard|put|down|soft|slide|long|short|bump|handling|cup019wav|crockery & surfaces (empty)|theworkroom audio post"
"CUP033.wav","Crockery & Surfaces (Empty)","TheWorkRoom Audio Post","https://sonniss.com/sound-effects/crockery-surfaces-empty/","/Sonniss - GDC 2020 - Game Audio Bundle/TheWorkRoom Audio Post - Crockery & Surfaces (Empty)/CUP033.wav","metal|tray|hi|ball|pick|up|hard|put|down|soft|slide|long|short|bump|handling|cup033wav|crockery & surfaces (empty)|theworkroom audio post"
"CUP057.wav","Crockery & Surfaces (Empty)","TheWorkRoom Audio Post","https://sonniss.com/sound-effects/crockery-surfaces-empty/","/Sonniss - GDC 2020 - Game Audio Bundle/TheWorkRoom Audio Post - Crockery & Surfaces (Empty)/CUP057.wav","marble|tea|cup|pick|up|hard|put|down|soft|slide|long|short|bump|handling|cup057wav|crockery & surfaces (empty)|theworkroom audio post"
"CUP 071.wav","Crockery & Surfaces (Full)","TheWorkRoom Audio Post","https://sonniss.com/sound-effects/crockery-surfaces-full/","/Sonniss - GDC 2020 - Game Audio Bundle/TheWorkRoom Audio Post - Crockery & Surfaces (Full)/CUP 071.wav","wood|pick|up|hard|put|down|soft|slide|long|short|bump|handling|cup|071wav|crockery & surfaces (full)|theworkroom audio post"
"CUP 101.wav","Crockery & Surfaces (Full)","TheWorkRoom Audio Post","https://sonniss.com/sound-effects/crockery-surfaces-full/","/Sonniss - GDC 2020 - Game Audio Bundle/TheWorkRoom Audio Post - Crockery & Surfaces (Full)/CUP 101.wav","metal|tray|pick|up|hard|put|down|soft|slide|long|short|bump|handling|cup|101wav|crockery & surfaces (full)|theworkroom audio post"
"CUP 119.wav","Crockery & Surfaces (Full)","TheWorkRoom Audio Post","https://sonniss.com/sound-effects/crockery-surfaces-full/","/Sonniss - GDC 2020 - Game Audio Bundle/TheWorkRoom Audio Post - Crockery & Surfaces (Full)/CUP 119.wav","marble|pick|up|hard|put|down|soft|slide|long|short|bump|handling|cup|119wav|crockery & surfaces (full)|theworkroom audio post"
"SAN007.wav","Sanitize","TheWorkRoom Audio Post","https://sonniss.com/sound-effects/sanitize/","/Sonniss - GDC 2020 - Game Audio Bundle/TheWorkRoom Audio Post - Sanitize/SAN007.wav","spray|bottle|small|san007wav|sanitize|theworkroom audio post"
"SAN019.wav","Sanitize","TheWorkRoom Audio Post","https://sonniss.com/sound-effects/sanitize/","/Sonniss - GDC 2020 - Game Audio Bundle/TheWorkRoom Audio Post - Sanitize/SAN019.wav","handwashing|steel|basin|with|water|running|san019wav|sanitize|theworkroom audio post"
"FD04.wav","Slow Motion  Commercial Pack Shot Sweeteners","TheWorkRoom Audio Post","https://sonniss.com/sound-effects/slow-motion-commercial-pack-shot-sweeteners/","/Sonniss - GDC 2020 - Game Audio Bundle/TheWorkRoom Audio Post - Slow Motion - Commercial Pack Shot Sweeteners/FD04.wav","sd|for|slow|motion|food|items|falling|soft|landing|into|flour|fd04wav|slow motion  commercial pack shot sweeteners|theworkroom audio post"
"POUR0203.wav","Slow Motion  Commercial Pack Shot Sweeteners","TheWorkRoom Audio Post","https://sonniss.com/sound-effects/slow-motion-commercial-pack-shot-sweeteners/","/Sonniss - GDC 2020 - Game Audio Bundle/TheWorkRoom Audio Post - Slow Motion - Commercial Pack Shot Sweeteners/POUR0203.wav","pour|liquid|onto|ice|with|wind|pour0203wav|slow motion  commercial pack shot sweeteners|theworkroom audio post"
"SPLASH03.wav","Slow Motion  Commercial Pack Shot Sweeteners","TheWorkRoom Audio Post","https://sonniss.com/sound-effects/slow-motion-commercial-pack-shot-sweeteners/","/Sonniss - GDC 2020 - Game Audio Bundle/TheWorkRoom Audio Post - Slow Motion - Commercial Pack Shot Sweeteners/SPLASH03.wav","bass|drop|with|splash|and|wind|riser|splash03wav|slow motion  commercial pack shot sweeteners|theworkroom audio post"
"Ambience Orgallone 008.wav","Outland Places  Orgallone","Thibault Ruslet","https://sonniss.com/sound-effects/outland-places-orgallone/","/Sonniss - GDC 2020 - Game Audio Bundle/Thibault Ruslet - Outland Places - Orgallone/Ambience Orgallone 008.wav","outland|places|orgallone|v120|seamless|loop|ambience|from|a|territory|located|beyond|our|borders|background|loop|atmospheres|organic|unexplored|nature|atmospheric|atypical|unusual|wild|another|world|planet|environment|alien|ambience|008wav|outland places  orgallone|thibault ruslet"
"Ambience Orgallone 049.wav","Outland Places  Orgallone","Thibault Ruslet","https://sonniss.com/sound-effects/outland-places-orgallone/","/Sonniss - GDC 2020 - Game Audio Bundle/Thibault Ruslet - Outland Places - Orgallone/Ambience Orgallone 049.wav","outland|places|orgallone|v120|seamless|loop|ambience|from|a|territory|located|beyond|our|borders|background|loop|atmospheres|organic|unexplored|nature|atmospheric|atypical|unusual|wild|another|world|planet|environment|alien|ambience|049wav|outland places  orgallone|thibault ruslet"
"Ambience Orgallone 104.wav","Outland Places  Orgallone","Thibault Ruslet","https://sonniss.com/sound-effects/outland-places-orgallone/","/Sonniss - GDC 2020 - Game Audio Bundle/Thibault Ruslet - Outland Places - Orgallone/Ambience Orgallone 104.wav","outland|places|orgallone|v120|seamless|loop|ambience|from|a|territory|located|beyond|our|borders|background|loop|atmospheres|organic|unexplored|nature|atmospheric|atypical|unusual|wild|another|world|planet|environment|alien|ambience|104wav|outland places  orgallone|thibault ruslet"
"Ambience Orgallone 127.wav","Outland Places  Orgallone","Thibault Ruslet","https://sonniss.com/sound-effects/outland-places-orgallone/","/Sonniss - GDC 2020 - Game Audio Bundle/Thibault Ruslet - Outland Places - Orgallone/Ambience Orgallone 127.wav","outland|places|orgallone|v120|seamless|loop|ambience|from|a|territory|located|beyond|our|borders|background|loop|atmospheres|organic|unexplored|nature|atmospheric|atypical|unusual|wild|another|world|planet|environment|alien|ambience|127wav|outland places  orgallone|thibault ruslet"
"Cancel Action_3.wav","Digital UI","Transverse Audio","https://sonniss.com/sound-effects/digital-ui/","/Sonniss - GDC 2020 - Game Audio Bundle/Transverse Audio - Digital UI/Cancel Action_3.wav","user|interface|ui|digital|computer|robot|electronic|cancel|action_3wav|digital ui|transverse audio"
"Digital Magic Corrupt Interface_5.wav","Digital UI","Transverse Audio","https://sonniss.com/sound-effects/digital-ui/","/Sonniss - GDC 2020 - Game Audio Bundle/Transverse Audio - Digital UI/Digital Magic Corrupt Interface_5.wav","user|interface|ui|digital|computer|robot|electronic|failure|access|denied|digital|magic|corrupt|interface_5wav|digital ui|transverse audio"
"Interface Querry.wav","Digital UI","Transverse Audio","https://sonniss.com/sound-effects/digital-ui/","/Sonniss - GDC 2020 - Game Audio Bundle/Transverse Audio - Digital UI/Interface Querry.wav","user|interface|ui|digital|computer|robot|electronic|alert|interface|querrywav|digital ui|transverse audio"
"System Boot_2.wav","Digital UI","Transverse Audio","https://sonniss.com/sound-effects/digital-ui/","/Sonniss - GDC 2020 - Game Audio Bundle/Transverse Audio - Digital UI/System Boot_2.wav","user|interface|ui|digital|computer|robot|electronic|startup|start|power|on|up|system|boot_2wav|digital ui|transverse audio"
"WAIKATO 01B Dawn Chorus Birds Magpie Turkey Cow Rural Farmland Hora Hora MKH8040.wav","Aotearoa New Zealand","Trent Williams","https://sonniss.com/sound-effects/aotearoa-zealand/","/Sonniss - GDC 2020 - Game Audio Bundle/Trent Williams - Aotearoa New Zealand/WAIKATO 01B Dawn Chorus Birds Magpie Turkey Cow Rural Farmland Hora Hora MKH8040.wav","6am|december|summer|hora|maungatautari|farm|rural|dawn|chorus|morning|early|magpie|sparrow|birds|distant|breeze|ambience|recorded|by|trent|williams|waikato|01b|turkey|cow|farmland|mkh8040wav|aotearoa new zealand|trent williams"
"WAINUIAMATA 02A Bush Dawn Chorus Tree Wind Dawn Birds Breeze Distant River Falling Leaves Remutaka MKH30 50.wav","Aotearoa New Zealand","Trent Williams","https://sonniss.com/sound-effects/aotearoa-zealand/","/Sonniss - GDC 2020 - Game Audio Bundle/Trent Williams - Aotearoa New Zealand/WAINUIAMATA 02A Bush Dawn Chorus Tree Wind Dawn Birds Breeze Distant River Falling Leaves Remutaka MKH30 50.wav","dawn|december|wainuiamata|rimutaka|ranges|early|morning|trees|breeze|bird|calls|birds|gentle|air|distant|river|bed|recorded|by|trent|williams|wainuiamata|02a|bush|chorus|tree|wind|falling|leaves|remutaka|mkh30|50wav|aotearoa new zealand|trent williams"
"WELLINGTON 01C Rockpools Rocks Waves Crash White Water Passes Island Bay MKH8040.wav","Aotearoa New Zealand","Trent Williams","https://sonniss.com/sound-effects/aotearoa-zealand/","/Sonniss - GDC 2020 - Game Audio Bundle/Trent Williams - Aotearoa New Zealand/WELLINGTON 01C Rockpools Rocks Waves Crash White Water Passes Island Bay MKH8040.wav","july|winter|wellington|new|zealand|rock|pools|white|water|ocean|sea|surf|pass|rise|rumble|crash|rough|rockpools|recorded|by|trent|williams|wellington|01c|rocks|waves|passes|island|bay|mkh8040wav|aotearoa new zealand|trent williams"
"EM1 Dead Space 1.wav","Distorted Reality","Tyrann0s","https://sonniss.com/sound-effects/distorted-reality/","/Sonniss - GDC 2020 - Game Audio Bundle/Tyrann0s - Distorted Reality/EM1 Dead Space 1.wav","em1|dead|space|1wav|distorted reality|tyrann0s"
"EM1 Low Tone 3.wav","Distorted Reality","Tyrann0s","https://sonniss.com/sound-effects/distorted-reality/","/Sonniss - GDC 2020 - Game Audio Bundle/Tyrann0s - Distorted Reality/EM1 Low Tone 3.wav","em1|low|tone|3wav|distorted reality|tyrann0s"
"EM2 Dying Moog 7.wav","Distorted Reality","Tyrann0s","https://sonniss.com/sound-effects/distorted-reality/","/Sonniss - GDC 2020 - Game Audio Bundle/Tyrann0s - Distorted Reality/EM2 Dying Moog 7.wav","em2|dying|moog|7wav|distorted reality|tyrann0s"
"EM4 Robowraith 1.wav","Distorted Reality","Tyrann0s","https://sonniss.com/sound-effects/distorted-reality/","/Sonniss - GDC 2020 - Game Audio Bundle/Tyrann0s - Distorted Reality/EM4 Robowraith 1.wav","em4|robowraith|1wav|distorted reality|tyrann0s"
"CASSETTE PLAYER FOLEY Cassette Movement.wav","Cassette Player CR2080","Ugurcan Orcun","https://sonniss.com/sound-effects/cassette-player-cr2080/","/Sonniss - GDC 2020 - Game Audio Bundle/Ugurcan Orcun - Cassette Player CR2080/CASSETTE PLAYER FOLEY Cassette Movement.wav","plastic|tape|manual|rewind|rattle|cassette|player|foley|cassette|movementwav|cassette player cr2080|ugurcan orcun"
"CASSETTE PLAYER MECHANIC Play FF RW with Cassette.wav","Cassette Player CR2080","Ugurcan Orcun","https://sonniss.com/sound-effects/cassette-player-cr2080/","/Sonniss - GDC 2020 - Game Audio Bundle/Ugurcan Orcun - Cassette Player CR2080/CASSETTE PLAYER MECHANIC Play FF RW with Cassette.wav","servo|fast|forward|rewind|play|stop|with|cassette|inside|cassette|player|mechanic|ff|rw|cassettewav|cassette player cr2080|ugurcan orcun"
"0002_Ambience_Forest_Crows_Birds_Chirping_.wav","Ambience","Wav Junction Sound Effects","https://sonniss.com/sound-effects/ambience-2/","/Sonniss - GDC 2020 - Game Audio Bundle/Wav Junction Sound Effects - Ambience/0002_Ambience_Forest_Crows_Birds_Chirping_.wav","atmosphere|ambience|forest|crows|birds|chirp|0002_ambience_forest_crows_birds_chirping_wav|wav junction sound effects"
"0018_Ambience_loud_flies_light_birds_crickets_wind.wav","Ambience","Wav Junction Sound Effects","https://sonniss.com/sound-effects/ambience-2/","/Sonniss - GDC 2020 - Game Audio Bundle/Wav Junction Sound Effects - Ambience/0018_Ambience_loud_flies_light_birds_crickets_wind.wav","ambience|atmosphere|loud|flies|buzzing|light|birds|crickets|some|wind|0018_ambience_loud_flies_light_birds_crickets_windwav|wav junction sound effects"
"0004_Bicycle_pedaling_on_dirt.wav","Bicycles","Wav Junction Sound Effects","https://sonniss.com/sound-effects/bicycles-2/","/Sonniss - GDC 2020 - Game Audio Bundle/Wav Junction Sound Effects - Bicycles/0004_Bicycle_pedaling_on_dirt.wav","bicycle|pedaling|on|dirt|0004_bicycle_pedaling_on_dirtwav|bicycles|wav junction sound effects"
"0019_Mountain_Bike_Brake_Skid_on_Wet_Dirt_1.wav","Bicycles","Wav Junction Sound Effects","https://sonniss.com/sound-effects/bicycles-2/","/Sonniss - GDC 2020 - Game Audio Bundle/Wav Junction Sound Effects - Bicycles/0019_Mountain_Bike_Brake_Skid_on_Wet_Dirt_1.wav","mountain|bike|brake|skid|wed|dirt|0019_mountain_bike_brake_skid_on_wet_dirt_1wav|bicycles|wav junction sound effects"
"0034_Mountain_Bikes_x2_Passby_Dirt_Fast_2.wav","Bicycles","Wav Junction Sound Effects","https://sonniss.com/sound-effects/bicycles-2/","/Sonniss - GDC 2020 - Game Audio Bundle/Wav Junction Sound Effects - Bicycles/0034_Mountain_Bikes_x2_Passby_Dirt_Fast_2.wav","mountain|bike|passby|dirt|fast|0034_mountain_bikes_x2_passby_dirt_fast_2wav|bicycles|wav junction sound effects"
"006 Game_Controller_Buttons_1.wav","Controller Buttons","Wav Junction Sound Effects","https://sonniss.com/sound-effects/controller-buttons/","/Sonniss - GDC 2020 - Game Audio Bundle/Wav Junction Sound Effects - Controller Buttons/006 Game_Controller_Buttons_1.wav","006|game_controller_buttons_1wav|controller buttons|wav junction sound effects"
"017_Game_Controller_Buttons_Various_3.wav","Controller Buttons","Wav Junction Sound Effects","https://sonniss.com/sound-effects/controller-buttons/","/Sonniss - GDC 2020 - Game Audio Bundle/Wav Junction Sound Effects - Controller Buttons/017_Game_Controller_Buttons_Various_3.wav","017_game_controller_buttons_various_3wav|controller buttons|wav junction sound effects"
"0002_Door_Thick_Open_Close_Squeaky.wav","Doors","Wav Junction Sound Effects","https://sonniss.com/sound-effects/doors-5/","/Sonniss - GDC 2020 - Game Audio Bundle/Wav Junction Sound Effects - Doors/0002_Door_Thick_Open_Close_Squeaky.wav","door|thick|open|close|squeaky|0002_door_thick_open_close_squeakywav|doors|wav junction sound effects"
"0016_Garage_Door_Following_Door_Interior.wav","Doors","Wav Junction Sound Effects","https://sonniss.com/sound-effects/doors-5/","/Sonniss - GDC 2020 - Game Audio Bundle/Wav Junction Sound Effects - Doors/0016_Garage_Door_Following_Door_Interior.wav","0016_garage_door_following_door_interiorwav|doors|wav junction sound effects"
"0002_Footsteps_Walking_Crusty_Snow_Male_Shoes_Normal_Pace.wav","Footsteps","Wav Junction Sound Effects","https://sonniss.com/sound-effects/footsteps/","/Sonniss - GDC 2020 - Game Audio Bundle/Wav Junction Sound Effects - Footsteps/0002_Footsteps_Walking_Crusty_Snow_Male_Shoes_Normal_Pace.wav","footsteps|walking|crusty|snow|male|shoes|normal|pace|0002_footsteps_walking_crusty_snow_male_shoes_normal_pacewav|footsteps|wav junction sound effects"
"0014_Footsteps_water_puddle_single_splashes.wav","Footsteps","Wav Junction Sound Effects","https://sonniss.com/sound-effects/footsteps/","/Sonniss - GDC 2020 - Game Audio Bundle/Wav Junction Sound Effects - Footsteps/0014_Footsteps_water_puddle_single_splashes.wav","footsteps|individual|small|splashes|walking|through|shallow|water|or|puddle|0014_footsteps_water_puddle_single_splasheswav|wav junction sound effects"
"0006_Glass_Jar_Medium_Size_Metal_Lid_Screw_On_Off_1.wav","Glassware","Wav Junction Sound Effects","https://sonniss.com/sound-effects/glassware/","/Sonniss - GDC 2020 - Game Audio Bundle/Wav Junction Sound Effects - Glassware/0006_Glass_Jar_Medium_Size_Metal_Lid_Screw_On_Off_1.wav","glassware|0006_glass_jar_medium_size_metal_lid_screw_on_off_1wav|wav junction sound effects"
"0026_Pouring_Liquid_in_to_bowl_5.wav","Glassware","Wav Junction Sound Effects","https://sonniss.com/sound-effects/glassware/","/Sonniss - GDC 2020 - Game Audio Bundle/Wav Junction Sound Effects - Glassware/0026_Pouring_Liquid_in_to_bowl_5.wav","glassware|0026_pouring_liquid_in_to_bowl_5wav|wav junction sound effects"
"0081_Glass_large_slide_on_wood_surface_2.wav","Glassware","Wav Junction Sound Effects","https://sonniss.com/sound-effects/glassware/","/Sonniss - GDC 2020 - Game Audio Bundle/Wav Junction Sound Effects - Glassware/0081_Glass_large_slide_on_wood_surface_2.wav","glassware|0081_glass_large_slide_on_wood_surface_2wav|wav junction sound effects"
"0094_Pour_cereal_into_Glass_Bowl_3.wav","Glassware","Wav Junction Sound Effects","https://sonniss.com/sound-effects/glassware/","/Sonniss - GDC 2020 - Game Audio Bundle/Wav Junction Sound Effects - Glassware/0094_Pour_cereal_into_Glass_Bowl_3.wav","glassware|0094_pour_cereal_into_glass_bowl_3wav|wav junction sound effects"
"0001_Pencil_Draw_Circles.wav","Office","Wav Junction Sound Effects","https://sonniss.com/sound-effects/office-2/","/Sonniss - GDC 2020 - Game Audio Bundle/Wav Junction Sound Effects - Office/0001_Pencil_Draw_Circles.wav","pencil|draw|circles|0001_pencil_draw_circleswav|office|wav junction sound effects"
"0024_Typing_Keyboard_Variation.wav","Office","Wav Junction Sound Effects","https://sonniss.com/sound-effects/office-2/","/Sonniss - GDC 2020 - Game Audio Bundle/Wav Junction Sound Effects - Office/0024_Typing_Keyboard_Variation.wav","typing|keyboard|0024_typing_keyboard_variationwav|office|wav junction sound effects"
"0046_Papers_crumple.wav","Office","Wav Junction Sound Effects","https://sonniss.com/sound-effects/office-2/","/Sonniss - GDC 2020 - Game Audio Bundle/Wav Junction Sound Effects - Office/0046_Papers_crumple.wav","0046_papers_crumplewav|office|wav junction sound effects"
"0008_Miter_Chop_Saw_2.wav","Power Tools","Wav Junction Sound Effects","https://sonniss.com/sound-effects/power-tools/","/Sonniss - GDC 2020 - Game Audio Bundle/Wav Junction Sound Effects - Power Tools/0008_Miter_Chop_Saw_2.wav","miter|chop|saw|0008_miter_chop_saw_2wav|power tools|wav junction sound effects"
"0010_Reciprocating_Saw.wav","Power Tools","Wav Junction Sound Effects","https://sonniss.com/sound-effects/power-tools/","/Sonniss - GDC 2020 - Game Audio Bundle/Wav Junction Sound Effects - Power Tools/0010_Reciprocating_Saw.wav","peciprocating|saw|0010_reciprocating_sawwav|power tools|wav junction sound effects"
"0005_Water_River_Medium_Flow_Medium_Distance.wav","Rivers & Streams","Wav Junction Sound Effects","https://sonniss.com/sound-effects/rivers-streams/","/Sonniss - GDC 2020 - Game Audio Bundle/Wav Junction Sound Effects - Rivers & Streams/0005_Water_River_Medium_Flow_Medium_Distance.wav","water|river|medium|flow|distance|0005_water_river_medium_flow_medium_distancewav|rivers & streams|wav junction sound effects"
"0014_Water_large_stream_1ft_waterfall_base.wav","Rivers & Streams","Wav Junction Sound Effects","https://sonniss.com/sound-effects/rivers-streams/","/Sonniss - GDC 2020 - Game Audio Bundle/Wav Junction Sound Effects - Rivers & Streams/0014_Water_large_stream_1ft_waterfall_base.wav","water_large_stream_1ft_waterfall_base|of|falls|0014_water_large_stream_1ft_waterfall_basewav|rivers & streams|wav junction sound effects"
"0093_Rock_Quick_Drag_On_Rock_003.wav","Rocks","Wav Junction Sound Effects","https://sonniss.com/sound-effects/rocks/","/Sonniss - GDC 2020 - Game Audio Bundle/Wav Junction Sound Effects - Rocks/0093_Rock_Quick_Drag_On_Rock_003.wav","rock|impacts|drags|falling|tubling|sliding|0093_rock_quick_drag_on_rock_003wav|rocks|wav junction sound effects"
"0119_Rock_Quick_Drag_On_Rock_029.wav","Rocks","Wav Junction Sound Effects","https://sonniss.com/sound-effects/rocks/","/Sonniss - GDC 2020 - Game Audio Bundle/Wav Junction Sound Effects - Rocks/0119_Rock_Quick_Drag_On_Rock_029.wav","rock|impacts|drags|falling|tubling|sliding|0119_rock_quick_drag_on_rock_029wav|rocks|wav junction sound effects"
"0228_Single_Small_Rocks_Tumble_Cliff_004.wav","Rocks","Wav Junction Sound Effects","https://sonniss.com/sound-effects/rocks/","/Sonniss - GDC 2020 - Game Audio Bundle/Wav Junction Sound Effects - Rocks/0228_Single_Small_Rocks_Tumble_Cliff_004.wav","rock|impacts|drags|falling|tubling|sliding|0228_single_small_rocks_tumble_cliff_004wav|rocks|wav junction sound effects"
"0242_Single_Small_Rocks_Tumble_Cliff_018.wav","Rocks","Wav Junction Sound Effects","https://sonniss.com/sound-effects/rocks/","/Sonniss - GDC 2020 - Game Audio Bundle/Wav Junction Sound Effects - Rocks/0242_Single_Small_Rocks_Tumble_Cliff_018.wav","rock|impacts|drags|falling|tubling|sliding|0242_single_small_rocks_tumble_cliff_018wav|rocks|wav junction sound effects"
"0003_Shotgun_Fire_3.wav","Shotguns","Wav Junction Sound Effects","https://sonniss.com/sound-effects/shotguns/","/Sonniss - GDC 2020 - Game Audio Bundle/Wav Junction Sound Effects - Shotguns/0003_Shotgun_Fire_3.wav","shotgun|fire|0003_shotgun_fire_3wav|shotguns|wav junction sound effects"
"0019_Shotgun_Pump_Action_1.wav","Shotguns","Wav Junction Sound Effects","https://sonniss.com/sound-effects/shotguns/","/Sonniss - GDC 2020 - Game Audio Bundle/Wav Junction Sound Effects - Shotguns/0019_Shotgun_Pump_Action_1.wav","shotgun|pump|action|0019_shotgun_pump_action_1wav|shotguns|wav junction sound effects"
"0023_Shotgun_Safety_Switch_On_Off_2.wav","Shotguns","Wav Junction Sound Effects","https://sonniss.com/sound-effects/shotguns/","/Sonniss - GDC 2020 - Game Audio Bundle/Wav Junction Sound Effects - Shotguns/0023_Shotgun_Safety_Switch_On_Off_2.wav","shotgun|safety|switch|0023_shotgun_safety_switch_on_off_2wav|shotguns|wav junction sound effects"
"0007_Snowboard_Passby_5.wav","Snowboard","Wav Junction Sound Effects","https://sonniss.com/sound-effects/snowboard/","/Sonniss - GDC 2020 - Game Audio Bundle/Wav Junction Sound Effects - Snowboard/0007_Snowboard_Passby_5.wav","snowboard|passby|0007_snowboard_passby_5wav|wav junction sound effects"
"0018_Snowboard_Unstrap_Bindings_2.wav","Snowboard","Wav Junction Sound Effects","https://sonniss.com/sound-effects/snowboard/","/Sonniss - GDC 2020 - Game Audio Bundle/Wav Junction Sound Effects - Snowboard/0018_Snowboard_Unstrap_Bindings_2.wav","snowboard|unstrap|bindings|0018_snowboard_unstrap_bindings_2wav|wav junction sound effects"
"0005_Hammer_on_Wood.wav","Tools","Wav Junction Sound Effects","https://sonniss.com/sound-effects/tools-3/","/Sonniss - GDC 2020 - Game Audio Bundle/Wav Junction Sound Effects - Tools/0005_Hammer_on_Wood.wav","hammer|hit|on|wood|0005_hammer_on_woodwav|tools|wav junction sound effects"
"0021_Tape_Measure_2.wav","Tools","Wav Junction Sound Effects","https://sonniss.com/sound-effects/tools-3/","/Sonniss - GDC 2020 - Game Audio Bundle/Wav Junction Sound Effects - Tools/0021_Tape_Measure_2.wav","tape|measure|0021_tape_measure_2wav|tools|wav junction sound effects"
"0026_Shovel_Scraping_Dirt.wav","Tools","Wav Junction Sound Effects","https://sonniss.com/sound-effects/tools-3/","/Sonniss - GDC 2020 - Game Audio Bundle/Wav Junction Sound Effects - Tools/0026_Shovel_Scraping_Dirt.wav","shovel|scraping|dirt|spreading|out|0026_shovel_scraping_dirtwav|tools|wav junction sound effects"
"0002_Water_Splashes_2.wav","Water","Wav Junction Sound Effects","https://sonniss.com/sound-effects/water-2/","/Sonniss - GDC 2020 - Game Audio Bundle/Wav Junction Sound Effects - Water/0002_Water_Splashes_2.wav","water|splashes|0002_water_splashes_2wav|water|wav junction sound effects"
"0008_Water_small_drainpipe_close_to_opening.wav","Water","Wav Junction Sound Effects","https://sonniss.com/sound-effects/water-2/","/Sonniss - GDC 2020 - Game Audio Bundle/Wav Junction Sound Effects - Water/0008_Water_small_drainpipe_close_to_opening.wav","water_small_drainpipe_close_to_opening_mouth_of_pipe|0008_water_small_drainpipe_close_to_openingwav|water|wav junction sound effects"
"0004_Wind_gusty_buffeted_mountainside_birds.wav","Wind","Wav Junction Sound Effects","https://sonniss.com/sound-effects/wind-2/","/Sonniss - GDC 2020 - Game Audio Bundle/Wav Junction Sound Effects - Wind/0004_Wind_gusty_buffeted_mountainside_birds.wav","wind|gusty|buffets|on|mountian|side|birds|0004_wind_gusty_buffeted_mountainside_birdswav|wav junction sound effects"
"0008_Wind_heavy_slow_headwind_distant_birds_cows.wav","Wind","Wav Junction Sound Effects","https://sonniss.com/sound-effects/wind-2/","/Sonniss - GDC 2020 - Game Audio Bundle/Wav Junction Sound Effects - Wind/0008_Wind_heavy_slow_headwind_distant_birds_cows.wav","wind|heavy|headwind|slow|gusts|with|distant|birds|and|cows|0008_wind_heavy_slow_headwind_distant_birds_cowswav|wav junction sound effects"
"0003_Buckle_Snap_and_Unsnap_2.wav","Zippers, Buckles & Clothing","Wav Junction Sound Effects","https://sonniss.com/sound-effects/zippers-buckles-clothing/","/Sonniss - GDC 2020 - Game Audio Bundle/Wav Junction Sound Effects - Zippers, Buckles & Clothing/0003_Buckle_Snap_and_Unsnap_2.wav","buckle|snap|and|unsnap|0003_buckle_snap_and_unsnap_2wav|zippers, buckles & clothing|wav junction sound effects"
"0010_Zipper_Backpack_Variation.wav","Zippers, Buckles & Clothing","Wav Junction Sound Effects","https://sonniss.com/sound-effects/zippers-buckles-clothing/","/Sonniss - GDC 2020 - Game Audio Bundle/Wav Junction Sound Effects - Zippers, Buckles & Clothing/0010_Zipper_Backpack_Variation.wav","zipper|backpack|0010_zipper_backpack_variationwav|zippers, buckles & clothing|wav junction sound effects"
"0025_BackPack_Running.wav","Zippers, Buckles & Clothing","Wav Junction Sound Effects","https://sonniss.com/sound-effects/zippers-buckles-clothing/","/Sonniss - GDC 2020 - Game Audio Bundle/Wav Junction Sound Effects - Zippers, Buckles & Clothing/0025_BackPack_Running.wav","back|pack|running|with|minimal|zipper|noise|0025_backpack_runningwav|zippers, buckles & clothing|wav junction sound effects"
"Horror  AMB  Pulsating breathe.wav","Digital Horror Full Pack Digital","Yakumokobe","https://sonniss.com/sound-effects/digital-horror-full-pack/","/Sonniss - GDC 2020 - Game Audio Bundle/Yakumokobe - Digital Horror Full Pack/Horror  AMB  Pulsating breathe.wav","horror|amb|pulsating|breathewav|digital horror full pack digital|yakumokobe"
"Horror  BOOM  GlitchBoom 02.wav","Digital Horror Full Pack Digital","Yakumokobe","https://sonniss.com/sound-effects/digital-horror-full-pack/","/Sonniss - GDC 2020 - Game Audio Bundle/Yakumokobe - Digital Horror Full Pack/Horror  BOOM  GlitchBoom 02.wav","horror|boom|glitchboom|02wav|digital horror full pack digital|yakumokobe"
"Horror  RISE  Crushed time 02.wav","Digital Horror Full Pack Digital","Yakumokobe","https://sonniss.com/sound-effects/digital-horror-full-pack/","/Sonniss - GDC 2020 - Game Audio Bundle/Yakumokobe - Digital Horror Full Pack/Horror  RISE  Crushed time 02.wav","horror|rise|crushed|time|02wav|digital horror full pack digital|yakumokobe"
"Horror  WHOOSH  Decked.wav","Digital Horror Full Pack Digital","Yakumokobe","https://sonniss.com/sound-effects/digital-horror-full-pack/","/Sonniss - GDC 2020 - Game Audio Bundle/Yakumokobe - Digital Horror Full Pack/Horror  WHOOSH  Decked.wav","horror|whoosh|deckedwav|digital horror full pack digital|yakumokobe"