"FILENAME","LIBRARY","SUPPLIER","URL","DOWNLOAD","TAGS"
"AEROJet_INT Aeroplane Flight Landing Announcement,_344 Audio_Commercial Aircraft Interior.wav","Commercial Aircraft Interior","344 Audio","https://sonniss.com/product/commercial-aircraft-interior","/344 Audio - Commercial Aircraft Interior/AEROJet_INT Aeroplane Flight Landing Announcement,_344 Audio_Commercial Aircraft Interior.wav","aircraft|airplane|commercial|flight|jet|boeing|turbine|take|off|landing|people|accent|uk|british|england|english|foreign|shuffling|movement|seatbelt|announcement|alarm|beep|tannoy|attendant|atlantic|ascent|descent|rumble|vibrati|aerojet_int|aeroplane|_344|audio_commercial|interiorwav|commercial aircraft interior|344 audio"
"AMBTran_INT Manchester Airport, Baggage Claim, Waiting,_344 Audio_Commercial Aircraft Interior.wav","Commercial Aircraft Interior","344 Audio","https://sonniss.com/product/commercial-aircraft-interior","/344 Audio - Commercial Aircraft Interior/AMBTran_INT Manchester Airport, Baggage Claim, Waiting,_344 Audio_Commercial Aircraft Interior.wav","airport|airplane|aeroplane|manchester|uk|england|crowds|accents|english|foreign|meeting|walla|reverb|perspective|busy|crowded|security|arrivals|check|in|travel|flight|ambtran_int|baggage|claim|waiting|_344|audio_commercial|aircraft|interiorwav|commercial aircraft interior|344 audio"
"Bowed Alien Metals 02.wav","Cymbals From Hell","344 Audio","https://sonniss.com/product/cymbals-hell","/344 Audio - Cymbals From Hell/Bowed Alien Metals 02.wav","alien|abstract|phasing|bowed|cymbal|horror|scary|percussion|hihat|crash|china|scrape|metal|ringing|harsh|fear|drone|atonal|percussive|metals|02wav|cymbals from hell|344 audio"
"Disturbing Risers 06.wav","Cymbals From Hell","344 Audio","https://sonniss.com/product/cymbals-hell","/344 Audio - Cymbals From Hell/Disturbing Risers 06.wav","reverse|riser|distorted|bowed|cymbal|horror|scary|percussion|hihat|crash|china|scrape|metal|ringing|harsh|fear|drone|atonal|percussive|disturbing|risers|06wav|cymbals from hell|344 audio"
"Mind Bender Stingers 06.wav","Cymbals From Hell","344 Audio","https://sonniss.com/product/cymbals-hell","/344 Audio - Cymbals From Hell/Mind Bender Stingers 06.wav","doppler|pitch|bend|movement|atonal|drop|bowed|cymbal|horror|scary|percussion|hihat|crash|china|scrape|metal|ringing|harsh|fear|drone|percussive|mind|bender|stingers|06wav|cymbals from hell|344 audio"
"Time Bending Risers 21.wav","Cymbals From Hell","344 Audio","https://sonniss.com/product/cymbals-hell","/344 Audio - Cymbals From Hell/Time Bending Risers 21.wav","reverse|riser|high|pitched|bowed|cymbal|horror|scary|percussion|hihat|crash|china|scrape|metal|ringing|harsh|fear|drone|atonal|percussive|time|bending|risers|21wav|cymbals from hell|344 audio"
"DSGNBoom_Gong, Drone, Low End 25_344 Audio_Cymbals From Hell Vol 2.wav","Cymbals From Hell Vol. 2","344 Audio","https://sonniss.com/product/cymbals-from-hell-vol-2","/344 Audio - Cymbals From Hell Vol. 2/DSGNBoom_Gong, Drone, Low End 25_344 Audio_Cymbals From Hell Vol 2.wav","gong|horror|creepy|dark|drone|scifi|science|fiction|evil|stinger|low|cinematic|doom|eerie|nightmare|ominous|heavy|rumble|end|instrument|tibetan|cymbals|devilish|hell|darkness|harsh|wierd|terror|disturbing|dsgnboom_gong|25_344|audio_cymbals|from|vol|2wav|cymbals from hell vol. 2|344 audio"
"DSGNDron_Gong, Drone, Stinger 28_344 Audio_Cymbals From Hell Vol 2.wav","Cymbals From Hell Vol. 2","344 Audio","https://sonniss.com/product/cymbals-from-hell-vol-2","/344 Audio - Cymbals From Hell Vol. 2/DSGNDron_Gong, Drone, Stinger 28_344 Audio_Cymbals From Hell Vol 2.wav","gong|horror|creepy|dark|drone|scifi|science|fiction|evil|stinger|low|cinematic|doom|eerie|nightmare|ominous|instrument|tibetan|cymbals|devilish|hell|darkness|harsh|wierd|terror|disturbing|dsgndron_gong|28_344|audio_cymbals|from|vol|2wav|cymbals from hell vol. 2|344 audio"
"DSGNStngr_Gong, Distorted, Riser, Stinger 06_344 Audio_Cymbals From Hell Vol 2.wav","Cymbals From Hell Vol. 2","344 Audio","https://sonniss.com/product/cymbals-from-hell-vol-2","/344 Audio - Cymbals From Hell Vol. 2/DSGNStngr_Gong, Distorted, Riser, Stinger 06_344 Audio_Cymbals From Hell Vol 2.wav","gong|horror|creepy|dark|drone|scifi|science|fiction|evil|stinger|low|cinematic|doom|eerie|nightmare|ominous|instrument|tibetan|cymbals|devilish|hell|darkness|harsh|wierd|terror|disturbing|dsgnstngr_gong|distorted|riser|06_344|audio_cymbals|from|vol|2wav|cymbals from hell vol. 2|344 audio"
"MUSCPerc_Gong, Raw, Stinger, Drone 22_344 Audio_Cymbals From Hell Vol 2.wav","Cymbals From Hell Vol. 2","344 Audio","https://sonniss.com/product/cymbals-from-hell-vol-2","/344 Audio - Cymbals From Hell Vol. 2/MUSCPerc_Gong, Raw, Stinger, Drone 22_344 Audio_Cymbals From Hell Vol 2.wav","gong|horror|creepy|dark|drone|scifi|science|fiction|evil|stinger|low|cinematic|doom|eerie|nightmare|ominous|raw|instrument|tibetan|cymbals|devilish|hell|darkness|harsh|wierd|terror|disturbing|muscperc_gong|22_344|audio_cymbals|from|vol|2wav|cymbals from hell vol. 2|344 audio"
"BELLMisc_Chimes, Atmos, Dark Magic, Unsetting, Magical 01_344 Audio_Cymbals From Hell Vol 3.wav","Cymbals From Hell Vol. 3","344 Audio","https://sonniss.com/product/cymbals-from-hell-vol-3","/344 Audio - Cymbals From Hell Vol. 3/BELLMisc_Chimes, Atmos, Dark Magic, Unsetting, Magical 01_344 Audio_Cymbals From Hell Vol 3.wav","tibetan|bowl|chimes|bells|hell|devilish|horror|cinematic|evil|strange|weird|creatures|scifi|science|fiction|harsh|terror|disturbing|low|deep|dark|darkness|scary|eerie|ominous|nightmare|hit|atmospheric|drone|stinger|creepy|bellmisc_chimes|atmos|magic|unsetting|magical|01_344|audio_cymbals|from|vol|3wav|cymbals from hell vol. 3|344 audio"
"BELLMisc_Chimes, Atmos, Dark Magic, Unsetting, Magical 06_344 Audio_Cymbals From Hell Vol 3.wav","Cymbals From Hell Vol. 3","344 Audio","https://sonniss.com/product/cymbals-from-hell-vol-3","/344 Audio - Cymbals From Hell Vol. 3/BELLMisc_Chimes, Atmos, Dark Magic, Unsetting, Magical 06_344 Audio_Cymbals From Hell Vol 3.wav","tibetan|bowl|chimes|bells|hell|devilish|horror|cinematic|evil|strange|weird|creatures|scifi|science|fiction|harsh|terror|disturbing|low|deep|dark|darkness|scary|eerie|ominous|nightmare|hit|atmospheric|drone|stinger|creepy|bellmisc_chimes|atmos|magic|unsetting|magical|06_344|audio_cymbals|from|vol|3wav|cymbals from hell vol. 3|344 audio"
"DSGNDron_Tibetan Bowl and Rainstick, Atmos, Wind 2_344 Audio _Cymbals From Hell Vol 3.wav","Cymbals From Hell Vol. 3","344 Audio","https://sonniss.com/product/cymbals-from-hell-vol-3","/344 Audio - Cymbals From Hell Vol. 3/DSGNDron_Tibetan Bowl and Rainstick, Atmos, Wind 2_344 Audio _Cymbals From Hell Vol 3.wav","tibetan|bowl|chimes|bells|hell|devilish|horror|cinematic|evil|strange|weird|creatures|scifi|science|fiction|harsh|terror|disturbing|low|deep|dark|darkness|scary|eerie|ominous|nightmare|hit|atmospheric|drone|stinger|creepy|dsgndron_tibetan|and|rainstick|atmos|wind|2_344|audio|_cymbals|from|vol|3wav|cymbals from hell vol. 3|344 audio"
"DSGNMisc_Tibetan Bowl, Hits, Nightmare 2_344 Audio_Cymbals From Hell Vol 3.wav","Cymbals From Hell Vol. 3","344 Audio","https://sonniss.com/product/cymbals-from-hell-vol-3","/344 Audio - Cymbals From Hell Vol. 3/DSGNMisc_Tibetan Bowl, Hits, Nightmare 2_344 Audio_Cymbals From Hell Vol 3.wav","tibetan|bowl|chimes|bells|hell|devilish|horror|cinematic|evil|strange|weird|creatures|scifi|science|fiction|harsh|terror|disturbing|low|deep|dark|darkness|scary|eerie|ominous|nightmare|hit|atmospheric|drone|stinger|creepy|dsgnmisc_tibetan|hits|2_344|audio_cymbals|from|vol|3wav|cymbals from hell vol. 3|344 audio"
"Electronic Movement 27.wav","Electromagnetic Design","344 Audio","https://sonniss.com/product/electromagnetic-design","/344 Audio - Electromagnetic Design/Electronic Movement 27.wav","electromagnetic|design|electronic|electricity|scifi|alien|futurisitic|future|designed|digital|technology|experimental|robotic|robot|computer|noise|voltage|buzzing|elements|interference|static|pass|by|whoosh|movement|science|27wav|electromagnetic design|344 audio"
"Flowing Current 05.wav","Electromagnetic Design","344 Audio","https://sonniss.com/product/electromagnetic-design","/344 Audio - Electromagnetic Design/Flowing Current 05.wav","electromagnetic|design|electronic|electricity|scifi|alien|futurisitic|future|designed|digital|technology|experimental|robotic|robot|computer|noise|voltage|buzzing|elements|interference|static|science|fiction|hum|buzz|curr|flowing|current|05wav|electromagnetic design|344 audio"
"Glitch 03.wav","Electromagnetic Design","344 Audio","https://sonniss.com/product/electromagnetic-design","/344 Audio - Electromagnetic Design/Glitch 03.wav","electromagnetic|design|electronic|electricity|scifi|alien|futurisitic|future|designed|glitch|radio|digital|technology|experimental|robotic|robot|computer|noise|voltage|buzzing|elements|interference|static|scien|03wav|electromagnetic design|344 audio"
"Magnetic Ambience 06.wav","Electromagnetic Design","344 Audio","https://sonniss.com/product/electromagnetic-design","/344 Audio - Electromagnetic Design/Magnetic Ambience 06.wav","electromagnetic|design|electronic|electricity|scifi|alien|futurisitic|future|designed|pads|musical|ambience|riser|digital|technology|experimental|robotic|robot|computer|noise|voltage|buzzing|elements|interference|static|sc|magnetic|06wav|electromagnetic design|344 audio"
"AMBInd_Electrical Power Plant, Hum, Ext_344 Audio_Electromagnetic Design Vol 2.wav","Electromagnetic Design Vol. 2","344 Audio","https://sonniss.com/product/electromagnetic-design-vol-2","/344 Audio - Electromagnetic Design Vol. 2/AMBInd_Electrical Power Plant, Hum, Ext_344 Audio_Electromagnetic Design Vol 2.wav","electromagnetic|design|ambience|electronic|electricity|current|static|power|plant|distorted|feedback|glitch|hum|buzz|hiss|sweeping|interface|noise|sci|fi|screaming|screeching|buzzing|voltage|ambind_electrical|ext_344|audio_electromagnetic|vol|2wav|electromagnetic design vol. 2|344 audio"
"ELECEmf_Radio Tower, Static, Interference_344 Audio_Electromagnetic Design Vol 2.wav","Electromagnetic Design Vol. 2","344 Audio","https://sonniss.com/product/electromagnetic-design-vol-2","/344 Audio - Electromagnetic Design Vol. 2/ELECEmf_Radio Tower, Static, Interference_344 Audio_Electromagnetic Design Vol 2.wav","electromagnetic|design|ambience|electronic|electricity|current|static|radio|tower|power|plant|distorted|feedback|glitch|hum|buzz|hiss|sweeping|interface|noise|sci|fi|screaming|screeching|elecemf_radio|interference_344|audio_electromagnetic|vol|2wav|electromagnetic design vol. 2|344 audio"
"Impact 021.wav","Epic Impacts Vol. 1","344 Audio","https://sonniss.com/product/epic-impacts-vol-1","/344 Audio - Epic Impacts Vol. 1/Impact 021.wav","impacts|bass|electronic|impact|thuds|cinematic|futuristic|with|drop|powerful|tone|intense|hits|scifi|heavy|thud|021wav|epic impacts vol. 1|344 audio"
"Impact 038.wav","Epic Impacts Vol. 1","344 Audio","https://sonniss.com/product/epic-impacts-vol-1","/344 Audio - Epic Impacts Vol. 1/Impact 038.wav","horror|haunting|cinematic|hits|scary|creepy|dark|suspense|heavy|thuds|metal|impact|038wav|epic impacts vol. 1|344 audio"
"Impact 045.wav","Epic Impacts Vol. 1","344 Audio","https://sonniss.com/product/epic-impacts-vol-1","/344 Audio - Epic Impacts Vol. 1/Impact 045.wav","impacts|bass|electronic|impact|thuds|cinematic|futuristic|with|drop|powerful|tone|intense|hits|synth|impacts|designed|scifi|045wav|epic impacts vol. 1|344 audio"
"Impact 059.wav","Epic Impacts Vol. 1","344 Audio","https://sonniss.com/product/epic-impacts-vol-1","/344 Audio - Epic Impacts Vol. 1/Impact 059.wav","impact|metal|smash|hit|slam|heavy|bass|impacts|fall|thuds|metallic|clangs|hits|desinged|cinematic|059wav|epic impacts vol. 1|344 audio"
"Beheading 02.wav","Flesh, Bones & Gore","344 Audio","https://sonniss.com/product/flesh-bones-gore","/344 Audio - Flesh, Bones & Gore/Beheading 02.wav","flesh|bones|gore|cinematic|bloody|heavy|crunch|vegetables|fruit|rip|shred|tear|break|fleshy|blood|splatter|slash|slice|cut|impact|hit|stab|wound|weapon|knife|whoosh|sharp|axe|guillotine|beheading|body|drop|head|dropbo|02wav|flesh, bones & gore|344 audio"
"Heavy Body Crunch 02.wav","Flesh, Bones & Gore","344 Audio","https://sonniss.com/product/flesh-bones-gore","/344 Audio - Flesh, Bones & Gore/Heavy Body Crunch 02.wav","flesh|bones|gore|cinematic|bloody|heavy|crunch|vegetables|fruit|rip|shred|tear|break|fleshy|blood|splatter|body|damage|injury|horror|bone|meat|meaty|crush|02wav|flesh, bones & gore|344 audio"
"Skin Peel 04.wav","Flesh, Bones & Gore","344 Audio","https://sonniss.com/product/flesh-bones-gore","/344 Audio - Flesh, Bones & Gore/Skin Peel 04.wav","flesh|bones|gore|cinematic|bloody|heavy|crunch|vegetables|fruit|rip|shred|tear|break|fleshy|blood|splatter|body|damage|injury|horror|skin|peel|ripping|dry|04wav|flesh, bones & gore|344 audio"
"Zombie Bite 04.wav","Flesh, Bones & Gore","344 Audio","https://sonniss.com/product/flesh-bones-gore","/344 Audio - Flesh, Bones & Gore/Zombie Bite 04.wav","flesh|bones|gore|cinematic|bloody|heavy|crunch|vegetables|fruit|rip|shred|tear|break|fleshy|blood|splatter|body|damage|injury|horror|zombie|bite|attack|04wav|flesh, bones & gore|344 audio"
"BIRDFowl_Approaching through tunnel, vocals perspective_344 Audio_Geese.wav","Geese","344 Audio","https://sonniss.com/product/geese","/344 Audio - Geese/BIRDFowl_Approaching through tunnel, vocals perspective_344 Audio_Geese.wav","geese|canada|birds|waterfowl|gaggle|group|noisy|canal|river|water|lake|pond|ducks|fighting|mating|call|pain|creature|vocals|vocalisations|chirps|honk|honking|swimming|flying|wings|flapping|movement|footsteps|aggressive|an|birdfowl_approaching|through|tunnel|vocals|perspective_344|audio_geesewav|344 audio"
"BIRDFowl_Excited gaggle vocals, call response, close_344 Audio_Geese.wav","Geese","344 Audio","https://sonniss.com/product/geese","/344 Audio - Geese/BIRDFowl_Excited gaggle vocals, call response, close_344 Audio_Geese.wav","geese|canada|birds|waterfowl|gaggle|group|noisy|canal|river|water|lake|pond|ducks|fighting|mating|call|pain|creature|vocals|vocalisations|chirps|honk|honking|swimming|flying|wings|flapping|movement|footsteps|aggressive|an|birdfowl_excited|gaggle|vocals|call|response|close_344|audio_geesewav|344 audio"
"BIRDFowl_Goose coming out of water_344 Audio_Geese.wav","Geese","344 Audio","https://sonniss.com/product/geese","/344 Audio - Geese/BIRDFowl_Goose coming out of water_344 Audio_Geese.wav","geese|canada|birds|waterfowl|gaggle|group|noisy|canal|river|water|lake|pond|ducks|fighting|mating|call|pain|creature|vocals|vocalisations|chirps|honk|honking|swimming|flying|wings|flapping|movement|footsteps|aggressive|an|birdfowl_goose|coming|out|of|water_344|audio_geesewav|344 audio"
"Drone 17.wav","Generative Drones","344 Audio","https://sonniss.com/product/generative-drones","/344 Audio - Generative Drones/Drone 17.wav","drone|ambient|ambience|atmosphere|aura|electronic|synth|synthesized|abstract|tone|tension|space|undertone|element|resonant|evolving|reverb|17wav|generative drones|344 audio"
"Drone 3.wav","Generative Drones","344 Audio","https://sonniss.com/product/generative-drones","/344 Audio - Generative Drones/Drone 3.wav","drone|ambient|ambience|atmosphere|aura|electronic|synth|synthesized|abstract|tone|tension|space|undertone|element|grain|glitch|granular|dark|idm|3wav|generative drones|344 audio"
"AMBDsgn_Descending, Metallic, Drone, Scraping_344 Audio_Geophonic Design.wav","Geophonic Design","344 Audio","https://sonniss.com/product/geophonic-design","/344 Audio - Geophonic Design/AMBDsgn_Descending, Metallic, Drone, Scraping_344 Audio_Geophonic Design.wav","geophone|seismic|low|rumble|bass|frequency|ambience|scifi|science|fiction|drone|dark|atmosphere|environment|alien|metal|mysterious|doom|scrape|hit|subsonic|background|sub|end|ambdsgn_descending|metallic|scraping_344|audio_geophonic|designwav|geophonic design|344 audio"
"AMBDsgn_Underwater Echoes & Booms, Ominous, Ringing_344 Audio_Geophonic Design.wav","Geophonic Design","344 Audio","https://sonniss.com/product/geophonic-design","/344 Audio - Geophonic Design/AMBDsgn_Underwater Echoes & Booms, Ominous, Ringing_344 Audio_Geophonic Design.wav","geophone|seismic|low|rumble|bass|frequency|ambience|scifi|science|fiction|drone|dark|atmosphere|environment|alien|sea|ocean|mysterious|subsonic|background|sub|end|ambdsgn_underwater|echoes|&|booms|ominous|ringing_344|audio_geophonic|designwav|geophonic design|344 audio"
"AMBDsgn_Raindrops On Glass_344 Audio_Geophonic Design Vol 2.wav","Geophonic Design Vol. 2","344 Audio","https://sonniss.com/product/geophonic-design-vol-2","/344 Audio - Geophonic Design Vol. 2/AMBDsgn_Raindrops On Glass_344 Audio_Geophonic Design Vol 2.wav","atmos|atmosphere|ambient|background|dark|mysterious|abandoned|metallic|deep|drone|scifi|horror|underground|subsonic|seismic|bass|abstract|designed|geophone|sciencefiction|ambdsgn_raindrops|on|glass_344|audio_geophonic|design|vol|2wav|geophonic design vol. 2|344 audio"
"DSGNBoom_Cinematic Hit 2_344 Audio_Geophonic Design Vol 2.wav","Geophonic Design Vol. 2","344 Audio","https://sonniss.com/product/geophonic-design-vol-2","/344 Audio - Geophonic Design Vol. 2/DSGNBoom_Cinematic Hit 2_344 Audio_Geophonic Design Vol 2.wav","hit|impact|designed|deep|sub|bass|boom|abstract|subsonic|seismic|metallic|horror|scifi|sciencefiction|geophone|bassy|low|end|heavy|cinematic|trailer|dsgnboom_cinematic|2_344|audio_geophonic|design|vol|2wav|geophonic design vol. 2|344 audio"
"DSGNMisc_Glitch 1_344 Audio_Geophonic Design Vol 2.wav","Geophonic Design Vol. 2","344 Audio","https://sonniss.com/product/geophonic-design-vol-2","/344 Audio - Geophonic Design Vol. 2/DSGNMisc_Glitch 1_344 Audio_Geophonic Design Vol 2.wav","glitch|buzz|electricity|signal|distorted|nasty|gritty|horror|scifi|sciencefiction|geophone|radio|transmission|electric|distortion|electronic|dsgnmisc_glitch|1_344|audio_geophonic|design|vol|2wav|geophonic design vol. 2|344 audio"
"WHSH_Whoosh 1_344 Audio_Geophonic Design Vol 2.wav","Geophonic Design Vol. 2","344 Audio","https://sonniss.com/product/geophonic-design-vol-2","/344 Audio - Geophonic Design Vol. 2/WHSH_Whoosh 1_344 Audio_Geophonic Design Vol 2.wav","whoosh|transition|swoosh|impact|hit|horror|scifi|sciencefiction|geophone|metallic|designed|deep|abstract|whsh_whoosh|1_344|audio_geophonic|design|vol|2wav|geophonic design vol. 2|344 audio"
"Heavy Water Churning, Deep, Ocean Drones, Wind.wav","Haunting Ambiences Vol. 2","344 Audio","https://sonniss.com/product/haunting-ambiences-vol-2","/344 Audio - Haunting Ambiences Vol. 2/Heavy Water Churning, Deep, Ocean Drones, Wind.wav","horror|ambience|haunted|evil|atmosphere|environment|background|exterior|industrial|thriller|suspense|fear|terror|creepy|dark|darkness|ominous|paranormal|supernatural|ghost|scary|mysterious|nightmare|eerie|doom|seaside|cold|elevat|heavy|water|churning|deep|ocean|drones|windwav|haunting ambiences vol. 2|344 audio"
"Monster Ambience, Distant Destruction, Huge Groans.wav","Haunting Ambiences Vol. 2","344 Audio","https://sonniss.com/product/haunting-ambiences-vol-2","/344 Audio - Haunting Ambiences Vol. 2/Monster Ambience, Distant Destruction, Huge Groans.wav","horror|ambience|haunted|evil|atmosphere|environment|background|exterior|industrial|thriller|suspense|fear|terror|creepy|dark|darkness|ominous|paranormal|supernatural|ghost|scary|mysterious|nightmare|eerie|doom|monster|afraid|distant|destruction|huge|groanswav|haunting ambiences vol. 2|344 audio"
"Strong Wind Gusts, Arctic, Polar, Icy, Endless.wav","Haunting Ambiences Vol. 2","344 Audio","https://sonniss.com/product/haunting-ambiences-vol-2","/344 Audio - Haunting Ambiences Vol. 2/Strong Wind Gusts, Arctic, Polar, Icy, Endless.wav","horror|ambience|haunted|evil|atmosphere|environment|background|exterior|industrial|thriller|suspense|fear|terror|creepy|dark|darkness|ominous|paranormal|supernatural|ghost|scary|mysterious|nightmare|eerie|doom|cold|winter|wind|s|strong|gusts|arctic|polar|icy|endlesswav|haunting ambiences vol. 2|344 audio"
"Super Low Rumbles, Apocalypse, Underwater, Groans.wav","Haunting Ambiences Vol. 2","344 Audio","https://sonniss.com/product/haunting-ambiences-vol-2","/344 Audio - Haunting Ambiences Vol. 2/Super Low Rumbles, Apocalypse, Underwater, Groans.wav","horror|ambience|haunted|evil|atmosphere|environment|background|exterior|industrial|thriller|suspense|fear|terror|creepy|dark|darkness|ominous|paranormal|supernatural|ghost|scary|mysterious|nightmare|eerie|doom|post|apocalyptic|dre|super|low|rumbles|apocalypse|underwater|groanswav|haunting ambiences vol. 2|344 audio"
"DSGNBoom_Distorted Hit 07_344 Audio_Intense Trailer Elements.wav","Intense Trailer Elements","344 Audio","https://sonniss.com/product/intense-trailer-elements","/344 Audio - Intense Trailer Elements/DSGNBoom_Distorted Hit 07_344 Audio_Intense Trailer Elements.wav","hits|impact|cinematic|trailer|epic|big|distorted|hard|bang|scifi|futuristic|metallic|heavy|thud|intense|metal|344|audio|designed|thriller|rise|deep|slam|dark|stings|elements|destructive|boom|lo|dsgnboom_distorted|hit|07_344|audio_intense|elementswav|intense trailer elements|344 audio"
"DSGNBram_Braam Dystopian C_344 Audio_Intense Trailer Elements.wav","Intense Trailer Elements","344 Audio","https://sonniss.com/product/intense-trailer-elements","/344 Audio - Intense Trailer Elements/DSGNBram_Braam Dystopian C_344 Audio_Intense Trailer Elements.wav","braams|cinematic|trailer|epic|huge|big|horns|morph|sub|low|end|bass|synth|impact|metallic|scifi|futuristic|distorted|tension|intense|hits|metal|344|audio|designed|thriller|rise|deep|slam|dark|stings|elements|des|dsgnbram_braam|dystopian|c_344|audio_intense|elementswav|intense trailer elements|344 audio"
"DSGNMisc_Granular Texture, Atmospheric Experimental_344 Audio_Intense Trailer Elements_33.wav","Intense Trailer Elements","344 Audio","https://sonniss.com/product/intense-trailer-elements","/344 Audio - Intense Trailer Elements/DSGNMisc_Granular Texture, Atmospheric Experimental_344 Audio_Intense Trailer Elements_33.wav","experimental|industrial|cinematic|trailer|electric|electronic|drone|rumble|ominous|scifi|futuristic|space|alien|technology|machine|intense|epic|hits|metal|344|audio|designed|thriller|impact|elements|destructive|boom|low|frequency|dsgnmisc_granular|texture|atmospheric|experimental_344|audio_intense|elements_33wav|intense trailer elements|344 audio"
"DSGNMisc_Rotten signal Raw C 005_344 Audio_Intense Trailer Elements.wav","Intense Trailer Elements","344 Audio","https://sonniss.com/product/intense-trailer-elements","/344 Audio - Intense Trailer Elements/DSGNMisc_Rotten signal Raw C 005_344 Audio_Intense Trailer Elements.wav","distorted|drone|signals|electronic|cinematic|trailer|futuristic|intense|tension|ominous|uneasy|scifi|epic|hits|metal|344|audio|designed|thriller|impact|glitch|elements|destructive|boom|low|frequency|action|hor|dsgnmisc_rotten|signal|raw|c|005_344|audio_intense|elementswav|intense trailer elements|344 audio"
"Mangled Scream 12.wav","Jump Scares","344 Audio","https://sonniss.com/product/jump-scares","/344 Audio - Jump Scares/Mangled Scream 12.wav","mangled|scream|scary|jump|scare|distorted|screams|weird|terrific|creepy|aggressive|haunted|hell|horror|scifi|vocalization|12wav|jump scares|344 audio"
"Musical Stinger  19.wav","Jump Scares","344 Audio","https://sonniss.com/product/jump-scares","/344 Audio - Jump Scares/Musical Stinger  19.wav","stinger|riser|instrumental|strings|scary|tension|jump|scare|creepy|distorted|musical|horror|scifi|haunted|hell|suspense|19wav|jump scares|344 audio"
"Radioactive Distortion  19.wav","Jump Scares","344 Audio","https://sonniss.com/product/jump-scares","/344 Audio - Jump Scares/Radioactive Distortion  19.wav","radioactive|distortion|heavy|horror|scary|jump|scare|lofi|distorted|terrific|creepy|anxious|weird|aggressive|glitch|digital|scifi|19wav|jump scares|344 audio"
"Slasher Hit  05.wav","Jump Scares","344 Audio","https://sonniss.com/product/jump-scares","/344 Audio - Jump Scares/Slasher Hit  05.wav","slasher|hit|impact|bassy|heavy|scary|jump|scare|distorted|weird|terrific|creepy|hell|haunted|knife|slash|slam|cinematic|dark|horror|scifi|05wav|jump scares|344 audio"
"VEHMoto_Bike Freestyle, Revving, Stunts, Driving_344 Audio_KTM 250 Enduro Motorbike.wav","KTM 250 Enduro Motorbike","344 Audio","https://sonniss.com/product/ktm-250-enduro-motorbike","/344 Audio - KTM 250 Enduro Motorbike/VEHMoto_Bike Freestyle, Revving, Stunts, Driving_344 Audio_KTM 250 Enduro Motorbike.wav","ktm|enduro|2|stroke|250cc|motocross|motorbike|motorcycle|dirt|bike|off|road|engine|revs|driving|passing|by|revving|riding|rider|acceleration|racing|track|vehmoto_bike|freestyle|stunts|driving_344|audio_ktm|250|motorbikewav|ktm 250 enduro motorbike|344 audio"
"VEHMoto_Bike, Changing Gears _344 Audio_KTM 250 Enduro Motorbike.wav","KTM 250 Enduro Motorbike","344 Audio","https://sonniss.com/product/ktm-250-enduro-motorbike","/344 Audio - KTM 250 Enduro Motorbike/VEHMoto_Bike, Changing Gears _344 Audio_KTM 250 Enduro Motorbike.wav","ktm|enduro|2|stroke|250cc|motocross|motorbike|motorcycle|dirt|bike|off|road|engine|revs|mechanical|foley|movement|handling|machine|rider|vehmoto_bike|changing|gears|_344|audio_ktm|250|motorbikewav|ktm 250 enduro motorbike|344 audio"
"VEHMoto_Starting Bike, Kickstart, Drive Away, Stereo_344 Audio_KTM 250 Enduro Motorbike.wav","KTM 250 Enduro Motorbike","344 Audio","https://sonniss.com/product/ktm-250-enduro-motorbike","/344 Audio - KTM 250 Enduro Motorbike/VEHMoto_Starting Bike, Kickstart, Drive Away, Stereo_344 Audio_KTM 250 Enduro Motorbike.wav","ktm|enduro|2|stroke|250cc|motocross|motorbike|motorcycle|dirt|bike|off|road|engine|revs|driving|away|in|revving|high|rpm|exhaust|riding|rider|acceleration|racing|track|vehmoto_starting|kickstart|drive|stereo_344|audio_ktm|250|motorbikewav|ktm 250 enduro motorbike|344 audio"
"110Hz (9Hz  Alpha Waves).wav","Mind States","344 Audio","https://sonniss.com/product/mind-states","/344 Audio - Mind States/110Hz (9Hz  Alpha Waves).wav","brainwaves|frequency|binaural|beats|alpha|waves|positivity|anxiety|fast|learning|meditation|relaxation|focus|creativity|brainwave|entertainment|110hz|(9hz|waves)wav|mind states|344 audio"
"400Hz - Isochronic Tone.wav","Mind States","344 Audio","https://sonniss.com/product/mind-states","/344 Audio - Mind States/400Hz - Isochronic Tone.wav","brainwaves|frequency|isochronic|tones|gamma|waves|anxiety|meditation|alertness|active|focus|awareness|brainwave|entertainment|400hz|tonewav|mind states|344 audio"
"75Hz Monaural (15Hz  Beta Waves) .wav","Mind States","344 Audio","https://sonniss.com/product/mind-states","/344 Audio - Mind States/75Hz Monaural (15Hz  Beta Waves) .wav","brainwaves|frequency|monaural|beats|beta|waves|anxiety|fast|learning|meditation|alertness|active|problem|solving|focus|creativity|brainwave|entertainment|75hz|(15hz|waves)|wav|mind states|344 audio"
"Pad 3.wav","Mind States","344 Audio","https://sonniss.com/product/mind-states","/344 Audio - Mind States/Pad 3.wav","peace|calm|relaxing|postive|meditation|pads|background|music|spa|health|regeneration|relaxation|tone|tonal|sine|waves|frequencies|mind|state|brainwaves|pad|3wav|mind states|344 audio"
"Brushing Carpet Floor Various.wav","Nuts And Bolts","344 Audio","https://sonniss.com/product/nuts-and-bolts","/344 Audio - Nuts And Bolts/Brushing Carpet Floor Various.wav","tools|diy|construction|metal|wood|building|assembling|yard|site|engineering|tradesmen|brush|brushing|painting|decorating|sweeping|janitor|caretaker|carpet|floor|variouswav|nuts and bolts|344 audio"
"Electric Saw Through Wood.wav","Nuts And Bolts","344 Audio","https://sonniss.com/product/nuts-and-bolts","/344 Audio - Nuts And Bolts/Electric Saw Through Wood.wav","tools|diy|construction|metal|wood|building|assembling|yard|site|engineering|tradesmen|woodwork|joinery|janitor|caretaker|mechanic|work|power|equipment|shed|drill|electric|servo|rev|turbine|spin|saw|through|woodwav|nuts and bolts|344 audio"
"Hitting Chisel With Hammer Close.wav","Nuts And Bolts","344 Audio","https://sonniss.com/product/nuts-and-bolts","/344 Audio - Nuts And Bolts/Hitting Chisel With Hammer Close.wav","tools|diy|construction|metal|wood|building|assembling|yard|site|engineering|tradesmen|chisel|scrape|sharp|woodwork|joinery|hitting|with|hammer|closewav|nuts and bolts|344 audio"
"Ratchet Clicking, Spin Once To Slow, Spin Twice To Slow, Spin Intermittent.wav","Nuts And Bolts","344 Audio","https://sonniss.com/product/nuts-and-bolts","/344 Audio - Nuts And Bolts/Ratchet Clicking, Spin Once To Slow, Spin Twice To Slow, Spin Intermittent.wav","tools|diy|construction|metal|wood|building|assembling|yard|site|engineering|tradesmen|woodwork|joinery|janitor|caretaker|mechanic|work|spanner|wrench|workshop|ratchet|clicking|spin|once|to|slow|twice|intermittentwav|nuts and bolts|344 audio"
"UIMisc_User Interface Vocalisation, Robotic, Futuristic,_344 Audio_Organic User Interface_12.wav","Organic User Interface","344 Audio","https://sonniss.com/product/organic-user-interface","/344 Audio - Organic User Interface/UIMisc_User Interface Vocalisation, Robotic, Futuristic,_344 Audio_Organic User Interface_12.wav","organic|user|interface|ui|computer|system|machine|mechanical|electronic|future|futuristic|scifi|science|technology|spaceship|robot|robotic|communication|vocal|utopian|male|female|uimisc_user|vocalisation|_344|audio_organic|interface_12wav|organic user interface|344 audio"
"UIMisc_User Interface Vocalisation, Robotic, Futuristic,_344 Audio_Organic User Interface_16.wav","Organic User Interface","344 Audio","https://sonniss.com/product/organic-user-interface","/344 Audio - Organic User Interface/UIMisc_User Interface Vocalisation, Robotic, Futuristic,_344 Audio_Organic User Interface_16.wav","organic|user|interface|ui|computer|system|machine|mechanical|electronic|future|futuristic|scifi|science|technology|spaceship|robot|robotic|communication|vocal|utopian|male|female|uimisc_user|vocalisation|_344|audio_organic|interface_16wav|organic user interface|344 audio"
"UIMisc_User Interface Vocalisation, Robotic, Futuristic,_344 Audio_Organic User Interface_33.wav","Organic User Interface","344 Audio","https://sonniss.com/product/organic-user-interface","/344 Audio - Organic User Interface/UIMisc_User Interface Vocalisation, Robotic, Futuristic,_344 Audio_Organic User Interface_33.wav","organic|user|interface|ui|computer|system|machine|mechanical|electronic|future|futuristic|scifi|science|technology|spaceship|robot|robotic|communication|vocal|utopian|male|female|uimisc_user|vocalisation|_344|audio_organic|interface_33wav|organic user interface|344 audio"
"VOXScrm_Female Scream in Pain, Agony, Wounded 2_344 Audio_Screaming.wav","Screaming","344 Audio","https://sonniss.com/product/screaming","/344 Audio - Screaming/VOXScrm_Female Scream in Pain, Agony, Wounded 2_344 Audio_Screaming.wav","scream|screaming|yelling|shouting|british|english|voice|vocal|scared|terror|horror|fear|danger|female|woman|pain|agony|hurt|hurting|torture|injury|death|voxscrm_female|in|wounded|2_344|audio_screamingwav|344 audio"
"VOXScrm_Male in Shock 4_344 Audio_Screaming.wav","Screaming","344 Audio","https://sonniss.com/product/screaming","/344 Audio - Screaming/VOXScrm_Male in Shock 4_344 Audio_Screaming.wav","scream|screaming|yelling|shouting|british|english|voice|vocal|scared|terror|horror|fear|danger|male|crying|shock|voxscrm_male|in|4_344|audio_screamingwav|344 audio"
"VOXScrm_Male Serial Killer Attacking 1_344 Audio_Screaming.wav","Screaming","344 Audio","https://sonniss.com/product/screaming","/344 Audio - Screaming/VOXScrm_Male Serial Killer Attacking 1_344 Audio_Screaming.wav","scream|screaming|yelling|shouting|british|english|voice|vocal|scared|terror|horror|fear|danger|male|man|violence|killer|murder|murderer|insane|sadistic|evil|voxscrm_male|serial|attacking|1_344|audio_screamingwav|344 audio"
"VOXScrm_Weeping Widow, Crying, Heartbreak, Perspective_344 Audio_Screaming_02.wav","Screaming","344 Audio","https://sonniss.com/product/screaming","/344 Audio - Screaming/VOXScrm_Weeping Widow, Crying, Heartbreak, Perspective_344 Audio_Screaming_02.wav","scream|screaming|yelling|shouting|british|english|voice|vocal|scared|terror|horror|fear|danger|female|woman|weeping|crying|heartbreak|voxscrm_weeping|widow|perspective_344|audio_screaming_02wav|344 audio"
"CRWDLoop_British Group, Lads Banter, Down It L+R_344 Audio_Screaming Vol 2.wav","Screaming Vol. 2","344 Audio","https://sonniss.com/product/screaming-vol-2","/344 Audio - Screaming Vol. 2/CRWDLoop_British Group, Lads Banter, Down It L+R_344 Audio_Screaming Vol 2.wav","crowd|screaming|group|british|loop|screams|horror|terror|panic|fighting|arguing|attacked|audience|party|banter|entertainment|falling|excitement|uk|shock|events|boo|woo|yeah|no|help|disaster|natural|shouti|crwdloop_british|lads|down|it|l+r_344|audio_screaming|vol|2wav|screaming vol. 2|344 audio"
"CRWDLoop_Group Scream 3 L+R_344 Audio_Screaming Vol 2.wav","Screaming Vol. 2","344 Audio","https://sonniss.com/product/screaming-vol-2","/344 Audio - Screaming Vol. 2/CRWDLoop_Group Scream 3 L+R_344 Audio_Screaming Vol 2.wav","crowd|screaming|group|british|loop|screams|horror|terror|panic|fighting|arguing|attacked|audience|party|banter|entertainment|falling|excitement|uk|shock|events|boo|woo|yeah|no|help|disaster|natural|shouti|crwdloop_group|scream|3|l+r_344|audio_screaming|vol|2wav|screaming vol. 2|344 audio"
"CRWDLoop_Happy Birthday, Hip Hip Hooray Mono_344 Audio_Screaming Vol 2.wav","Screaming Vol. 2","344 Audio","https://sonniss.com/product/screaming-vol-2","/344 Audio - Screaming Vol. 2/CRWDLoop_Happy Birthday, Hip Hip Hooray Mono_344 Audio_Screaming Vol 2.wav","crowd|screaming|group|british|loop|screams|horror|terror|panic|fighting|arguing|attacked|audience|party|banter|entertainment|falling|excitement|uk|shock|events|boo|woo|yeah|no|help|disaster|natural|shouti|crwdloop_happy|birthday|hip|hooray|mono_344|audio_screaming|vol|2wav|screaming vol. 2|344 audio"
"Sprint Car, Rev, Accelerate, Explosive, Repeated, Racing, High RPM, Laps, Around Track, Rev, Idle, Stop, Tire Squeak.wav","Sprint Car Racing","344 Audio","https://sonniss.com/product/sprint-car-racing","/344 Audio - Sprint Car Racing/Sprint Car, Rev, Accelerate, Explosive, Repeated, Racing, High RPM, Laps, Around Track, Rev, Idle, Stop, Tire Squeak.wav","sprint|car|dirt|racing|race|exhaust|engine|rev|gravel|driving|pass|by|explosive|rpm|suspension|vehicle|offroad|offroading|seatbelt|drive|away|idle|drag|accelerate|repeated|high|laps|around|track|stop|tire|squeakwav|sprint car racing|344 audio"
"Sprint Car, Start, Rev, Idle, Off, Mid RPM.wav","Sprint Car Racing","344 Audio","https://sonniss.com/product/sprint-car-racing","/344 Audio - Sprint Car Racing/Sprint Car, Start, Rev, Idle, Off, Mid RPM.wav","sprint|car|dirt|racing|race|exhaust|engine|rev|gravel|driving|pass|by|explosive|rpm|suspension|vehicle|offroad|offroading|seatbelt|drive|away|idle|drag|start|off|mid|rpmwav|sprint car racing|344 audio"
"Ford Explorer 2004 SUV 4x4 Start Engine, Idle, Rev, Off, Explosive, High RPM, Keys, Seatbelt.wav","SUV Dirt Track Racing","344 Audio","https://sonniss.com/product/suv-dirt-track-racing","/344 Audio - SUV Dirt Track Racing/Ford Explorer 2004 SUV 4x4 Start Engine, Idle, Rev, Off, Explosive, High RPM, Keys, Seatbelt.wav","suv|dirt|racing|ford|race|exhaust|engine|rev|explorer|gravel|driving|pass|by|explosive|rpm|suspension|vehicle|car|4x4|offroad|offroading|seatbelt|f150|drive|away|idle|warning|sig|2004|start|off|high|keys|seatbeltwav|suv dirt track racing|344 audio"
"Ford F150 2004 SUV 4x4 Drive Away, Explosive, High RPM, Close to Distant, Drive Around Track, Pass By.wav","SUV Dirt Track Racing","344 Audio","https://sonniss.com/product/suv-dirt-track-racing","/344 Audio - SUV Dirt Track Racing/Ford F150 2004 SUV 4x4 Drive Away, Explosive, High RPM, Close to Distant, Drive Around Track, Pass By.wav","suv|dirt|racing|ford|race|exhaust|engine|rev|explorer|gravel|driving|pass|by|explosive|rpm|suspension|vehicle|car|4x4|offroad|offroading|seatbelt|f150|drive|away|idle|warning|sig|2004|high|close|to|distant|around|track|bywav|suv dirt track racing|344 audio"
"Ahh, Relief, Drink, Soda, Exhale, Male.wav","The Burger Kitchen","344 Audio","https://sonniss.com/product/the-burger-kitchen","/344 Audio - The Burger Kitchen/Ahh, Relief, Drink, Soda, Exhale, Male.wav","burger|kitchen|aah|relief|drinking|male|cooking|ahh|drink|soda|exhale|malewav|the burger kitchen|344 audio"
"Opening Tin Lid.wav","The Burger Kitchen","344 Audio","https://sonniss.com/product/the-burger-kitchen","/344 Audio - The Burger Kitchen/Opening Tin Lid.wav","burger|kitchen|tin|metal|cooking|impact|opening|lidwav|the burger kitchen|344 audio"
"Pressing Down Sizzling Burger.wav","The Burger Kitchen","344 Audio","https://sonniss.com/product/the-burger-kitchen","/344 Audio - The Burger Kitchen/Pressing Down Sizzling Burger.wav","burger|kitchen|sizzling|heat|hot|stove|hob|pan|oil|fried|burning|cooking|pressing|down|burgerwav|the burger kitchen|344 audio"
"Unwrapping Cheese.wav","The Burger Kitchen","344 Audio","https://sonniss.com/product/the-burger-kitchen","/344 Audio - The Burger Kitchen/Unwrapping Cheese.wav","burger|kitchen|cheese|plastic|covering|tearing|ripping|cooking|unwrapping|cheesewav|the burger kitchen|344 audio"
"AMBRest_EXT Manchester Pub Beer Garden, Crowd, British Accent _344 Audio_UK Big City Exteriors.wav","UK Big City Exteriors","344 Audio","https://sonniss.com/product/uk-big-city-exteriors","/344 Audio - UK Big City Exteriors/AMBRest_EXT Manchester Pub Beer Garden, Crowd, British Accent _344 Audio_UK Big City Exteriors.wav","city|cityscape|uk|walla|england|united|kingdom|people|traffic|wash|pass|by|noise|busy|manchester|sheffield|liverpool|northern|pub|restaurant|talking|ambrest_ext|beer|garden|crowd|british|accent|_344|audio_uk|big|exteriorswav|uk big city exteriors|344 audio"
"AMBSchl_EXT Children Playing, Teachers, School _344 Audio_UK Big City Exteriors.wav","UK Big City Exteriors","344 Audio","https://sonniss.com/product/uk-big-city-exteriors","/344 Audio - UK Big City Exteriors/AMBSchl_EXT Children Playing, Teachers, School _344 Audio_UK Big City Exteriors.wav","city|cityscape|uk|walla|england|united|kingdom|people|traffic|wash|pass|by|noise|busy|manchester|sheffield|liverpool|northern|children|kids|shouting|ambschl_ext|playing|teachers|school|_344|audio_uk|big|exteriorswav|uk big city exteriors|344 audio"
"MACHElev_INT Manchester, Lift Ride, Voice_344 Audio_UK Big City Interiors.wav","UK Big City Interiors","344 Audio","https://sonniss.com/product/uk-big-city-interiors","/344 Audio - UK Big City Interiors/MACHElev_INT Manchester, Lift Ride, Voice_344 Audio_UK Big City Interiors.wav","uk|united|kingdom|england|interior|indoor|northern|manchester|english|city|cityscape|urban|shopping|centre|mall|lift|elevator|machelev_int|ride|voice_344|audio_uk|big|interiorswav|uk big city interiors|344 audio"
"TRNTram_INT Tram, High Speed, Screaches, Stopping,_344 Audio_UK Big City Interiors.wav","UK Big City Interiors","344 Audio","https://sonniss.com/product/uk-big-city-interiors","/344 Audio - UK Big City Interiors/TRNTram_INT Tram, High Speed, Screaches, Stopping,_344 Audio_UK Big City Interiors.wav","uk|united|kingdom|england|interior|indoor|northern|manchester|english|city|cityscape|urban|tram|stopping|doors|speed|take|off|slow|down|turbulance|ambience|trntram_int|high|screaches|_344|audio_uk|big|interiorswav|uk big city interiors|344 audio"
"AMBCnst_Distant Building, Labour, Machinery, Industry, Working, Outdoors, Builder_344 Audio_UK Residential & Industrial.wav","UK Residential & Industrial","344 Audio","https://sonniss.com/product/uk-residential-industrial","/344 Audio - UK Residential & Industrial/AMBCnst_Distant Building, Labour, Machinery, Industry, Working, Outdoors, Builder_344 Audio_UK Residential & Industrial.wav","uk|town|small|british|britain|united|kingdom|suburban|ambience|environment|background|english|atmosphere|mechanical|metal|construction|building|tradesmen|tools|industrial|workshop|concrete|site|yard|machines|ambcnst_distant|labour|machinery|industry|working|outdoors|builder_344|audio_uk|residential|&|industrialwav|uk residential & industrial|344 audio"
"AMBSubn_Residential Area, Street, Light Distant Traffic,_344 Audio_UK Residential & Industrial.wav","UK Residential & Industrial","344 Audio","https://sonniss.com/product/uk-residential-industrial","/344 Audio - UK Residential & Industrial/AMBSubn_Residential Area, Street, Light Distant Traffic,_344 Audio_UK Residential & Industrial.wav","uk|town|small|british|britain|united|kingdom|suburban|ambience|environment|background|english|atmosphere|suburb|human|life|residential|daily|activities|street|houses|birds|birdsong|countryside|country|traffic|cars|d|ambsubn_residential|area|light|distant|_344|audio_uk|&|industrialwav|uk residential & industrial|344 audio"
"AMBRoom_Bedroom, Groundfloor, Doors & Windows Closed_344 Audio_UK Residential Room Tones.wav","UK Residential Room Tones","344 Audio","https://sonniss.com/product/uk-residential-room-tones","/344 Audio - UK Residential Room Tones/AMBRoom_Bedroom, Groundfloor, Doors & Windows Closed_344 Audio_UK Residential Room Tones.wav","uk|town|small|british|britain|united|kingdom|suburban|ambience|street|birds|environment|background|terrace|interior|inside|indoor|flat|apartment|house|building|room|tone|ambiance|rumble|quiet|daytime|day|ambroom_bedroom|groundfloor|doors|&|windows|closed_344|audio_uk|residential|toneswav|uk residential room tones|344 audio"
"AMBRoom_Groundfloor, Downstairs, Windows Closed_344 Audio_UK Residential Room Tones.wav","UK Residential Room Tones","344 Audio","https://sonniss.com/product/uk-residential-room-tones","/344 Audio - UK Residential Room Tones/AMBRoom_Groundfloor, Downstairs, Windows Closed_344 Audio_UK Residential Room Tones.wav","uk|town|small|british|britain|united|kingdom|suburban|ambience|street|birds|environment|background|terrace|interior|inside|indoor|flat|apartment|house|building|room|tone|ambiance|quiet|ambroom_groundfloor|downstairs|windows|closed_344|audio_uk|residential|toneswav|uk residential room tones|344 audio"
"AMBPubl_Crowd, Town Center, Seaside, Blackpool, Northern,_344 Audio_UK Seaside Town & Theme Park.wav","UK Seaside Town & Theme Park","344 Audio","https://sonniss.com/product/uk-seaside-town-theme-park","/344 Audio - UK Seaside Town & Theme Park/AMBPubl_Crowd, Town Center, Seaside, Blackpool, Northern,_344 Audio_UK Seaside Town & Theme Park.wav","uk|united|kingdom|seaside|theme|park|blackpool|beach|coastal|town|england|english|enivronment|ambience|background|people|talking|walking|foreign|language|laughing|british|britain|ambpubl_crowd|center|northern|_344|audio_uk|&|parkwav|uk seaside town & theme park|344 audio"
"CRWDApls_INT British Rock Show Applause Guitar Clapping_344 Audio_UK Seaside Town & Theme Park_02.wav","UK Seaside Town & Theme Park","344 Audio","https://sonniss.com/product/uk-seaside-town-theme-park","/344 Audio - UK Seaside Town & Theme Park/CRWDApls_INT British Rock Show Applause Guitar Clapping_344 Audio_UK Seaside Town & Theme Park_02.wav","uk|united|kingdom|seaside|theme|park|blackpool|beach|coastal|town|england|english|amusement|amusements|people|whistling|cheering|talking|northen|applaud|british|britain|interior|crwdapls_int|rock|show|applause|guitar|clapping_344|audio_uk|&|park_02wav|uk seaside town & theme park|344 audio"
"TRNMisc_Rollercoaster Pass By, Wooden, Mechanism,_344 Audio_UK Seaside Town & Theme Park.wav","UK Seaside Town & Theme Park","344 Audio","https://sonniss.com/product/uk-seaside-town-theme-park","/344 Audio - UK Seaside Town & Theme Park/TRNMisc_Rollercoaster Pass By, Wooden, Mechanism,_344 Audio_UK Seaside Town & Theme Park.wav","uk|united|kingdom|seaside|theme|park|blackpool|beach|coastal|town|england|english|amusement|amusements|rollercoaster|people|screaming|metal|machine|ride|chain|distant|screams|british|britain|trnmisc_rollercoaster|pass|by|wooden|mechanism|_344|audio_uk|&|parkwav|uk seaside town & theme park|344 audio"
"AMBMrkt_Outdoor Market, People, Sellers, Distant_344 Audio_Shops & Markets.wav","UK Shops & Markets","344 Audio","https://sonniss.com/product/uk-shops-markets","/344 Audio - UK Shops & Markets/AMBMrkt_Outdoor Market, People, Sellers, Distant_344 Audio_Shops & Markets.wav","uk|town|small|british|britain|united|kingdom|suburban|ambience|environment|background|market|shopping|centre|shop|stall|trolleys|retail|store|deli|supermarket|northen|accent|outdoor|exterior|sale|ambmrkt_outdoor|people|sellers|distant_344|audio_shops|&|marketswav|uk shops & markets|344 audio"
"AMBMrkt_Supermarket, Billing Area, Till, Trolleys,_344 Audio_Shops & Markets.wav","UK Shops & Markets","344 Audio","https://sonniss.com/product/uk-shops-markets","/344 Audio - UK Shops & Markets/AMBMrkt_Supermarket, Billing Area, Till, Trolleys,_344 Audio_Shops & Markets.wav","uk|town|small|british|britain|united|kingdom|suburban|ambience|environment|background|market|shopping|centre|shop|stall|trolleys|retail|store|deli|supermarket|northen|accent|basket|scanning|bottles|children|ambmrkt_supermarket|billing|area|till|_344|audio_shops|&|marketswav|uk shops & markets|344 audio"
"AMBMrkt_Supermarket, Chilled Section, Air Conditioning,_344 Audio_Shops & Markets.wav","UK Shops & Markets","344 Audio","https://sonniss.com/product/uk-shops-markets","/344 Audio - UK Shops & Markets/AMBMrkt_Supermarket, Chilled Section, Air Conditioning,_344 Audio_Shops & Markets.wav","uk|town|small|british|britain|united|kingdom|suburban|ambience|environment|background|market|shopping|centre|shop|stall|trolleys|retail|store|deli|supermarket|northen|accent|indoor|interi|ambmrkt_supermarket|chilled|section|air|conditioning|_344|audio_shops|&|marketswav|uk shops & markets|344 audio"
"Interior Ambiance Of A Moving Bus.wav","UK Traffic & Vehicles","344 Audio","https://sonniss.com/product/uk-small-town-sound-effects-bundle","/344 Audio - UK Traffic & Vehicles/Interior Ambiance Of A Moving Bus.wav","uk|town|small|british|britain|united|kingdom|suburban|ambience|environment|background|english|atmosphere|people|talking|children|vechicles|traffic|bus|moving|interior|voices|kids|passengers|stopping|opening|door|scanning|ambiance|of|a|buswav|uk traffic & vehicles|344 audio"
"Sirens, Quiet Evening, Light taffic, Closer To Road.wav","UK Traffic & Vehicles","344 Audio","https://sonniss.com/product/uk-small-town-sound-effects-bundle","/344 Audio - UK Traffic & Vehicles/Sirens, Quiet Evening, Light taffic, Closer To Road.wav","uk|town|small|british|britain|united|kingdom|suburban|ambience|environment|background|english|atmosphere|sirens|ambulance|police|quiet|evening|light|taffic|closer|to|roadwav|uk traffic & vehicles|344 audio"
"Train Pass By, Long Approach, Countryside.wav","UK Traffic & Vehicles","344 Audio","https://sonniss.com/product/uk-small-town-sound-effects-bundle","/344 Audio - UK Traffic & Vehicles/Train Pass By, Long Approach, Countryside.wav","uk|town|small|british|britain|united|kingdom|suburban|exterior|outdoor|train|locomotive|railway|passby|transport|vehicle|countryside|pass|by|long|approach|countrysidewav|uk traffic & vehicles|344 audio"
"Castling Movements 08.wav","Ultimate Chess SFX","344 Audio","https://sonniss.com/product/ultimate-chess-sfx","/344 Audio - Ultimate Chess SFX/Castling Movements 08.wav","chess|board|games|chessboard|movements|wooden|box|game|piece|king|queen|rook|castle|pawn|bishop|knight|capture|capturing|dropping|rolling|sliding|castling|08wav|ultimate chess sfx|344 audio"
"Chess Pieces Rolling On Chess Board 20.wav","Ultimate Chess SFX","344 Audio","https://sonniss.com/product/ultimate-chess-sfx","/344 Audio - Ultimate Chess SFX/Chess Pieces Rolling On Chess Board 20.wav","chess|board|games|chessboard|movements|wooden|box|game|piece|king|queen|rook|castle|pawn|bishop|knight|capture|capturing|dropping|rolling|sliding|pieces|on|20wav|ultimate chess sfx|344 audio"
"Closing Latches 4.wav","Ultimate Chess SFX","344 Audio","https://sonniss.com/product/ultimate-chess-sfx","/344 Audio - Ultimate Chess SFX/Closing Latches 4.wav","chess|board|games|chessboard|movements|wooden|box|game|piece|king|queen|rook|castle|pawn|bishop|knight|wood|open|close|latch|tapping|table|closing|latches|4wav|ultimate chess sfx|344 audio"
"Writing With Pencil 04.wav","Ultimate Chess SFX","344 Audio","https://sonniss.com/product/ultimate-chess-sfx","/344 Audio - Ultimate Chess SFX/Writing With Pencil 04.wav","chess|board|games|chessboard|movements|wooden|box|game|piece|king|queen|rook|castle|pawn|bishop|knight|pencil|writing|scribble|paper|dropping|wood|table|with|04wav|ultimate chess sfx|344 audio"
"DSGNDron_Inside the Submarine_344 Audio_Wind Sculpture.wav","Wind Sculpture","344 Audio","https://sonniss.com/product/wind-sculpture","/344 Audio - Wind Sculpture/DSGNDron_Inside the Submarine_344 Audio_Wind Sculpture.wav","wind|uk|outdoors|nature|exterior|singing|ringing|tree|whistle|gusts|submarine|underwater|dark|drone|sea|technology|scifi|science|fiction|designed|expedition|resonant|dsgndron_inside|the|submarine_344|audio_wind|sculpturewav|wind sculpture|344 audio"
"DSGNDron_Raw Ringing Tree 01_344 Audio_Wind Sculpture.wav","Wind Sculpture","344 Audio","https://sonniss.com/product/wind-sculpture","/344 Audio - Wind Sculpture/DSGNDron_Raw Ringing Tree 01_344 Audio_Wind Sculpture.wav","wind|uk|outdoors|nature|exterior|singing|ringing|tree|whistle|gusts|scifi|science|fiction|sculpture|designed|resonant|metallic|dark|drone|dsgndron_raw|01_344|audio_wind|sculpturewav|wind sculpture|344 audio"
"CREAHmn_Test Subject 2  12_344 Audio_Zombie Specimens Vol 2.wav","Zombie Specimens Vol. 2","344 Audio","https://sonniss.com/product/zombie-specimens-vol-2","/344 Audio - Zombie Specimens Vol. 2/CREAHmn_Test Subject 2  12_344 Audio_Zombie Specimens Vol 2.wav","zombie|monster|growl|vocalisation|roar|gurgle|gargle|scary|horror|canibal|decay|ghoul|creature|male|bellow|cracking|voice|demon|throat|generic|breath|exhale|wheeze|choke|strangle|spcecimen|creahmn_test|subject|2|12_344|audio_zombie|specimens|vol|2wav|zombie specimens vol. 2|344 audio"
"CREAHmn_Test Subject 3 10_344 Audio_Zombie Specimens Vol 2.wav","Zombie Specimens Vol. 2","344 Audio","https://sonniss.com/product/zombie-specimens-vol-2","/344 Audio - Zombie Specimens Vol. 2/CREAHmn_Test Subject 3 10_344 Audio_Zombie Specimens Vol 2.wav","zombie|monster|growl|vocalisation|roar|gurgle|gargle|scary|horror|canibal|decay|ghoul|creature|male|bellow|cracking|voice|demon|throat|generic|spcecimen|creahmn_test|subject|3|10_344|audio_zombie|specimens|vol|2wav|zombie specimens vol. 2|344 audio"
"CREAHmn_Test Subject 4 05_344 Audio_Zombie Specimens Vol 2.wav","Zombie Specimens Vol. 2","344 Audio","https://sonniss.com/product/zombie-specimens-vol-2","/344 Audio - Zombie Specimens Vol. 2/CREAHmn_Test Subject 4 05_344 Audio_Zombie Specimens Vol 2.wav","zombie|monster|growl|vocalisation|roar|gurgle|gargle|scary|horror|canibal|decay|ghoul|creature|male|bellow|cracking|voice|demon|throat|generic|angry|aggresive|predator|hungry|attack|spcecimen|creahmn_test|subject|4|05_344|audio_zombie|specimens|vol|2wav|zombie specimens vol. 2|344 audio"
"CREAHmn_Test Subject 6 09_344 Audio_Zombie Specimens Vol 2.wav","Zombie Specimens Vol. 2","344 Audio","https://sonniss.com/product/zombie-specimens-vol-2","/344 Audio - Zombie Specimens Vol. 2/CREAHmn_Test Subject 6 09_344 Audio_Zombie Specimens Vol 2.wav","zombie|monster|growl|vocalisation|roar|gurgle|gargle|scary|horror|canibal|decay|ghoul|creature|male|bellow|cracking|voice|demon|throat|generic|spcecimen|creahmn_test|subject|6|09_344|audio_zombie|specimens|vol|2wav|zombie specimens vol. 2|344 audio"
"Forest, Daytime, Birds, Outdoors, Nature, Spring.wav","UK Canals, Parks & Forests","344 Audio","https://sonniss.com/product/uk-canals-parks-forests","/344 Audio- UK Canals, Parks & Forests/Forest, Daytime, Birds, Outdoors, Nature, Spring.wav","uk|town|small|british|britain|united|kingdom|suburban|ambience|environment|background|english|atmosphere|nature|birds|quiet|forest|pigieons|chirping|daytime|robins|blackbird|outdoors|springwav|uk canals, parks & forests|344 audio"
"Park, People, Distant Traffic, Children Playing.wav","UK Canals, Parks & Forests","344 Audio","https://sonniss.com/product/uk-canals-parks-forests","/344 Audio- UK Canals, Parks & Forests/Park, People, Distant Traffic, Children Playing.wav","uk|town|small|british|britain|united|kingdom|suburban|ambience|environment|background|english|atmosphere|nature|kids|people|talking|playing|practicing|boxing|park|distant|traffic|children|playingwav|uk canals, parks & forests|344 audio"
"Sheeps & Lamps.wav","UK Canals, Parks & Forests","344 Audio","https://sonniss.com/product/uk-canals-parks-forests","/344 Audio- UK Canals, Parks & Forests/Sheeps & Lamps.wav","uk|town|small|british|britain|united|kingdom|suburban|ambience|environment|background|english|atmosphere|sheep|lamps|distant|traffic|industrial|farm|field|sheeps|&|lampswav|uk canals, parks & forests|344 audio"
"Retro Vacuum Cleaner Activity Carpet Distant ORTF.wav","Retro Vacuum","Badlands Sound","https://sonniss.com/product/retro-vacuum","/Badlands Sound - Retro Vacuum/Retro Vacuum Cleaner Activity Carpet Distant ORTF.wav","retro|vacuum|cleaner|sweeper|hoover|activity|movement|hard|or|soft|carpet|distant|far|ortfwav|retro vacuum|badlands sound"
"Retro Vacuum Cleaner Exterior Wheels Moving Slowly On Carpet Left To Right ORTF.wav","Retro Vacuum","Badlands Sound","https://sonniss.com/product/retro-vacuum","/Badlands Sound - Retro Vacuum/Retro Vacuum Cleaner Exterior Wheels Moving Slowly On Carpet Left To Right ORTF.wav","pushing|clean|cleaning|vacuuming|retro|vacuum|cleaner|sweeper|hoover|wheels|slowly|walking|on|hard|surface|concrete|wood|floor|floorboard|right|to|left|exterior|moving|carpet|ortfwav|retro vacuum|badlands sound"
"Retro Vacuum Cleaner Foley Grabbing Bag.wav","Retro Vacuum","Badlands Sound","https://sonniss.com/product/retro-vacuum","/Badlands Sound - Retro Vacuum/Retro Vacuum Cleaner Foley Grabbing Bag.wav","retro|vacuum|cleaner|sweeper|hoover|foley|grabbing|bag|bagwav|retro vacuum|badlands sound"
"Retro Vacuum Cleaner Onboard Motor Calmly On Hard Carpet 03.wav","Retro Vacuum","Badlands Sound","https://sonniss.com/product/retro-vacuum","/Badlands Sound - Retro Vacuum/Retro Vacuum Cleaner Onboard Motor Calmly On Hard Carpet 03.wav","retro|vacuum|cleaner|sweeper|hoover|onboard|motor|calmly|on|hard|carpet|03wav|retro vacuum|badlands sound"
"Bluezone_BC0285_afterlife_ambient_sfx_transition_001.wav","Afterlife - Ethereal Ambient Samples","BluezoneCorp","https://sonniss.com/product/afterlife-ethereal-ambient-samples-sound-effects","/BluezoneCorp - Afterlife - Ethereal Ambient Samples/Bluezone_BC0285_afterlife_ambient_sfx_transition_001.wav","bluezone_bc0285_afterlife_ambient_sfx_transition_001wav|afterlife - ethereal ambient samples|bluezonecorp"
"Bluezone_BC0285_afterlife_ambient_synth_melodic_texture_008.wav","Afterlife - Ethereal Ambient Samples","BluezoneCorp","https://sonniss.com/product/afterlife-ethereal-ambient-samples-sound-effects","/BluezoneCorp - Afterlife - Ethereal Ambient Samples/Bluezone_BC0285_afterlife_ambient_synth_melodic_texture_008.wav","bluezone_bc0285_afterlife_ambient_synth_melodic_texture_008wav|afterlife - ethereal ambient samples|bluezonecorp"
"Bluezone_BC0285_afterlife_ambient_synth_texture_005.wav","Afterlife - Ethereal Ambient Samples","BluezoneCorp","https://sonniss.com/product/afterlife-ethereal-ambient-samples-sound-effects","/BluezoneCorp - Afterlife - Ethereal Ambient Samples/Bluezone_BC0285_afterlife_ambient_synth_texture_005.wav","bluezone_bc0285_afterlife_ambient_synth_texture_005wav|afterlife - ethereal ambient samples|bluezonecorp"
"Bluezone_BC0285_afterlife_ambient_synth_texture_epic_006_01.wav","Afterlife - Ethereal Ambient Samples","BluezoneCorp","https://sonniss.com/product/afterlife-ethereal-ambient-samples-sound-effects","/BluezoneCorp - Afterlife - Ethereal Ambient Samples/Bluezone_BC0285_afterlife_ambient_synth_texture_epic_006_01.wav","bluezone_bc0285_afterlife_ambient_synth_texture_epic_006_01wav|afterlife - ethereal ambient samples|bluezonecorp"
"Bluezone_BC0287_annihilation_debris_falling_rock_001.wav","Annihilation - Mech","BluezoneCorp","https://sonniss.com/product/annihilation-mech","/BluezoneCorp - Annihilation - Mech/Bluezone_BC0287_annihilation_debris_falling_rock_001.wav","bluezone_bc0287_annihilation_debris_falling_rock_001wav|annihilation - mech|bluezonecorp"
"Bluezone_BC0287_annihilation_mech_mechanical_texture_sequence_035.wav","Annihilation - Mech","BluezoneCorp","https://sonniss.com/product/annihilation-mech","/BluezoneCorp - Annihilation - Mech/Bluezone_BC0287_annihilation_mech_mechanical_texture_sequence_035.wav","bluezone_bc0287_annihilation_mech_mechanical_texture_sequence_035wav|annihilation - mech|bluezonecorp"
"Bluezone_BC0287_annihilation_mech_mechanical_texture_sequence_modulation_002.wav","Annihilation - Mech","BluezoneCorp","https://sonniss.com/product/annihilation-mech","/BluezoneCorp - Annihilation - Mech/Bluezone_BC0287_annihilation_mech_mechanical_texture_sequence_modulation_002.wav","bluezone_bc0287_annihilation_mech_mechanical_texture_sequence_modulation_002wav|annihilation - mech|bluezonecorp"
"Bluezone_BC0287_annihilation_mech_weapon_scifi_shot_004.wav","Annihilation - Mech","BluezoneCorp","https://sonniss.com/product/annihilation-mech","/BluezoneCorp - Annihilation - Mech/Bluezone_BC0287_annihilation_mech_weapon_scifi_shot_004.wav","bluezone_bc0287_annihilation_mech_weapon_scifi_shot_004wav|annihilation - mech|bluezonecorp"
"Bluezone_BC0276_better_world_synth_ethnic_instrument_hit_001_02.wav","Better World - Ethereal Ambient Samples","BluezoneCorp","https://sonniss.com/product/better-world-ethereal-ambient-sample-sound-effects","/BluezoneCorp - Better World - Ethereal Ambient Samples/Bluezone_BC0276_better_world_synth_ethnic_instrument_hit_001_02.wav","bluezone_bc0276_better_world_synth_ethnic_instrument_hit_001_02wav|better world - ethereal ambient samples|bluezonecorp"
"Bluezone_BC0276_better_world_synth_evolving_pad_texture_transition_001.wav","Better World - Ethereal Ambient Samples","BluezoneCorp","https://sonniss.com/product/better-world-ethereal-ambient-sample-sound-effects","/BluezoneCorp - Better World - Ethereal Ambient Samples/Bluezone_BC0276_better_world_synth_evolving_pad_texture_transition_001.wav","bluezone_bc0276_better_world_synth_evolving_pad_texture_transition_001wav|better world - ethereal ambient samples|bluezonecorp"
"Bluezone_BC0276_better_world_synth_texture_complex_002.wav","Better World - Ethereal Ambient Samples","BluezoneCorp","https://sonniss.com/product/better-world-ethereal-ambient-sample-sound-effects","/BluezoneCorp - Better World - Ethereal Ambient Samples/Bluezone_BC0276_better_world_synth_texture_complex_002.wav","bluezone_bc0276_better_world_synth_texture_complex_002wav|better world - ethereal ambient samples|bluezonecorp"
"Bluezone_BC0276_better_world_synth_texture_melodic_phrase_soft_01_01.wav","Better World - Ethereal Ambient Samples","BluezoneCorp","https://sonniss.com/product/better-world-ethereal-ambient-sample-sound-effects","/BluezoneCorp - Better World - Ethereal Ambient Samples/Bluezone_BC0276_better_world_synth_texture_melodic_phrase_soft_01_01.wav","bluezone_bc0276_better_world_synth_texture_melodic_phrase_soft_01_01wav|better world - ethereal ambient samples|bluezonecorp"
"Bluezone_BC0280_biohazard_atmos_background_cave_trickle_002.wav","Biohazard - Organic Textures and Ambiences","BluezoneCorp","https://sonniss.com/product/biohazard-organic-textures-and-ambiences","/BluezoneCorp - Biohazard - Organic Textures and Ambiences/Bluezone_BC0280_biohazard_atmos_background_cave_trickle_002.wav","bluezone_bc0280_biohazard_atmos_background_cave_trickle_002wav|biohazard - organic textures and ambiences|bluezonecorp"
"Bluezone_BC0280_biohazard_atmos_organic_insect_ambience_001.wav","Biohazard - Organic Textures and Ambiences","BluezoneCorp","https://sonniss.com/product/biohazard-organic-textures-and-ambiences","/BluezoneCorp - Biohazard - Organic Textures and Ambiences/Bluezone_BC0280_biohazard_atmos_organic_insect_ambience_001.wav","bluezone_bc0280_biohazard_atmos_organic_insect_ambience_001wav|biohazard - organic textures and ambiences|bluezonecorp"
"Bluezone_BC0280_biohazard_creature_organic_texture_041.wav","Biohazard - Organic Textures and Ambiences","BluezoneCorp","https://sonniss.com/product/biohazard-organic-textures-and-ambiences","/BluezoneCorp - Biohazard - Organic Textures and Ambiences/Bluezone_BC0280_biohazard_creature_organic_texture_041.wav","bluezone_bc0280_biohazard_creature_organic_texture_041wav|biohazard - organic textures and ambiences|bluezonecorp"
"Bluezone_BC0280_biohazard_creature_organic_texture_analog_002_02.wav","Biohazard - Organic Textures and Ambiences","BluezoneCorp","https://sonniss.com/product/biohazard-organic-textures-and-ambiences","/BluezoneCorp - Biohazard - Organic Textures and Ambiences/Bluezone_BC0280_biohazard_creature_organic_texture_analog_002_02.wav","bluezone_bc0280_biohazard_creature_organic_texture_analog_002_02wav|biohazard - organic textures and ambiences|bluezonecorp"
"Bluezone_BC0274_glass_impact_break_002.wav","Broken Glass","BluezoneCorp","https://sonniss.com/product/broken-glass-sound-effects","/BluezoneCorp - Broken Glass/Bluezone_BC0274_glass_impact_break_002.wav","bluezone_bc0274_glass_impact_break_002wav|broken glass|bluezonecorp"
"Bluezone_BC0274_glass_impact_break_falling_debris_004.wav","Broken Glass","BluezoneCorp","https://sonniss.com/product/broken-glass-sound-effects","/BluezoneCorp - Broken Glass/Bluezone_BC0274_glass_impact_break_falling_debris_004.wav","bluezone_bc0274_glass_impact_break_falling_debris_004wav|broken glass|bluezonecorp"
"Bluezone_BC0274_glass_impact_break_small_014.wav","Broken Glass","BluezoneCorp","https://sonniss.com/product/broken-glass-sound-effects","/BluezoneCorp - Broken Glass/Bluezone_BC0274_glass_impact_break_small_014.wav","bluezone_bc0274_glass_impact_break_small_014wav|broken glass|bluezonecorp"
"Bluezone_BC0275_building_collapse_debris_falling_rock_008.wav","Building Collapse","BluezoneCorp","https://sonniss.com/product/building-collapse","/BluezoneCorp - Building Collapse/Bluezone_BC0275_building_collapse_debris_falling_rock_008.wav","bluezone_bc0275_building_collapse_debris_falling_rock_008wav|building collapse|bluezonecorp"
"Bluezone_BC0275_building_collapse_debris_falling_rock_rubble_008.wav","Building Collapse","BluezoneCorp","https://sonniss.com/product/building-collapse","/BluezoneCorp - Building Collapse/Bluezone_BC0275_building_collapse_debris_falling_rock_rubble_008.wav","bluezone_bc0275_building_collapse_debris_falling_rock_rubble_008wav|building collapse|bluezonecorp"
"Bluezone_BC0275_building_collapse_debris_falling_rock_rubble_glass_010.wav","Building Collapse","BluezoneCorp","https://sonniss.com/product/building-collapse","/BluezoneCorp - Building Collapse/Bluezone_BC0275_building_collapse_debris_falling_rock_rubble_glass_010.wav","bluezone_bc0275_building_collapse_debris_falling_rock_rubble_glass_010wav|building collapse|bluezonecorp"
"Bluezone_BC0275_building_collapse_debris_impact_glass_short_009.wav","Building Collapse","BluezoneCorp","https://sonniss.com/product/building-collapse","/BluezoneCorp - Building Collapse/Bluezone_BC0275_building_collapse_debris_impact_glass_short_009.wav","bluezone_bc0275_building_collapse_debris_impact_glass_short_009wav|building collapse|bluezonecorp"
"Bluezone_BC0288_combat_drone_jet_texture_sonic_boom_002.wav","Combat Drone","BluezoneCorp","https://sonniss.com/product/combat-drone-sound-effects-library","/BluezoneCorp - Combat Drone/Bluezone_BC0288_combat_drone_jet_texture_sonic_boom_002.wav","bluezone_bc0288_combat_drone_jet_texture_sonic_boom_002wav|combat drone|bluezonecorp"
"Bluezone_BC0288_combat_drone_texture_beacon_002.wav","Combat Drone","BluezoneCorp","https://sonniss.com/product/combat-drone-sound-effects-library","/BluezoneCorp - Combat Drone/Bluezone_BC0288_combat_drone_texture_beacon_002.wav","bluezone_bc0288_combat_drone_texture_beacon_002wav|combat drone|bluezonecorp"
"Bluezone_BC0288_combat_drone_texture_scan_001_03.wav","Combat Drone","BluezoneCorp","https://sonniss.com/product/combat-drone-sound-effects-library","/BluezoneCorp - Combat Drone/Bluezone_BC0288_combat_drone_texture_scan_001_03.wav","bluezone_bc0288_combat_drone_texture_scan_001_03wav|combat drone|bluezonecorp"
"Bluezone_BC0288_combat_drone_weapon_explosion_004.wav","Combat Drone","BluezoneCorp","https://sonniss.com/product/combat-drone-sound-effects-library","/BluezoneCorp - Combat Drone/Bluezone_BC0288_combat_drone_weapon_explosion_004.wav","bluezone_bc0288_combat_drone_weapon_explosion_004wav|combat drone|bluezonecorp"
"Bluezone_BC0290_demolisher_debris_rubble_texture_004.wav","Demolisher - Robot","BluezoneCorp","https://sonniss.com/product/demolisher-robot-sound-effects","/BluezoneCorp - Demolisher - Robot/Bluezone_BC0290_demolisher_debris_rubble_texture_004.wav","bluezone_bc0290_demolisher_debris_rubble_texture_004wav|demolisher - robot|bluezonecorp"
"Bluezone_BC0290_demolisher_metal_impact_002.wav","Demolisher - Robot","BluezoneCorp","https://sonniss.com/product/demolisher-robot-sound-effects","/BluezoneCorp - Demolisher - Robot/Bluezone_BC0290_demolisher_metal_impact_002.wav","bluezone_bc0290_demolisher_metal_impact_002wav|demolisher - robot|bluezonecorp"
"Bluezone_BC0290_demolisher_pneumatic_texture_007.wav","Demolisher - Robot","BluezoneCorp","https://sonniss.com/product/demolisher-robot-sound-effects","/BluezoneCorp - Demolisher - Robot/Bluezone_BC0290_demolisher_pneumatic_texture_007.wav","bluezone_bc0290_demolisher_pneumatic_texture_007wav|demolisher - robot|bluezonecorp"
"Bluezone_BC0290_demolisher_robot_mechanical_footsteps_rusty_creak_005.wav","Demolisher - Robot","BluezoneCorp","https://sonniss.com/product/demolisher-robot-sound-effects","/BluezoneCorp - Demolisher - Robot/Bluezone_BC0290_demolisher_robot_mechanical_footsteps_rusty_creak_005.wav","bluezone_bc0290_demolisher_robot_mechanical_footsteps_rusty_creak_005wav|demolisher - robot|bluezonecorp"
"Bluezone_BC0277_cartridge_case_handling_018.wav","Detonation - Explosion","BluezoneCorp","https://sonniss.com/product/detonation-explosion-sound-effect-library","/BluezoneCorp - Detonation - Explosion/Bluezone_BC0277_cartridge_case_handling_018.wav","bluezone_bc0277_cartridge_case_handling_018wav|detonation - explosion|bluezonecorp"
"Bluezone_BC0277_explosion_mortar_002_01.wav","Detonation - Explosion","BluezoneCorp","https://sonniss.com/product/detonation-explosion-sound-effect-library","/BluezoneCorp - Detonation - Explosion/Bluezone_BC0277_explosion_mortar_002_01.wav","bluezone_bc0277_explosion_mortar_002_01wav|detonation - explosion|bluezonecorp"
"Bluezone_BC0277_explosion_urban_004_02.wav","Detonation - Explosion","BluezoneCorp","https://sonniss.com/product/detonation-explosion-sound-effect-library","/BluezoneCorp - Detonation - Explosion/Bluezone_BC0277_explosion_urban_004_02.wav","bluezone_bc0277_explosion_urban_004_02wav|detonation - explosion|bluezonecorp"
"Bluezone_BC0277_weapon_smoke_grenade_launcher_003.wav","Detonation - Explosion","BluezoneCorp","https://sonniss.com/product/detonation-explosion-sound-effect-library","/BluezoneCorp - Detonation - Explosion/Bluezone_BC0277_weapon_smoke_grenade_launcher_003.wav","bluezone_bc0277_weapon_smoke_grenade_launcher_003wav|detonation - explosion|bluezonecorp"
"Bluezone_BC0273_eternity_synth_012.wav","Eternity - Ethereal Ambient","BluezoneCorp","https://sonniss.com/product/eternity-ethereal-ambient-sound-effects","/BluezoneCorp - Eternity - Ethereal Ambient/Bluezone_BC0273_eternity_synth_012.wav","bluezone_bc0273_eternity_synth_012wav|eternity - ethereal ambient|bluezonecorp"
"Bluezone_BC0273_eternity_synth_chimes_texture_001.wav","Eternity - Ethereal Ambient","BluezoneCorp","https://sonniss.com/product/eternity-ethereal-ambient-sound-effects","/BluezoneCorp - Eternity - Ethereal Ambient/Bluezone_BC0273_eternity_synth_chimes_texture_001.wav","bluezone_bc0273_eternity_synth_chimes_texture_001wav|eternity - ethereal ambient|bluezonecorp"
"Bluezone_BC0273_eternity_synth_chord_002_01.wav","Eternity - Ethereal Ambient","BluezoneCorp","https://sonniss.com/product/eternity-ethereal-ambient-sound-effects","/BluezoneCorp - Eternity - Ethereal Ambient/Bluezone_BC0273_eternity_synth_chord_002_01.wav","bluezone_bc0273_eternity_synth_chord_002_01wav|eternity - ethereal ambient|bluezonecorp"
"Bluezone_BC0273_eternity_synth_texture_melodic_phrase_004_02.wav","Eternity - Ethereal Ambient","BluezoneCorp","https://sonniss.com/product/eternity-ethereal-ambient-sound-effects","/BluezoneCorp - Eternity - Ethereal Ambient/Bluezone_BC0273_eternity_synth_texture_melodic_phrase_004_02.wav","bluezone_bc0273_eternity_synth_texture_melodic_phrase_004_02wav|eternity - ethereal ambient|bluezonecorp"
"Bluezone_BC0279_forest_tree_branch_leaf_foliage_impact_short_012.wav","Forest Textures","BluezoneCorp","https://sonniss.com/product/forest-textures","/BluezoneCorp - Forest Textures/Bluezone_BC0279_forest_tree_branch_leaf_foliage_impact_short_012.wav","bluezone_bc0279_forest_tree_branch_leaf_foliage_impact_short_012wav|forest textures|bluezonecorp"
"Bluezone_BC0279_forest_tree_branch_texture_1_004.wav","Forest Textures","BluezoneCorp","https://sonniss.com/product/forest-textures","/BluezoneCorp - Forest Textures/Bluezone_BC0279_forest_tree_branch_texture_1_004.wav","bluezone_bc0279_forest_tree_branch_texture_1_004wav|forest textures|bluezonecorp"
"Bluezone_BC0279_forest_tree_wood_texture_creaking_016.wav","Forest Textures","BluezoneCorp","https://sonniss.com/product/forest-textures","/BluezoneCorp - Forest Textures/Bluezone_BC0279_forest_tree_wood_texture_creaking_016.wav","bluezone_bc0279_forest_tree_wood_texture_creaking_016wav|forest textures|bluezonecorp"
"Bluezone_BC0279_forest_wood_log_debris_falling_3_007.wav","Forest Textures","BluezoneCorp","https://sonniss.com/product/forest-textures","/BluezoneCorp - Forest Textures/Bluezone_BC0279_forest_wood_log_debris_falling_3_007.wav","bluezone_bc0279_forest_wood_log_debris_falling_3_007wav|forest textures|bluezonecorp"
"Bluezone_BC0278_ice_crack_break_002.wav","Ice Cracking","BluezoneCorp","https://sonniss.com/product/ice-cracking-sound-effects-library","/BluezoneCorp - Ice Cracking/Bluezone_BC0278_ice_crack_break_002.wav","bluezone_bc0278_ice_crack_break_002wav|ice cracking|bluezonecorp"
"Bluezone_BC0278_ice_crack_break_078.wav","Ice Cracking","BluezoneCorp","https://sonniss.com/product/ice-cracking-sound-effects-library","/BluezoneCorp - Ice Cracking/Bluezone_BC0278_ice_crack_break_078.wav","bluezone_bc0278_ice_crack_break_078wav|ice cracking|bluezonecorp"
"Bluezone_BC0278_ice_crack_break_189.wav","Ice Cracking","BluezoneCorp","https://sonniss.com/product/ice-cracking-sound-effects-library","/BluezoneCorp - Ice Cracking/Bluezone_BC0278_ice_crack_break_189.wav","bluezone_bc0278_ice_crack_break_189wav|ice cracking|bluezonecorp"
"Bluezone_BC0278_ice_crack_break_water_032.wav","Ice Cracking","BluezoneCorp","https://sonniss.com/product/ice-cracking-sound-effects-library","/BluezoneCorp - Ice Cracking/Bluezone_BC0278_ice_crack_break_water_032.wav","bluezone_bc0278_ice_crack_break_water_032wav|ice cracking|bluezonecorp"
"Bluezone_BC0286_invader_alien_scifi_texture_022.wav","Invader - Alien Creature","BluezoneCorp","https://sonniss.com/product/invader-alien-creature","/BluezoneCorp - Invader - Alien Creature/Bluezone_BC0286_invader_alien_scifi_texture_022.wav","bluezone_bc0286_invader_alien_scifi_texture_022wav|invader - alien creature|bluezonecorp"
"Bluezone_BC0286_invader_alien_scifi_transmission_004.wav","Invader - Alien Creature","BluezoneCorp","https://sonniss.com/product/invader-alien-creature","/BluezoneCorp - Invader - Alien Creature/Bluezone_BC0286_invader_alien_scifi_transmission_004.wav","bluezone_bc0286_invader_alien_scifi_transmission_004wav|invader - alien creature|bluezonecorp"
"Bluezone_BC0286_invader_debris_impact_011.wav","Invader - Alien Creature","BluezoneCorp","https://sonniss.com/product/invader-alien-creature","/BluezoneCorp - Invader - Alien Creature/Bluezone_BC0286_invader_debris_impact_011.wav","bluezone_bc0286_invader_debris_impact_011wav|invader - alien creature|bluezonecorp"
"Bluezone_BC0286_invader_weapon_scifi_shot_002.wav","Invader - Alien Creature","BluezoneCorp","https://sonniss.com/product/invader-alien-creature","/BluezoneCorp - Invader - Alien Creature/Bluezone_BC0286_invader_weapon_scifi_shot_002.wav","bluezone_bc0286_invader_weapon_scifi_shot_002wav|invader - alien creature|bluezonecorp"
"Bluezone_BC0284_soundwave_robot_footsteps_001.wav","Soundwave - Robot","BluezoneCorp","https://sonniss.com/product/soundwave-robot-sound-effects-library","/BluezoneCorp - Soundwave - Robot/Bluezone_BC0284_soundwave_robot_footsteps_001.wav","bluezone_bc0284_soundwave_robot_footsteps_001wav|soundwave - robot|bluezonecorp"
"Bluezone_BC0284_soundwave_robot_metal_texture_011.wav","Soundwave - Robot","BluezoneCorp","https://sonniss.com/product/soundwave-robot-sound-effects-library","/BluezoneCorp - Soundwave - Robot/Bluezone_BC0284_soundwave_robot_metal_texture_011.wav","bluezone_bc0284_soundwave_robot_metal_texture_011wav|soundwave - robot|bluezonecorp"
"Bluezone_BC0284_soundwave_robot_transformation_texture_036.wav","Soundwave - Robot","BluezoneCorp","https://sonniss.com/product/soundwave-robot-sound-effects-library","/BluezoneCorp - Soundwave - Robot/Bluezone_BC0284_soundwave_robot_transformation_texture_036.wav","bluezone_bc0284_soundwave_robot_transformation_texture_036wav|soundwave - robot|bluezonecorp"
"Bluezone_BC0284_soundwave_weapon_scifi_shot_007_02.wav","Soundwave - Robot","BluezoneCorp","https://sonniss.com/product/soundwave-robot-sound-effects-library","/BluezoneCorp - Soundwave - Robot/Bluezone_BC0284_soundwave_weapon_scifi_shot_007_02.wav","bluezone_bc0284_soundwave_weapon_scifi_shot_007_02wav|soundwave - robot|bluezonecorp"
"Bluezone_BC0282_steampunk_mechanical_gear_chain_element_start_stop_014.wav","Steampunk Mechanical Sounds","BluezoneCorp","https://sonniss.com/product/steampunk-mechanical-sound-effects","/BluezoneCorp - Steampunk Mechanical Sounds/Bluezone_BC0282_steampunk_mechanical_gear_chain_element_start_stop_014.wav","bluezone_bc0282_steampunk_mechanical_gear_chain_element_start_stop_014wav|steampunk mechanical sounds|bluezonecorp"
"Bluezone_BC0282_steampunk_mechanical_mechanism_metal_008.wav","Steampunk Mechanical Sounds","BluezoneCorp","https://sonniss.com/product/steampunk-mechanical-sound-effects","/BluezoneCorp - Steampunk Mechanical Sounds/Bluezone_BC0282_steampunk_mechanical_mechanism_metal_008.wav","bluezone_bc0282_steampunk_mechanical_mechanism_metal_008wav|steampunk mechanical sounds|bluezonecorp"
"Bluezone_BC0282_steampunk_mechanical_mechanism_metal_039_03.wav","Steampunk Mechanical Sounds","BluezoneCorp","https://sonniss.com/product/steampunk-mechanical-sound-effects","/BluezoneCorp - Steampunk Mechanical Sounds/Bluezone_BC0282_steampunk_mechanical_mechanism_metal_039_03.wav","bluezone_bc0282_steampunk_mechanical_mechanism_metal_039_03wav|steampunk mechanical sounds|bluezonecorp"
"Bluezone_BC0282_steampunk_mechanical_metal_element_alarm_mechanism_001.wav","Steampunk Mechanical Sounds","BluezoneCorp","https://sonniss.com/product/steampunk-mechanical-sound-effects","/BluezoneCorp - Steampunk Mechanical Sounds/Bluezone_BC0282_steampunk_mechanical_metal_element_alarm_mechanism_001.wav","bluezone_bc0282_steampunk_mechanical_metal_element_alarm_mechanism_001wav|steampunk mechanical sounds|bluezonecorp"
"medium_wooden_pieces_on_cardboard_7.wav","Board Games – Gamedesigners Audio Toolkit 01","CB Sound Design","https://sonniss.com/product/board-games-gamedesigners-audio-toolkit-01","/CB Sound Design - Board Games – Gamedesigners Audio Toolkit 01/medium_wooden_pieces_on_cardboard_7.wav","cardboard|games|play|game|wooden|pieces|cardboard|falling|token|small|medium_wooden_pieces_on_cardboard_7wav|board games – gamedesigners audio toolkit 01|cb sound design"
"Plastic_Dice_on_wooden_board_2_Dice_16.wav","Board Games – Gamedesigners Audio Toolkit 01","CB Sound Design","https://sonniss.com/product/board-games-gamedesigners-audio-toolkit-01","/CB Sound Design - Board Games – Gamedesigners Audio Toolkit 01/Plastic_Dice_on_wooden_board_2_Dice_16.wav","cardboard|games|play|game|dice|roll|rattle|clack|gambling|toss|plastic_dice_on_wooden_board_2_dice_16wav|board games – gamedesigners audio toolkit 01|cb sound design"
"plastic_pawns_on_cardboard_more_steps_4.wav","Board Games – Gamedesigners Audio Toolkit 01","CB Sound Design","https://sonniss.com/product/board-games-gamedesigners-audio-toolkit-01","/CB Sound Design - Board Games – Gamedesigners Audio Toolkit 01/plastic_pawns_on_cardboard_more_steps_4.wav","cardboard|games|play|game|wooden|pawn|bit|checker|meeple|stone|pieces|cardboard|falling|token|moving|set|plastic_pawns_on_cardboard_more_steps_4wav|board games – gamedesigners audio toolkit 01|cb sound design"
"Riffeling_Playing_Cards_on_Cardboard_4.wav","Board Games – Gamedesigners Audio Toolkit 01","CB Sound Design","https://sonniss.com/product/board-games-gamedesigners-audio-toolkit-01","/CB Sound Design - Board Games – Gamedesigners Audio Toolkit 01/Riffeling_Playing_Cards_on_Cardboard_4.wav","cardboard|games|play|game|cards|dealing|taking|shuffle|riffle|chance|card|dice|roll|rattle|clack|gambling|toss|riffeling_playing_cards_on_cardboard_4wav|board games – gamedesigners audio toolkit 01|cb sound design"
"CYBERDECK_General_UI_18.wav","Cyberdeck - Hologram & Transmissions Sound Effects","CB Sound Design","https://sonniss.com/product/cyberdeck-hologram-transmissions-sound-effects","/CB Sound Design - Cyberdeck - Hologram & Transmissions Sound Effects/CYBERDECK_General_UI_18.wav","hologram|scifi|transmissions|hud|user|interface|sfx|noise|magnetic|field|cyberdeck_general_ui_18wav|cyberdeck - hologram & transmissions sound effects|cb sound design"
"CYBERDECK_Hologram_designed_19.wav","Cyberdeck - Hologram & Transmissions Sound Effects","CB Sound Design","https://sonniss.com/product/cyberdeck-hologram-transmissions-sound-effects","/CB Sound Design - Cyberdeck - Hologram & Transmissions Sound Effects/CYBERDECK_Hologram_designed_19.wav","hologram|scifi|transmissions|hud|user|interface|sfx|noise|magnetic|field|cyberdeck_hologram_designed_19wav|cyberdeck - hologram & transmissions sound effects|cb sound design"
"CYBERDECK_Holonoise_Energy_15.wav","Cyberdeck - Hologram & Transmissions Sound Effects","CB Sound Design","https://sonniss.com/product/cyberdeck-hologram-transmissions-sound-effects","/CB Sound Design - Cyberdeck - Hologram & Transmissions Sound Effects/CYBERDECK_Holonoise_Energy_15.wav","hologram|scifi|transmissions|hud|user|interface|sfx|noise|magnetic|field|cyberdeck_holonoise_energy_15wav|cyberdeck - hologram & transmissions sound effects|cb sound design"
"CYBERDECK_Outro_2.wav","Cyberdeck - Hologram & Transmissions Sound Effects","CB Sound Design","https://sonniss.com/product/cyberdeck-hologram-transmissions-sound-effects","/CB Sound Design - Cyberdeck - Hologram & Transmissions Sound Effects/CYBERDECK_Outro_2.wav","hologram|scifi|transmissions|hud|user|interface|sfx|noise|magnetic|field|cyberdeck_outro_2wav|cyberdeck - hologram & transmissions sound effects|cb sound design"
"DEFECT_Digital_Glitch_6.wav","Defect – Hum, Noise And Glitches","CB Sound Design","https://sonniss.com/product/defect-hum-noise-and-glitches-sound-effects","/CB Sound Design - Defect – Hum, Noise And Glitches/DEFECT_Digital_Glitch_6.wav","digital|glitch|error|malfunction|noise|computer|defect_digital_glitch_6wav|defect – hum, noise and glitches|cb sound design"
"DEFECT_Electro_Magnetic_29.wav","Defect – Hum, Noise And Glitches","CB Sound Design","https://sonniss.com/product/defect-hum-noise-and-glitches-sound-effects","/CB Sound Design - Defect – Hum, Noise And Glitches/DEFECT_Electro_Magnetic_29.wav","emf|magnetic|noise|glitch|electromagnetic|electric|defect_electro_magnetic_29wav|defect – hum, noise and glitches|cb sound design"
"DEFECT_Noise_Hum_Buzz_21.wav","Defect – Hum, Noise And Glitches","CB Sound Design","https://sonniss.com/product/defect-hum-noise-and-glitches-sound-effects","/CB Sound Design - Defect – Hum, Noise And Glitches/DEFECT_Noise_Hum_Buzz_21.wav","noise|analog|buzz|hum|distortion|broken|circuit|malfunction|defect_noise_hum_buzz_21wav|defect – hum, noise and glitches|cb sound design"
"DEFECT_Noise_Hum_Buzz_4.wav","Defect – Hum, Noise And Glitches","CB Sound Design","https://sonniss.com/product/defect-hum-noise-and-glitches-sound-effects","/CB Sound Design - Defect – Hum, Noise And Glitches/DEFECT_Noise_Hum_Buzz_4.wav","noise|analog|buzz|hum|distortion|broken|circuit|malfunction|defect_noise_hum_buzz_4wav|defect – hum, noise and glitches|cb sound design"
"Dream_Drone_09.wav","Dreamcatcher - The Sound of Dreams & Magic","CB Sound Design","https://sonniss.com/product/dreamcatcher-the-sound-of-dreams-magic","/CB Sound Design - Dreamcatcher - The Sound of Dreams & Magic/Dream_Drone_09.wav","dream|ethereal|magic|angelic|heavenly|calm|drone|dream_drone_09wav|dreamcatcher - the sound of dreams & magic|cb sound design"
"Enchanting_Bells_4.wav","Dreamcatcher - The Sound of Dreams & Magic","CB Sound Design","https://sonniss.com/product/dreamcatcher-the-sound-of-dreams-magic","/CB Sound Design - Dreamcatcher - The Sound of Dreams & Magic/Enchanting_Bells_4.wav","dream|ethereal|magic|angelic|heavenly|calm|enchanting|bells|chimes|rhytmic|drone|atmosphere|enchanting_bells_4wav|dreamcatcher - the sound of dreams & magic|cb sound design"
"Harp_Glissando_10b.wav","Dreamcatcher - The Sound of Dreams & Magic","CB Sound Design","https://sonniss.com/product/dreamcatcher-the-sound-of-dreams-magic","/CB Sound Design - Dreamcatcher - The Sound of Dreams & Magic/Harp_Glissando_10b.wav","dream|ethereal|magic|angelic|heavenly|calm|harp|glissando|arpeggio|harp_glissando_10bwav|dreamcatcher - the sound of dreams & magic|cb sound design"
"Synth_Pad_12.wav","Dreamcatcher - The Sound of Dreams & Magic","CB Sound Design","https://sonniss.com/product/dreamcatcher-the-sound-of-dreams-magic","/CB Sound Design - Dreamcatcher - The Sound of Dreams & Magic/Synth_Pad_12.wav","dream|ethereal|magic|angelic|heavenly|calm|pad|chord|synth|synthesizer|synth_pad_12wav|dreamcatcher - the sound of dreams & magic|cb sound design"
"coins_9.wav","Essential Sounds Vol.01 Coins","CB Sound Design","https://sonniss.com/product/essential-sounds-vol-01-coins","/CB Sound Design - Essential Sounds Vol.01 Coins/coins_9.wav","coins|money|economics|adventure|gold|dollar|euro|cash|coins_9wav|essential sounds vol.01 coins|cb sound design"
"falling_coins_rotation_1.wav","Essential Sounds Vol.01 Coins","CB Sound Design","https://sonniss.com/product/essential-sounds-vol-01-coins","/CB Sound Design - Essential Sounds Vol.01 Coins/falling_coins_rotation_1.wav","coins|money|economics|adventure|gold|dollar|euro|cash|falling_coins_rotation_1wav|essential sounds vol.01 coins|cb sound design"
"handling_coins_7.wav","Essential Sounds Vol.01 Coins","CB Sound Design","https://sonniss.com/product/essential-sounds-vol-01-coins","/CB Sound Design - Essential Sounds Vol.01 Coins/handling_coins_7.wav","coins|money|economics|adventure|gold|dollar|euro|cash|handling_coins_7wav|essential sounds vol.01 coins|cb sound design"
"many_coins_12.wav","Essential Sounds Vol.01 Coins","CB Sound Design","https://sonniss.com/product/essential-sounds-vol-01-coins","/CB Sound Design - Essential Sounds Vol.01 Coins/many_coins_12.wav","coins|money|economics|adventure|gold|dollar|euro|cash|many_coins_12wav|essential sounds vol.01 coins|cb sound design"
"ballpoint_pen_4.wav","Essential Sounds Vol.02 Pencils","CB Sound Design","https://sonniss.com/product/essential-sounds-vol-02-pencils","/CB Sound Design - Essential Sounds Vol.02 Pencils/ballpoint_pen_4.wav","scribbles|sketch|draw|write|scribble|pen|marker|highlighter|art|writing|ballpoint_pen_4wav|essential sounds vol.02 pencils|cb sound design"
"colorpencil_6.wav","Essential Sounds Vol.02 Pencils","CB Sound Design","https://sonniss.com/product/essential-sounds-vol-02-pencils","/CB Sound Design - Essential Sounds Vol.02 Pencils/colorpencil_6.wav","scribbles|sketch|draw|write|scribble|pen|marker|highlighter|art|writing|colorpencil_6wav|essential sounds vol.02 pencils|cb sound design"
"felt-tip_pencil_24.wav","Essential Sounds Vol.02 Pencils","CB Sound Design","https://sonniss.com/product/essential-sounds-vol-02-pencils","/CB Sound Design - Essential Sounds Vol.02 Pencils/felt-tip_pencil_24.wav","scribbles|sketch|draw|write|scribble|pen|marker|highlighter|art|writing|felttip_pencil_24wav|essential sounds vol.02 pencils|cb sound design"
"marker_2.wav","Essential Sounds Vol.02 Pencils","CB Sound Design","https://sonniss.com/product/essential-sounds-vol-02-pencils","/CB Sound Design - Essential Sounds Vol.02 Pencils/marker_2.wav","scribbles|sketch|draw|write|scribble|pen|marker|highlighter|art|writing|marker_2wav|essential sounds vol.02 pencils|cb sound design"
"Dark_Drone_13.wav","Exoplanets - Drones & Atmosphere Sound Effects","CB Sound Design","https://sonniss.com/product/exoplanets-drones-atmosphere-sound-effects","/CB Sound Design - Exoplanets - Drones & Atmosphere Sound Effects/Dark_Drone_13.wav","exoplanet|drones|and|atmospheres|dark_drone_13wav|exoplanets - drones & atmosphere sound effects|cb sound design"
"Ice_and_Wind_Drone_6.wav","Exoplanets - Drones & Atmosphere Sound Effects","CB Sound Design","https://sonniss.com/product/exoplanets-drones-atmosphere-sound-effects","/CB Sound Design - Exoplanets - Drones & Atmosphere Sound Effects/Ice_and_Wind_Drone_6.wav","exoplanet|drones|and|atmospheres|ice_and_wind_drone_6wav|exoplanets - drones & atmosphere sound effects|cb sound design"
"Sci-Fi_Drone_11.wav","Exoplanets - Drones & Atmosphere Sound Effects","CB Sound Design","https://sonniss.com/product/exoplanets-drones-atmosphere-sound-effects","/CB Sound Design - Exoplanets - Drones & Atmosphere Sound Effects/Sci-Fi_Drone_11.wav","exoplanet|drones|and|atmospheres|scifi_drone_11wav|exoplanets - drones & atmosphere sound effects|cb sound design"
"Sci-Fi_FlyBy_18.wav","Exoplanets - Drones & Atmosphere Sound Effects","CB Sound Design","https://sonniss.com/product/exoplanets-drones-atmosphere-sound-effects","/CB Sound Design - Exoplanets - Drones & Atmosphere Sound Effects/Sci-Fi_FlyBy_18.wav","science|fiction|fly|by|scifi_flyby_18wav|exoplanets - drones & atmosphere sound effects|cb sound design"
"W_a_P_Cinematic_Whoosh_Hit_8.wav","Whoosh And Push","CB Sound Design","https://sonniss.com/product/whoosh-and-push","/CB Sound Design - Whoosh And Push/W_a_P_Cinematic_Whoosh_Hit_8.wav","impact|hit|hard|cinematic|trailer|whoosh|designed|w_a_p_cinematic_whoosh_hit_8wav|whoosh and push|cb sound design"
"W_a_P_Epic_Whoosh_8.wav","Whoosh And Push","CB Sound Design","https://sonniss.com/product/whoosh-and-push","/CB Sound Design - Whoosh And Push/W_a_P_Epic_Whoosh_8.wav","whoosh|cinematic|fly|by|movement|trailer|w_a_p_epic_whoosh_8wav|whoosh and push|cb sound design"
"W_a_P_Sci_Fi_Hit_3.wav","Whoosh And Push","CB Sound Design","https://sonniss.com/product/whoosh-and-push","/CB Sound Design - Whoosh And Push/W_a_P_Sci_Fi_Hit_3.wav","impact|hit|hard|cinematic|trailer|w_a_p_sci_fi_hit_3wav|whoosh and push|cb sound design"
"W_a_P_Spell_Whoosh_19.wav","Whoosh And Push","CB Sound Design","https://sonniss.com/product/whoosh-and-push","/CB Sound Design - Whoosh And Push/W_a_P_Spell_Whoosh_19.wav","whoosh|cinematic|fly|by|movement|trailer|w_a_p_spell_whoosh_19wav|whoosh and push|cb sound design"
"MagicPack2_Air_Soundscapes_Broken002.wav","Magic Sound FX Pack 2","David Dumais Audio","https://sonniss.com/product/magic-sound-fx-pack-2","/David Dumais Audio - Magic Sound FX Pack 2/MagicPack2_Air_Soundscapes_Broken002.wav","air|wind|soundscape|broken|ambient|ambience|texture|environment|gust|breath|magic|spell|elemental|magicpack2_air_soundscapes_broken002wav|magic sound fx pack 2|david dumais audio"
"MagicPack2_Earth_MeteorShower003.wav","Magic Sound FX Pack 2","David Dumais Audio","https://sonniss.com/product/magic-sound-fx-pack-2","/David Dumais Audio - Magic Sound FX Pack 2/MagicPack2_Earth_MeteorShower003.wav","meteor|asteroid|explosions|impacts|rocks|earth|debris|boulder|cracking|hitting|exploding|rumble|quake|magicpack2_earth_meteorshower003wav|magic sound fx pack 2|david dumais audio"
"MagicPack2_ElectricitySpells_Spell2-002.wav","Magic Sound FX Pack 2","David Dumais Audio","https://sonniss.com/product/magic-sound-fx-pack-2","/David Dumais Audio - Magic Sound FX Pack 2/MagicPack2_ElectricitySpells_Spell2-002.wav","electric|energy|spell|crackling|hitting|cast|attack|magic|witchcraft|wizard|sorcery|magicpack2_electricityspells_spell2002wav|magic sound fx pack 2|david dumais audio"
"MagicPack2_WaterExplosions_Explosion2-004.wav","Magic Sound FX Pack 2","David Dumais Audio","https://sonniss.com/product/magic-sound-fx-pack-2","/David Dumais Audio - Magic Sound FX Pack 2/MagicPack2_WaterExplosions_Explosion2-004.wav","water|wet|splash|waves|explosion|impact|hit|blast|burst|detonation|magicpack2_waterexplosions_explosion2004wav|magic sound fx pack 2|david dumais audio"
"METLFric_Designed Metal Sword Sheath 04_DDUMAIS_NONE.wav","Melee Weapons Sound Effects Pack 1","David Dumais Audio","https://sonniss.com/product/melee-weapons-sound-effects-pack-1","/David Dumais Audio - Melee Weapons Sound Effects Pack 1/METLFric_Designed Metal Sword Sheath 04_DDUMAIS_NONE.wav","sword|being|placed|back|into|its|sheath|metlfric_designed|metal|sheath|04_ddumais_nonewav|melee weapons sound effects pack 1|david dumais audio"
"SWSH_Swing 3 Large 03_DDUMAIS_NONE.wav","Melee Weapons Sound Effects Pack 1","David Dumais Audio","https://sonniss.com/product/melee-weapons-sound-effects-pack-1","/David Dumais Audio - Melee Weapons Sound Effects Pack 1/SWSH_Swing 3 Large 03_DDUMAIS_NONE.wav","weapon|swing|designed|for|a|large|weapon|such|as|spear|sword|or|mace|swsh_swing|3|large|03_ddumais_nonewav|melee weapons sound effects pack 1|david dumais audio"
"SWSH_Sword Slash Impact V2 Assorted 18_DDUMAIS_NONE.wav","Melee Weapons Sound Effects Pack 1","David Dumais Audio","https://sonniss.com/product/melee-weapons-sound-effects-pack-1","/David Dumais Audio - Melee Weapons Sound Effects Pack 1/SWSH_Sword Slash Impact V2 Assorted 18_DDUMAIS_NONE.wav","an|assortment|of|various|metal|weapons|such|as|swords|blades|or|daggers|swinging|and|striking|at|objects|swsh_sword|slash|impact|v2|assorted|18_ddumais_nonewav|melee weapons sound effects pack 1|david dumais audio"
"WOODImpt_Impact Wood 23_DDUMAIS_NONE.wav","Melee Weapons Sound Effects Pack 1","David Dumais Audio","https://sonniss.com/product/melee-weapons-sound-effects-pack-1","/David Dumais Audio - Melee Weapons Sound Effects Pack 1/WOODImpt_Impact Wood 23_DDUMAIS_NONE.wav","wood|impacts|from|log|timber|branches|and|large|planks|woodimpt_impact|23_ddumais_nonewav|melee weapons sound effects pack 1|david dumais audio"
"MonsterPack2_LargeMonster11_Roar03.wav","Monster Sound FX Pack 2","David Dumais Audio","https://sonniss.com/product/monster-sound-fx-pack-2","/David Dumais Audio - Monster Sound FX Pack 2/MonsterPack2_LargeMonster11_Roar03.wav","monsterpack2_largemonster11_roar03|monsterpack2_largemonster11_roar03wav|monster sound fx pack 2|david dumais audio"
"MonsterPack2_Monster06_Attack13.wav","Monster Sound FX Pack 2","David Dumais Audio","https://sonniss.com/product/monster-sound-fx-pack-2","/David Dumais Audio - Monster Sound FX Pack 2/MonsterPack2_Monster06_Attack13.wav","monster|creature|deep|vocal|glottal|orc|goblin|ogre|beast|vermin|varmint|critter|mutant|demon|alien|brute|monsterpack2_monster06_attack13wav|monster sound fx pack 2|david dumais audio"
"MonsterPack2_Monster09_Death02.wav","Monster Sound FX Pack 2","David Dumais Audio","https://sonniss.com/product/monster-sound-fx-pack-2","/David Dumais Audio - Monster Sound FX Pack 2/MonsterPack2_Monster09_Death02.wav","monster|creature|deep|medium|large|bass|vocal|huge|dragon|wyvern|ogre|vermin|varmint|beast|critter|mutant|demon|alien|brute|monsterpack2_monster09_death02wav|monster sound fx pack 2|david dumais audio"
"MonsterPack2_Monster10_Call09.wav","Monster Sound FX Pack 2","David Dumais Audio","https://sonniss.com/product/monster-sound-fx-pack-2","/David Dumais Audio - Monster Sound FX Pack 2/MonsterPack2_Monster10_Call09.wav","monster|creature|gnarly|growl|coarse|orc|goblin|ogre|beast|vermin|varmint|critter|mutant|demon|alien|brute|monsterpack2_monster10_call09wav|monster sound fx pack 2|david dumais audio"
"DSGNBass_Weapon Power Down 04_DDUMAIS_NONE.wav","Sci-Fi Weapons Pack 1","David Dumais Audio","https://sonniss.com/product/sci-fi-weapons-pack-1","/David Dumais Audio - Sci-Fi Weapons Pack 1/DSGNBass_Weapon Power Down 04_DDUMAIS_NONE.wav","futuristic|weapon|power|down|deactivate|off|shut|cool|overheating|scifi|gun|cyber|high|tech|dsgnbass_weapon|power|down|04_ddumais_nonewav|sci-fi weapons pack 1|david dumais audio"
"GUNMech_Heavy Mech Cock 03_DDUMAIS_NONE.wav","Sci-Fi Weapons Pack 1","David Dumais Audio","https://sonniss.com/product/sci-fi-weapons-pack-1","/David Dumais Audio - Sci-Fi Weapons Pack 1/GUNMech_Heavy Mech Cock 03_DDUMAIS_NONE.wav","heavy|mech|scifi|weapon|cocking|large|huge|weighted|mechanical|mechanism|reload|gun|futuristic|foley|gunmech_heavy|mech|cock|03_ddumais_nonewav|sci-fi weapons pack 1|david dumais audio"
"SCIMech_Sci-Fi Reload 03 V 02_DDUMAIS_NONE.wav","Sci-Fi Weapons Pack 1","David Dumais Audio","https://sonniss.com/product/sci-fi-weapons-pack-1","/David Dumais Audio - Sci-Fi Weapons Pack 1/SCIMech_Sci-Fi Reload 03 V 02_DDUMAIS_NONE.wav","designed|scifi|weapon|reload|including|mechanical|sounds|risers|and|glitch|elements|scimech_scifi|reload|03|v|02_ddumais_nonewav|sci-fi weapons pack 1|david dumais audio"
"SCIWeap_Heavyweapon12 Shot 04_DDUMAIS_NONE.wav","Sci-Fi Weapons Pack 1","David Dumais Audio","https://sonniss.com/product/sci-fi-weapons-pack-1","/David Dumais Audio - Sci-Fi Weapons Pack 1/SCIWeap_Heavyweapon12 Shot 04_DDUMAIS_NONE.wav","large|and|heavy|scifi|guns|with|multiple|shot|variations|huge|massive|weighted|tank|cannon|cyber|laser|gunshot|high|tech|futuristic|weaponry|sciweap_heavyweapon12|shot|04_ddumais_nonewav|sci-fi weapons pack 1|david dumais audio"
"CLOCKTick_Steampunk Loopable Clock 08 - 120BPM_DDUMAIS_NONE.wav","Steampunk Mech SFX","David Dumais Audio","https://sonniss.com/product/steampunk-mech-sfx","/David Dumais Audio - Steampunk Mech SFX/CLOCKTick_Steampunk Loopable Clock 08 - 120BPM_DDUMAIS_NONE.wav","steampunk|clock|with|gadget|snaps|ticking|at|60bpm|clocktick_steampunk|loopable|clock|08|120bpm_ddumais_nonewav|steampunk mech sfx|david dumais audio"
"EQUIPTech_Steampunk High Tech Gadget 03_DDUMAIS_NONE.wav","Steampunk Mech SFX","David Dumais Audio","https://sonniss.com/product/steampunk-mech-sfx","/David Dumais Audio - Steampunk Mech SFX/EQUIPTech_Steampunk High Tech Gadget 03_DDUMAIS_NONE.wav","steampunk|gadget|with|advanced|tech|components|equiptech_steampunk|high|tech|gadget|03_ddumais_nonewav|steampunk mech sfx|david dumais audio"
"MACHInd_Steampunk Large Factory Machine 09_DDUMAIS_NONE.wav","Steampunk Mech SFX","David Dumais Audio","https://sonniss.com/product/steampunk-mech-sfx","/David Dumais Audio - Steampunk Mech SFX/MACHInd_Steampunk Large Factory Machine 09_DDUMAIS_NONE.wav","steampunk|designed|large|factory|machinery|in|operation|machind_steampunk|large|factory|machine|09_ddumais_nonewav|steampunk mech sfx|david dumais audio"
"MACHMech_Steampunk Gadget Reload 04_DDUMAIS_NONE.wav","Steampunk Mech SFX","David Dumais Audio","https://sonniss.com/product/steampunk-mech-sfx","/David Dumais Audio - Steampunk Mech SFX/MACHMech_Steampunk Gadget Reload 04_DDUMAIS_NONE.wav","steampunk|gadget|mechanical|reload|machmech_steampunk|gadget|reload|04_ddumais_nonewav|steampunk mech sfx|david dumais audio"
"Ocean large waves crashing angainst dyke close perspective AmbiX.wav","Ambisonic Waves - Vol.1 Brittany","Dramatic Cat","https://sonniss.com/product/ambisonic-waves-vol-1-brittany","/Dramatic Cat - Ambisonic Waves - Vol.1 Brittany/Ocean large waves crashing angainst dyke close perspective AmbiX.wav","ambisonic|brittany|coast|afternoon|seaport|heavy|waves|breaking|on|a|port|dyke|constant|agitated|water|medium|splashes|windy|ocean|large|crashing|angainst|close|perspective|ambixwav|ambisonic waves - vol.1 brittany|dramatic cat"
"Ocean small waves flowing between rocks very close perspective Stereo.wav","Ambisonic Waves - Vol.1 Brittany","Dramatic Cat","https://sonniss.com/product/ambisonic-waves-vol-1-brittany","/Dramatic Cat - Ambisonic Waves - Vol.1 Brittany/Ocean small waves flowing between rocks very close perspective Stereo.wav","ambisonic|brittany|coast|morning|rocky|shore|water|flowing|in|and|out|pour|into|rocky|cavity|gurgling|water;|hissing|bubbles|ocean|small|waves|between|rocks|very|close|perspective|stereowav|ambisonic waves - vol.1 brittany|dramatic cat"
"VEHMoto_Aprilia RS 125 EXTERIOR Pass By Fast Accelerating 01 MS_DRCA_APRS_MKH8040-MKH30.wav","Aprilia RS 125 - 1998 Sport Bike","Dramatic Cat","https://sonniss.com/product/aprilia-motorcycle-sound-effects-library","/Dramatic Cat - Aprilia RS 125 - 1998 Sport Bike/VEHMoto_Aprilia RS 125 EXTERIOR Pass By Fast Accelerating 01 MS_DRCA_APRS_MKH8040-MKH30.wav","aprilia|rs|125|single|cylinder|twostroke|125cc|engine|exterior|passby|fast|pass|by|passing|accelerating|accelerate|vehmoto_aprilia|by|fast|01|ms_drca_aprs_mkh8040mkh30wav|aprilia rs 125 - 1998 sport bike|dramatic cat"
"VEHMoto_Aprilia RS 125 EXTERIOR Pass By Fast Accelerating Gearshift 03 MS_DRCA_APRS_MKH8040-MKH30.wav","Aprilia RS 125 - 1998 Sport Bike","Dramatic Cat","https://sonniss.com/product/aprilia-motorcycle-sound-effects-library","/Dramatic Cat - Aprilia RS 125 - 1998 Sport Bike/VEHMoto_Aprilia RS 125 EXTERIOR Pass By Fast Accelerating Gearshift 03 MS_DRCA_APRS_MKH8040-MKH30.wav","aprilia|rs|125|single|cylinder|twostroke|125cc|engine|exterior|passby|fast|pass|by|passing|accelerating|accelerate|gearshift|changing|gear|at|mic|position|vehmoto_aprilia|by|fast|03|ms_drca_aprs_mkh8040mkh30wav|aprilia rs 125 - 1998 sport bike|dramatic cat"
"VEHMoto_Aprilia RS 125 ONBOARD Dyno Turn On Start Ramp Long Rev Up And Down Stop Shutoff ENGINE_DRCA_APRS_MHK8040.wav","Aprilia RS 125 - 1998 Sport Bike","Dramatic Cat","https://sonniss.com/product/aprilia-motorcycle-sound-effects-library","/Dramatic Cat - Aprilia RS 125 - 1998 Sport Bike/VEHMoto_Aprilia RS 125 ONBOARD Dyno Turn On Start Ramp Long Rev Up And Down Stop Shutoff ENGINE_DRCA_APRS_MHK8040.wav","aprilia|rs|125|single|cylinder|twostroke|125cc|engine|onboard|dyno|turning|on|startup|start|up|long|idle|revs|long|an|short|ramps|up|acccelerate|accelerating|down|and|decelerate|decelerating|revving|stop|sh|vehmoto_aprilia|dyno|turn|on|ramp|rev|and|down|shutoff|engine_drca_aprs_mhk8040wav|aprilia rs 125 - 1998 sport bike|dramatic cat"
"VEHMoto_Aprilia SL1000 Falco EXTERIOR Approach Fast Decelerate Stop Idle Drive Away Accelerate 02 MONO_DRCA_FALC_Kmr81i.wav","Aprilia SL1000 Falco - 2001 V-twin 997cc","Dramatic Cat","https://sonniss.com/product/aprilia-sl1000-motorcycle-sound-library","/Dramatic Cat - Aprilia SL1000 Falco - 2001 V-twin 997cc/VEHMoto_Aprilia SL1000 Falco EXTERIOR Approach Fast Decelerate Stop Idle Drive Away Accelerate 02 MONO_DRCA_FALC_Kmr81i.wav","aprilia|sl1000|falco|60b0|vtwin|fourstroke|997cc|engine|motorbike|motorcycle|racing|bike|exterior|approach|fast|approaching|decelerate|decelerating|high|speed|stop|idle|start|departure|accelerate|drive|away|vehmoto_aprilia|fast|away|02|mono_drca_falc_kmr81iwav|aprilia sl1000 falco - 2001 v-twin 997cc|dramatic cat"
"VEHMoto_Aprilia SL1000 Falco EXTERIOR False Start Ignition Issue MONO_DRCA_FALC_NTG3.wav","Aprilia SL1000 Falco - 2001 V-twin 997cc","Dramatic Cat","https://sonniss.com/product/aprilia-sl1000-motorcycle-sound-library","/Dramatic Cat - Aprilia SL1000 Falco - 2001 V-twin 997cc/VEHMoto_Aprilia SL1000 Falco EXTERIOR False Start Ignition Issue MONO_DRCA_FALC_NTG3.wav","aprilia|sl1000|falco|60b0|vtwin|fourstroke|997cc|engine|motorbike|motorcycle|racing|bike|exterior|turning|on|startup|start|up|ignition|issue|false|start|broken|vehmoto_aprilia|issue|mono_drca_falc_ntg3wav|aprilia sl1000 falco - 2001 v-twin 997cc|dramatic cat"
"VEHMoto_Aprilia SL1000 Falco ONBOARD Dyno Turn On Start Various Constant RPM Rev Down Stop Shutoff EXHAUST_DRCA_FALC_NTG1.wav","Aprilia SL1000 Falco - 2001 V-twin 997cc","Dramatic Cat","https://sonniss.com/product/aprilia-sl1000-motorcycle-sound-library","/Dramatic Cat - Aprilia SL1000 Falco - 2001 V-twin 997cc/VEHMoto_Aprilia SL1000 Falco ONBOARD Dyno Turn On Start Various Constant RPM Rev Down Stop Shutoff EXHAUST_DRCA_FALC_NTG1.wav","aprilia|sl1000|falco|60|vtwin|fourstroke|997cc|engine|motorbike|motorcycle|racing|bike|onboard|dyno|turning|on|startup|start|up|idle|drive|driving|steady|rmp|constant|rpms|decelerate|decelerating|long|rev|down|stop|shutoff|shut|do|vehmoto_aprilia|dyno|turn|on|various|rpm|down|exhaust_drca_falc_ntg1wav|aprilia sl1000 falco - 2001 v-twin 997cc|dramatic cat"
"VEHMoto_Beta 520 RR EXTERIOR Pass By Fast Accelerating Then Decelerating MS_DRCA_BETA_MKH8040 MKH30.wav","Beta 520 RR - 2010 4-Stroke 498cc","Dramatic Cat","https://sonniss.com/product/motocross-bike-sound-effects-library","/Dramatic Cat - Beta 520 RR - 2010 4-Stroke 498cc/VEHMoto_Beta 520 RR EXTERIOR Pass By Fast Accelerating Then Decelerating MS_DRCA_BETA_MKH8040 MKH30.wav","beta|520|rr|2010|4stroke|498cc|engine|motorbike|motorcycle|dirt|bike|motocross|exterior|passby|fast|pass|by|passing|by|accelerating|accelerate|then|decelerate|decelerating|vehmoto_beta|ms_drca_beta_mkh8040|mkh30wav|beta 520 rr - 2010 4-stroke 498cc|dramatic cat"
"VEHMoto_Beta 520 RR EXTERIOR Pass By Slow Accelerating MONO_DRCA_BETA_NTG3.wav","Beta 520 RR - 2010 4-Stroke 498cc","Dramatic Cat","https://sonniss.com/product/motocross-bike-sound-effects-library","/Dramatic Cat - Beta 520 RR - 2010 4-Stroke 498cc/VEHMoto_Beta 520 RR EXTERIOR Pass By Slow Accelerating MONO_DRCA_BETA_NTG3.wav","beta|520|rr|2010|4stroke|498cc|engine|motorbike|motorcycle|dirt|bike|motocross|exterior|passby|slow|pass|by|passing|by|slowly|accelerating|accelerate|vehmoto_beta|mono_drca_beta_ntg3wav|beta 520 rr - 2010 4-stroke 498cc|dramatic cat"
"VEHMoto_Beta 520 RR ONBOARD Driving Sequence Turn On Start Short Acceleration Then Turn Engine Off Skidding EXHAUST__DRCA_BETA_MHK8040.wav","Beta 520 RR - 2010 4-Stroke 498cc","Dramatic Cat","https://sonniss.com/product/motocross-bike-sound-effects-library","/Dramatic Cat - Beta 520 RR - 2010 4-Stroke 498cc/VEHMoto_Beta 520 RR ONBOARD Driving Sequence Turn On Start Short Acceleration Then Turn Engine Off Skidding EXHAUST__DRCA_BETA_MHK8040.wav","beta|520|rr|2010|4stroke|498cc|engine|motorbike|motorcycle|dirt|bike|motocross|onboard|turning|on|startup|start|up|single|acceleration|slowly|accelerating|engine|turned|off|while|driving|wheels|rolling|chain|mechanism|skidding|skid|sto|vehmoto_beta|driving|sequence|turn|on|short|acceleration|then|off|exhaust__drca_beta_mhk8040wav|beta 520 rr - 2010 4-stroke 498cc|dramatic cat"
"VEHMoto_BMW F800R EXTERIOR Approach Slow Decelerate Stop Idle Drive Away Accelerate Fast 01 MS_DRCA_BMWF_MKH8040-MKH30.wav","BMW F800R - 2010 4-Stroke 798cc","Dramatic Cat","https://sonniss.com/product/bmw-f800r-2010-4-stroke-798cc","/Dramatic Cat - BMW F800R - 2010 4-Stroke 798cc/VEHMoto_BMW F800R EXTERIOR Approach Slow Decelerate Stop Idle Drive Away Accelerate Fast 01 MS_DRCA_BMWF_MKH8040-MKH30.wav","bmw|f|800|e|2cylinder|inline|4stroke|798cc|engine||motorbike|roadbike|roadster|approach|slow|approaching|slowly|decelerate|decelerating|low|speed|stop|idle|start|departure|accelerate|fast|drive|away|vehmoto_bmw|f800r|exterior|slow|away|fast|01|ms_drca_bmwf_mkh8040mkh30wav|bmw f800r - 2010 4-stroke 798cc|dramatic cat"
"VEHMoto_BMW F800R EXTERIOR Pass By Fast Accelerating Ruptor ORTF_DRCA_BMWF_MK012.wav","BMW F800R - 2010 4-Stroke 798cc","Dramatic Cat","https://sonniss.com/product/bmw-f800r-2010-4-stroke-798cc","/Dramatic Cat - BMW F800R - 2010 4-Stroke 798cc/VEHMoto_BMW F800R EXTERIOR Pass By Fast Accelerating Ruptor ORTF_DRCA_BMWF_MK012.wav","bmw|f|800|e|2cylinder|inline|4stroke|798cc|engine||motorbike|roadbike|roadster|passby|fast|pass|by|passing|by|accelerating|accelerate|revlimiter|ruptor|redline|vehmoto_bmw|f800r|exterior|ortf_drca_bmwf_mk012wav|bmw f800r - 2010 4-stroke 798cc|dramatic cat"
"VEHMoto_BMW F800R ONBOARD Driving Sequence Wheels Rolling With Engine Off MIX_DRCA_BMWF_MIX.wav","BMW F800R - 2010 4-Stroke 798cc","Dramatic Cat","https://sonniss.com/product/bmw-f800r-2010-4-stroke-798cc","/Dramatic Cat - BMW F800R - 2010 4-Stroke 798cc/VEHMoto_BMW F800R ONBOARD Driving Sequence Wheels Rolling With Engine Off MIX_DRCA_BMWF_MIX.wav","bmw|f|800|e|2cylinder|inline|4stroke|798cc|engine||motorbike|roadbike|roadster|turning|on|startup|start|up|shutting|off|while|driving|wheels|only|rolling|concrete|asphalt|tire|mechanical|vehmoto_bmw|f800r|onboard|driving|sequence|with|engine|off|mix_drca_bmwf_mixwav|bmw f800r - 2010 4-stroke 798cc|dramatic cat"
"VEHMoto_BMW S1000RR EXTERIOR Approach Slow Decelerate Stop Idle Drive Away Accelerate Slow 01 MS_DRCA_BMWS_MKH8040-MKH30.wav","BMW S1000RR - 2015 4-Stroke 999cc","Dramatic Cat","https://sonniss.com/product/bmw-s1000rr-bmw-motorcycle-sound-effects-library","/Dramatic Cat - BMW S1000RR - 2015 4-Stroke 999cc/VEHMoto_BMW S1000RR EXTERIOR Approach Slow Decelerate Stop Idle Drive Away Accelerate Slow 01 MS_DRCA_BMWS_MKH8040-MKH30.wav","bmw|s|1000|rr|4cylinder|4stroke|999cc|engine|motorbike|motorcycle|racing|bike|exterior|approach|slow|approaching|slowly|decelerate|decelerating|low|speed|stop|idle|start|departure|accelerate|slowly|drive|away|slow|vehmoto_bmw|s1000rr|away|01|ms_drca_bmws_mkh8040mkh30wav|bmw s1000rr - 2015 4-stroke 999cc|dramatic cat"
"VEHMoto_BMW S1000RR EXTERIOR Approach Slow Decelerate Stop Idle Shutoff XY_DRCA_BMWS_H6.wav","BMW S1000RR - 2015 4-Stroke 999cc","Dramatic Cat","https://sonniss.com/product/bmw-s1000rr-bmw-motorcycle-sound-effects-library","/Dramatic Cat - BMW S1000RR - 2015 4-Stroke 999cc/VEHMoto_BMW S1000RR EXTERIOR Approach Slow Decelerate Stop Idle Shutoff XY_DRCA_BMWS_H6.wav","bmw|s|1000|rr|4cylinder|4stroke|999cc|engine|motorbike|motorcycle|racing|bike|exterior|approach|slow|approaching|slowly|decelerate|decelerating|low|speed|stop|idle|shutoff|shut|down|turning|off|vehmoto_bmw|s1000rr|slow|xy_drca_bmws_h6wav|bmw s1000rr - 2015 4-stroke 999cc|dramatic cat"
"VEHMoto_BMW S1000RR ONBOARD Driving Sequence Turn On Start Long And Short Acceleration Gearshifts 02 ENGINE_DRCA_BMWS_UsiPro.wav","BMW S1000RR - 2015 4-Stroke 999cc","Dramatic Cat","https://sonniss.com/product/bmw-s1000rr-bmw-motorcycle-sound-effects-library","/Dramatic Cat - BMW S1000RR - 2015 4-Stroke 999cc/VEHMoto_BMW S1000RR ONBOARD Driving Sequence Turn On Start Long And Short Acceleration Gearshifts 02 ENGINE_DRCA_BMWS_UsiPro.wav","bmw|s|1000|rr|4cylinder|4stroke|999cc|engine|motorbike|motorcycle|racing|bike|onboard|turning|on|startup|start|up|idle|ramps|up|accelerate|accelerating|down|decelerate|decelerating|stop|vehmoto_bmw|s1000rr|driving|sequence|turn|on|long|and|short|acceleration|gearshifts|02|engine_drca_bmws_usiprowav|bmw s1000rr - 2015 4-stroke 999cc|dramatic cat"
"VEHFarm_Claas Dominator Combine EXTERIOR Pass By Fast Constant Speed 02 MONO_DRCA_DOMI_Kmr81i.wav","Claas Dominator - Combine Harvester 88 SL Maxi","Dramatic Cat","https://sonniss.com/product/combine-harvester-sound-effects-library","/Dramatic Cat - Claas Dominator - Combine Harvester 88 SL Maxi/VEHFarm_Claas Dominator Combine EXTERIOR Pass By Fast Constant Speed 02 MONO_DRCA_DOMI_Kmr81i.wav","claas|dominator|88|sl|maxi|6|cylinders|5797cc|150|hp|engine|combine|harvester|treshing|machine|tractor|agricultural|machinery|exterior|passby|fast|pass|by|passing|constant|speed|steady|high|rpm|vehfarm_claas|by|speed|02|mono_drca_domi_kmr81iwav|claas dominator - combine harvester 88 sl maxi|dramatic cat"
"VEHFarm_Claas Dominator Combine ONBOARD Driving Sequence Short Constant RPMs Shutoff AMBIANT MSDecoded_DRCA_DOMI_MKH8040 MKH30.wav","Claas Dominator - Combine Harvester 88 SL Maxi","Dramatic Cat","https://sonniss.com/product/combine-harvester-sound-effects-library","/Dramatic Cat - Claas Dominator - Combine Harvester 88 SL Maxi/VEHFarm_Claas Dominator Combine ONBOARD Driving Sequence Short Constant RPMs Shutoff AMBIANT MSDecoded_DRCA_DOMI_MKH8040 MKH30.wav","claas|dominator|88|sl|maxi|6|cylinders|5797cc|150|hp|engine|combine|harvester|treshing|machine|tractor|agricultural|machinery|onboard|turning|on|startup|start|up|various|steady|rpms|constant|rpm|stop|shutoff|shut|down|off|vehfarm_claas|driving|sequence|short|ambiant|msdecoded_drca_domi_mkh8040|mkh30wav|claas dominator - combine harvester 88 sl maxi|dramatic cat"
"VEHFarm_Claas Dominator Combine ONBOARD Turn On Start Idle Long Stop Shutoff MIX_DRCA_DOMI_Mix.wav","Claas Dominator - Combine Harvester 88 SL Maxi","Dramatic Cat","https://sonniss.com/product/combine-harvester-sound-effects-library","/Dramatic Cat - Claas Dominator - Combine Harvester 88 SL Maxi/VEHFarm_Claas Dominator Combine ONBOARD Turn On Start Idle Long Stop Shutoff MIX_DRCA_DOMI_Mix.wav","claas|dominator|88|sl|maxi|6|cylinders|5797cc|150|hp|engine|combine|harvester|treshing|machine|tractor|agricultural|machinery|onboard|turning|on|startup|start|up|long|idle|steady|rpm|stop|shutoff|shut|down|off|vehfarm_claas|turn|on|idle|mix_drca_domi_mixwav|claas dominator - combine harvester 88 sl maxi|dramatic cat"
"VEHFarm_Eicher Tiger II EXTERIOR Pass By Fast Constant Speed MS_DRCA_EICH_MKH8040-MKH30.wav","Eicher Tiger II - 1962 EM235 Tractor","Dramatic Cat","https://sonniss.com/product/tractor-sound-effects-library","/Dramatic Cat - Eicher Tiger II - 1962 EM235 Tractor/VEHFarm_Eicher Tiger II EXTERIOR Pass By Fast Constant Speed MS_DRCA_EICH_MKH8040-MKH30.wav","eicher|tiger|ii|em235|1962|aircooled|3cylinder|32|hp|engine|tractor|farm|agriculture|exterior|passby|fast|pass|by|passing|by|accelerating|accelerate|constant|speed|when|in|microphone|position|vehfarm_eicher|speed|ms_drca_eich_mkh8040mkh30wav|eicher tiger ii - 1962 em235 tractor|dramatic cat"
"VEHFarm_Eicher Tiger II EXTERIOR Pass By Medium Decelerating MONO_DRCA_EICH_Kmr81i.wav","Eicher Tiger II - 1962 EM235 Tractor","Dramatic Cat","https://sonniss.com/product/tractor-sound-effects-library","/Dramatic Cat - Eicher Tiger II - 1962 EM235 Tractor/VEHFarm_Eicher Tiger II EXTERIOR Pass By Medium Decelerating MONO_DRCA_EICH_Kmr81i.wav","eicher|tiger|ii|em235|1962|aircooled|3cylinder|32|hp|engine|tractor|farm|agriculture|exterior|passby|medium|speed|pass|by|passing|by|accelerating|accelerate|then|decelerate|decelerating|vehfarm_eicher|medium|mono_drca_eich_kmr81iwav|eicher tiger ii - 1962 em235 tractor|dramatic cat"
"VEHFarm_Eicher Tiger II ONBOARD Driving Sequence Startup Idle Various Constant RPMs Rev Up And Down Shutoff EXHAUST_DRCA_EICH_Kmr81i.wav","Eicher Tiger II - 1962 EM235 Tractor","Dramatic Cat","https://sonniss.com/product/tractor-sound-effects-library","/Dramatic Cat - Eicher Tiger II - 1962 EM235 Tractor/VEHFarm_Eicher Tiger II ONBOARD Driving Sequence Startup Idle Various Constant RPMs Rev Up And Down Shutoff EXHAUST_DRCA_EICH_Kmr81i.wav","eicher|tiger|ii|em235|1962|aircooled|3cylinder|32|hp|engine|tractor|farm|agriculture|onboard|turning|on|startup|start|up|long|idle|steady|rpm|constant|rpms|rev|long|ramp|up|acccelerate|accelerating|down|short|deceler|vehfarm_eicher|driving|sequence|idle|various|and|down|shutoff|exhaust_drca_eich_kmr81iwav|eicher tiger ii - 1962 em235 tractor|dramatic cat"
"FEETHors_Draft Horse Trot On Concrete 03 STEREO_DRCA_HOCA_UsiPro.wav","Horse Carriage - Draft Horse","Dramatic Cat","https://sonniss.com/product/horse-carriage-draft-horse","/Dramatic Cat - Horse Carriage - Draft Horse/FEETHors_Draft Horse Trot On Concrete 03 STEREO_DRCA_HOCA_UsiPro.wav","footstep|draught|horse|percheron|hoof|hooves|trotting|on|asphalt|road|hard|surface|light|saddle|squeaking|onboard|feethors_draft|horse|trot|on|concrete|03|stereo_drca_hoca_usiprowav|horse carriage - draft horse|dramatic cat"
"FEETHors_Draft Horse Walk On On Grass And Dirt MONO_DRCA_HOCA_MKH416.wav","Horse Carriage - Draft Horse","Dramatic Cat","https://sonniss.com/product/horse-carriage-draft-horse","/Dramatic Cat - Horse Carriage - Draft Horse/FEETHors_Draft Horse Walk On On Grass And Dirt MONO_DRCA_HOCA_MKH416.wav","footstep|draught|horse|percheron|hoof|hooves|walking|on|grass|and|dirt|country|road|following|feethors_draft|horse|walk|on|grass|and|dirt|mono_drca_hoca_mkh416wav|horse carriage - draft horse|dramatic cat"
"VEHWagn_Wood Cart Roll On Stone Pavement In Courtyard 03_DRCA_HOCA_Kmr81i.wav","Horse Carriage - Draft Horse","Dramatic Cat","https://sonniss.com/product/horse-carriage-draft-horse","/Dramatic Cat - Horse Carriage - Draft Horse/VEHWagn_Wood Cart Roll On Stone Pavement In Courtyard 03_DRCA_HOCA_Kmr81i.wav","vehicle|carriage|wooden|cart|wagon|roll|rolling|paved|road|stone|interior|vehwagn_wood|cart|on|pavement|in|courtyard|03_drca_hoca_kmr81iwav|horse carriage - draft horse|dramatic cat"
"VEHMoto_KTM Super Duke R EXTERIOR Approach Slow Decelerate Stop Idle Drive Away Accelerate 02 MSDecoded_DRCA_KTMR_MKH8040 MKH30.wav","KTM 1290 Super Duke R - 2016 V-twin 1301cc","Dramatic Cat","https://sonniss.com/product/ktm-racing-motorcycle-sound-library","/Dramatic Cat - KTM 1290 Super Duke R - 2016 V-twin 1301cc/VEHMoto_KTM Super Duke R EXTERIOR Approach Slow Decelerate Stop Idle Drive Away Accelerate 02 MSDecoded_DRCA_KTMR_MKH8040 MKH30.wav","ktm|1290|super|duke|r|750|vtwin|4stroke|1301cc|engine|motorbike|motorcycle|racing|bike|exterior|approach|slow|approaching|slowly|decelerate|decelerating|low|speed|stop|idle|start|departure|accelerate|fast|drive|away|vehmoto_ktm|slow|away|02|msdecoded_drca_ktmr_mkh8040|mkh30wav|ktm 1290 super duke r - 2016 v-twin 1301cc|dramatic cat"
"VEHMoto_KTM Super Duke R EXTERIOR Turn On Start Idle Drive Away Accelerate Fast Speed 03 ORTF_DRCA_KTMR_MK012.wav","KTM 1290 Super Duke R - 2016 V-twin 1301cc","Dramatic Cat","https://sonniss.com/product/ktm-racing-motorcycle-sound-library","/Dramatic Cat - KTM 1290 Super Duke R - 2016 V-twin 1301cc/VEHMoto_KTM Super Duke R EXTERIOR Turn On Start Idle Drive Away Accelerate Fast Speed 03 ORTF_DRCA_KTMR_MK012.wav","ktm|1290|super|duke|r|750|vtwin|4stroke|1301cc|engine|motorbike|motorcycle|racing|bike|exterior|turning|on|startup|start|up|idle|departure|accelerate|fast|accelerating|drive|away|vehmoto_ktm|turn|on|away|fast|speed|03|ortf_drca_ktmr_mk012wav|ktm 1290 super duke r - 2016 v-twin 1301cc|dramatic cat"
"VEHMoto_KTM Super Duke R ONBOARD Driving Sequence Startup Various Constant RPMs Shutoff ENGINE_DRCA_KTMR_MikroUsi.wav","KTM 1290 Super Duke R - 2016 V-twin 1301cc","Dramatic Cat","https://sonniss.com/product/ktm-racing-motorcycle-sound-library","/Dramatic Cat - KTM 1290 Super Duke R - 2016 V-twin 1301cc/VEHMoto_KTM Super Duke R ONBOARD Driving Sequence Startup Various Constant RPMs Shutoff ENGINE_DRCA_KTMR_MikroUsi.wav","ktm|1290|super|duke|r|750|vtwin|4stroke|1301cc|engine|motorbike|motorcycle|racing|bike|onboard|turning|on|startup|start|up|idle|steady|rpm|constant|rpms|rev|down|short|and|long|ramp|driving|slowly|decelerate|decelerating|stop|sh|vehmoto_ktm|sequence|various|shutoff|engine_drca_ktmr_mikrousiwav|ktm 1290 super duke r - 2016 v-twin 1301cc|dramatic cat"
"VEHTruck_Unimog EXTERIOR Pass By Fast Accelerating Gearshift MSDecoded_DRCA_UNIM_MKH8040-MKH30.wav","Mercedes-Benz Unimog - 437. U2450 4x4","Dramatic Cat","https://sonniss.com/product/mercedes-benz-military-ambulance-sound-library","/Dramatic Cat - Mercedes-Benz Unimog - 437. U2450 4x4/VEHTruck_Unimog EXTERIOR Pass By Fast Accelerating Gearshift MSDecoded_DRCA_UNIM_MKH8040-MKH30.wav","mercedesbenz|unimog|437|series|u2450|6cylinder|engine|motortruck|ambulance|truck|military|truck|exterior|passby|fast|pass|by|passing|by|accelerating|accelerate|gearshift|changing|gear|at|mic|position|vehtruck_unimog|msdecoded_drca_unim_mkh8040mkh30wav|mercedes-benz unimog - 437. u2450 4x4|dramatic cat"
"VEHTruck_Unimog ONBOARD Steady 2400 rpm EXHAUST_DRCA_UNIM_MKH8040.wav","Mercedes-Benz Unimog - 437. U2450 4x4","Dramatic Cat","https://sonniss.com/product/mercedes-benz-military-ambulance-sound-library","/Dramatic Cat - Mercedes-Benz Unimog - 437. U2450 4x4/VEHTruck_Unimog ONBOARD Steady 2400 rpm EXHAUST_DRCA_UNIM_MKH8040.wav","mercedesbenz|unimog|437|series|u2450|6cylinder|engine|motortruck|ambulance|truck|military|truck|onboard|steady|rpm|constant|vehtruck_unimog|2400|rpm|exhaust_drca_unim_mkh8040wav|mercedes-benz unimog - 437. u2450 4x4|dramatic cat"
"VEHTruck_Unimog ONBOARD Turn On Start Ramp Rev Up And Down X2 Stop Shutoff MIX_DRCA_UNIM_Mix.wav","Mercedes-Benz Unimog - 437. U2450 4x4","Dramatic Cat","https://sonniss.com/product/mercedes-benz-military-ambulance-sound-library","/Dramatic Cat - Mercedes-Benz Unimog - 437. U2450 4x4/VEHTruck_Unimog ONBOARD Turn On Start Ramp Rev Up And Down X2 Stop Shutoff MIX_DRCA_UNIM_Mix.wav","mercedesbenz|unimog|437|series|u2450|6cylinder|engine|motortruck|ambulance|truck|military|truck|onboard|turning|on|startup|start|up|rev|ramp|up|acccelerate|accelerating|down|decelerate|decelerating|stop|shutoff|shut|vehtruck_unimog|turn|on|and|down|x2|mix_drca_unim_mixwav|mercedes-benz unimog - 437. u2450 4x4|dramatic cat"
"COMType_Typewriter Olivetti Backspace key press with carriage movement_CSND_OLTY_Mono.wav","Olivetti Typewriter - Olivetti Linea 98","Dramatic Cat","https://sonniss.com/product/olivetti-typewriter-olivetti-linea-98","/Dramatic Cat - Olivetti Typewriter - Olivetti Linea 98/COMType_Typewriter Olivetti Backspace key press with carriage movement_CSND_OLTY_Mono.wav","typewriter|keyboard|keys|press|push|rattle|vibration|plastic|comtype_typewriter|olivetti|backspace|key|press|with|carriage|movement_csnd_olty_monowav|olivetti typewriter - olivetti linea 98|dramatic cat"
"COMType_Typewriter Olivetti Typebars mechanism fast speed_CSND_OLTY_Mix.wav","Olivetti Typewriter - Olivetti Linea 98","Dramatic Cat","https://sonniss.com/product/olivetti-typewriter-olivetti-linea-98","/Dramatic Cat - Olivetti Typewriter - Olivetti Linea 98/COMType_Typewriter Olivetti Typebars mechanism fast speed_CSND_OLTY_Mix.wav","typewriter|typing|mechanical|thin|metal|typebars|ratchet|gear|quickly|comtype_typewriter|olivetti|mechanism|fast|speed_csnd_olty_mixwav|olivetti typewriter - olivetti linea 98|dramatic cat"
"COMType_Typewriter Olivetti Typing on keys without cover slow speed_CSND_OLTY_Contact.wav","Olivetti Typewriter - Olivetti Linea 98","Dramatic Cat","https://sonniss.com/product/olivetti-typewriter-olivetti-linea-98","/Dramatic Cat - Olivetti Typewriter - Olivetti Linea 98/COMType_Typewriter Olivetti Typing on keys without cover slow speed_CSND_OLTY_Contact.wav","typewriter|keyboard|keys|typing|sentences|sequences|steady|slowly|comtype_typewriter|olivetti|on|keys|without|cover|slow|speed_csnd_olty_contactwav|olivetti typewriter - olivetti linea 98|dramatic cat"
"Potato Gun Shot Apples Heavy Blast AB.wav","Potato Gun – Pipe-based Cannon","Dramatic Cat","https://sonniss.com/product/potato-gun-pipe-based-cannon","/Dramatic Cat - Potato Gun – Pipe-based Cannon/Potato Gun Shot Apples Heavy Blast AB.wav","pipe|cannon|launcher|gas|explosion|close|perspective|with|echoes|projectile|blast|sounds|like|trumpet|potato|gun|shot|apples|heavy|abwav|potato gun – pipe-based cannon|dramatic cat"
"Potato Gun Shot Without Canon MS.wav","Potato Gun – Pipe-based Cannon","Dramatic Cat","https://sonniss.com/product/potato-gun-pipe-based-cannon","/Dramatic Cat - Potato Gun – Pipe-based Cannon/Potato Gun Shot Without Canon MS.wav","pipe|cannon|launcher|gas|explosion|close|perspective|muffled|attack|potato|gun|shot|without|canon|mswav|potato gun – pipe-based cannon|dramatic cat"
"DESTRCrsh_rummaging through compact wood dry branches_Eneas Mentzel_Debris & Rubble_14.wav","Debris & Rubble","Eneas Mentzel","https://sonniss.com/product/debris-rubble","/Eneas Mentzel - Debris & Rubble/DESTRCrsh_rummaging through compact wood dry branches_Eneas Mentzel_Debris & Rubble_14.wav","rummaging|through|compact|wood|dry|branches|exterior|perspective|destrcrsh_rummaging|branches_eneas|mentzel_debris|&|rubble_14wav|debris & rubble|eneas mentzel"
"DESTRCrsh_sand falling on scrapwood  exterior perspective_Eneas Mentzel_Debris & Rubble_06.wav","Debris & Rubble","Eneas Mentzel","https://sonniss.com/product/debris-rubble","/Eneas Mentzel - Debris & Rubble/DESTRCrsh_sand falling on scrapwood  exterior perspective_Eneas Mentzel_Debris & Rubble_06.wav","sand|falling|on|scrapwood|exterior|perspective|destrcrsh_sand|perspective_eneas|mentzel_debris|&|rubble_06wav|debris & rubble|eneas mentzel"
"DESTRCrsh_scrap wood falling  interior perspective_Eneas Mentzel_Debris & Rubble_05.wav","Debris & Rubble","Eneas Mentzel","https://sonniss.com/product/debris-rubble","/Eneas Mentzel - Debris & Rubble/DESTRCrsh_scrap wood falling  interior perspective_Eneas Mentzel_Debris & Rubble_05.wav","scrap|wood|falling|interior|perspective|lavalier|hidden|in|debris|destrcrsh_scrap|perspective_eneas|mentzel_debris|&|rubble_05wav|debris & rubble|eneas mentzel"
"DESTRCrsh_Smashing a ceramics tile on concrete  exterior_Eneas Mentzel_Debris & Rubble_04.wav","Debris & Rubble","Eneas Mentzel","https://sonniss.com/product/debris-rubble","/Eneas Mentzel - Debris & Rubble/DESTRCrsh_Smashing a ceramics tile on concrete  exterior_Eneas Mentzel_Debris & Rubble_04.wav","smashing|a|ceramics|tile|on|concrete|exterior|perspective|destrcrsh_smashing|exterior_eneas|mentzel_debris|&|rubble_04wav|debris & rubble|eneas mentzel"
"VEHCar_Ford transit connect T200 airco interior_Eneas Mentzel_Ford Transit Connect T200_07.wav","Ford Transit Connect T200","Eneas Mentzel","https://sonniss.com/product/ford-transit-connect-t200","/Eneas Mentzel - Ford Transit Connect T200/VEHCar_Ford transit connect T200 airco interior_Eneas Mentzel_Ford Transit Connect T200_07.wav","ford|transit|connect|t200|airco|interior|vehcar_ford|interior_eneas|mentzel_ford|transit|connect|t200_07wav|ford transit connect t200|eneas mentzel"
"VEHCar_Ford transit connect T200 driving on asphalt_Eneas Mentzel_Ford Transit Connect T200_08.wav","Ford Transit Connect T200","Eneas Mentzel","https://sonniss.com/product/ford-transit-connect-t200","/Eneas Mentzel - Ford Transit Connect T200/VEHCar_Ford transit connect T200 driving on asphalt_Eneas Mentzel_Ford Transit Connect T200_08.wav","ford|transit|connect|t200|driving|on|asphalt|90km/h|motor|perspective|vehcar_ford|asphalt_eneas|mentzel_ford|transit|connect|t200_08wav|ford transit connect t200|eneas mentzel"
"VEHCar_Ford transit connect T200 driving on mud_Eneas Mentzel_Ford Transit Connect T200_04.wav","Ford Transit Connect T200","Eneas Mentzel","https://sonniss.com/product/ford-transit-connect-t200","/Eneas Mentzel - Ford Transit Connect T200/VEHCar_Ford transit connect T200 driving on mud_Eneas Mentzel_Ford Transit Connect T200_04.wav","ford|transit|connect|t200|driving|on|mud|road|10km/h|wheel|perspective|vehcar_ford|mud_eneas|mentzel_ford|transit|connect|t200_04wav|ford transit connect t200|eneas mentzel"
"ICEBrk_FROZEN FARMLAND Footstep on frozen field_Eneas Mentzel_ _39.wav","Frozen Farmlands","Eneas Mentzel","https://sonniss.com/product/frozen-farmlands-sound-library","/Eneas Mentzel - Frozen Farmlands/ICEBrk_FROZEN FARMLAND Footstep on frozen field_Eneas Mentzel_ _39.wav","short|ice|cracks|caused|by|walking|on|a|snowy|frozen|field|with|grass|icebrk_frozen|farmland|footstep|field_eneas|mentzel_|_39wav|frozen farmlands|eneas mentzel"
"ICEBrk_FROZEN FARMLAND Ice Crack hammer pull short_Eneas Mentzel_ _13.wav","Frozen Farmlands","Eneas Mentzel","https://sonniss.com/product/frozen-farmlands-sound-library","/Eneas Mentzel - Frozen Farmlands/ICEBrk_FROZEN FARMLAND Ice Crack hammer pull short_Eneas Mentzel_ _13.wav","ice|crack|caused|by|pulling|ice|with|a|hammer|icebrk_frozen|farmland|crack|pull|short_eneas|mentzel_|_13wav|frozen farmlands|eneas mentzel"
"ICEBrk_FROZEN FARMLAND Ice Crack medium long squishy_Eneas Mentzel_ .wav","Frozen Farmlands","Eneas Mentzel","https://sonniss.com/product/frozen-farmlands-sound-library","/Eneas Mentzel - Frozen Farmlands/ICEBrk_FROZEN FARMLAND Ice Crack medium long squishy_Eneas Mentzel_ .wav","thin|ice|cracking|under|pressure|icebrk_frozen|farmland|ice|crack|medium|long|squishy_eneas|mentzel_|wav|frozen farmlands|eneas mentzel"
"ICEBrk_FROZEN FARMLAND Ice Crack thin ice squishy_Eneas Mentzel_ _21.wav","Frozen Farmlands","Eneas Mentzel","https://sonniss.com/product/frozen-farmlands-sound-library","/Eneas Mentzel - Frozen Farmlands/ICEBrk_FROZEN FARMLAND Ice Crack thin ice squishy_Eneas Mentzel_ _21.wav","thin|ice|under|pressure|cracking|breaking|icebrk_frozen|farmland|ice|crack|squishy_eneas|mentzel_|_21wav|frozen farmlands|eneas mentzel"
"MECHMisc_OLD INDUSTRIAL PRINTSHOP old Heidelberg folding_Eneas Mentzel_Vintage Print Shop_03.wav","Vintage Print Shop","Eneas Mentzel","https://sonniss.com/product/vintage-print-shop-sound-library","/Eneas Mentzel - Vintage Print Shop/MECHMisc_OLD INDUSTRIAL PRINTSHOP old Heidelberg folding_Eneas Mentzel_Vintage Print Shop_03.wav","old|heidelberg|folding|machine|starting|running|and|stopping|mechmisc_old|industrial|printshop|old|folding_eneas|mentzel_vintage|print|shop_03wav|vintage print shop|eneas mentzel"
"MECHMisc_OLD INDUSTRIAL PRINTSHOP old Heidelberg folding_Eneas Mentzel_Vintage Print Shop_05.wav","Vintage Print Shop","Eneas Mentzel","https://sonniss.com/product/vintage-print-shop-sound-library","/Eneas Mentzel - Vintage Print Shop/MECHMisc_OLD INDUSTRIAL PRINTSHOP old Heidelberg folding_Eneas Mentzel_Vintage Print Shop_05.wav","old|heidelberg|folding|machine|starting|running|and|stopping|mechmisc_old|industrial|printshop|old|folding_eneas|mentzel_vintage|print|shop_05wav|vintage print shop|eneas mentzel"
"09_River close shot, nature, birds, no people.wav","Italian ambience","Federica Vairani","https://sonniss.com/product/italian-ambience","/Federica Vairani - Italian ambience/09_River close shot, nature, birds, no people.wav","09_river|close|shot|nature|birds|no|peoplewav|italian ambience|federica vairani"
"17_Inside Lift_doors closing_ascentig_doors opening_no voices.wav","Italian ambience","Federica Vairani","https://sonniss.com/product/italian-ambience","/Federica Vairani - Italian ambience/17_Inside Lift_doors closing_ascentig_doors opening_no voices.wav","17_inside|lift_doors|closing_ascentig_doors|opening_no|voiceswav|italian ambience|federica vairani"
"15_Calm sea_close shot_few people_few cars.wav","Water in Different Shapes","Federica Vairani","https://sonniss.com/product/water-in-different-shapes","/Federica Vairani - Water in Different Shapes/15_Calm sea_close shot_few people_few cars.wav","15_calm|sea_close|shot_few|people_few|carswav|water in different shapes|federica vairani"
"24_Roosvelt Island_water_air_birds_distant traffic.wav","Water in Different Shapes","Federica Vairani","https://sonniss.com/product/water-in-different-shapes","/Federica Vairani - Water in Different Shapes/24_Roosvelt Island_water_air_birds_distant traffic.wav","24_roosvelt|island_water_air_birds_distant|trafficwav|water in different shapes|federica vairani"
"CCMS - Scene 002 - Full Mix.wav","Complex CInematic Mystery Sounds","Federico Soler Fernandez","https://sonniss.com/product/complex-cinematic-mystery-sounds","/Federico Soler Fernandez - Complex CInematic Mystery Sounds/CCMS - Scene 002 - Full Mix.wav","mystery|psychological|dark|suspenseful|slowburn|scary|ominous|unsettling|cerebral|dystopian|chilling|mindbending|offbeat|gruesome|ccms|scene|002|full|mixwav|complex cinematic mystery sounds|federico soler fernandez"
"CCMS - Scene 006 - ALT - No Overlay.wav","Complex CInematic Mystery Sounds","Federico Soler Fernandez","https://sonniss.com/product/complex-cinematic-mystery-sounds","/Federico Soler Fernandez - Complex CInematic Mystery Sounds/CCMS - Scene 006 - ALT - No Overlay.wav","mystery|psychological|dark|suspenseful|slowburn|scary|ominous|unsettling|cerebral|dystopian|chilling|mindbending|offbeat|gruesome|ccms|scene|006|alt|no|overlaywav|complex cinematic mystery sounds|federico soler fernandez"
"CCMS - Scene 015 - STEM - Overlay.wav","Complex CInematic Mystery Sounds","Federico Soler Fernandez","https://sonniss.com/product/complex-cinematic-mystery-sounds","/Federico Soler Fernandez - Complex CInematic Mystery Sounds/CCMS - Scene 015 - STEM - Overlay.wav","mystery|psychological|dark|suspenseful|slowburn|scary|ominous|unsettling|cerebral|dystopian|chilling|mindbending|offbeat|gruesome|ccms|scene|015|stem|overlaywav|complex cinematic mystery sounds|federico soler fernandez"
"CCMS - Scene 025 - ALT - No Drone.wav","Complex CInematic Mystery Sounds","Federico Soler Fernandez","https://sonniss.com/product/complex-cinematic-mystery-sounds","/Federico Soler Fernandez - Complex CInematic Mystery Sounds/CCMS - Scene 025 - ALT - No Drone.wav","mystery|psychological|dark|suspenseful|slowburn|scary|ominous|unsettling|cerebral|dystopian|chilling|mindbending|offbeat|gruesome|ccms|scene|025|alt|no|dronewav|complex cinematic mystery sounds|federico soler fernandez"
"CCSS - Scene 004 - STEM - Bass.wav","Complex Cinematic SciFi Sounds","Federico Soler Fernandez","https://sonniss.com/product/complex-cinematic-scifi-sounds","/Federico Soler Fernandez - Complex Cinematic SciFi Sounds/CCSS - Scene 004 - STEM - Bass.wav","scifi|drone|ambience|pad|foley|futuristic|space|spaceship|alien|pulse|alarm|ccss|scene|004|stem|basswav|complex cinematic scifi sounds|federico soler fernandez"
"CCSS - Scene 005 - STEM - Ambience.wav","Complex Cinematic SciFi Sounds","Federico Soler Fernandez","https://sonniss.com/product/complex-cinematic-scifi-sounds","/Federico Soler Fernandez - Complex Cinematic SciFi Sounds/CCSS - Scene 005 - STEM - Ambience.wav","scifi|drone|ambience|pad|foley|futuristic|space|spaceship|alien|pulse|alarm|ccss|scene|005|stem|ambiencewav|complex cinematic scifi sounds|federico soler fernandez"
"CCSS - Scene 012 - STEM - Mid Alarm.wav","Complex Cinematic SciFi Sounds","Federico Soler Fernandez","https://sonniss.com/product/complex-cinematic-scifi-sounds","/Federico Soler Fernandez - Complex Cinematic SciFi Sounds/CCSS - Scene 012 - STEM - Mid Alarm.wav","scifi|drone|ambience|pad|foley|futuristic|space|spaceship|alien|pulse|alarm|ccss|scene|012|stem|mid|alarmwav|complex cinematic scifi sounds|federico soler fernandez"
"CCTS - 022 - E Bass.wav","Complex Cinematic Tension Sounds","Federico Soler Fernandez","https://sonniss.com/product/complex-cinematic-tension-sounds","/Federico Soler Fernandez - Complex Cinematic Tension Sounds/CCTS - 022 - E Bass.wav","tension|pulses|drones|alarms|bass|clocks|radio|phones|calls|scratches|noises|dark|serious|thriller|ccts|022|e|basswav|complex cinematic tension sounds|federico soler fernandez"
"CCTS - 099 - R Clock.wav","Complex Cinematic Tension Sounds","Federico Soler Fernandez","https://sonniss.com/product/complex-cinematic-tension-sounds","/Federico Soler Fernandez - Complex Cinematic Tension Sounds/CCTS - 099 - R Clock.wav","tension|pulses|drones|alarms|bass|clocks|radio|phones|calls|scratches|noises|dark|serious|thriller|ccts|099|r|clockwav|complex cinematic tension sounds|federico soler fernandez"
"CCTS - H - Full Mix.wav","Complex Cinematic Tension Sounds","Federico Soler Fernandez","https://sonniss.com/product/complex-cinematic-tension-sounds","/Federico Soler Fernandez - Complex Cinematic Tension Sounds/CCTS - H - Full Mix.wav","tension|pulses|drones|alarms|bass|clocks|radio|phones|calls|scratches|noises|dark|serious|thriller|ccts|h|full|mixwav|complex cinematic tension sounds|federico soler fernandez"
"ZIL0304 ZIL Garbage Truck EXTERIOR SPOT A Start Various Revs Stop.wav","ZIL 494250 Garbage Truck","Flysound","https://sonniss.com/product/zil-494250-garbage-truck","/FLYSOUND - ZIL 494250 Garbage Truck/ZIL0304 ZIL Garbage Truck EXTERIOR SPOT A Start Various Revs Stop.wav","zil|494250|garbage|truck|150|hp|6|l|diesel|||spot|a|start|various|revs|stop|zil0304|exterior|spot|stopwav|zil 494250 garbage truck|flysound"
"ZIL1102 ZIL Garbage Truck ONBOARD EXHAUST Start Drive Uphill Stop.wav","ZIL 494250 Garbage Truck","Flysound","https://sonniss.com/product/zil-494250-garbage-truck","/FLYSOUND - ZIL 494250 Garbage Truck/ZIL1102 ZIL Garbage Truck ONBOARD EXHAUST Start Drive Uphill Stop.wav","zil|494250|garbage|truck|150|hp|6|l|diesel|||exhaust|start|drive|with|cargo|load|on|hill|stop|zil1102|onboard|exhaust|uphill|stopwav|zil 494250 garbage truck|flysound"
"ZIL1301 ZIL Garbage Truck INTERIOR Wipers.wav","ZIL 494250 Garbage Truck","Flysound","https://sonniss.com/product/zil-494250-garbage-truck","/FLYSOUND - ZIL 494250 Garbage Truck/ZIL1301 ZIL Garbage Truck INTERIOR Wipers.wav","zil|494250|garbage|truck|150|hp|6|l|diesel|||interior|wipers|zil1301|interior|wiperswav|zil 494250 garbage truck|flysound"
"ZIL1604 ZIL Garbage Truck EXTERIOR SPOT B Foley Cargo Single Hits.wav","ZIL 494250 Garbage Truck","Flysound","https://sonniss.com/product/zil-494250-garbage-truck","/FLYSOUND - ZIL 494250 Garbage Truck/ZIL1604 ZIL Garbage Truck EXTERIOR SPOT B Foley Cargo Single Hits.wav","zil|494250|garbage|truck|150|hp|6|l|diesel|||spot|b|foley|cargo|single|hits|zil1604|exterior|spot|hitswav|zil 494250 garbage truck|flysound"
"GS broadside 001.wav","Naval Warfare","Gladestock Studios","https://sonniss.com/product/naval-warfare","/Gladestock Studios - Naval Warfare/GS broadside 001.wav","dscene=dtake=dnote=naval|warfare|weapon|cannon|multiple|broadside|gs|001wav|naval warfare|gladestock studios"
"GS cannonball impact 005.wav","Naval Warfare","Gladestock Studios","https://sonniss.com/product/naval-warfare","/Gladestock Studios - Naval Warfare/GS cannonball impact 005.wav","dscene=dtake=dnote=naval|warfare|weapon|cannon|impact|wood|smash|gs|cannonball|005wav|naval warfare|gladestock studios"
"GS projectile splash 004.wav","Naval Warfare","Gladestock Studios","https://sonniss.com/product/naval-warfare","/Gladestock Studios - Naval Warfare/GS projectile splash 004.wav","dscene=dtake=dnote=naval|warfare|weapon|cannonball|impact|water|splash|gs|projectile|004wav|naval warfare|gladestock studios"
"GS sail impact 004.wav","Naval Warfare","Gladestock Studios","https://sonniss.com/product/naval-warfare","/Gladestock Studios - Naval Warfare/GS sail impact 004.wav","snote=naval|warfare|weapon|cannonball|impact|sail|gs|004wav|naval warfare|gladestock studios"
"AEROJet_Airliner In Flight Misc Faint Noises_HZBIT_AirportsPlanes_EM172-stereo.wav","Airports & Planes","Hzandbits","https://sonniss.com/product/airports-planes","/Hzandbits - Airports & Planes/AEROJet_Airliner In Flight Misc Faint Noises_HZBIT_AirportsPlanes_EM172-stereo.wav","hz|||commercial|airliner|interior|in|flight|faint|walla|&|coughing|misc|noises|engine|rumble|aerojet_airliner|flight|noises_hzbit_airportsplanes_em172stereowav|airports & planes|hzandbits"
"AEROJet_Airliner Voices Luggage Pre Takeoff_HZBIT_AirportsPlanes_EM172-stereo.wav","Airports & Planes","Hzandbits","https://sonniss.com/product/airports-planes","/Hzandbits - Airports & Planes/AEROJet_Airliner Voices Luggage Pre Takeoff_HZBIT_AirportsPlanes_EM172-stereo.wav","hz|||commercial|airliner|interior|interior|pre|takeoff|multilingual|walla|seatbelts|&|luggage|compartments|announcement|in|english|scanidinavian|accent|aerojet_airliner|voices|luggage|pre|takeoff_hzbit_airportsplanes_em172stereowav|airports & planes|hzandbits"
"AMBTran_Airport Rome Announcements Walla Italian_HZBIT_AirportsPlanes_EM172-stereo.wav","Airports & Planes","Hzandbits","https://sonniss.com/product/airports-planes","/Hzandbits - Airports & Planes/AMBTran_Airport Rome Announcements Walla Italian_HZBIT_AirportsPlanes_EM172-stereo.wav","hz|||airport|fiumicino|rome|italy|announcements|in|italian|&|english|walla|suitcase|wheels|ambtran_airport|walla|italian_hzbit_airportsplanes_em172stereowav|airports & planes|hzandbits"
"CREASmall_ Feeding Scratching_HZBIT_Microbes.Wav","Microbes","Hzandbits","https://sonniss.com/product/microbes","/Hzandbits - Microbes/CREASmall_ Feeding Scratching_HZBIT_Microbes.Wav","designed|insect|sound|feeding|creasmall_|feeding|scratching_hzbit_microbeswav|microbes|hzandbits"
"CREASmall_ Small Species A Voices Skitter Squeak Phrase 02_HZBIT_Microbes.Wav","Microbes","Hzandbits","https://sonniss.com/product/microbes","/Hzandbits - Microbes/CREASmall_ Small Species A Voices Skitter Squeak Phrase 02_HZBIT_Microbes.Wav","designed|insect|sound|vocalizing|creasmall_|small|species|a|voices|skitter|squeak|phrase|02_hzbit_microbeswav|microbes|hzandbits"
"DSGNErie_Note Howl Metallic Bowed Reverb Eerie Single 06_HZBIT_Microbes_MKH60.Wav","Microbes","Hzandbits","https://sonniss.com/product/microbes","/Hzandbits - Microbes/DSGNErie_Note Howl Metallic Bowed Reverb Eerie Single 06_HZBIT_Microbes_MKH60.Wav","metallic|howling|note|reverberating|eerily|dsgnerie_note|howl|bowed|reverb|eerie|single|06_hzbit_microbes_mkh60wav|microbes|hzandbits"
"LIQMvmt_Liquid Movement Plop Slosh Single 07_HZBIT_Microbes_MKH60.Wav","Microbes","Hzandbits","https://sonniss.com/product/microbes","/Hzandbits - Microbes/LIQMvmt_Liquid Movement Plop Slosh Single 07_HZBIT_Microbes_MKH60.Wav","liquid|single|movement|plopping|and|sloshing|liqmvmt_liquid|movement|plop|slosh|single|07_hzbit_microbes_mkh60wav|microbes|hzandbits"
"AEROHeli_InsJ_Helicopter_Flyby_Close_03_Chinook.wav","96 General Library","InspectorJ","https://sonniss.com/product/96-general-library","/InspectorJ - 96 General Library/AEROHeli_InsJ_Helicopter_Flyby_Close_03_Chinook.wav","a|large|chinook|helicopter|flying|towards|and|away|from|the|microphone|fading|into|distance|compatible|with|universal|category|system|(ucs)|aeroheli_insj_helicopter_flyby_close_03_chinookwav|96 general library|inspectorj"
"TOONClang_InsJ_Flexatone_Boing-Light_02.wav","96 General Library","InspectorJ","https://sonniss.com/product/96-general-library","/InspectorJ - 96 General Library/TOONClang_InsJ_Flexatone_Boing-Light_02.wav","lightly|hitting|a|metal|flexatone|with|mallet|and|bending|the|to|create|bouncy|boing|sound|more|distant|from|hidden|voices|flexatone|library|compatible|universal|category|system|(ucs)|toonclang_insj_flexatone_boinglight_02wav|96 general library|inspectorj"
"TRNMech_InsJ_Train-Door_Closing-Beeping_Distant_02.wav","96 General Library","InspectorJ","https://sonniss.com/product/96-general-library","/InspectorJ - 96 General Library/TRNMech_InsJ_Train-Door_Closing-Beeping_Distant_02.wav","an|electric|british|commuter|train|door|beeping|to|alert|of|their|closing|and|then|with|a|hydraulic|hiss|forceful|shutting|compatible|the|universal|category|system|(ucs)|trnmech_insj_traindoor_closingbeeping_distant_02wav|96 general library|inspectorj"
"WHSH_InsJ_Whooshing_Low_Double_01-01.wav","96 General Library","InspectorJ","https://sonniss.com/product/96-general-library","/InspectorJ - 96 General Library/WHSH_InsJ_Whooshing_Low_Double_01-01.wav","quickly|and|aggressively|whooshing|swooshing|a|long|plastic|pole|for|fast|windy|transition|swish|compatible|with|the|universal|category|system|(ucs)|whsh_insj_whooshing_low_double_0101wav|96 general library|inspectorj"
"THUN_InsJ_Thunder_Distant_01_EQ.wav","Essentials 01 Thunder","InspectorJ","https://sonniss.com/product/essentials-01-thunder","/InspectorJ - Essentials 01 Thunder/THUN_InsJ_Thunder_Distant_01_EQ.wav","a|distant|booming|lightning|thunder|strike|during|a|storm|with|no|rain|soft|eq|noise|removal|compatible|the|universal|category|system|(ucs)|thun_insj_thunder_distant_01_eqwav|essentials 01 thunder|inspectorj"
"THUN_InsJ_Thunder_Extremely-Close_03.wav","Essentials 01 Thunder","InspectorJ","https://sonniss.com/product/essentials-01-thunder","/InspectorJ - Essentials 01 Thunder/THUN_InsJ_Thunder_Extremely-Close_03.wav","an|extremely|or|very|close|booming|lightning|thunder|strike|clap|during|a|storm|with|no|rain|compatible|the|universal|category|system|(ucs)|thun_insj_thunder_extremelyclose_03wav|essentials 01 thunder|inspectorj"
"THUN_InsJ_Thunder_Very-Close_Rain_03.wav","Essentials 01 Thunder","InspectorJ","https://sonniss.com/product/essentials-01-thunder","/InspectorJ - Essentials 01 Thunder/THUN_InsJ_Thunder_Very-Close_Rain_03.wav","a|very|close|booming|lightning|thunder|strike|or|clap|during|a|storm|with|light|rain|compatible|the|universal|category|system|(ucs)|thun_insj_thunder_veryclose_rain_03wav|essentials 01 thunder|inspectorj"
"CLOCKTick_InsJ_Clock-03_Ticking_Multi_LOOP.wav","Essentials 02 Clocks","InspectorJ","https://sonniss.com/product/essentials-02-clocks","/InspectorJ - Essentials 02 Clocks/CLOCKTick_InsJ_Clock-03_Ticking_Multi_LOOP.wav","a|single|mechanical|clockwork|clock|ticking|every|second|with|a|tick|tock|or|tic|toc|to|tell|the|time|seamlessly|loopable|compatible|universal|category|system|(ucs)|clocktick_insj_clock03_ticking_multi_loopwav|essentials 02 clocks|inspectorj"
"CLOCKTick_InsJ_Clock-07_Ticking_Single-01.wav","Essentials 02 Clocks","InspectorJ","https://sonniss.com/product/essentials-02-clocks","/InspectorJ - Essentials 02 Clocks/CLOCKTick_InsJ_Clock-07_Ticking_Single-01.wav","a|single|mechanical|ticking|of|a|clockwork|analog|wall|clock|as|it|tic|tocs|for|1|second|compatible|with|the|universal|category|system|(ucs)|clocktick_insj_clock07_ticking_single01wav|essentials 02 clocks|inspectorj"
"CLOCKTick_InsJ_Clock-12_Ticking_Multi_LOOP.wav","Essentials 02 Clocks","InspectorJ","https://sonniss.com/product/essentials-02-clocks","/InspectorJ - Essentials 02 Clocks/CLOCKTick_InsJ_Clock-12_Ticking_Multi_LOOP.wav","a|single|mechanical|clockwork|clock|ticking|with|a|faster|tick|tock|or|tic|toc|to|tell|the|time|seamlessly|loopable|compatible|universal|category|system|(ucs)|clocktick_insj_clock12_ticking_multi_loopwav|essentials 02 clocks|inspectorj"
"FRWKComr_InsJ_Fireworks-Display_Multi_02-01.wav","Essentials 03 Fireworks","InspectorJ","https://sonniss.com/product/essentials-03-fireworks","/InspectorJ - Essentials 03 Fireworks/FRWKComr_InsJ_Fireworks-Display_Multi_02-01.wav","a|distant|display|of|multiple|fireworks|exploding|with|a|bang|and|echoing|across|the|landscape|fizzling|hissing|crackling|follows|some|explosions|compatible|universal|category|system|(ucs)|frwkcomr_insj_fireworksdisplay_multi_0201wav|essentials 03 fireworks|inspectorj"
"FRWKComr_InsJ_Fireworks_Launch_Close_01-03.wav","Essentials 03 Fireworks","InspectorJ","https://sonniss.com/product/essentials-03-fireworks","/InspectorJ - Essentials 03 Fireworks/FRWKComr_InsJ_Fireworks_Launch_Close_01-03.wav","launching|a|firework|projectile|with|loud|fiery|hissing|of|air|compatible|the|universal|category|system|(ucs)|frwkcomr_insj_fireworks_launch_close_0103wav|essentials 03 fireworks|inspectorj"
"FRWKComr_InsJ_Fireworks_Multi_Close_01-04-Crackle.wav","Essentials 03 Fireworks","InspectorJ","https://sonniss.com/product/essentials-03-fireworks","/InspectorJ - Essentials 03 Fireworks/FRWKComr_InsJ_Fireworks_Multi_Close_01-04-Crackle.wav","a|single|collection|of|small|fireworks|launching|and|exploding|in|the|air|with|a|bang|followed|by|crackling|fizzling|hissing|compatible|universal|category|system|(ucs)|frwkcomr_insj_fireworks_multi_close_0104cracklewav|essentials 03 fireworks|inspectorj"
"FRWKComr_InsJ_Fireworks_Single_Close_03-10-Whistle.wav","Essentials 03 Fireworks","InspectorJ","https://sonniss.com/product/essentials-03-fireworks","/InspectorJ - Essentials 03 Fireworks/FRWKComr_InsJ_Fireworks_Single_Close_03-10-Whistle.wav","a|loud|and|noisy|classic|firework|whistling|whistle|or|shriek|compatible|with|the|universal|category|system|(ucs)|frwkcomr_insj_fireworks_single_close_0310whistlewav|essentials 03 fireworks|inspectorj"
"CHAINImpt_InsJ_Chains_Metal_Dropping_Close_01-03.wav","Essentials 04 Chains","InspectorJ","https://sonniss.com/product/essentials-04-chains","/InspectorJ - Essentials 04 Chains/CHAINImpt_InsJ_Chains_Metal_Dropping_Close_01-03.wav","dropping|a|long|metallic|chain|on|top|of|other|metal|chains|for|bright|harsh|glistening|impact|compatible|with|the|universal|category|system|(ucs)|chainimpt_insj_chains_metal_dropping_close_0103wav|essentials 04 chains|inspectorj"
"CHAINMvmt_InsJ_Chains_Metal_Movement_Distant_Moderate_02-01.wav","Essentials 04 Chains","InspectorJ","https://sonniss.com/product/essentials-04-chains","/InspectorJ - Essentials 04 Chains/CHAINMvmt_InsJ_Chains_Metal_Movement_Distant_Moderate_02-01.wav","small|movements|of|a|long|metallic|chain|being|pushed|against|itself|for|bright|harsh|twinkling|moving|friction|distant|compatible|with|the|universal|category|system|(ucs)|chainmvmt_insj_chains_metal_movement_distant_moderate_0201wav|essentials 04 chains|inspectorj"
"CHAINMvmt_InsJ_Chains_Metal_Movement_Distant_Short_01-02.wav","Essentials 04 Chains","InspectorJ","https://sonniss.com/product/essentials-04-chains","/InspectorJ - Essentials 04 Chains/CHAINMvmt_InsJ_Chains_Metal_Movement_Distant_Short_01-02.wav","small|movements|of|a|long|metallic|chain|being|pushed|against|itself|for|bright|harsh|twinkling|moving|friction|distant|compatible|with|the|universal|category|system|(ucs)|chainmvmt_insj_chains_metal_movement_distant_short_0102wav|essentials 04 chains|inspectorj"
"CHAINMvmt_InsJ_Chains_Metal_Movement_Distant_Very-Short_03-01.wav","Essentials 04 Chains","InspectorJ","https://sonniss.com/product/essentials-04-chains","/InspectorJ - Essentials 04 Chains/CHAINMvmt_InsJ_Chains_Metal_Movement_Distant_Very-Short_03-01.wav","small|movements|of|a|long|metallic|chain|being|pushed|against|itself|for|bright|harsh|twinkling|moving|friction|distant|compatible|with|the|universal|category|system|(ucs)|chainmvmt_insj_chains_metal_movement_distant_veryshort_0301wav|essentials 04 chains|inspectorj"
"UIGlitch_InsJ_Glitching_Digital_Data-Corruption_01-03_LOOP.wav","Essentials 05 Glitch","InspectorJ","https://sonniss.com/product/essentials-05-glitch","/InspectorJ - Essentials 05 Glitch/UIGlitch_InsJ_Glitching_Digital_Data-Corruption_01-03_LOOP.wav","harsh|raw|computer|digital|glitching|and|destruction|of|data|with|distortion|dissonance|random|chaos|beeps|noise|static|seamlessly|loopable|stereophonic|compatible|the|universal|category|system|(ucs)|uiglitch_insj_glitching_digital_datacorruption_0103_loopwav|essentials 05 glitch|inspectorj"
"UIGlitch_InsJ_Glitching_Digital_Data-Corruption_02-05_LOOP.wav","Essentials 05 Glitch","InspectorJ","https://sonniss.com/product/essentials-05-glitch","/InspectorJ - Essentials 05 Glitch/UIGlitch_InsJ_Glitching_Digital_Data-Corruption_02-05_LOOP.wav","harsh|raw|computer|digital|glitching|and|destruction|of|data|with|distortion|dissonance|random|chaos|beeps|noise|static|seamlessly|loopable|stereophonic|compatible|the|universal|category|system|(ucs)|uiglitch_insj_glitching_digital_datacorruption_0205_loopwav|essentials 05 glitch|inspectorj"
"UIGlitch_InsJ_Glitching_Digital_Data-Corruption_07-07_LOOP.wav","Essentials 05 Glitch","InspectorJ","https://sonniss.com/product/essentials-05-glitch","/InspectorJ - Essentials 05 Glitch/UIGlitch_InsJ_Glitching_Digital_Data-Corruption_07-07_LOOP.wav","harsh|raw|computer|digital|glitching|and|destruction|of|data|with|distortion|dissonance|random|chaos|beeps|noise|static|seamlessly|loopable|stereophonic|compatible|the|universal|category|system|(ucs)|uiglitch_insj_glitching_digital_datacorruption_0707_loopwav|essentials 05 glitch|inspectorj"
"HAIL_InsJ_Hail_Interior_Glass_02_LOOP.wav","Essentials 06 Rain","InspectorJ","https://sonniss.com/product/essentials-06-rain","/InspectorJ - Essentials 06 Rain/HAIL_InsJ_Hail_Interior_Glass_02_LOOP.wav","icy|hailstorm|weather|falling|against|a|glass|skylight|window|for|hard|tapping|of|ice|on|the|alongside|other|rain|and|sleet|seamlessly|loopable|compatible|with|universal|category|system|(ucs)|hail_insj_hail_interior_glass_02_loopwav|essentials 06 rain|inspectorj"
"RAINConc_InsJ_Ambience_Rain_Moderate_03_LOOP.wav","Essentials 06 Rain","InspectorJ","https://sonniss.com/product/essentials-06-rain","/InspectorJ - Essentials 06 Rain/RAINConc_InsJ_Ambience_Rain_Moderate_03_LOOP.wav","background|ambience|of|moderate|rain|on|a|concrete|surface|large|dripping|from|leaking|gutter|seamlessly|loopable|compatible|with|the|universal|category|system|(ucs)|rainconc_insj_ambience_rain_moderate_03_loopwav|essentials 06 rain|inspectorj"
"RAINVege_InsJ_Ambience_Rain_Moderate_02_LOOP.wav","Essentials 06 Rain","InspectorJ","https://sonniss.com/product/essentials-06-rain","/InspectorJ - Essentials 06 Rain/RAINVege_InsJ_Ambience_Rain_Moderate_02_LOOP.wav","background|ambience|of|moderate|rain|on|vegetation|such|as|hedges|and|grass|seamlessly|loopable|compatible|with|the|universal|category|system|(ucs)|rainvege_insj_ambience_rain_moderate_02_loopwav|essentials 06 rain|inspectorj"
"Discovery_01-03_Organ-A_WET.wav","RPG Orchestral Essentials (Music FX)","InspectorJ","https://sonniss.com/product/rpg-orchestral-essentials-music-fx","/InspectorJ - RPG Orchestral Essentials (Music FX)/Discovery_01-03_Organ-A_WET.wav","music|effects|mfx|me|from|rpg|orchestral|essentials|suitable|for|discover|new|area|save|game|rest|at|inn|quest|complete|grand|item|found|played|on|a|heavy|organ|discovery_0103_organa_wetwav|rpg orchestral essentials (music fx)|inspectorj"
"Failure_01-10_Ensemble-Small_DRY.wav","RPG Orchestral Essentials (Music FX)","InspectorJ","https://sonniss.com/product/rpg-orchestral-essentials-music-fx","/InspectorJ - RPG Orchestral Essentials (Music FX)/Failure_01-10_Ensemble-Small_DRY.wav","music|effects|mfx|me|from|rpg|orchestral|essentials|suitable|for|item|break|low|power|or|hp|craft|fail|quest|negative|status|mild|shock|played|with|a|small|ensemble|failure_0110_ensemblesmall_drywav|rpg orchestral essentials (music fx)|inspectorj"
"Failure_05-01_Piano-A_DRY.wav","RPG Orchestral Essentials (Music FX)","InspectorJ","https://sonniss.com/product/rpg-orchestral-essentials-music-fx","/InspectorJ - RPG Orchestral Essentials (Music FX)/Failure_05-01_Piano-A_DRY.wav","music|effects|mfx|me|from|rpg|orchestral|essentials|suitable|for|negative|status|shock|danger|surprise|low|power|or|hp|item|damaged|played|on|a|piano|failure_0501_pianoa_drywav|rpg orchestral essentials (music fx)|inspectorj"
"Mystery_01-11_Ensemble-Large_WET.wav","RPG Orchestral Essentials (Music FX)","InspectorJ","https://sonniss.com/product/rpg-orchestral-essentials-music-fx","/InspectorJ - RPG Orchestral Essentials (Music FX)/Mystery_01-11_Ensemble-Large_WET.wav","music|effects|mfx|me|from|rpg|orchestral|essentials|suitable|for|mysterious|plot|twist|realize|hidden|secret|new|story|chapter|discover|area|played|with|a|large|ensemble|mystery_0111_ensemblelarge_wetwav|rpg orchestral essentials (music fx)|inspectorj"
"22 BELLMEN_Kukuljanski Bell ringers.wav","Bellmen - Folk Custom","Ivo Vicic","https://sonniss.com/product/bellmen-folk-custom","/Ivo Vicic - Bellmen - Folk Custom/22 BELLMEN_Kukuljanski Bell ringers.wav","bellmen_kukuljanski|bell|ringers|bellman|parade|mune|village|croatia|february|9th|2019rec|sennheiser|mkh|40/30|rycote|blimp/|windjammer|sound|devices|mixpre|maudio|microtrack|ii|ms|stereo|22|bellmen_kukuljanski|ringerswav|bellmen - folk custom|ivo vicic"
"23 BELLMEN_Traditional horns.wav","Bellmen - Folk Custom","Ivo Vicic","https://sonniss.com/product/bellmen-folk-custom","/Ivo Vicic - Bellmen - Folk Custom/23 BELLMEN_Traditional horns.wav","bellmen|horn|traditional|horns|bellman|parade|mune|village|croatia|february|9th|2019rec|sennheiser|mkh|40/30|rycote|blimp/|windjammer|sound|devices|mixpre|maudio|microtrack|ii|ms|stereo|23|bellmen_traditional|hornswav|bellmen - folk custom|ivo vicic"
"32 International Carnival ambience_far distance.wav","Bellmen - Folk Custom","Ivo Vicic","https://sonniss.com/product/bellmen-folk-custom","/Ivo Vicic - Bellmen - Folk Custom/32 International Carnival ambience_far distance.wav","international|carnival|rijeka|croatia_super|far|distance/fieldrec|sennheiser|mkh|40/30|rycote|suspension|windjammer|triton|tripod|mogami|cables|sound|devices|744t|ms|stereo|32|ambience_far|distancewav|bellmen - folk custom|ivo vicic"
"20 Industrial Gas  Boiler room_boiler stops.wav","Industrial gas boiler room","Ivo Vicic","https://sonniss.com/product/industrial-gas-boiler-room","/Ivo Vicic - Industrial gas boiler room/20 Industrial Gas  Boiler room_boiler stops.wav","industrial|gas|boiler|room_boiler|stopsrec|sennheiser|mkh|60/30|rycote|suspension|no|windjammer|triton|tripod|mogami|cables|sound|devices|744t|ms|stereo|20|stopswav|industrial gas boiler room|ivo vicic"
"23 Industrial Gas  Boiler room_room tone_boiler near_PAN C.wav","Industrial gas boiler room","Ivo Vicic","https://sonniss.com/product/industrial-gas-boiler-room","/Ivo Vicic - Industrial gas boiler room/23 Industrial Gas  Boiler room_room tone_boiler near_PAN C.wav","industrial|gas|boiler|room_boilernear|field/distancerec|sennheiser|mkh|60/30|rycote|suspension|no|windjammer|triton|tripod|mogami|cables|sound|devices|mixpre|maudio|microtrack|ii|ms|stereo|rec|by|ivo|vicic|23|room_room|tone_boiler|near_pan|cwav|industrial gas boiler room|ivo vicic"
"29 Industrial Gas  Boiler room_pipes_instalations_room in front_near.wav","Industrial gas boiler room","Ivo Vicic","https://sonniss.com/product/industrial-gas-boiler-room","/Ivo Vicic - Industrial gas boiler room/29 Industrial Gas  Boiler room_pipes_instalations_room in front_near.wav","industrial|gas|boiler|room_pipes_instalations_room|in|front_near|fieldrec|sennheiser|mkh|60/30|rycote|suspension|no|windjammer|triton|tripod|mogami|cables|sound|devices|mixpre|maudio|microtrack|ii|ms|stereo|rec|by|ivo|vicic|29|front_nearwav|industrial gas boiler room|ivo vicic"
"125 Ship launching_shipyard.wav","Northern Mediterranean soundscapes - Adriatic sea","Ivo Vicic","https://sonniss.com/product/northern-mediterranean-soundscapes-adriatic-sea","/Ivo Vicic - Northern Mediterranean soundscapes - Adriatic sea/125 Ship launching_shipyard.wav","ship|launching_shipyard|"3|maj"_rijeka|croatiafar|field/distantrec|sennheiser|mkh|40/30|rycote|suspension|windjammer|triton|tripod|mogami|cables|sound|devices|744t|ms|stereo|rec|by|ivo|vicic|125|launching_shipyardwav|northern mediterranean soundscapes - adriatic sea|ivo vicic"
"146 Tunnel heavy waves_scirocco 01.wav","Northern Mediterranean soundscapes - Adriatic sea","Ivo Vicic","https://sonniss.com/product/northern-mediterranean-soundscapes-adriatic-sea","/Ivo Vicic - Northern Mediterranean soundscapes - Adriatic sea/146 Tunnel heavy waves_scirocco 01.wav","heavy|waves|strong|scirocco|wind|pedestrian|tunnelpromenade|"lungo|mare"|preluk|croatia|near|field|winterrec|sennheiser|mkh|40/30|rycote|suspension|no|windjammer|sound|devices|mixpre|maudio|microtrack|ii|ms|stereo|rec|by|ivo|vicic|146|tunnel|heavy|waves_scirocco|01wav|northern mediterranean soundscapes - adriatic sea|ivo vicic"
"157 Urban_island_small town_harbour_water lapping against harbour wall and ship hull 02.wav","Northern Mediterranean soundscapes - Adriatic sea","Ivo Vicic","https://sonniss.com/product/northern-mediterranean-soundscapes-adriatic-sea","/Ivo Vicic - Northern Mediterranean soundscapes - Adriatic sea/157 Urban_island_small town_harbour_water lapping against harbour wall and ship hull 02.wav","urban_island_small|town_harbour_water|lapping|against|harbour|wall|and|ship|hull|summer|mali|losinj|island|croatiarec|sennheiser|mkh|40/30|rycote|suspension|windjammer|sound|devices|mixpre|maudio|microtrack|ii|ms|stereo|rec|by|ivo|vicic|157|02wav|northern mediterranean soundscapes - adriatic sea|ivo vicic"
"167 Honey bee colony_close.wav","Northern Mediterranean soundscapes - Adriatic sea","Ivo Vicic","https://sonniss.com/product/northern-mediterranean-soundscapes-adriatic-sea","/Ivo Vicic - Northern Mediterranean soundscapes - Adriatic sea/167 Honey bee colony_close.wav","honey|bee|colony_close/near|field|summerrec|telinga|dat|stereo|sound|devmix|premaudio|microtrack|iirec|by|ivo|vicic|167|colony_closewav|northern mediterranean soundscapes - adriatic sea|ivo vicic"
"Flip_Phone_Keypad_0_Zero.wav","The Ultimate Phone Bundle","Joshua Reinhardt","https://sonniss.com/product/the-ultimate-phone-bundle","/Joshua Reinhardt - The Ultimate Phone Bundle/Flip_Phone_Keypad_0_Zero.wav","flip_phone_keypad_0_zero|flip_phone_keypad_0_zerowav|the ultimate phone bundle|joshua reinhardt"
"Smartphone_Swipe_Short.wav","The Ultimate Phone Bundle","Joshua Reinhardt","https://sonniss.com/product/the-ultimate-phone-bundle","/Joshua Reinhardt - The Ultimate Phone Bundle/Smartphone_Swipe_Short.wav","smartphone_swipe_short|smartphone_swipe_shortwav|the ultimate phone bundle|joshua reinhardt"
"Tablet_To_Pocket.wav","The Ultimate Phone Bundle","Joshua Reinhardt","https://sonniss.com/product/the-ultimate-phone-bundle","/Joshua Reinhardt - The Ultimate Phone Bundle/Tablet_To_Pocket.wav","tablet_to_pocket|tablet_to_pocketwav|the ultimate phone bundle|joshua reinhardt"
"Wall_Phone_Rotary_Dial_5_Five.wav","The Ultimate Phone Bundle","Joshua Reinhardt","https://sonniss.com/product/the-ultimate-phone-bundle","/Joshua Reinhardt - The Ultimate Phone Bundle/Wall_Phone_Rotary_Dial_5_Five.wav","wall_phone_rotary_dial_5_five|wall_phone_rotary_dial_5_fivewav|the ultimate phone bundle|joshua reinhardt"
"Beard_Hand_off_Medium - Hand_Body_Foley.wav","Ultimate Hand Body","Joshua Reinhardt","https://sonniss.com/product/ultimate-hand-body","/Joshua Reinhardt - Ultimate Hand Body/Beard_Hand_off_Medium - Hand_Body_Foley.wav","beard_hand_off_medium|hand_body_foley|hand_body_foleywav|ultimate hand body|joshua reinhardt"
"Hair_Scratch_Fast - Hand_Body_Foley.wav","Ultimate Hand Body","Joshua Reinhardt","https://sonniss.com/product/ultimate-hand-body","/Joshua Reinhardt - Ultimate Hand Body/Hair_Scratch_Fast - Hand_Body_Foley.wav","hair_scratch_fast|hand_body_foley|hand_body_foleywav|ultimate hand body|joshua reinhardt"
"Hand Skin_Fingers_Pat_Soft - Hand_Body_Foley.wav","Ultimate Hand Body","Joshua Reinhardt","https://sonniss.com/product/ultimate-hand-body","/Joshua Reinhardt - Ultimate Hand Body/Hand Skin_Fingers_Pat_Soft - Hand_Body_Foley.wav","hand|skin_fingers_pat_soft|hand_body_foley|hand_body_foleywav|ultimate hand body|joshua reinhardt"
"Stomach skin_Fingers_Pat_Soft - Hand_Body_Foley.wav","Ultimate Hand Body","Joshua Reinhardt","https://sonniss.com/product/ultimate-hand-body","/Joshua Reinhardt - Ultimate Hand Body/Stomach skin_Fingers_Pat_Soft - Hand_Body_Foley.wav","stomach|skin_fingers_pat_soft|hand_body_foley|hand_body_foleywav|ultimate hand body|joshua reinhardt"
"DSGNDron_Evolving Guitar Swell_JSE_CD.wav","Cinematic Drones","Justsoundeffects","https://sonniss.com/product/cinematic-drones-sound-effects-library","/Justsoundeffects - Cinematic Drones/DSGNDron_Evolving Guitar Swell_JSE_CD.wav","drone|ambient|ambience|deep|tension|abstract|atmosphere|background|soundscape|guitar|instrument|synth|tonal|evolving|eerie|cymbal|dsgndron_evolving|guitar|swell_jse_cdwav|cinematic drones|justsoundeffects"
"DSGNDron_Mystery Bells_JSE_CD.wav","Cinematic Drones","Justsoundeffects","https://sonniss.com/product/cinematic-drones-sound-effects-library","/Justsoundeffects - Cinematic Drones/DSGNDron_Mystery Bells_JSE_CD.wav","drone|ambient|ambience|deep|tension|abstract|atmosphere|background|soundscape|mysterious|bells|water|tonal|relaxing|echo|drops|dsgndron_mystery|bells_jse_cdwav|cinematic drones|justsoundeffects"
"DSGNDron_Slow Pulse Drone_JSE_CD.wav","Cinematic Drones","Justsoundeffects","https://sonniss.com/product/cinematic-drones-sound-effects-library","/Justsoundeffects - Cinematic Drones/DSGNDron_Slow Pulse Drone_JSE_CD.wav","drone|ambient|ambience|deep|tension|abstract|atmosphere|background|soundscape|eerie|tonal|swell|motion|noisy|breathing|space|suspense|dsgndron_slow|pulse|drone_jse_cdwav|cinematic drones|justsoundeffects"
"CLOCKChim_Old Wall Clock 1920 Chimes Ringing_JSE_CM_Stereo.wav","Clocks and Mechanics","Justsoundeffects","https://sonniss.com/product/clocks-and-mechanics-sound-library","/Justsoundeffects - Clocks and Mechanics/CLOCKChim_Old Wall Clock 1920 Chimes Ringing_JSE_CM_Stereo.wav","wall|clock|hour|strike|antique|old|chimes|ringing|chiming|bells|wood|mechanical|time|clockchim_old|wall|clock|1920|chimes|ringing_jse_cm_stereowav|clocks and mechanics|justsoundeffects"
"CLOCKMech_Antique Pocket Watch Winding Mechanism 03_JSE_CM_Stereo.wav","Clocks and Mechanics","Justsoundeffects","https://sonniss.com/product/clocks-and-mechanics-sound-library","/Justsoundeffects - Clocks and Mechanics/CLOCKMech_Antique Pocket Watch Winding Mechanism 03_JSE_CM_Stereo.wav","pocket|watch|metal|rattling|clicking|rattle|wind|up|winding|mechanism|mechanical|hairspring|gearwheels|cogwheels|clockmech_antique|pocket|watch|winding|mechanism|03_jse_cm_stereowav|clocks and mechanics|justsoundeffects"
"CLOCKMisc_Wall Clock Handling Gearwheel Spinning_JSE_CM_Stereo.wav","Clocks and Mechanics","Justsoundeffects","https://sonniss.com/product/clocks-and-mechanics-sound-library","/Justsoundeffects - Clocks and Mechanics/CLOCKMisc_Wall Clock Handling Gearwheel Spinning_JSE_CM_Stereo.wav","wall|clock|antique|old|gearwheels|cogwheels|gear|cog|spinning|turning|mechanical|mechanism|handling|clockmisc_wall|clock|handling|gearwheel|spinning_jse_cm_stereowav|clocks and mechanics|justsoundeffects"
"CLOCKTick_Antique Pocket Watch Ticking 01_JSE_CM_Mono.wav","Clocks and Mechanics","Justsoundeffects","https://sonniss.com/product/clocks-and-mechanics-sound-library","/Justsoundeffects - Clocks and Mechanics/CLOCKTick_Antique Pocket Watch Ticking 01_JSE_CM_Mono.wav","pocket|watch|antique|old|ticking|mechanical|time|metal|fast|quick|hurry|countdown|repetitive|rhythm|rhythmic|clocktick_antique|pocket|watch|ticking|01_jse_cm_monowav|clocks and mechanics|justsoundeffects"
"BELLDoor-INT_Door Bell Low Tone_JSE_DO_Distance Stereo.wav","Doors","Justsoundeffects","https://sonniss.com/product/doors-sound-effects-library-2","/Justsoundeffects - Doors/BELLDoor-INT_Door Bell Low Tone_JSE_DO_Distance Stereo.wav","bell|door|low|tone|rattle|full|old|warm|sinus|impact|attack|metal|entrance|different|performances|belldoorint_door|tone_jse_do_distance|stereowav|doors|justsoundeffects"
"DOORKnck-INT_Glass Frontdoor Knock_JSE_DO_Distance Mono.wav","Doors","Justsoundeffects","https://sonniss.com/product/doors-sound-effects-library-2","/Justsoundeffects - Doors/DOORKnck-INT_Glass Frontdoor Knock_JSE_DO_Distance Mono.wav","door|knock|glas|thin|beat|punch|resonance|interior|different|performances|doorknckint_glass|frontdoor|knock_jse_do_distance|monowav|doors|justsoundeffects"
"MACHElev-INT_Elevator Door Open Close Mechansim_JSE_DO_Near Stereo.wav","Doors","Justsoundeffects","https://sonniss.com/product/doors-sound-effects-library-2","/Justsoundeffects - Doors/MACHElev-INT_Elevator Door Open Close Mechansim_JSE_DO_Near Stereo.wav","machine|elevator|door|open|close|mechanism|metal|rattle|squeak|impact|different|performances|machelevint_elevator|mechansim_jse_do_near|stereowav|doors|justsoundeffects"
"VEHDoor-INT_Opel Zafira Open Close Drivers Door_JSE_DO_Near Mono.wav","Doors","Justsoundeffects","https://sonniss.com/product/doors-sound-effects-library-2","/Justsoundeffects - Doors/VEHDoor-INT_Opel Zafira Open Close Drivers Door_JSE_DO_Near Mono.wav","vehicle|door|opel|zafira|open|close|interior|impact|deep|warm|different|performances|vehdoorint_opel|drivers|door_jse_do_near|monowav|doors|justsoundeffects"
"SCIAlrm_Simple Alarm Medium 07_JSE_FI.wav","Futuristic Interface","Justsoundeffects","https://sonniss.com/product/futuristic-interface","/Justsoundeffects - Futuristic Interface/SCIAlrm_Simple Alarm Medium 07_JSE_FI.wav","futuristic|sci|fi|science|fiction|user|interface|hitech|hud|digital|virtual|innovative|alarm|danger|alert|malfunction|error|failure|warning|fault|defect|corrupted|shrill|scialrm_simple|alarm|medium|07_jse_fiwav|futuristic interface|justsoundeffects"
"UIAlert_Confirm Access Granted 02_JSE_FI.wav","Futuristic Interface","Justsoundeffects","https://sonniss.com/product/futuristic-interface","/Justsoundeffects - Futuristic Interface/UIAlert_Confirm Access Granted 02_JSE_FI.wav","futuristic|sci|fi|science|fiction|user|interface|hitech|hud|digital|virtual|innovative|confirmation|verification|authentication|access|correct|right|admission|positive|button|true|uialert_confirm|access|granted|02_jse_fiwav|futuristic interface|justsoundeffects"
"UIAlert_Short Incoming Message Popup 02_JSE_FI.wav","Futuristic Interface","Justsoundeffects","https://sonniss.com/product/futuristic-interface","/Justsoundeffects - Futuristic Interface/UIAlert_Short Incoming Message Popup 02_JSE_FI.wav","futuristic|sci|fi|science|fiction|user|interface|hitech|hud|digital|virtual|innovative|popup|notification|indication|reference|response|display|screen|pointing|showing|popping|up|appearing|attention|message|uialert_short|incoming|message|popup|02_jse_fiwav|futuristic interface|justsoundeffects"
"UIMvmt_Resonant Electric Whoosh 01_JSE_FI.wav","Futuristic Interface","Justsoundeffects","https://sonniss.com/product/futuristic-interface","/Justsoundeffects - Futuristic Interface/UIMvmt_Resonant Electric Whoosh 01_JSE_FI.wav","futuristic|sci|fi|science|fiction|user|interface|hitech|hud|digital|virtual|innovative|whoosh|swoosh|motion|movement|voltage|electricity|swish|uimvmt_resonant|electric|whoosh|01_jse_fiwav|futuristic interface|justsoundeffects"
"UIGlitch_Analog Glitch Broken Walkman Noise 16_JSE_GL.wav","Glitches","Justsoundeffects","https://sonniss.com/product/glitches-sound-effects","/Justsoundeffects - Glitches/UIGlitch_Analog Glitch Broken Walkman Noise 16_JSE_GL.wav","glitch|error|malfunction|interruption|disconnection|disturbance|disorder|interference|disruption|transmission|failure|noise|hardware|signal|analog|uiglitch_analog|glitch|broken|walkman|noise|16_jse_glwav|glitches|justsoundeffects"
"UIGlitch_Granular Analog Glitch 22_JSE_GL.wav","Glitches","Justsoundeffects","https://sonniss.com/product/glitches-sound-effects","/Justsoundeffects - Glitches/UIGlitch_Granular Analog Glitch 22_JSE_GL.wav","glitch|error|malfunction|interruption|disconnection|disturbance|disorder|interference|disruption|transmission|failure|tonal|hardware|synthesizer|signal|analog|uiglitch_granular|analog|glitch|22_jse_glwav|glitches|justsoundeffects"
"UIGlitch_Mixed Glitch 090_JSE_GL.wav","Glitches","Justsoundeffects","https://sonniss.com/product/glitches-sound-effects","/Justsoundeffects - Glitches/UIGlitch_Mixed Glitch 090_JSE_GL.wav","glitch|error|malfunction|interruption|disconnection|disturbance|disorder|interference|disruption|transmission|failure|noise|tonal|digital|synthesizer|uiglitch_mixed|glitch|090_jse_glwav|glitches|justsoundeffects"
"UIGlitch_Noise Glitch 92_JSE_GL.wav","Glitches","Justsoundeffects","https://sonniss.com/product/glitches-sound-effects","/Justsoundeffects - Glitches/UIGlitch_Noise Glitch 92_JSE_GL.wav","glitch|error|malfunction|interruption|disconnection|disturbance|disorder|interference|disruption|transmission|failure|noise|tv|television|radio|uiglitch_noise|glitch|92_jse_glwav|glitches|justsoundeffects"
"DSGNRise_Digital Riser 06_JSE_HJS.wav","Horror Jumpscares","Justsoundeffects","https://sonniss.com/product/horror-jumpscares-sound-library","/Justsoundeffects - Horror Jumpscares/DSGNRise_Digital Riser 06_JSE_HJS.wav","riser|horror|scary|fear|terrifying|monster|ghost|shocking|tension|evolving|building|evil|synthesizer|distortion|dissonant|digital|dsgnrise_digital|riser|06_jse_hjswav|horror jumpscares|justsoundeffects"
"DSGNRise_String Riser 13_JSE_HJS.wav","Horror Jumpscares","Justsoundeffects","https://sonniss.com/product/horror-jumpscares-sound-library","/Justsoundeffects - Horror Jumpscares/DSGNRise_String Riser 13_JSE_HJS.wav","riser|horror|scary|fear|terrifying|monster|ghost|shocking|tension|evolving|building|creepy|evil|strings|violin|scraping|dissonant|instrument|dsgnrise_string|riser|13_jse_hjswav|horror jumpscares|justsoundeffects"
"DSGNStngr_Horrifying Scream 04_JSE_HJS.wav","Horror Jumpscares","Justsoundeffects","https://sonniss.com/product/horror-jumpscares-sound-library","/Justsoundeffects - Horror Jumpscares/DSGNStngr_Horrifying Scream 04_JSE_HJS.wav","jumpscare|horror|scary|impact|hit|trailer|stinger|fear|evil|creepy|terrifying|monster|ghost|shocking|screaming|shouting|pain|voice|dsgnstngr_horrifying|scream|04_jse_hjswav|horror jumpscares|justsoundeffects"
"DSGNStngr_Pig Scream 02_JSE_HJS.wav","Horror Jumpscares","Justsoundeffects","https://sonniss.com/product/horror-jumpscares-sound-library","/Justsoundeffects - Horror Jumpscares/DSGNStngr_Pig Scream 02_JSE_HJS.wav","jumpscare|horror|scary|impact|hit|trailer|stinger|fear|evil|creepy|terrifying|monster|ghost|shocking|pig|animal|grunting|dsgnstngr_pig|scream|02_jse_hjswav|horror jumpscares|justsoundeffects"
"MECHClik_Tools Metal Snapping_JSE_IR_01_Mono.wav","Industrial Robot","Justsoundeffects","https://sonniss.com/product/industrial-robot-sound-library","/Justsoundeffects - Industrial Robot/MECHClik_Tools Metal Snapping_JSE_IR_01_Mono.wav","gear|tools|pushing|pressing|clicking|snapping|metal|machine|mechanical|mechanism|mechanics|robot|industrial|handling|mechclik_tools|metal|snapping_jse_ir_01_monowav|industrial robot|justsoundeffects"
"MECHHydr_Hydraulic Pressure Releasing_JSE_IR_01_Stereo.wav","Industrial Robot","Justsoundeffects","https://sonniss.com/product/industrial-robot-sound-library","/Justsoundeffects - Industrial Robot/MECHHydr_Hydraulic Pressure Releasing_JSE_IR_01_Stereo.wav","robot|industrial|hydraulic|pneumatic|pressure|air|releasing|mechanism|mechanics|machine|engine|motor|mechhydr_hydraulic|pressure|releasing_jse_ir_01_stereowav|industrial robot|justsoundeffects"
"ROBTMvmt_Industrial Robot First Axis Rotating Medium_JSE_IR_Front Mono.wav","Industrial Robot","Justsoundeffects","https://sonniss.com/product/industrial-robot-sound-library","/Justsoundeffects - Industrial Robot/ROBTMvmt_Industrial Robot First Axis Rotating Medium_JSE_IR_Front Mono.wav","robot|industrial|machine|engine|motor|mechanism|mechanical|rotating|turning|rattling|rattle|clacking|medium|movement|motion|working|robtmvmt_industrial|robot|first|axis|rotating|medium_jse_ir_front|monowav|industrial robot|justsoundeffects"
"ROBTMvmt_Industrial Robot Working Performance Variations_JSE_IR_Rear Mono.wav","Industrial Robot","Justsoundeffects","https://sonniss.com/product/industrial-robot-sound-library","/Justsoundeffects - Industrial Robot/ROBTMvmt_Industrial Robot Working Performance Variations_JSE_IR_Rear Mono.wav","robot|industrial|machine|engine|motor|mechanism|mechanical|rotating|turning|rattling|rattle|clacking|performance|variations|movement|motion|working|robtmvmt_industrial|robot|working|performance|variations_jse_ir_rear|monowav|industrial robot|justsoundeffects"
"DOORHdwr_Big Metal Gate Pushbar Squeak 02_JSE_MM_Stereo.wav","Metal Movements","Justsoundeffects","https://sonniss.com/product/metal-movements-sound-effects","/Justsoundeffects - Metal Movements/DOORHdwr_Big Metal Gate Pushbar Squeak 02_JSE_MM_Stereo.wav","door|hardware|big|gate|metal|squeak|sliding|impact|rattle|open|close|bolt|movement|interior|doorhdwr_big|pushbar|02_jse_mm_stereowav|metal movements|justsoundeffects"
"DOORMetl_Big Metal Gate Open Close 03_JSE_MM_Mono.wav","Metal Movements","Justsoundeffects","https://sonniss.com/product/metal-movements-sound-effects","/Justsoundeffects - Metal Movements/DOORMetl_Big Metal Gate Open Close 03_JSE_MM_Mono.wav","door|big|gate|metal|squeak|squeal|clank|sliding|interior|open|close|rattle|impact|doormetl_big|03_jse_mm_monowav|metal movements|justsoundeffects"
"METLFric_Metal Squeal 02_JSE_MM_Stereo.wav","Metal Movements","Justsoundeffects","https://sonniss.com/product/metal-movements-sound-effects","/Justsoundeffects - Metal Movements/METLFric_Metal Squeal 02_JSE_MM_Stereo.wav","metal|friction|squeal|tonal|squeak|thin|sheets|big|plates|strings|sliding|interior|hall|factory|reverb|metlfric_metal|02_jse_mm_stereowav|metal movements|justsoundeffects"
"METLMvmt_Metal Rattle 11_JSE_MM_Mono.wav","Metal Movements","Justsoundeffects","https://sonniss.com/product/metal-movements-sound-effects","/Justsoundeffects - Metal Movements/METLMvmt_Metal Rattle 11_JSE_MM_Mono.wav","metal|movement|rattle|creak|clatter|vibrate|impact|sheets|junk|hall|big|reverb|factory|massive|rattling|handling|metlmvmt_metal|11_jse_mm_monowav|metal movements|justsoundeffects"
"CERMBrk_Ceramic Roof Tile Cracking_JSE_SD.wav","Stones and Debris","Justsoundeffects","https://sonniss.com/product/stones-and-debris-sound-library","/Justsoundeffects - Stones and Debris/CERMBrk_Ceramic Roof Tile Cracking_JSE_SD.wav","ceramics|porcelain|pottery|shards|cracking|cracks|crackle|crackling|friction|breaking|break|fracture|broken|shatter|splinter|pressure|split|cermbrk_ceramic|roof|tile|cracking_jse_sdwav|stones and debris|justsoundeffects"
"CERMCrsh_Debris Falling On Ceramic Roof Tile With Metal Trash_JSE_SD.wav","Stones and Debris","Justsoundeffects","https://sonniss.com/product/stones-and-debris-sound-library","/Justsoundeffects - Stones and Debris/CERMCrsh_Debris Falling On Ceramic Roof Tile With Metal Trash_JSE_SD.wav","ceramics|porcelain|pottery|debris|crash|crashing|dropping|impact|shards|broken|shatter|trickle|trickling|cermcrsh_debris|falling|on|ceramic|roof|tile|with|metal|trash_jse_sdwav|stones and debris|justsoundeffects"
"DESTRClpse_Massive Wall Collapsing_JSE_SD.wav","Stones and Debris","Justsoundeffects","https://sonniss.com/product/stones-and-debris-sound-library","/Justsoundeffects - Stones and Debris/DESTRClpse_Massive Wall Collapsing_JSE_SD.wav","destruction|collapse|collapsing|debris|stones|rocks|wall|breakdown|crash|crashing|demolition|wrecking|ruining|destroying|demolish|crack|destrclpse_massive|wall|collapsing_jse_sdwav|stones and debris|justsoundeffects"
"DIRTCrsh_Stone Sand Trickle Reverberant 01_JSE_SD.wav","Stones and Debris","Justsoundeffects","https://sonniss.com/product/stones-and-debris-sound-library","/Justsoundeffects - Stones and Debris/DIRTCrsh_Stone Sand Trickle Reverberant 01_JSE_SD.wav","dirt|sand|mud|earth|trickle|trickling|falling|drops|dropping|debris|stones|dirtcrsh_stone|sand|trickle|reverberant|01_jse_sdwav|stones and debris|justsoundeffects"
"WATRFall_Waterfall Roaring Rumble_03_JSE_SR.wav","Streams and Rivers","Justsoundeffects","https://sonniss.com/product/streams-and-rivers","/Justsoundeffects - Streams and Rivers/WATRFall_Waterfall Roaring Rumble_03_JSE_SR.wav","nature|water|waterfall|cascade|torrent|dam|river|stream|rapids|liquid|roar|roaring|flow|flowing|rush|rushing|rumble|rumbling|splashes|splashing|boom|deep|strong|heavy|loop|watrfall_waterfall|roaring|rumble_03_jse_srwav|streams and rivers|justsoundeffects"
"WATRFlow_River Small Gurgling between Stones_01_JSE_SR.wav","Streams and Rivers","Justsoundeffects","https://sonniss.com/product/streams-and-rivers","/Justsoundeffects - Streams and Rivers/WATRFlow_River Small Gurgling between Stones_01_JSE_SR.wav","nature|water|river|stream|creek|liquid|environment|flowing|flood|flooding|drops|dropping|burbling|gurgling|bubbles|bubbling|rocks|stones|wet|soft|gentle|loop|watrflow_river|small|gurgling|between|stones_01_jse_srwav|streams and rivers|justsoundeffects"
"WATRFlow_Trickle Gurgling in Forest_JSE_SR.wav","Streams and Rivers","Justsoundeffects","https://sonniss.com/product/streams-and-rivers","/Justsoundeffects - Streams and Rivers/WATRFlow_Trickle Gurgling in Forest_JSE_SR.wav","nature|water|trickle|streamlet|rivulet|environment|liquid|flow|flowing|burbling|gurgling|streaming|bubbles|bubbling|drops|dropping|drips|dripping|forest|trees|roots|wet|soft|gentle|calm|peaceful|loop|watrflow_trickle|gurgling|in|forest_jse_srwav|streams and rivers|justsoundeffects"
"WATRTurb_River Rapids Rushing between Rocks Distant_JSE_SR.wav","Streams and Rivers","Justsoundeffects","https://sonniss.com/product/streams-and-rivers","/Justsoundeffects - Streams and Rivers/WATRTurb_River Rapids Rushing between Rocks Distant_JSE_SR.wav","nature|water|river|rapids|stream|creek|liquid|environment|flowing|flood|flooding|burbling|gurgling|bubbles|bubbling|rush|rushing|streaming|rocks|stones|wet|danger|wild|strong|heavy|loop|watrturb_river|rapids|rushing|between|rocks|distant_jse_srwav|streams and rivers|justsoundeffects"
"SWSH_Woodstick Swish 03_JSE_TW1.wav","Transition Whooshes Vol. 1","Justsoundeffects","https://sonniss.com/product/transition-whooshes-vol-1-sound-library","/Justsoundeffects - Transition Whooshes Vol. 1/SWSH_Woodstick Swish 03_JSE_TW1.wav","swoosh|whoosh|swish|sweep|transition|motion|movement|advertisement|commercial|media|infographic|design|text|fast|noise|game|tv|video|wind|fight|martial|arts|punch|hit|swsh_woodstick|swish|03_jse_tw1wav|transition whooshes vol. 1|justsoundeffects"
"WHSH_Whoosh Evolving Braam_JSE_TW1.wav","Transition Whooshes Vol. 1","Justsoundeffects","https://sonniss.com/product/transition-whooshes-vol-1-sound-library","/Justsoundeffects - Transition Whooshes Vol. 1/WHSH_Whoosh Evolving Braam_JSE_TW1.wav","swoosh|whoosh|swish|sweep|transition|horror|scary|tonal|synth|motion|movement|evolving|reverb|advertisement|commercial|media|infographic|design|noise|game|tv|video|whsh_whoosh|evolving|braam_jse_tw1wav|transition whooshes vol. 1|justsoundeffects"
"WHSH_Whoosh Low 07_JSE_TW1.wav","Transition Whooshes Vol. 1","Justsoundeffects","https://sonniss.com/product/transition-whooshes-vol-1-sound-library","/Justsoundeffects - Transition Whooshes Vol. 1/WHSH_Whoosh Low 07_JSE_TW1.wav","swoosh|whoosh|swish|sweep|transition|deep|rumble|bass|danger|motion|movement|advertisement|commercial|media|infographic|design|text|noise|game|tv|video|wind|fight|whsh_whoosh|low|07_jse_tw1wav|transition whooshes vol. 1|justsoundeffects"
"WHSH_Whoosh Short 06_JSE_TW1.wav","Transition Whooshes Vol. 1","Justsoundeffects","https://sonniss.com/product/transition-whooshes-vol-1-sound-library","/Justsoundeffects - Transition Whooshes Vol. 1/WHSH_Whoosh Short 06_JSE_TW1.wav","swoosh|whoosh|swish|sweep|transition|motion|movement|advertisement|commercial|media|infographic|design|text|fast|noise|game|tv|video|wind|fight|whsh_whoosh|short|06_jse_tw1wav|transition whooshes vol. 1|justsoundeffects"
"AMBRest_Crowd Chattering Exterior Pedestrian Zone 2_JSE_UAG.wav","Urban Ambiences","Justsoundeffects","https://sonniss.com/product/urban-ambiences-sound-library","/Justsoundeffects - Urban Ambiences/AMBRest_Crowd Chattering Exterior Pedestrian Zone 2_JSE_UAG.wav","city|downtown|bar|restaurant|talking|crowd|walla|people|outside|traffic|chattering|multi|culture|germany|pedestrians|ambrest_crowd|chattering|exterior|pedestrian|zone|2_jse_uagwav|urban ambiences|justsoundeffects"
"AMBRlgn_Church Bells Ringing Village_JSE_UAG.wav","Urban Ambiences","Justsoundeffects","https://sonniss.com/product/urban-ambiences-sound-library","/Justsoundeffects - Urban Ambiences/AMBRlgn_Church Bells Ringing Village_JSE_UAG.wav","town|village|countryside|church|bells|ringing|worship|pray|sunday|religious|ambrlgn_church|bells|ringing|village_jse_uagwav|urban ambiences|justsoundeffects"
"AMBSchl_Kindergarten Children Playing Shouting Running Around_JSE_UAG.wav","Urban Ambiences","Justsoundeffects","https://sonniss.com/product/urban-ambiences-sound-library","/Justsoundeffects - Urban Ambiences/AMBSchl_Kindergarten Children Playing Shouting Running Around_JSE_UAG.wav","city|town|urban|crowd|walla|kindergarten|playschool|playground|playing|shouting|running|children|kids|fun|young|ambschl_kindergarten|children|playing|shouting|running|around_jse_uagwav|urban ambiences|justsoundeffects"
"AMBUrbn_City Night Under Bridge Cars Tram Bus Closing Doors Birds_JSE_UAG.wav","Urban Ambiences","Justsoundeffects","https://sonniss.com/product/urban-ambiences-sound-library","/Justsoundeffects - Urban Ambiences/AMBUrbn_City Night Under Bridge Cars Tram Bus Closing Doors Birds_JSE_UAG.wav","downtown|under|bridge|tram|cars|bus|closing|doors|birds|single|pass|by|drive|traffic|city|amburbn_city|night|under|bridge|cars|tram|bus|closing|doors|birds_jse_uagwav|urban ambiences|justsoundeffects"
"DSGNDron_Harmonic Electric Drone_JSE_VEMF.wav","VOLT - Electromagnetic Fields","Justsoundeffects","https://sonniss.com/product/volt-electromagnetic-fields","/Justsoundeffects - VOLT - Electromagnetic Fields/DSGNDron_Harmonic Electric Drone_JSE_VEMF.wav","electromagnetic|designed|predesigned|electricity|static|interference|drone|atmosphere|cinematic|tonal|rhythmic|noise|dsgndron_harmonic|electric|drone_jse_vemfwav|volt - electromagnetic fields|justsoundeffects"
"ELECBuzz_Electric Buzz Loop 23_JSE_VEMF_Stereo.wav","VOLT - Electromagnetic Fields","Justsoundeffects","https://sonniss.com/product/volt-electromagnetic-fields","/Justsoundeffects - VOLT - Electromagnetic Fields/ELECBuzz_Electric Buzz Loop 23_JSE_VEMF_Stereo.wav","electromagnetic|electricity|buzz|humm|fuzz|loop|wavetable|elecbuzz_electric|buzz|loop|23_jse_vemf_stereowav|volt - electromagnetic fields|justsoundeffects"
"ELECEmf_Electric Whooshes_JSE_VEMF.wav","VOLT - Electromagnetic Fields","Justsoundeffects","https://sonniss.com/product/volt-electromagnetic-fields","/Justsoundeffects - VOLT - Electromagnetic Fields/ELECEmf_Electric Whooshes_JSE_VEMF.wav","electromagnetic|electric|electricity|recording|high|frequencies|whoosh|swoosh|organic|fuzz|buzz|elecemf_electric|whooshes_jse_vemfwav|volt - electromagnetic fields|justsoundeffects"
"ELECEmf_iMac Calculating 02_JSE_VEMF.wav","VOLT - Electromagnetic Fields","Justsoundeffects","https://sonniss.com/product/volt-electromagnetic-fields","/Justsoundeffects - VOLT - Electromagnetic Fields/ELECEmf_iMac Calculating 02_JSE_VEMF.wav","electromagnetic|electric|electricity|recording|high|frequencies|computer|imac|i7|calculating|crazy|glitchy|fuzz|buzz|elecemf_imac|calculating|02_jse_vemfwav|volt - electromagnetic fields|justsoundeffects"
"Engine Roar N Accelerate than Stop, Water Hiss Dominant, Look Forward at Prow, Noise, Overwater, NTSF1.wav","Boat Ride","LukasTvrdon","https://sonniss.com/product/boat-ride","/LukasTvrdon - Boat Ride/Engine Roar N Accelerate than Stop, Water Hiss Dominant, Look Forward at Prow, Noise, Overwater, NTSF1.wav","boat|ride|overwater|20seats|trip|motorboats|adriatic|sea|source|files|engine|roar|n|accelerate|than|stop|water|hiss|dominant|look|forward|at|prow|noise|ntsf1wav|boat ride|lukastvrdon"
"Waves Splashing Boat B8, High Pitched Diffused, Muddy, Sea, Ocean, Underwater, Boat Ride Designed.wav","Boat Ride","LukasTvrdon","https://sonniss.com/product/boat-ride","/LukasTvrdon - Boat Ride/Waves Splashing Boat B8, High Pitched Diffused, Muddy, Sea, Ocean, Underwater, Boat Ride Designed.wav","designed|from|the|included|sources|added|depth|and|space|to|get|more|variations|emotions|waves|splashing|boat|b8|high|pitched|diffused|muddy|sea|ocean|underwater|ride|designedwav|boat ride|lukastvrdon"
"Waves Splashing Boat D, Medium, Hitting, Sea, Ocean, Underwater, ASF1.wav","Boat Ride","LukasTvrdon","https://sonniss.com/product/boat-ride","/LukasTvrdon - Boat Ride/Waves Splashing Boat D, Medium, Hitting, Sea, Ocean, Underwater, ASF1.wav","authentic|sources|recorded|during|the|ride|waves|splashing|boat|d|medium|hitting|sea|ocean|underwater|asf1wav|boat ride|lukastvrdon"
"City Distant A2 Flat.wav","City Distant 192","LukasTvrdon","https://sonniss.com/product/city-distant-192","/LukasTvrdon - City Distant 192/City Distant A2 Flat.wav","diffused|city|ambience|distant|traffic|flat|version|without|significant|elements|location|prague|vitkov|city|a2|flatwav|city distant 192|lukastvrdon"
"City Distant B2 MS.wav","City Distant 192","LukasTvrdon","https://sonniss.com/product/city-distant-192","/LukasTvrdon - City Distant 192/City Distant B2 MS.wav","diffused|city|ambience|background|noise|and|distant|elements|traffic|cars|trams|trains|birds|location|prague|vysehrad|raw|ms|stereo|data|city|distant|b2|mswav|city distant 192|lukastvrdon"
"Bubbles in Glass Bottle Small, Gurgles, Higher Pitched.wav","Design Source 192","LukasTvrdon","https://sonniss.com/product/design-source-192","/LukasTvrdon - Design Source 192/Bubbles in Glass Bottle Small, Gurgles, Higher Pitched.wav","bubbles|in|glass|bottle|small|gurgles|higher|pitchedwav|design source 192|lukastvrdon"
"Pen, Click.wav","Design Source 192","LukasTvrdon","https://sonniss.com/product/design-source-192","/LukasTvrdon - Design Source 192/Pen, Click.wav","pen|clickwav|design source 192|lukastvrdon"
"Plastic Comb to Plastic Object, Grate, Rub.wav","Design Source 192","LukasTvrdon","https://sonniss.com/product/design-source-192","/LukasTvrdon - Design Source 192/Plastic Comb to Plastic Object, Grate, Rub.wav","plastic|comb|to|object|grate|rubwav|design source 192|lukastvrdon"
"Skateboard, Put Ride Take.wav","Design Source 192","LukasTvrdon","https://sonniss.com/product/design-source-192","/LukasTvrdon - Design Source 192/Skateboard, Put Ride Take.wav","skateboard|put|ride|takewav|design source 192|lukastvrdon"
"AMBUrbn_City Evening Rain_Chef Audio_Cinematic Sound FX.wav","ARTA Cinematic Sound FX Pack","Marek Klemczak","https://sonniss.com/product/arta-cinematic-sound-fx-pack","/Marek Klemczak - ARTA Cinematic Sound FX Pack/AMBUrbn_City Evening Rain_Chef Audio_Cinematic Sound FX.wav","city|evening|rain|amburbn_city|evening|rain_chef|audio_cinematic|sound|fxwav|arta cinematic sound fx pack|marek klemczak"
"DSGNBoom_Impact Hit_Chef Audio_Cinematic Sound FX_10.wav","ARTA Cinematic Sound FX Pack","Marek Klemczak","https://sonniss.com/product/arta-cinematic-sound-fx-pack","/Marek Klemczak - ARTA Cinematic Sound FX Pack/DSGNBoom_Impact Hit_Chef Audio_Cinematic Sound FX_10.wav","impact|hit|cinematic|dsgnboom_impact|hit_chef|audio_cinematic|sound|fx_10wav|arta cinematic sound fx pack|marek klemczak"
"DSGNRise_Riser_Chef Audio_Cinematic Sound FX_05.wav","ARTA Cinematic Sound FX Pack","Marek Klemczak","https://sonniss.com/product/arta-cinematic-sound-fx-pack","/Marek Klemczak - ARTA Cinematic Sound FX Pack/DSGNRise_Riser_Chef Audio_Cinematic Sound FX_05.wav","dscene=dtake=dtape=dnote=riser|dsgnrise_riser_chef|audio_cinematic|sound|fx_05wav|arta cinematic sound fx pack|marek klemczak"
"WHSH_Whoosh_Chef Audio_Cinematic Sound FX_03.wav","ARTA Cinematic Sound FX Pack","Marek Klemczak","https://sonniss.com/product/arta-cinematic-sound-fx-pack","/Marek Klemczak - ARTA Cinematic Sound FX Pack/WHSH_Whoosh_Chef Audio_Cinematic Sound FX_03.wav","whoosh|swoosh|swish|whsh_whoosh_chef|audio_cinematic|sound|fx_03wav|arta cinematic sound fx pack|marek klemczak"
"DSGNStngr_HSFH Stinger 14_MarkTheChef_Horror.wav","Horror Stingers From Hell","Marek Klemczak","https://sonniss.com/product/horror-stingers-from-hell","/Marek Klemczak - Horror Stingers From Hell/DSGNStngr_HSFH Stinger 14_MarkTheChef_Horror.wav","dsgnstngr_hsfh|stinger|14_markthechef_horrorwav|horror stingers from hell|marek klemczak"
"DSGNStngr_HSFH Stinger 15_MarkTheChef_Horror_BadRadio.wav","Horror Stingers From Hell","Marek Klemczak","https://sonniss.com/product/horror-stingers-from-hell","/Marek Klemczak - Horror Stingers From Hell/DSGNStngr_HSFH Stinger 15_MarkTheChef_Horror_BadRadio.wav","dsgnstngr_hsfh|stinger|15_markthechef_horror_badradiowav|horror stingers from hell|marek klemczak"
"DSGNStngr_HSFH Stinger 15_MarkTheChef_Horror_TakeMeToChurch.wav","Horror Stingers From Hell","Marek Klemczak","https://sonniss.com/product/horror-stingers-from-hell","/Marek Klemczak - Horror Stingers From Hell/DSGNStngr_HSFH Stinger 15_MarkTheChef_Horror_TakeMeToChurch.wav","dsgnstngr_hsfh|stinger|15_markthechef_horror_takemetochurchwav|horror stingers from hell|marek klemczak"
"DSGNStngr_HSFH Stinger 22_MarkTheChef_Horror.wav","Horror Stingers From Hell","Marek Klemczak","https://sonniss.com/product/horror-stingers-from-hell","/Marek Klemczak - Horror Stingers From Hell/DSGNStngr_HSFH Stinger 22_MarkTheChef_Horror.wav","dsgnstngr_hsfh|stinger|22_markthechef_horrorwav|horror stingers from hell|marek klemczak"
"DSGNMisc_Ping Cinematic Bend Simplicity 005_MMSD.wav","Informer","MatiasMacSD","https://sonniss.com/product/informer","/MatiasMacSD - Informer/DSGNMisc_Ping Cinematic Bend Simplicity 005_MMSD.wav","ping|cinematic|trailer|tension|alert|dsgnmisc_ping|bend|simplicity|005_mmsdwav|informer|matiasmacsd"
"DSGNTonl_Ping Cinematic Clean thought B 001_MMSD.wav","Informer","MatiasMacSD","https://sonniss.com/product/informer","/MatiasMacSD - Informer/DSGNTonl_Ping Cinematic Clean thought B 001_MMSD.wav","ping|cinematic|trailer|tension|alert|dsgntonl_ping|clean|thought|b|001_mmsdwav|informer|matiasmacsd"
"DSGNTonl_Ping Cinematic Fear alert G 002_MMSD.wav","Informer","MatiasMacSD","https://sonniss.com/product/informer","/MatiasMacSD - Informer/DSGNTonl_Ping Cinematic Fear alert G 002_MMSD.wav","ping|cinematic|trailer|tension|alert|dsgntonl_ping|fear|alert|g|002_mmsdwav|informer|matiasmacsd"
"Granular_Texture_Futuristic-07.wav","Motion Mode","MatiasMacSD","https://sonniss.com/product/motion-mode","/MatiasMacSD - Motion Mode/Granular_Texture_Futuristic-07.wav","granular|texture|movement|motion|futuristic|glitch|scifi|science|fiction|granular_texture_futuristic07wav|motion mode|matiasmacsd"
"Hit_Organic-03.wav","Motion Mode","MatiasMacSD","https://sonniss.com/product/motion-mode","/MatiasMacSD - Motion Mode/Hit_Organic-03.wav","hit|movement|motion|futuristic|texture|organic|scifi|science|fiction|hit_organic03wav|motion mode|matiasmacsd"
"Movement_Texture_Futuristic-07.wav","Motion Mode","MatiasMacSD","https://sonniss.com/product/motion-mode","/MatiasMacSD - Motion Mode/Movement_Texture_Futuristic-07.wav","movement|motion|futuristic|texture|scifi|science|fiction|movement_texture_futuristic07wav|motion mode|matiasmacsd"
"Transition_Simple-06.wav","Motion Mode","MatiasMacSD","https://sonniss.com/product/motion-mode","/MatiasMacSD - Motion Mode/Transition_Simple-06.wav","transition|movement|motion|simple|scifi|science|fiction|transition_simple06wav|motion mode|matiasmacsd"
"DSGNBram_Braam Dystopian Bb 001_MMSD.wav","Seclusion","MatiasMacSD","https://sonniss.com/product/seclusion","/MatiasMacSD - Seclusion/DSGNBram_Braam Dystopian Bb 001_MMSD.wav","braam|dystopian|angst|desolation|solitude|tension|fear|horror|musical|intense|dsgnbram_braam|bb|001_mmsdwav|seclusion|matiasmacsd"
"DSGNBram_Braam Dystopian E 006_MMSD.wav","Seclusion","MatiasMacSD","https://sonniss.com/product/seclusion","/MatiasMacSD - Seclusion/DSGNBram_Braam Dystopian E 006_MMSD.wav","braam|dystopian|angst|desolation|solitude|tension|fear|horror|musical|intense|dsgnbram_braam|e|006_mmsdwav|seclusion|matiasmacsd"
"DSGNErie_Atmosphere Angst 006_MMSD.wav","Seclusion","MatiasMacSD","https://sonniss.com/product/seclusion","/MatiasMacSD - Seclusion/DSGNErie_Atmosphere Angst 006_MMSD.wav","atmospheric|element|atmosphere|dystopian|angst|desolation|solitude|tension|fear|horror|dsgnerie_atmosphere|006_mmsdwav|seclusion|matiasmacsd"
"DSGNErie_Atmospheric element Noise 004_MMSD.wav","Seclusion","MatiasMacSD","https://sonniss.com/product/seclusion","/MatiasMacSD - Seclusion/DSGNErie_Atmospheric element Noise 004_MMSD.wav","atmospheric|element|atmosphere|noise|dystopian|angst|desolation|solitude|tension|fear|horror|dsgnerie_atmospheric|004_mmsdwav|seclusion|matiasmacsd"
"Upright piano_Fx_Atmospheric element_Surreal-005.wav","Upright","MatiasMacSD","https://sonniss.com/product/upright","/MatiasMacSD - Upright/Upright piano_Fx_Atmospheric element_Surreal-005.wav","upright|piano|surreal|atmospheric|element|granular|movements|piano_fx_atmospheric|element_surreal005wav|matiasmacsd"
"Upright piano_Fx_Hit_Atmospheric_Tension-014.wav","Upright","MatiasMacSD","https://sonniss.com/product/upright","/MatiasMacSD - Upright/Upright piano_Fx_Hit_Atmospheric_Tension-014.wav","upright|piano|atmospheric|hit|pure|tension|piano_fx_hit_atmospheric_tension014wav|matiasmacsd"
"Upright piano_Fx_Musical texture_Note_Creepy_B.wav","Upright","MatiasMacSD","https://sonniss.com/product/upright","/MatiasMacSD - Upright/Upright piano_Fx_Musical texture_Note_Creepy_B.wav","upright|piano|musical|texture|detuned|note|piano_fx_musical|texture_note_creepy_bwav|matiasmacsd"
"Upright piano_Fx_Transition_Tension-008-02.wav","Upright","MatiasMacSD","https://sonniss.com/product/upright","/MatiasMacSD - Upright/Upright piano_Fx_Transition_Tension-008-02.wav","upright|piano|transition|pass|movement|of|tension|piano_fx_transition_tension00802wav|matiasmacsd"
"VEHCnst_Bucket Pour Earth_MWSFX_EXS 07.wav","Excavator Sounds","Mechanical Wave","https://sonniss.com/product/excavator-sounds","/Mechanical Wave - Excavator Sounds/VEHCnst_Bucket Pour Earth_MWSFX_EXS 07.wav","engine|motor|metal|squeak|bucket|dump|pour|gravel|rock|stone|earth|vehcnst_bucket|earth_mwsfx_exs|07wav|excavator sounds|mechanical wave"
"VEHCnst_Excavator Bucket Shake_MWSFX_EXS 03.wav","Excavator Sounds","Mechanical Wave","https://sonniss.com/product/excavator-sounds","/Mechanical Wave - Excavator Sounds/VEHCnst_Excavator Bucket Shake_MWSFX_EXS 03.wav","engine|motor|running|truck|construction|metal|squeak|crack|vehcnst_excavator|bucket|shake_mwsfx_exs|03wav|excavator sounds|mechanical wave"
"VEHCnst_Excavator Working_MWSFX_EXS 06.wav","Excavator Sounds","Mechanical Wave","https://sonniss.com/product/excavator-sounds","/Mechanical Wave - Excavator Sounds/VEHCnst_Excavator Working_MWSFX_EXS 06.wav","engine|motor|metal|squeak|running|truck|construction|crack|vehcnst_excavator|working_mwsfx_exs|06wav|excavator sounds|mechanical wave"
"VEHCnst_Excavator Working_MWSFX_EXS 09.wav","Excavator Sounds","Mechanical Wave","https://sonniss.com/product/excavator-sounds","/Mechanical Wave - Excavator Sounds/VEHCnst_Excavator Working_MWSFX_EXS 09.wav","engine|motor|metal|squeak|construction|truck|vehcnst_excavator|working_mwsfx_exs|09wav|excavator sounds|mechanical wave"
"INDUSTRIAL, Ironworks - 07 - Oxygen compressors shop - Oxygen compressor 04.wav","Industrial, Ironworks","Mononeshot","https://sonniss.com/product/industrial-ironworks","/Mononeshot - Industrial, Ironworks/INDUSTRIAL, Ironworks - 07 - Oxygen compressors shop - Oxygen compressor 04.wav","working|oxygen|compressor|device|static|noise|close|perspective|loop|industrial|ironworks|07|oxygen|compressors|shop|04wav|industrial, ironworks|mononeshot"
"INDUSTRIAL, Ironworks - 10 - Machining shop - Ambient noise V2.wav","Industrial, Ironworks","Mononeshot","https://sonniss.com/product/industrial-ironworks","/Mononeshot - Industrial, Ironworks/INDUSTRIAL, Ironworks - 10 - Machining shop - Ambient noise V2.wav","roomtone|with|static|ambient|noise|of|workshop|distant|loud|metal|creak|from|a|boring|machine|loop|industrial|ironworks|10|machining|shop|ambient|v2wav|industrial, ironworks|mononeshot"
"long nearly full speed run set presser foot down, run, stop, release and thread adjustments after.wav","Electric sewing machines","Omar Alvarado","https://sonniss.com/product/electric-sewing-machines","/Omar Alvarado - Electric sewing machines/long nearly full speed run set presser foot down, run, stop, release and thread adjustments after.wav","long|nearly|full|speed|run|set|presser|foot|down|stop|release|and|thread|adjustments|afterwav|electric sewing machines|omar alvarado"
"long variable speed run audible relay clicks take two.wav","Electric sewing machines","Omar Alvarado","https://sonniss.com/product/electric-sewing-machines","/Omar Alvarado - Electric sewing machines/long variable speed run audible relay clicks take two.wav","long|variable|speed|run|audible|relay|clicks|take|twowav|electric sewing machines|omar alvarado"
"sewing machine long run at full speed lift up safety latch lever.wav","Electric sewing machines","Omar Alvarado","https://sonniss.com/product/electric-sewing-machines","/Omar Alvarado - Electric sewing machines/sewing machine long run at full speed lift up safety latch lever.wav","sewing|machine|long|run|at|full|speed|lift|up|safety|latch|leverwav|electric sewing machines|omar alvarado"
"troubled sewing machine tries to run with tangled up thread fast, rhythmical, mechanical.wav","Electric sewing machines","Omar Alvarado","https://sonniss.com/product/electric-sewing-machines","/Omar Alvarado - Electric sewing machines/troubled sewing machine tries to run with tangled up thread fast, rhythmical, mechanical.wav","troubled|sewing|machine|tries|to|run|with|tangled|up|thread|fast|rhythmical|mechanicalwav|electric sewing machines|omar alvarado"
"ambience cot, air conditioning running, slight pulsating feel from AC unit as it runs, pressure release somewhere in the distance.wav","Minimal ambiences","Omar Alvarado","https://sonniss.com/product/everyday-ambiences-collection","/Omar Alvarado - Minimal ambiences/ambience cot, air conditioning running, slight pulsating feel from AC unit as it runs, pressure release somewhere in the distance.wav","ambience|cot|air|conditioning|running|slight|pulsating|feel|from|ac|unit|as|it|runs|pressure|release|somewhere|in|the|distancewav|minimal ambiences|omar alvarado"
"ambience evening, distant rooster calls, car horns, some insects and wind in microphones.wav","Minimal ambiences","Omar Alvarado","https://sonniss.com/product/everyday-ambiences-collection","/Omar Alvarado - Minimal ambiences/ambience evening, distant rooster calls, car horns, some insects and wind in microphones.wav","ambience|evening|distant|rooster|calls|car|horns|some|insects|and|wind|in|microphoneswav|minimal ambiences|omar alvarado"
"ambience outdoors late night, cold winter air, pack of canine howling into the night and man made water fountain.wav","Minimal ambiences","Omar Alvarado","https://sonniss.com/product/everyday-ambiences-collection","/Omar Alvarado - Minimal ambiences/ambience outdoors late night, cold winter air, pack of canine howling into the night and man made water fountain.wav","ambience|outdoors|late|night|cold|winter|air|pack|of|canine|howling|into|the|and|man|made|water|fountainwav|minimal ambiences|omar alvarado"
"ambience very heavy-hearted aggressive suspenceful drone type pad.wav","Minimal ambiences","Omar Alvarado","https://sonniss.com/product/everyday-ambiences-collection","/Omar Alvarado - Minimal ambiences/ambience very heavy-hearted aggressive suspenceful drone type pad.wav","ambience|very|heavyhearted|aggressive|suspenceful|drone|type|padwav|minimal ambiences|omar alvarado"
"Colombia_Antioquia_Jardin_Meadows_Amb_Ext_02_ST.wav","Jardin Meadows","Pachamedias","https://sonniss.com/product/jardin-meadows","/Pachamedias - Jardin Meadows/Colombia_Antioquia_Jardin_Meadows_Amb_Ext_02_ST.wav","colombia|antioquia|jardin|meadows|amb|ext|cow|eating|grass|and|snorting|light|rain|day|river|close|by|birds|rooster|crowing|peaceful|ambix|colombia_antioquia_jardin_meadows_amb_ext_02_stwav|jardin meadows|pachamedias"
"Colombia_Antioquia_Jardin_Meadows_Amb_Ext_03_AmbiX.wav","Jardin Meadows","Pachamedias","https://sonniss.com/product/jardin-meadows","/Pachamedias - Jardin Meadows/Colombia_Antioquia_Jardin_Meadows_Amb_Ext_03_AmbiX.wav","colombia|antioquia|jardin|meadows|amb|ext|motmot|exotic|bird|day|river|close|by|birds|light|rain|ambix|colombia_antioquia_jardin_meadows_amb_ext_03_ambixwav|jardin meadows|pachamedias"
"Colombia_Antioquia_Jardin_Meadows_Amb_Ext_18_ST.wav","Jardin Meadows","Pachamedias","https://sonniss.com/product/jardin-meadows","/Pachamedias - Jardin Meadows/Colombia_Antioquia_Jardin_Meadows_Amb_Ext_18_ST.wav","colombia|antioquia|jardin|meadows|amb|ext|day|river|close|by|many|different|birds|insects|crickets|occas|frogs|stereo|colombia_antioquia_jardin_meadows_amb_ext_18_stwav|jardin meadows|pachamedias"
"VEHBy_Citroen C2 Pass By_3_PMSFX_CC2.wav","Citroen C2","PMSFX","https://sonniss.com/product/citroen-c2","/PMSFX - Citroen C2/VEHBy_Citroen C2 Pass By_3_PMSFX_CC2.wav","citroen|c2|pass|by_3|vehby_citroen|by_3_pmsfx_cc2wav|citroen c2|pmsfx"
"VEHCar_Citroen C2 Drive 1 MKH8060 TRUNK_PMSFX_CC2.wav","Citroen C2","PMSFX","https://sonniss.com/product/citroen-c2","/PMSFX - Citroen C2/VEHCar_Citroen C2 Drive 1 MKH8060 TRUNK_PMSFX_CC2.wav","citroen|c2|drive|1|mkh8060|trunk|vehcar_citroen|trunk_pmsfx_cc2wav|citroen c2|pmsfx"
"VEHCar_Citroen C2 Drive Stop DPA4062 EXHAUST_PMSFX_CC2.wav","Citroen C2","PMSFX","https://sonniss.com/product/citroen-c2","/PMSFX - Citroen C2/VEHCar_Citroen C2 Drive Stop DPA4062 EXHAUST_PMSFX_CC2.wav","citroen|c2|drive|stop|dpa4062|exhaust|vehcar_citroen|exhaust_pmsfx_cc2wav|citroen c2|pmsfx"
"VEHDoor_Citroen C2 Trunk Open Close 1 MKH8040 INT FRONT CENTER_PMSFX_CC2.wav","Citroen C2","PMSFX","https://sonniss.com/product/citroen-c2","/PMSFX - Citroen C2/VEHDoor_Citroen C2 Trunk Open Close 1 MKH8040 INT FRONT CENTER_PMSFX_CC2.wav","citroen|c2|trunk|open|close|1|mkh8040|int|front|center|vehdoor_citroen|center_pmsfx_cc2wav|citroen c2|pmsfx"
"Allison Gearbox - T1 - ONBRD - GEARSHIFTS - Start Run Stop - GEARBOX - CO-100k.wav","Allison Gearbox 6000","Pole Position Production","https://sonniss.com/product/allison-gearbox-6000-series","/Pole Position Production - Allison Gearbox 6000/Allison Gearbox - T1 - ONBRD - GEARSHIFTS - Start Run Stop - GEARBOX - CO-100k.wav","transmission|allison|gearbox|onboard|gearshifts|start|run|stop|gearbox|sanken|co100k|t1|onbrd|co100kwav|allison gearbox 6000|pole position production"
"Allison Gearbox - T10 - ONBRD - STEADY RPMS - Run Reverse Load Stop - GEARBOX - Right - DPA 4062.wav","Allison Gearbox 6000","Pole Position Production","https://sonniss.com/product/allison-gearbox-6000-series","/Pole Position Production - Allison Gearbox 6000/Allison Gearbox - T10 - ONBRD - STEADY RPMS - Run Reverse Load Stop - GEARBOX - Right - DPA 4062.wav","transmission|allison|gearbox|onboard|steady|rpms|run|reverse|load|stop|gearbox|right|dpa|4062|t10|onbrd|4062wav|allison gearbox 6000|pole position production"
"Allison Gearbox - T6 - EXT - RAMPS - Start Run Reverse Load Stop - MS - RSM 191.wav","Allison Gearbox 6000","Pole Position Production","https://sonniss.com/product/allison-gearbox-6000-series","/Pole Position Production - Allison Gearbox 6000/Allison Gearbox - T6 - EXT - RAMPS - Start Run Reverse Load Stop - MS - RSM 191.wav","transmission|allison|gearbox|exterior|ramps|start|run|reverse|load|stop|ms|neumann|rsm|191|t6|ext|191wav|allison gearbox 6000|pole position production"
"AMB - 7.1.4 - City plaza - Traffic MCU - Sparse voices and activity - midday - Sennheiser 8020 - Lss_Rss.wav","Ambiences for Atmos Vol. 1 – Cities","Pole Position Production","https://sonniss.com/product/ambiences-for-atmos-vol-1-cities-sound-effects","/Pole Position Production - Ambiences for Atmos Vol. 1 – Cities/AMB - 7.1.4 - City plaza - Traffic MCU - Sparse voices and activity - midday - Sennheiser 8020 - Lss_Rss.wav","amb|714|city|plaza|traffic|mcu|sparse|voices|and|activity|midday|sennheiser|8020|lss|rss|lss_rsswav|ambiences for atmos vol. 1 – cities|pole position production"
"Infanterikanonvagn 103 - t1 - EXT - SLOW - Up Stop Reverse Away By x2 - ORTF - CMC6.wav","Assault Gun IKV 103","Pole Position Production","https://sonniss.com/product/assault-gun-ikv-103-sound-effects","/Pole Position Production - Assault Gun IKV 103/Infanterikanonvagn 103 - t1 - EXT - SLOW - Up Stop Reverse Away By x2 - ORTF - CMC6.wav","light|assault|gun|infanterikanonvagn|103|exterior|slow|up|stop|reverse|away|by|x2|position|b|ortf|schoeps|cmc6|t1|ext|cmc6wav|assault gun ikv 103|pole position production"
"Infanterikanonvagn 103 - t11 - ONBRD - IDLE - Various Off - ENGINE - Rear - DPA4062.wav","Assault Gun IKV 103","Pole Position Production","https://sonniss.com/product/assault-gun-ikv-103-sound-effects","/Pole Position Production - Assault Gun IKV 103/Infanterikanonvagn 103 - t11 - ONBRD - IDLE - Various Off - ENGINE - Rear - DPA4062.wav","light|assault|gun|infanterikanonvagn|103|onboard|idle|various|off|engine|rear|dpa|4062|t11|onbrd|dpa4062wav|assault gun ikv 103|pole position production"
"Infanterikanonvagn 103 - t12 - VAR SFX - Firing Pedal - MS Decoded - RSM191.wav","Assault Gun IKV 103","Pole Position Production","https://sonniss.com/product/assault-gun-ikv-103-sound-effects","/Pole Position Production - Assault Gun IKV 103/Infanterikanonvagn 103 - t12 - VAR SFX - Firing Pedal - MS Decoded - RSM191.wav","light|assault|gun|infanterikanonvagn|103|various|sound|fx|firing|pedal|ms|decoded|neumann|rsm|191|t12|var|sfx|rsm191wav|assault gun ikv 103|pole position production"
"Infanterikanonvagn 103 - t4 - ONBRD - GEARSHIFTS - Drive Stop - EXHAUST - Mix.wav","Assault Gun IKV 103","Pole Position Production","https://sonniss.com/product/assault-gun-ikv-103-sound-effects","/Pole Position Production - Assault Gun IKV 103/Infanterikanonvagn 103 - t4 - ONBRD - GEARSHIFTS - Drive Stop - EXHAUST - Mix.wav","light|assault|gun|infanterikanonvagn|103|onboard|gearshifts|drive|stop|exhaust|mix|t4|onbrd|mixwav|assault gun ikv 103|pole position production"
"Aston Martin DB9 - t10 - VAR SFX - Gear Selector Wheel - MS Decoded - RSM191.wav","Aston Martin DB9 2005","Pole Position Production","https://sonniss.com/product/aston-martin-db9-2005-car-sound-effects","/Pole Position Production - Aston Martin DB9 2005/Aston Martin DB9 - t10 - VAR SFX - Gear Selector Wheel - MS Decoded - RSM191.wav","sports|car|aston|martin|db9|various|sound|fx|gear|selector|wheel|ms|decoded|neumann|rsm|191|t10|var|sfx|rsm191wav|aston martin db9 2005|pole position production"
"Aston Martin DB9 - t2 - ONBRD - MEDIUM - Start Drive Stop Reverse Stop Drive Horn Stop Off - ENGINE - Mix.wav","Aston Martin DB9 2005","Pole Position Production","https://sonniss.com/product/aston-martin-db9-2005-car-sound-effects","/Pole Position Production - Aston Martin DB9 2005/Aston Martin DB9 - t2 - ONBRD - MEDIUM - Start Drive Stop Reverse Stop Drive Horn Stop Off - ENGINE - Mix.wav","sports|car|aston|martin|db9|onboard|medium|start|drive|stop|reverse|horn|off|engine|mix|t2|onbrd|mixwav|aston martin db9 2005|pole position production"
"Aston Martin DB9 - t5 - EXT - RAMPS - By Up Stop Off - Holophone.wav","Aston Martin DB9 2005","Pole Position Production","https://sonniss.com/product/aston-martin-db9-2005-car-sound-effects","/Pole Position Production - Aston Martin DB9 2005/Aston Martin DB9 - t5 - EXT - RAMPS - By Up Stop Off - Holophone.wav","sports|car|aston|martin|db9|exterior|ramps|by|up|stop|off|position|a|holophone|t5|ext|holophonewav|aston martin db9 2005|pole position production"
"Aston Martin DB9 - t8 - ONBRD - MEDIUM - Drive Horn Various - INTERIOR - Front Window - DPA4061.wav","Aston Martin DB9 2005","Pole Position Production","https://sonniss.com/product/aston-martin-db9-2005-car-sound-effects","/Pole Position Production - Aston Martin DB9 2005/Aston Martin DB9 - t8 - ONBRD - MEDIUM - Drive Horn Various - INTERIOR - Front Window - DPA4061.wav","sports|car|aston|martin|db9|onboard|medium|drive|horn|various|interior|front|window|dpa|4061|t8|onbrd|dpa4061wav|aston martin db9 2005|pole position production"
"Audi RS4 - t1 - ONBRD - SLOW - Start Drive Stop Reverse Drive Stop Off - ENGINE - Mix.wav","Audi RS 4 2013","Pole Position Production","https://sonniss.com/product/audi-rs-4-2013-car-sound-effects","/Pole Position Production - Audi RS 4 2013/Audi RS4 - t1 - ONBRD - SLOW - Start Drive Stop Reverse Drive Stop Off - ENGINE - Mix.wav","car|audi|rs4|onboard|slow|start|drive|stop|reverse|off|engine|mix|t1|onbrd|mixwav|audi rs 4 2013|pole position production"
"Audi RS4 - t14 - VAR SFX - Gear Shift Paddle - MS Decoded - RSM191.wav","Audi RS 4 2013","Pole Position Production","https://sonniss.com/product/audi-rs-4-2013-car-sound-effects","/Pole Position Production - Audi RS 4 2013/Audi RS4 - t14 - VAR SFX - Gear Shift Paddle - MS Decoded - RSM191.wav","car|audi|rs4|various|sound|fx|gear|shift|paddle|ms|decoded|neumann|rsm|191|t14|var|sfx|rsm191wav|audi rs 4 2013|pole position production"
"Audi RS4 - t4 - EXT - GEARSHIFTS - By - Wide AB - MKH8060.wav","Audi RS 4 2013","Pole Position Production","https://sonniss.com/product/audi-rs-4-2013-car-sound-effects","/Pole Position Production - Audi RS 4 2013/Audi RS4 - t4 - EXT - GEARSHIFTS - By - Wide AB - MKH8060.wav","car|audi|rs4|exterior|gearshifts|by|position|a|wide|ab|sennheiser|mkh|8060|t4|ext|mkh8060wav|audi rs 4 2013|pole position production"
"Audi RS4 - t8 - ONBRD - CIRCLES - Drive in Circles Stop - ENGINE - Center - Firewall - DPA4061.wav","Audi RS 4 2013","Pole Position Production","https://sonniss.com/product/audi-rs-4-2013-car-sound-effects","/Pole Position Production - Audi RS 4 2013/Audi RS4 - t8 - ONBRD - CIRCLES - Drive in Circles Stop - ENGINE - Center - Firewall - DPA4061.wav","car|audi|rs4|onboard|circles|drive|in|circles|stop|engine|center|firewall|dpa|4061|t8|onbrd|dpa4061wav|audi rs 4 2013|pole position production"
"Beechcraft King Air 350 - t10 - VAR SFX - Landing Gear Warning Test - INTERIOR - AMBEO BLD.wav","Beechcraft King Air 350i 2010","Pole Position Production","https://sonniss.com/product/beechcraft-king-air-350i-2010","/Pole Position Production - Beechcraft King Air 350i 2010/Beechcraft King Air 350 - t10 - VAR SFX - Landing Gear Warning Test - INTERIOR - AMBEO BLD.wav","plane|beechcraft|king|air|350|various|sound|fx|landing|gear|warning|test|interior|sennheiser|ambeo|bld|t10|var|sfx|bldwav|beechcraft king air 350i 2010|pole position production"
"Beechcraft King Air 350 - t2 - EXT - TAKE OFF - Up By Take Off Away - Right - 25m - M10.wav","Beechcraft King Air 350i 2010","Pole Position Production","https://sonniss.com/product/beechcraft-king-air-350i-2011","/Pole Position Production - Beechcraft King Air 350i 2010/Beechcraft King Air 350 - t2 - EXT - TAKE OFF - Up By Take Off Away - Right - 25m - M10.wav","plane|beechcraft|king|air|350|ext|take|off|up|by|away|right|25m|sony|pcmm10|t2|take|off|m10wav|beechcraft king air 350i 2010|pole position production"
"Beechcraft King Air 350 - t7 - ONBRD - IDLE - Start Idle Stationary Low to High RPM Off - Left Engine - EXHAUST - Left - DPA4062.wav","Beechcraft King Air 350i 2010","Pole Position Production","https://sonniss.com/product/beechcraft-king-air-350i-2012","/Pole Position Production - Beechcraft King Air 350i 2010/Beechcraft King Air 350 - t7 - ONBRD - IDLE - Start Idle Stationary Low to High RPM Off - Left Engine - EXHAUST - Left - DPA4062.wav","plane|beechcraft|king|air|350|onboard|idle|start|idle|stationary|low|to|high|rpm|off|left|engine|exhaust|dpa|4062|t7|onbrd|dpa4062wav|beechcraft king air 350i 2010|pole position production"
"BRDM2, t14, Var SFX, Steering Wheel, MKH8060.wav","BRDM-2 1972","Pole Position Production","https://sonniss.com/product/brdm-2-1972","/Pole Position Production - BRDM-2 1972/BRDM2, t14, Var SFX, Steering Wheel, MKH8060.wav","brdm|2|various|sfx|steering|wheel|sennheiser|mkh|8060|brdm2|t14|var|mkh8060wav|brdm-2 1972|pole position production"
"BRDM2, t3, Ext, Start, Fast, Away, By, Up, Stop, Off, Wide AB, MKH8060.wav","BRDM-2 1972","Pole Position Production","https://sonniss.com/product/brdm-2-1973","/Pole Position Production - BRDM-2 1972/BRDM2, t3, Ext, Start, Fast, Away, By, Up, Stop, Off, Wide AB, MKH8060.wav","brdm|2|exterior|start|fast|away|by|up|stop|off|wide|ab|sennheiser|mkh|8060|brdm2|t3|ext|mkh8060wav|brdm-2 1972|pole position production"
"BRDM2, t3, Onbrd, Start, Fast, Drive, Stop, Off, Engine, Right, MKH8020.wav","BRDM-2 1972","Pole Position Production","https://sonniss.com/product/brdm-2-1974","/Pole Position Production - BRDM-2 1972/BRDM2, t3, Onbrd, Start, Fast, Drive, Stop, Off, Engine, Right, MKH8020.wav","brdm|2|onboard|start|fast|drive|stop|off|engine|right|sennheiser|mkh|8020|brdm2|t3|onbrd|mkh8020wav|brdm-2 1972|pole position production"
"BRDM2, t6, Onbrd, Drive, Ramps, 3rd Gear, Exhaust, Mix.wav","BRDM-2 1972","Pole Position Production","https://sonniss.com/product/brdm-2-1975","/Pole Position Production - BRDM-2 1972/BRDM2, t6, Onbrd, Drive, Ramps, 3rd Gear, Exhaust, Mix.wav","brdm|2|onboard|drive|ramps|3rd|gear|exhaust|mix|brdm2|t6|onbrd|mixwav|brdm-2 1972|pole position production"
"Bumper Car - t1 - ONBRD - RANDOM DRIVING - Start Drive Stop x3 - DASHBOARD - Steering Wheel - DPA4061.wav","Bumper Cars","Pole Position Production","https://sonniss.com/product/bumper-cars-sound-effects","/Pole Position Production - Bumper Cars/Bumper Car - t1 - ONBRD - RANDOM DRIVING - Start Drive Stop x3 - DASHBOARD - Steering Wheel - DPA4061.wav","fair|ride|bumper|car|onboard|random|driving|start|drive|stop|x3|dashboard|steering|wheel|dpa|4061|t1|onbrd|dpa4061wav|bumper cars|pole position production"
"Bumper Car - t4 - EXT - IMPACTS - Start Maneuvers Hit Stop Various - ORTF - MKH8040.wav","Bumper Cars","Pole Position Production","https://sonniss.com/product/bumper-cars-sound-effects","/Pole Position Production - Bumper Cars/Bumper Car - t4 - EXT - IMPACTS - Start Maneuvers Hit Stop Various - ORTF - MKH8040.wav","fair|ride|bumper|car|exterior|impacts|start|maneuvers|hit|stop|various|position|a|ortf|sennheiser|mkh|8040|some|background|music|t4|ext|mkh8040wav|bumper cars|pole position production"
"Bumper Car - t7 - ONBRD - MEDIUM - Drive Various - ONBOARD - Rear - VP88.wav","Bumper Cars","Pole Position Production","https://sonniss.com/product/bumper-cars-sound-effects","/Pole Position Production - Bumper Cars/Bumper Car - t7 - ONBRD - MEDIUM - Drive Various - ONBOARD - Rear - VP88.wav","fair|ride|bumper|car|onboard|medium|drive|various|rear|shure|vp88|t7|onbrd|vp88wav|bumper cars|pole position production"
"Cessna 172 - t1 - EXT - BY - Fly By - ORTF - CMC6.wav","Cessna 172 Skyhawk 1979)","Pole Position Production","https://sonniss.com/product/cessna-172-skyhawk-1979","/Pole Position Production - Cessna 172 Skyhawk 1979)/Cessna 172 - t1 - EXT - BY - Fly By - ORTF - CMC6.wav","plane|cessna|172|exterior|by|fly|by|ortf|schoeps|cmc6|t1|ext|cmc6wav|cessna 172 skyhawk 1979)|pole position production"
"Cessna 172 - t11 - VAR SFX - Fuel Pump - ORTF - MKH8040.wav","Cessna 172 Skyhawk 1979)","Pole Position Production","https://sonniss.com/product/cessna-172-skyhawk-1979","/Pole Position Production - Cessna 172 Skyhawk 1979)/Cessna 172 - t11 - VAR SFX - Fuel Pump - ORTF - MKH8040.wav","plane|cessna|172|various|sfx|fuel|pump|ortf|sennheiser|mkh|8040|t11|var|mkh8040wav|cessna 172 skyhawk 1979)|pole position production"
"Cessna 172 - t3 - EXT - TAKE OFF - Up By Take Off Away - CSS5.wav","Cessna 172 Skyhawk 1979)","Pole Position Production","https://sonniss.com/product/cessna-172-skyhawk-1979","/Pole Position Production - Cessna 172 Skyhawk 1979)/Cessna 172 - t3 - EXT - TAKE OFF - Up By Take Off Away - CSS5.wav","plane|cessna|172|exterior|take|off|up|by|take|off|away|sanken|css5|t3|ext|css5wav|cessna 172 skyhawk 1979)|pole position production"
"Cessna 172 - t7 - EXT - IDLE - Start Idle - M10.wav","Cessna 172 Skyhawk 1979)","Pole Position Production","https://sonniss.com/product/cessna-172-skyhawk-1979","/Pole Position Production - Cessna 172 Skyhawk 1979)/Cessna 172 - t7 - EXT - IDLE - Start Idle - M10.wav","plane|cessna|172|exterior|idle|start|idle|sony|pcmm10|t7|ext|m10wav|cessna 172 skyhawk 1979)|pole position production"
"Cessna 208 - t1 - EXT - BY - Fly By - M10.wav","Cessna 208 Caravan 1995","Pole Position Production","https://sonniss.com/product/cessna-208-caravan-1995","/Pole Position Production - Cessna 208 Caravan 1995/Cessna 208 - t1 - EXT - BY - Fly By - M10.wav","plane|cessna|208|exterior|by|fly|by|sony|pcmm10|t1|ext|m10wav|cessna 208 caravan 1995|pole position production"
"Cessna 208 - t11 - VAR SFX - Fire Detection Alarm - Telinga.wav","Cessna 208 Caravan 1995","Pole Position Production","https://sonniss.com/product/cessna-208-caravan-1995","/Pole Position Production - Cessna 208 Caravan 1995/Cessna 208 - t11 - VAR SFX - Fire Detection Alarm - Telinga.wav","plane|cessna|208|various|sound|fx|fire|detection|alarm|telinga|t11|var|sfx|telingawav|cessna 208 caravan 1995|pole position production"
"Cessna 208 - t5 - EXT - LAND - By - ORTF - CMC6.wav","Cessna 208 Caravan 1995","Pole Position Production","https://sonniss.com/product/cessna-208-caravan-1995","/Pole Position Production - Cessna 208 Caravan 1995/Cessna 208 - t5 - EXT - LAND - By - ORTF - CMC6.wav","plane|cessna|208|exterior|land|by|ortf|schoeps|cmc6|some|movement|t5|ext|cmc6wav|cessna 208 caravan 1995|pole position production"
"Cessna 208 - t8 - EXT - TAXI - Up Off - CSS5.wav","Cessna 208 Caravan 1995","Pole Position Production","https://sonniss.com/product/cessna-208-caravan-1995","/Pole Position Production - Cessna 208 Caravan 1995/Cessna 208 - t8 - EXT - TAXI - Up Off - CSS5.wav","plane|cessna|208|exterior|taxi|up|off|sanken|css5|t8|ext|css5wav|cessna 208 caravan 1995|pole position production"
"Stridsfordon 90 - t1 - EXT - SLOW - Away Up Reverse Stop Away By Up Stop - Wide AB - MKH8060.wav","Combat Vehicle 90","Pole Position Production","https://sonniss.com/product/combat-vehicle-90","/Pole Position Production - Combat Vehicle 90/Stridsfordon 90 - t1 - EXT - SLOW - Away Up Reverse Stop Away By Up Stop - Wide AB - MKH8060.wav","combat|vehicle|stridsfordon|90|exterior|slow|away|up|reverse|stop|by|position|a|wide|ab|sennheiser|mkh|8060|t1|ext|mkh8060wav|combat vehicle 90|pole position production"
"Stridsfordon 90 - t10 - VAR SFX - Fixing Turret 2 - MS - RSM191.wav","Combat Vehicle 90","Pole Position Production","https://sonniss.com/product/combat-vehicle-90","/Pole Position Production - Combat Vehicle 90/Stridsfordon 90 - t10 - VAR SFX - Fixing Turret 2 - MS - RSM191.wav","combat|vehicle|stridsfordon|90|various|sound|fx|fixing|turret|2|ms|neumann|rsm|191|t10|var|sfx|rsm191wav|combat vehicle 90|pole position production"
"Stridsfordon 90 - t3 - EXT - FAST - By - ORTF - EHRM.wav","Combat Vehicle 90","Pole Position Production","https://sonniss.com/product/combat-vehicle-90","/Pole Position Production - Combat Vehicle 90/Stridsfordon 90 - t3 - EXT - FAST - By - ORTF - EHRM.wav","combat|vehicle|stridsfordon|90|exterior|fast|by|turn|point|ortf|ehrlund|ehrm|t3|ext|ehrmwav|combat vehicle 90|pole position production"
"Stridsfordon 90 - t7 - ONBRD - SLOW - Drive Various - ENGINE - Intake - DPA4062.wav","Combat Vehicle 90","Pole Position Production","https://sonniss.com/product/combat-vehicle-90","/Pole Position Production - Combat Vehicle 90/Stridsfordon 90 - t7 - ONBRD - SLOW - Drive Various - ENGINE - Intake - DPA4062.wav","combat|vehicle|stridsfordon|90|onboard|slow|drive|various|engine|intake|dpa|4062|t7|onbrd|dpa4062wav|combat vehicle 90|pole position production"
"Dodge Ram Diesel - t1 - EXT - SLOW - Start Away Up Reverse Stop Away By Up Stop Off - Wide AB - MKH8060.wav","Dodge Ram 2500 1999","Pole Position Production","https://sonniss.com/product/dodge-ram-2500-1999-truck-sound-effects","/Pole Position Production - Dodge Ram 2500 1999/Dodge Ram Diesel - t1 - EXT - SLOW - Start Away Up Reverse Stop Away By Up Stop Off - Wide AB - MKH8060.wav","truck|dodge|ram|diesel|exterior|slow|start|away|up|reverse|stop|by|off|position|a|wide|ab|sennheiser|mkh|8060|t1|ext|mkh8060wav|dodge ram 2500 1999|pole position production"
"Dodge Ram Diesel - t10 - VAR SFX - Turning Indicator - MS Decoded - RSM191.wav","Dodge Ram 2500 1999","Pole Position Production","https://sonniss.com/product/dodge-ram-2500-1999-truck-sound-effects","/Pole Position Production - Dodge Ram 2500 1999/Dodge Ram Diesel - t10 - VAR SFX - Turning Indicator - MS Decoded - RSM191.wav","truck|dodge|ram|diesel|various|sound|fx|turning|indicator|ms|decoded|neumann|rsm|191|t10|var|sfx|rsm191wav|dodge ram 2500 1999|pole position production"
"Dodge Ram Diesel - t6 - ONBRD - STEADY RPMS - Start Drive - ENGINE - Left - MKH8020.wav","Dodge Ram 2500 1999","Pole Position Production","https://sonniss.com/product/dodge-ram-2500-1999-truck-sound-effects","/Pole Position Production - Dodge Ram 2500 1999/Dodge Ram Diesel - t6 - ONBRD - STEADY RPMS - Start Drive - ENGINE - Left - MKH8020.wav","truck|dodge|ram|diesel|onboard|steady|rpms|start|drive|engine|left|sennheiser|mkh|8020|t6|onbrd|mkh8020wav|dodge ram 2500 1999|pole position production"
"Dodge Ram Diesel - t7 - ONBRD - IDLE - Start Steady Blips Off - EXHAUST - Moon Mic.wav","Dodge Ram 2500 1999","Pole Position Production","https://sonniss.com/product/dodge-ram-2500-1999-truck-sound-effects","/Pole Position Production - Dodge Ram 2500 1999/Dodge Ram Diesel - t7 - ONBRD - IDLE - Start Steady Blips Off - EXHAUST - Moon Mic.wav","truck|dodge|ram|diesel|onboard|idle|start|steady|blips|off|exhaust|moon|mic|t7|onbrd|micwav|dodge ram 2500 1999|pole position production"
"Dodge Viper GTS Race Engine - t1 - EXT - SLOW - By - XY - MKH8040.wav","Dodge Viper GTS V10 Race Engine 2014","Pole Position Production","https://sonniss.com/product/dodge-viper-gts-v10-race-engine-2014-car-sound-effects","/Pole Position Production - Dodge Viper GTS V10 Race Engine 2014/Dodge Viper GTS Race Engine - t1 - EXT - SLOW - By - XY - MKH8040.wav","muscle|car|dodge|viper|gts|race|engine|exterior|slow|by|turn|point|xy|sennheiser|mkh|8040|t1|ext|mkh8040wav|dodge viper gts v10 race engine 2014|pole position production"
"Dodge Viper GTS Race Engine - t4 - ONBRD - RAMPS - Drive Stop Off - EXHAUST - Left - DPA4062.wav","Dodge Viper GTS V10 Race Engine 2014","Pole Position Production","https://sonniss.com/product/dodge-viper-gts-v10-race-engine-2014-car-sound-effects","/Pole Position Production - Dodge Viper GTS V10 Race Engine 2014/Dodge Viper GTS Race Engine - t4 - ONBRD - RAMPS - Drive Stop Off - EXHAUST - Left - DPA4062.wav","muscle|car|dodge|viper|gts|race|engine|onboard|ramps|drive|stop|off|exhaust|left|dpa|4062|t4|onbrd|dpa4062wav|dodge viper gts v10 race engine 2014|pole position production"
"Dodge Viper GTS Race Engine - t6 - EXT - MEDIUM - Drive Various - Overhead - CSS5.wav","Dodge Viper GTS V10 Race Engine 2014","Pole Position Production","https://sonniss.com/product/dodge-viper-gts-v10-race-engine-2014-car-sound-effects","/Pole Position Production - Dodge Viper GTS V10 Race Engine 2014/Dodge Viper GTS Race Engine - t6 - EXT - MEDIUM - Drive Various - Overhead - CSS5.wav","muscle|car|dodge|viper|gts|race|engine|exterior|medium|drive|various|position|b|overhead|sanken|css5|t6|ext|css5wav|dodge viper gts v10 race engine 2014|pole position production"
"Dodge Viper GTS Race Engine - t8 - VAR SFX - Horn Various - MS Decoded - RSM191.wav","Dodge Viper GTS V10 Race Engine 2014","Pole Position Production","https://sonniss.com/product/dodge-viper-gts-v10-race-engine-2014-car-sound-effects","/Pole Position Production - Dodge Viper GTS V10 Race Engine 2014/Dodge Viper GTS Race Engine - t8 - VAR SFX - Horn Various - MS Decoded - RSM191.wav","muscle|car|dodge|viper|gts|race|engine|various|sound|fx|horn|various|position|a|ms|decoded|neumann|rsm|191|t8|var|sfx|rsm191wav|dodge viper gts v10 race engine 2014|pole position production"
"Extra 300 - t1 - EXT - LAND - Up Land By - Distant - M10.wav","Extra EA300","Pole Position Production","https://sonniss.com/product/extra-ea300-lt-2012-aircraft-sound-effects","/Pole Position Production - Extra EA300/Extra 300 - t1 - EXT - LAND - Up Land By - Distant - M10.wav","plane|extra|300|exterior|land|up|land|by|distant|sony|pcmm10|t1|ext|m10wav|extra ea300|pole position production"
"Extra 300 - t3 - EXT - TAXI - Up Stop Off - CSS5.wav","Extra EA300","Pole Position Production","https://sonniss.com/product/extra-ea300-lt-2012-aircraft-sound-effects","/Pole Position Production - Extra EA300/Extra 300 - t3 - EXT - TAXI - Up Stop Off - CSS5.wav","plane|extra|300|exterior|taxi|up|stop|off|sanken|css5|t3|ext|css5wav|extra ea300|pole position production"
"Extra 300 - t4 - ONBRD - IDLE - Start Stationary Idle Increase RPMs Off - ENGINE - VP88.wav","Extra EA300","Pole Position Production","https://sonniss.com/product/extra-ea300-lt-2012-aircraft-sound-effects","/Pole Position Production - Extra EA300/Extra 300 - t4 - ONBRD - IDLE - Start Stationary Idle Increase RPMs Off - ENGINE - VP88.wav","plane|extra|300|onboard|idle|start|stationary|idle|increase|rpms|off|engine|shure|vp88|t4|onbrd|vp88wav|extra ea300|pole position production"
"Extra 300 - t7 - VAR SFX - Prop RPM Maneuver Lever - RSM191.wav","Extra EA300","Pole Position Production","https://sonniss.com/product/extra-ea300-lt-2012-aircraft-sound-effects","/Pole Position Production - Extra EA300/Extra 300 - t7 - VAR SFX - Prop RPM Maneuver Lever - RSM191.wav","plane|extra|300|various|sound|fx|prop|rpm|maneuver|lever|neumann|rsm|191|t7|var|sfx|rsm191wav|extra ea300|pole position production"
"Ferrari, Testarossa, t1, Ext, Start, Slow, Away, Up, Reverse, Stop, Away, By, Up, Stop, Off, MS, RSM191.wav","Ferrari Testarossa 1990","Pole Position Production","https://sonniss.com/product/ferrari-testarossa-1990","/Pole Position Production - Ferrari Testarossa 1990/Ferrari, Testarossa, t1, Ext, Start, Slow, Away, Up, Reverse, Stop, Away, By, Up, Stop, Off, MS, RSM191.wav","ferrari|testarossa|exterior|start|slow|away|up|reverse|stop|by|off|ms|neumann|rsm|191|t1|ext|rsm191wav|ferrari testarossa 1990|pole position production"
"Ferrari, Testarossa, t10, Var SFX, Doors, Interior, AMBEO1.wav","Ferrari Testarossa 1990","Pole Position Production","https://sonniss.com/product/ferrari-testarossa-1990","/Pole Position Production - Ferrari Testarossa 1990/Ferrari, Testarossa, t10, Var SFX, Doors, Interior, AMBEO1.wav","ferrari|testarossa|various|sfx|doors|interior|sennheiser|ambeo|1|t10|var|ambeo1wav|ferrari testarossa 1990|pole position production"
"Ferrari, Testarossa, t4, Ext, By, Gearshifts, Wide AB, MKH8060.wav","Ferrari Testarossa 1990","Pole Position Production","https://sonniss.com/product/ferrari-testarossa-1990","/Pole Position Production - Ferrari Testarossa 1990/Ferrari, Testarossa, t4, Ext, By, Gearshifts, Wide AB, MKH8060.wav","ferrari|testarossa|exterior|by|gearshifts|wide|ab|sennheiser|mkh|8060|t4|ext|mkh8060wav|ferrari testarossa 1990|pole position production"
"Ferrari, Testarossa, t6, Onbrd, Start, Drive, Steady RPMs, Engine, Mix.wav","Ferrari Testarossa 1990","Pole Position Production","https://sonniss.com/product/ferrari-testarossa-1990","/Pole Position Production - Ferrari Testarossa 1990/Ferrari, Testarossa, t6, Onbrd, Start, Drive, Steady RPMs, Engine, Mix.wav","ferrari|testarossa|onboard|start|drive|steady|rpms|engine|mix|t6|onbrd|mixwav|ferrari testarossa 1990|pole position production"
"Ford Tractor - t1 - ONBRD - SLOW - Start Drive Stop Reverse Stop Drive Stop Off - ENGINE - Transmission - DPA4061.wav","Ford 7700 - 1979","Pole Position Production","https://sonniss.com/product/ford-77001979-tractor-sound-effects","/Pole Position Production - Ford 7700 - 1979/Ford Tractor - t1 - ONBRD - SLOW - Start Drive Stop Reverse Stop Drive Stop Off - ENGINE - Transmission - DPA4061.wav","tractor|ford|tractor|onboard|slow|start|drive|stop|reverse|off|engine|transmission|dpa|4061|t1|onbrd|dpa4061wav|ford 7700 - 1979|pole position production"
"Ford Tractor - t11 - VAR SFX - Gear Stick - MS - RSM191.wav","Ford 7700 - 1979","Pole Position Production","https://sonniss.com/product/ford-77001979-tractor-sound-effects","/Pole Position Production - Ford 7700 - 1979/Ford Tractor - t11 - VAR SFX - Gear Stick - MS - RSM191.wav","tractor|ford|tractor|various|sound|fx|gear|stick|ms|neumann|rsm|191|t11|var|sfx|rsm191wav|ford 7700 - 1979|pole position production"
"Ford Tractor - t3 - EXT - FAST - Start Away Up Reverse Stop Away By Up Stop Off - MS - RSM191.wav","Ford 7700 - 1979","Pole Position Production","https://sonniss.com/product/ford-77001979-tractor-sound-effects","/Pole Position Production - Ford 7700 - 1979/Ford Tractor - t3 - EXT - FAST - Start Away Up Reverse Stop Away By Up Stop Off - MS - RSM191.wav","tractor|ford|tractor|exterior|fast|start|away|up|reverse|stop|by|off|position|a|ms|neumann|rsm|191|t3|ext|rsm191wav|ford 7700 - 1979|pole position production"
"Ford Tractor - t9 - ONBRD - MEDIUM - Drive Various - ENGINE - Right - MKH8020.wav","Ford 7700 - 1979","Pole Position Production","https://sonniss.com/product/ford-77001979-tractor-sound-effects","/Pole Position Production - Ford 7700 - 1979/Ford Tractor - t9 - ONBRD - MEDIUM - Drive Various - ENGINE - Right - MKH8020.wav","tractor|ford|tractor|onboard|medium|drive|various|engine|right|sennheiser|mkh|8020|t9|onbrd|mkh8020wav|ford 7700 - 1979|pole position production"
"Ford Crown Victoria - t11 - EXT - IDLE - Stall Various - ENGINE - Left - DPA4061.wav","Ford Crown Victoria 2007","Pole Position Production","https://sonniss.com/product/ford-crown-victoria-2007","/Pole Position Production - Ford Crown Victoria 2007/Ford Crown Victoria - t11 - EXT - IDLE - Stall Various - ENGINE - Left - DPA4061.wav","ford|crown|victoria|exterior|idle|stall|various|engine|left|dpa|4061|t11|ext|idle|engine|dpa4061wav|ford crown victoria 2007|pole position production"
"Ford Crown Victoria - t12 - VAR SFX - Horn Various Distant - CSS5.wav","Ford Crown Victoria 2007","Pole Position Production","https://sonniss.com/product/ford-crown-victoria-2007","/Pole Position Production - Ford Crown Victoria 2007/Ford Crown Victoria - t12 - VAR SFX - Horn Various Distant - CSS5.wav","ford|crown|victoria|various|sfx|horn|distant|sanken|css5|t12|var|css5wav|ford crown victoria 2007|pole position production"
"Ford Crown Victoria - t2 - EXT - MEDIUM - Start Away Up Reverse Stop Away By Up Stop Off - MS - RSM191.wav","Ford Crown Victoria 2007","Pole Position Production","https://sonniss.com/product/ford-crown-victoria-2007","/Pole Position Production - Ford Crown Victoria 2007/Ford Crown Victoria - t2 - EXT - MEDIUM - Start Away Up Reverse Stop Away By Up Stop Off - MS - RSM191.wav","ford|crown|victoria|exterior|start|medium|away|up|reverse|stop|by|off|ms|neumann|rsm|191|t2|ext|medium|rsm191wav|ford crown victoria 2007|pole position production"
"Ford Crown Victoria - t6 - ONBRD - STEADY RPMS - Drive - ENGINE - Left - DPA4061.wav","Ford Crown Victoria 2007","Pole Position Production","https://sonniss.com/product/ford-crown-victoria-2007","/Pole Position Production - Ford Crown Victoria 2007/Ford Crown Victoria - t6 - ONBRD - STEADY RPMS - Drive - ENGINE - Left - DPA4061.wav","ford|crown|victoria|onboard|drive|steady|rpms|engine|left|dpa|4061|t6|onbrd|steady|rpms|engine|dpa4061wav|ford crown victoria 2007|pole position production"
"Ford Escort RS1800 MKII - t1 - EXT - MEDIUM - Away Up Reverse Stop Away By Up Stop Off - MS Decoded - RSM191.wav","Ford Escort RS1800 MKII 1977","Pole Position Production","https://sonniss.com/product/ford-escort-rs1800-mkii-1977-race-car-sound-effects","/Pole Position Production - Ford Escort RS1800 MKII 1977/Ford Escort RS1800 MKII - t1 - EXT - MEDIUM - Away Up Reverse Stop Away By Up Stop Off - MS Decoded - RSM191.wav","rally|car|ford|escort|rs1800|mkii|exterior|medium|away|up|reverse|stop|by|off|position|a|ms|decoded|neumann|rsm|191|t1|ext|rsm191wav|ford escort rs1800 mkii 1977|pole position production"
"Ford Escort RS1800 MKII - t5 - ONBRD - IDLE - Steady Blips - ENGINE - Center - MKH8020.wav","Ford Escort RS1800 MKII 1977","Pole Position Production","https://sonniss.com/product/ford-escort-rs1800-mkii-1977-race-car-sound-effects","/Pole Position Production - Ford Escort RS1800 MKII 1977/Ford Escort RS1800 MKII - t5 - ONBRD - IDLE - Steady Blips - ENGINE - Center - MKH8020.wav","rally|car|ford|escort|rs1800|mkii|onboard|idle|steady|blips|engine|center|sennheiser|mkh|8020|t5|onbrd|mkh8020wav|ford escort rs1800 mkii 1977|pole position production"
"Ford Escort RS1800 MKII - t7 - ONBRD - MEDIUM - Drive Various - ENGINE - Left - DPA4061.wav","Ford Escort RS1800 MKII 1977","Pole Position Production","https://sonniss.com/product/ford-escort-rs1800-mkii-1977-race-car-sound-effects","/Pole Position Production - Ford Escort RS1800 MKII 1977/Ford Escort RS1800 MKII - t7 - ONBRD - MEDIUM - Drive Various - ENGINE - Left - DPA4061.wav","rally|car|ford|escort|rs1800|mkii|onboard|medium|drive|various|engine|left|dpa|4061|t7|onbrd|dpa4061wav|ford escort rs1800 mkii 1977|pole position production"
"Ford Escort RS1800 MKII - t8 - VAR SFX - Hand Brake - MS - RSM191.wav","Ford Escort RS1800 MKII 1977","Pole Position Production","https://sonniss.com/product/ford-escort-rs1800-mkii-1977-race-car-sound-effects","/Pole Position Production - Ford Escort RS1800 MKII 1977/Ford Escort RS1800 MKII - t8 - VAR SFX - Hand Brake - MS - RSM191.wav","rally|car|ford|escort|rs1800|mkii|various|sound|fx|hand|brake|ms|neumann|rsm|191|t8|var|sfx|rsm191wav|ford escort rs1800 mkii 1977|pole position production"
"Glock 17 - FIRING - Take 1 - 20m In Front - AB - MKH8020.wav","Glock 17","Pole Position Production","https://sonniss.com/product/glock-17-pistol-sound-effects","/Pole Position Production - Glock 17/Glock 17 - FIRING - Take 1 - 20m In Front - AB - MKH8020.wav","glock|17|firing|take|1|20m|in|front|ab|sennheiser|mkh|8020|mkh8020wav|glock 17|pole position production"
"Glock 17 - FIRING - Take 3 - 100m In Front Off Axis - ORTF - MKH8040.wav","Glock 17","Pole Position Production","https://sonniss.com/product/glock-17-pistol-sound-effects","/Pole Position Production - Glock 17/Glock 17 - FIRING - Take 3 - 100m In Front Off Axis - ORTF - MKH8040.wav","glock|17|firing|take|3|100m|in|front|off|axis|ortf|sennheiser|mkh|8040|mkh8040wav|glock 17|pole position production"
"VW Golf Diesel - t10 - ONBRD - MEDIUM - Drive - ENGINE - Center - MKH8020.wav","Golf Variant TDI 2019","Pole Position Production","https://sonniss.com/product/golf-variant-tdi-2019-car-sound-effects","/Pole Position Production - Golf Variant TDI 2019/VW Golf Diesel - t10 - ONBRD - MEDIUM - Drive - ENGINE - Center - MKH8020.wav","car|vw|golf|diesel|exterior|slow|up|stop|off|start|reverse|away|by|x2|position|b|ortf|sennheiser|mkh|8040|t10|onbrd|medium|drive|engine|center|mkh8020wav|golf variant tdi 2019|pole position production"
"VW Golf Diesel - t11 - VAR SFX - Dial for Temperature and Fan Speed - MS Decoded - RSM191.wav","Golf Variant TDI 2019","Pole Position Production","https://sonniss.com/product/golf-variant-tdi-2019-car-sound-effects","/Pole Position Production - Golf Variant TDI 2019/VW Golf Diesel - t11 - VAR SFX - Dial for Temperature and Fan Speed - MS Decoded - RSM191.wav","car|vw|golf|diesel|exterior|slow|up|stop|off|start|reverse|away|by|x2|position|b|ortf|sennheiser|mkh|8040|t11|var|sfx|dial|for|temperature|and|fan|speed|ms|decoded|rsm191wav|golf variant tdi 2019|pole position production"
"VW Golf Diesel - t2 - ONBRD - MEDIUM - Start Drive Stop Off Reverse Stop Off Drive Horn Stop Off - EXHAUST - Close - DPA4062.wav","Golf Variant TDI 2019","Pole Position Production","https://sonniss.com/product/golf-variant-tdi-2019-car-sound-effects","/Pole Position Production - Golf Variant TDI 2019/VW Golf Diesel - t2 - ONBRD - MEDIUM - Start Drive Stop Off Reverse Stop Off Drive Horn Stop Off - EXHAUST - Close - DPA4062.wav","car|vw|golf|diesel|exterior|slow|up|stop|off|start|reverse|away|by|x2|position|b|ortf|sennheiser|mkh|8040|t2|onbrd|medium|drive|horn|exhaust|close|dpa4062wav|golf variant tdi 2019|pole position production"
"VW Golf Diesel - t4 - EXT - GEARSHIFTS - By - ORTF - CMC6.wav","Golf Variant TDI 2019","Pole Position Production","https://sonniss.com/product/golf-variant-tdi-2019-car-sound-effects","/Pole Position Production - Golf Variant TDI 2019/VW Golf Diesel - t4 - EXT - GEARSHIFTS - By - ORTF - CMC6.wav","car|vw|golf|diesel|exterior|slow|up|stop|off|start|reverse|away|by|x2|position|b|ortf|sennheiser|mkh|8040|t4|ext|gearshifts|cmc6wav|golf variant tdi 2019|pole position production"
"Harley Davidson Softail - t1 - EXT - SLOW - Up Away By x2 - ORTF - MKH8040.wav","Harley Davidson FLSTC Softail Heritage Classic 2002","Pole Position Production","https://sonniss.com/product/harley-davidson-flstc-softail-heritage-classic-2002-sound-effects","/Pole Position Production - Harley Davidson FLSTC Softail Heritage Classic 2002/Harley Davidson Softail - t1 - EXT - SLOW - Up Away By x2 - ORTF - MKH8040.wav","motorcycle|harley|davidson|softail|exterior|slow|up|away|by|x2|position|b|ortf|sennheiser|mkh|8040|t1|ext|mkh8040wav|harley davidson flstc softail heritage classic 2002|pole position production"
"Harley Davidson Softail - t12 - VAR SFX - Gas Tank Lid Cap On and Off - MS Decoded - RSM191.wav","Harley Davidson FLSTC Softail Heritage Classic 2002","Pole Position Production","https://sonniss.com/product/harley-davidson-flstc-softail-heritage-classic-2002-sound-effects","/Pole Position Production - Harley Davidson FLSTC Softail Heritage Classic 2002/Harley Davidson Softail - t12 - VAR SFX - Gas Tank Lid Cap On and Off - MS Decoded - RSM191.wav","motorcycle|harley|davidson|softail|various|sound|fx|gas|tank|lid|cap|on|and|off|ms|decoded|neumann|rsm|191|t12|var|sfx|rsm191wav|harley davidson flstc softail heritage classic 2002|pole position production"
"Harley Davidson Softail - t6 - ONBRD - STEADY RPMS - Start Drive Stop Off - ENGINE - Center - MKH8020.wav","Harley Davidson FLSTC Softail Heritage Classic 2002","Pole Position Production","https://sonniss.com/product/harley-davidson-flstc-softail-heritage-classic-2002-sound-effects","/Pole Position Production - Harley Davidson FLSTC Softail Heritage Classic 2002/Harley Davidson Softail - t6 - ONBRD - STEADY RPMS - Start Drive Stop Off - ENGINE - Center - MKH8020.wav","motorcycle|harley|davidson|softail|onboard|steady|rpms|start|drive|stop|off|engine|center|sennheiser|mkh|8020|t6|onbrd|mkh8020wav|harley davidson flstc softail heritage classic 2002|pole position production"
"Harley Davidson Softail - t9 - ONBRD - MEDIUM - Drive Various - EXHAUST - Back - BETA58.wav","Harley Davidson FLSTC Softail Heritage Classic 2002","Pole Position Production","https://sonniss.com/product/harley-davidson-flstc-softail-heritage-classic-2002-sound-effects","/Pole Position Production - Harley Davidson FLSTC Softail Heritage Classic 2002/Harley Davidson Softail - t9 - ONBRD - MEDIUM - Drive Various - EXHAUST - Back - BETA58.wav","motorcycle|harley|davidson|softail|onboard|medium|drive|various|exhaust|back|shure|beta|58|t9|onbrd|beta58wav|harley davidson flstc softail heritage classic 2002|pole position production"
"Harley Davidson Night Train - t10 - EXT - RAMPS - Start Away By Up Stop - Distant - D100.wav","Harley Davidson Night Train 2004","Pole Position Production","https://sonniss.com/product/harley-davidson-night-train-2004-motorcycle-sound-effects","/Pole Position Production - Harley Davidson Night Train 2004/Harley Davidson Night Train - t10 - EXT - RAMPS - Start Away By Up Stop - Distant - D100.wav","motorcycle|harley|davidson|night|train|exterior|ramps|start|away|by|up|stop|distant|sony|pcmd100|t10|ext|d100wav|harley davidson night train 2004|pole position production"
"Harley Davidson Night Train - t12 - VAR SFX - Stop Button - MS Decoded - RSM191.wav","Harley Davidson Night Train 2004","Pole Position Production","https://sonniss.com/product/harley-davidson-night-train-2004-motorcycle-sound-effects","/Pole Position Production - Harley Davidson Night Train 2004/Harley Davidson Night Train - t12 - VAR SFX - Stop Button - MS Decoded - RSM191.wav","motorcycle|harley|davidson|night|train|various|sfx|stop|button|position|a|ms|decoded|neumann|rsm|191|t12|var|rsm191wav|harley davidson night train 2004|pole position production"
"Harley Davidson Night Train - t3 - EXT - FAST - Start Away Up Turn Away By Up Stop Off - MS Decoded - RSM191.wav","Harley Davidson Night Train 2004","Pole Position Production","https://sonniss.com/product/harley-davidson-night-train-2004-motorcycle-sound-effects","/Pole Position Production - Harley Davidson Night Train 2004/Harley Davidson Night Train - t3 - EXT - FAST - Start Away Up Turn Away By Up Stop Off - MS Decoded - RSM191.wav","motorcycle|harley|davidson|night|train|exterior|fast|start|away|up|turn|by|stop|off|position|a|ms|decoded|neumann|rsm|191|t3|ext|rsm191wav|harley davidson night train 2004|pole position production"
"Harley Davidson Night Train - t7 - ONBRD - IDLE - Start Steady Blips Off - ENGINE - Mix.wav","Harley Davidson Night Train 2004","Pole Position Production","https://sonniss.com/product/harley-davidson-night-train-2004-motorcycle-sound-effects","/Pole Position Production - Harley Davidson Night Train 2004/Harley Davidson Night Train - t7 - ONBRD - IDLE - Start Steady Blips Off - ENGINE - Mix.wav","motorcycle|harley|davidson|night|train|onboard|idle|start|steady|blips|off|engine|mix|t7|onbrd|mixwav|harley davidson night train 2004|pole position production"
"Honda S2000 - t1 - EXT - SLOW - Start Away Up Reverse Stop Away By Up Stop Off - Distant - M10.wav","Honda S2000 2002","Pole Position Production","https://sonniss.com/product/honda-s2000-2002-car-sound-effects","/Pole Position Production - Honda S2000 2002/Honda S2000 - t1 - EXT - SLOW - Start Away Up Reverse Stop Away By Up Stop Off - Distant - M10.wav","sports|car|honda|s2000|exterior|slow|start|away|up|reverse|stop|by|off|position|a|distant|sony|pcmm10|t1|ext|m10wav|honda s2000 2002|pole position production"
"Honda S2000 - t13 - VAR SFX - Seat Belt Strap and Latch Movement - MS Decoded - RSM191.wav","Honda S2000 2002","Pole Position Production","https://sonniss.com/product/honda-s2000-2002-car-sound-effects","/Pole Position Production - Honda S2000 2002/Honda S2000 - t13 - VAR SFX - Seat Belt Strap and Latch Movement - MS Decoded - RSM191.wav","sports|car|honda|s2000|various|sound|fx|seat|belt|strap|and|latch|movement|ms|decoded|neumann|rsm|191|t13|var|sfx|rsm191wav|honda s2000 2002|pole position production"
"Honda S2000 - t6 - ONBRD - STEADY RPMS - Start Drive - ENGINE - Left - DPA4061.wav","Honda S2000 2002","Pole Position Production","https://sonniss.com/product/honda-s2000-2002-car-sound-effects","/Pole Position Production - Honda S2000 2002/Honda S2000 - t6 - ONBRD - STEADY RPMS - Start Drive - ENGINE - Left - DPA4061.wav","sports|car|honda|s2000|onboard|steady|rpms|start|drive|engine|left|dpa|4061|t6|onbrd|dpa4061wav|honda s2000 2002|pole position production"
"Honda S2000 - t8 - EXT - CIRCLING - Up By Away x3 - Wide AB - MKH8060.wav","Honda S2000 2002","Pole Position Production","https://sonniss.com/product/honda-s2000-2002-car-sound-effects","/Pole Position Production - Honda S2000 2002/Honda S2000 - t8 - EXT - CIRCLING - Up By Away x3 - Wide AB - MKH8060.wav","sports|car|honda|s2000|exterior|circling|up|by|away|x3|wide|ab|sennheiser|mkh|8060|t8|ext|mkh8060wav|honda s2000 2002|pole position production"
"Ikv 91 - t1 - EXT - SLOW - Away By Up Stop - MS Decoded - RSM191.wav","IKV91 1980","Pole Position Production","https://sonniss.com/product/ikv91-1980tanks-sound-effects-library","/Pole Position Production - IKV91 1980/Ikv 91 - t1 - EXT - SLOW - Away By Up Stop - MS Decoded - RSM191.wav","tank|ikv|91|exterior|slow|away|by|up|stop|position|a|ms|decoded|neumann|rsm|191|t1|ext|rsm191wav|ikv91 1980|pole position production"
"Ikv 91 - t11 - EXT - FAST - Various - MS Decoded - RSM191.wav","IKV91 1980","Pole Position Production","https://sonniss.com/product/ikv91-1980tanks-sound-effects-library","/Pole Position Production - IKV91 1980/Ikv 91 - t11 - EXT - FAST - Various - MS Decoded - RSM191.wav","tank|ikv|91|exterior|fast|various|position|a|ms|decoded|neumann|rsm|191|t11|ext|rsm191wav|ikv91 1980|pole position production"
"Ikv 91 - t13 - VAR SFX - Ammunition Drop on Wood - MS Decoded - RSM191.wav","IKV91 1980","Pole Position Production","https://sonniss.com/product/ikv91-1980tanks-sound-effects-library","/Pole Position Production - IKV91 1980/Ikv 91 - t13 - VAR SFX - Ammunition Drop on Wood - MS Decoded - RSM191.wav","tank|ikv|91|various|sfx|ammunition|drop|on|wood|ms|decoded|neumann|rsm|191|t13|var|rsm191wav|ikv91 1980|pole position production"
"Ikv 91 - t6 - ONBRD - FAST - Drive Stop Reverse Stop - ENGINE - Mix.wav","IKV91 1980","Pole Position Production","https://sonniss.com/product/ikv91-1980tanks-sound-effects-library","/Pole Position Production - IKV91 1980/Ikv 91 - t6 - ONBRD - FAST - Drive Stop Reverse Stop - ENGINE - Mix.wav","tank|ikv|91|onboard|fast|drive|stop|reverse|engine|mix|t6|onbrd|mixwav|ikv91 1980|pole position production"
"Isuzu Piazza - t1 - EXT - SLOW - Start Away Up Reverse Stop Away By Up Stop Off - Holophone.wav","Isuzu Piazza 1989","Pole Position Production","https://sonniss.com/product/isuzu-piazza-1989-car-sound-effects","/Pole Position Production - Isuzu Piazza 1989/Isuzu Piazza - t1 - EXT - SLOW - Start Away Up Reverse Stop Away By Up Stop Off - Holophone.wav","car|isuzu|piazza|exterior|slow|start|away|up|reverse|stop|by|off|position|a|holophone|t1|ext|holophonewav|isuzu piazza 1989|pole position production"
"Isuzu Piazza - t11 - VAR SFX - Automatic Window - MS Decoded - RSM191.wav","Isuzu Piazza 1989","Pole Position Production","https://sonniss.com/product/isuzu-piazza-1989-car-sound-effects","/Pole Position Production - Isuzu Piazza 1989/Isuzu Piazza - t11 - VAR SFX - Automatic Window - MS Decoded - RSM191.wav","car|isuzu|piazza|various|sound|fx|automatic|window|ms|decoded|neumann|rsm|191|t11|var|sfx|rsm191wav|isuzu piazza 1989|pole position production"
"Isuzu Piazza - t5 - ONBRD - RAMPS - Start Drive Stop Off - ENGINE - Right - PZM.wav","Isuzu Piazza 1989","Pole Position Production","https://sonniss.com/product/isuzu-piazza-1989-car-sound-effects","/Pole Position Production - Isuzu Piazza 1989/Isuzu Piazza - t5 - ONBRD - RAMPS - Start Drive Stop Off - ENGINE - Right - PZM.wav","car|isuzu|piazza|onboard|ramps|start|drive|stop|off|engine|right|crown|pzm|t5|onbrd|pzmwav|isuzu piazza 1989|pole position production"
"Isuzu Piazza - t9 - EXT - MEDIUM - Various - MS Decoded - RSM191.wav","Isuzu Piazza 1989","Pole Position Production","https://sonniss.com/product/isuzu-piazza-1989-car-sound-effects","/Pole Position Production - Isuzu Piazza 1989/Isuzu Piazza - t9 - EXT - MEDIUM - Various - MS Decoded - RSM191.wav","car|isuzu|piazza|exterior|medium|various|position|a|ms|decoded|neumann|rsm|191|t9|ext|rsm191wav|isuzu piazza 1989|pole position production"
"Kia Niro Hybrid - t11 - ONBRD - STEADY RPMS - ELECTRIC - Drive Stop x2 - ENGINE - Mix.wav","Kia Niro Hybrid 2018","Pole Position Production","https://sonniss.com/product/kia-niro-hybrid-2018","/Pole Position Production - Kia Niro Hybrid 2018/Kia Niro Hybrid - t11 - ONBRD - STEADY RPMS - ELECTRIC - Drive Stop x2 - ENGINE - Mix.wav","car|kia|niro|hybrid|onboard|steady|rpms|electric|drive|stop|x2|engine|mix|t11|onbrd|mixwav|kia niro hybrid 2018|pole position production"
"Kia Niro Hybrid - t13 - ONBRD - IDLE - PETROL - Steady Blips - ENGINE - VP88.wav","Kia Niro Hybrid 2018","Pole Position Production","https://sonniss.com/product/kia-niro-hybrid-2018","/Pole Position Production - Kia Niro Hybrid 2018/Kia Niro Hybrid - t13 - ONBRD - IDLE - PETROL - Steady Blips - ENGINE - VP88.wav","car|kia|niro|hybrid|onboard|idle|petrol|steady|blips|engine|shure|vp88|t13|onbrd|vp88wav|kia niro hybrid 2018|pole position production"
"Kia Niro Hybrid - t15 - EXT - ELECTRIC - MEDIUM - Various - ORTF - MKH8040.wav","Kia Niro Hybrid 2018","Pole Position Production","https://sonniss.com/product/kia-niro-hybrid-2018","/Pole Position Production - Kia Niro Hybrid 2018/Kia Niro Hybrid - t15 - EXT - ELECTRIC - MEDIUM - Various - ORTF - MKH8040.wav","car|kia|niro|hybrid|exterior|electric|medium|various|position|b|ortf|sennheiser|mkh|8040|t15|ext|mkh8040wav|kia niro hybrid 2018|pole position production"
"Kia Niro Hybrid - t17 - VAR SFX - Door from the Outside - MS Decoded - RSM191.wav","Kia Niro Hybrid 2018","Pole Position Production","https://sonniss.com/product/kia-niro-hybrid-2018","/Pole Position Production - Kia Niro Hybrid 2018/Kia Niro Hybrid - t17 - VAR SFX - Door from the Outside - MS Decoded - RSM191.wav","car|kia|niro|hybrid|various|sound|fx|door|from|the|outside|position|a|ms|decoded|neumann|rsm|191|t17|var|sfx|rsm191wav|kia niro hybrid 2018|pole position production"
"Mitsubishi, Zero, t1, Onbrd, Fly, Interior, Right, DPA4061.wav","Mitsubishi Zero A6M5 Reisen 1943","Pole Position Production","https://sonniss.com/product/mitsubishi-zero-a6m5-reisen-1943-sound-effects","/Pole Position Production - Mitsubishi Zero A6M5 Reisen 1943/Mitsubishi, Zero, t1, Onbrd, Fly, Interior, Right, DPA4061.wav","mitsubishi|zero|airplane|onboard|fly|interior|right|dpa|4061|t1|onbrd|dpa4061wav|mitsubishi zero a6m5 reisen 1943|pole position production"
"Mitsubishi, Zero, t12, Var SFX, Canopy, MS Decoded, MKH418.wav","Mitsubishi Zero A6M5 Reisen 1943","Pole Position Production","https://sonniss.com/product/mitsubishi-zero-a6m5-reisen-1943-sound-effects","/Pole Position Production - Mitsubishi Zero A6M5 Reisen 1943/Mitsubishi, Zero, t12, Var SFX, Canopy, MS Decoded, MKH418.wav","mitsubishi|zero|airplane|various|sfx|canopy|ms|decoded|sennheiser|mkh|418|t12|var|mkh418wav|mitsubishi zero a6m5 reisen 1943|pole position production"
"Mitsubishi, Zero, t3, Ext, Take Off, By, Holophone.wav","Mitsubishi Zero A6M5 Reisen 1943","Pole Position Production","https://sonniss.com/product/mitsubishi-zero-a6m5-reisen-1943-sound-effects","/Pole Position Production - Mitsubishi Zero A6M5 Reisen 1943/Mitsubishi, Zero, t3, Ext, Take Off, By, Holophone.wav","mitsubishi|zero|airplane|exterior|take|off|by|holophone|t3|ext|holophonewav|mitsubishi zero a6m5 reisen 1943|pole position production"
"Mitsubishi, Zero, t9, Onbrd, Start, Idle, Stationary on Ground, Revs, Off, Exhaust, Right, DPA4062.wav","Mitsubishi Zero A6M5 Reisen 1943","Pole Position Production","https://sonniss.com/product/mitsubishi-zero-a6m5-reisen-1943-sound-effects","/Pole Position Production - Mitsubishi Zero A6M5 Reisen 1943/Mitsubishi, Zero, t9, Onbrd, Start, Idle, Stationary on Ground, Revs, Off, Exhaust, Right, DPA4062.wav","mitsubishi|zero|airplane|onboard|start|idle|stationary|on|ground|revs|off|exhaust|right|dpa|4062|t9|onbrd|dpa4062wav|mitsubishi zero a6m5 reisen 1943|pole position production"
"Nissan R33 Skyline - t1 - EXT - SLOW - Start Away Up Reverse Stop Away - MS Decoded - RSM191.wav","Nissan R33 Skyline 1997","Pole Position Production","https://sonniss.com/product/nissan-r33-skyline-1997-car-sound-effects","/Pole Position Production - Nissan R33 Skyline 1997/Nissan R33 Skyline - t1 - EXT - SLOW - Start Away Up Reverse Stop Away - MS Decoded - RSM191.wav","car|nissan|r33|skyline|exterior|slow|start|away|up|reverse|stop|position|a|ms|decoded|neumann|rsm|191|t1|ext|rsm191wav|nissan r33 skyline 1997|pole position production"
"Nissan R33 Skyline - t11 - ONBRD - IDLE - Start Try Fail - ENGINE - Left - DPA4061.wav","Nissan R33 Skyline 1997","Pole Position Production","https://sonniss.com/product/nissan-r33-skyline-1997-car-sound-effects","/Pole Position Production - Nissan R33 Skyline 1997/Nissan R33 Skyline - t11 - ONBRD - IDLE - Start Try Fail - ENGINE - Left - DPA4061.wav","car|nissan|r33|skyline|onboard|idle|start|try|fail|engine|left|dpa|4061|t11|onbrd|dpa4061wav|nissan r33 skyline 1997|pole position production"
"Nissan R33 Skyline - t12 - VAR SFX - Gear Stick Movement - MS Decoded - RSM191.wav","Nissan R33 Skyline 1997","Pole Position Production","https://sonniss.com/product/nissan-r33-skyline-1997-car-sound-effects","/Pole Position Production - Nissan R33 Skyline 1997/Nissan R33 Skyline - t12 - VAR SFX - Gear Stick Movement - MS Decoded - RSM191.wav","car|nissan|r33|skyline|various|sound|fx|gear|stick|movement|ms|decoded|neumann|rsm|191|t12|var|sfx|rsm191wav|nissan r33 skyline 1997|pole position production"
"Nissan R33 Skyline - t5 - ONBRD - RAMPS - Drive - EXHAUST - Left - RE50.wav","Nissan R33 Skyline 1997","Pole Position Production","https://sonniss.com/product/nissan-r33-skyline-1997-car-sound-effects","/Pole Position Production - Nissan R33 Skyline 1997/Nissan R33 Skyline - t5 - ONBRD - RAMPS - Drive - EXHAUST - Left - RE50.wav","car|nissan|r33|skyline|onboard|ramps|drive|exhaust|left|electrovoice|re50|t5|onbrd|re50wav|nissan r33 skyline 1997|pole position production"
"Patria 6x6 - t12 - ONBRD - Drive Regular Driving Various - INTERIOR - Rear - DPA4061.wav","Patria Pasi XA-202 2003","Pole Position Production","https://sonniss.com/product/patria-pasi-xa-202-2003-apc-sound-effects","/Pole Position Production - Patria Pasi XA-202 2003/Patria 6x6 - t12 - ONBRD - Drive Regular Driving Various - INTERIOR - Rear - DPA4061.wav","apc|patria|6x6|onboard|drive|regular|driving|various|interior|rear|dpa|4061|t12|onbrd|dpa4061wav|patria pasi xa-202 2003|pole position production"
"Patria 6x6 - t16 - VAR SFX - Door Handle Open and Close - Interior POV - INTERIOR - MS Decoded - RSM191.wav","Patria Pasi XA-202 2003","Pole Position Production","https://sonniss.com/product/patria-pasi-xa-202-2003-apc-sound-effects","/Pole Position Production - Patria Pasi XA-202 2003/Patria 6x6 - t16 - VAR SFX - Door Handle Open and Close - Interior POV - INTERIOR - MS Decoded - RSM191.wav","apc|patria|6x6|various|sfx|door|handle|open|and|close|interior|pov|interior|position|a|ms|decoded|neumann|rsm|191|t16|var|rsm191wav|patria pasi xa-202 2003|pole position production"
"Patria 6x6 - t4 - EXT - MEDIUM - Away Reverse Up Stop Away By Up Stop Off - MS Decoded - RSM191.wav","Patria Pasi XA-202 2003","Pole Position Production","https://sonniss.com/product/patria-pasi-xa-202-2003-apc-sound-effects","/Pole Position Production - Patria Pasi XA-202 2003/Patria 6x6 - t4 - EXT - MEDIUM - Away Reverse Up Stop Away By Up Stop Off - MS Decoded - RSM191.wav","apc|patria|6x6|exterior|medium|away|reverse|up|stop|by|off|position|a|ms|decoded|neumann|rsm|191|some|background|plane|t4|ext|rsm191wav|patria pasi xa-202 2003|pole position production"
"Patria 6x6 - t8 - ONBRD - STEADY RPMS - Drive Stop - ENGINE - A DPA4062.wav","Patria Pasi XA-202 2003","Pole Position Production","https://sonniss.com/product/patria-pasi-xa-202-2003-apc-sound-effects","/Pole Position Production - Patria Pasi XA-202 2003/Patria 6x6 - t8 - ONBRD - STEADY RPMS - Drive Stop - ENGINE - A DPA4062.wav","apc|patria|6x6|onboard|steady|rpms|drive|stop|engine|a|dpa|4062|t8|onbrd|rpms|dpa4062wav|patria pasi xa-202 2003|pole position production"
"Polaris Scrambler - t11 - VAR SFX - Ignition Key - MS Decoded - RSM191.wav","Polaris Scrambler 1000XP 2018","Pole Position Production","https://sonniss.com/product/polaris-scrambler-1000xp-2018-atv-sound-effects","/Pole Position Production - Polaris Scrambler 1000XP 2018/Polaris Scrambler - t11 - VAR SFX - Ignition Key - MS Decoded - RSM191.wav","atv|polaris|scrambler|various|sfx|ignition|key|ms|decoded|rsm|191|t11|var|rsm191wav|polaris scrambler 1000xp 2018|pole position production"
"Polaris Scrambler - t4 - ONBRD - GEARSHIFTS - Drive - EXHAUST - Left - DPA4062.wav","Polaris Scrambler 1000XP 2018","Pole Position Production","https://sonniss.com/product/polaris-scrambler-1000xp-2018-atv-sound-effects","/Pole Position Production - Polaris Scrambler 1000XP 2018/Polaris Scrambler - t4 - ONBRD - GEARSHIFTS - Drive - EXHAUST - Left - DPA4062.wav","atv|polaris|scrambler|onboard|gearshifts|drive|exhaust|left|dpa|4062|t4|onbrd|dpa4062wav|polaris scrambler 1000xp 2018|pole position production"
"Polaris Scrambler - t5 - ONBRD - RAMPS - Drive Stop Off - ENGINE - Left - PZM.wav","Polaris Scrambler 1000XP 2018","Pole Position Production","https://sonniss.com/product/polaris-scrambler-1000xp-2018-atv-sound-effects","/Pole Position Production - Polaris Scrambler 1000XP 2018/Polaris Scrambler - t5 - ONBRD - RAMPS - Drive Stop Off - ENGINE - Left - PZM.wav","atv|polaris|scrambler|onboard|ramps|drive|stop|off|engine|left|crown|pzm|t5|onbrd|pzmwav|polaris scrambler 1000xp 2018|pole position production"
"Polaris Scrambler - t6 - EXT - STEADY RPMS - Start Away By - ORTF - CMC6.wav","Polaris Scrambler 1000XP 2018","Pole Position Production","https://sonniss.com/product/polaris-scrambler-1000xp-2018-atv-sound-effects","/Pole Position Production - Polaris Scrambler 1000XP 2018/Polaris Scrambler - t6 - EXT - STEADY RPMS - Start Away By - ORTF - CMC6.wav","atv|polaris|scrambler|exterior|steady|rpms|start|away|by|position|a|ortf|schoeps|cmc6|t6|ext|cmc6wav|polaris scrambler 1000xp 2018|pole position production"
"Polaris Sportsman XP1000 - t10 - VAR SFX - Gear Selector - MS Decoded - RSM191.wav","Polaris Sportsman XP 1000 2019","Pole Position Production","https://sonniss.com/product/polaris-sportsman-xp-1000-2019","/Pole Position Production - Polaris Sportsman XP 1000 2019/Polaris Sportsman XP1000 - t10 - VAR SFX - Gear Selector - MS Decoded - RSM191.wav","polaris|sportsman|xp1000|various|sfx|gear|selector|ms|decoded|neumann|rsm|191|t10|var|rsm191wav|polaris sportsman xp 1000 2019|pole position production"
"Polaris Sportsman XP1000 - t3 - EXT - FAST - Start Away Up Reverse Stop Away By Horn Up Stop Off - Wide AB - MKH8060.wav","Polaris Sportsman XP 1000 2019","Pole Position Production","https://sonniss.com/product/polaris-sportsman-xp-1000-2019","/Pole Position Production - Polaris Sportsman XP 1000 2019/Polaris Sportsman XP1000 - t3 - EXT - FAST - Start Away Up Reverse Stop Away By Horn Up Stop Off - Wide AB - MKH8060.wav","polaris|sportsman|xp1000|exterior|start|fast|away|up|reverse|stop|by|horn|off|wide|ab|sennheiser|mkh|8060|t3|ext|fast|mkh8060wav|polaris sportsman xp 1000 2019|pole position production"
"Polaris Sportsman XP1000 - t5 - ONBRD - RAMPS - Drive - Stop Off - ENGINE - MKH8020.wav","Polaris Sportsman XP 1000 2019","Pole Position Production","https://sonniss.com/product/polaris-sportsman-xp-1000-2019","/Pole Position Production - Polaris Sportsman XP 1000 2019/Polaris Sportsman XP1000 - t5 - ONBRD - RAMPS - Drive - Stop Off - ENGINE - MKH8020.wav","polaris|sportsman|xp1000|onboard|drive|ramps|stop|off|engine|sennheiser|mkh|8020|t5|onbrd|ramps|engine|mkh8020wav|polaris sportsman xp 1000 2019|pole position production"
"Polaris Sportsman XP1000 - t5 - ONBRD - RAMPS - Drive - Stop Off - EXHAUST - DPA4062.wav","Polaris Sportsman XP 1000 2019","Pole Position Production","https://sonniss.com/product/polaris-sportsman-xp-1000-2019","/Pole Position Production - Polaris Sportsman XP 1000 2019/Polaris Sportsman XP1000 - t5 - ONBRD - RAMPS - Drive - Stop Off - EXHAUST - DPA4062.wav","polaris|sportsman|xp1000|onboard|drive|ramps|stop|off|exhaust|dpa|4062|t5|onbrd|ramps|exhaust|dpa4062wav|polaris sportsman xp 1000 2019|pole position production"
"Robinson, R44, t11, Ext, Lift Off, Climb, Land, Behind, ORTF, CMC6.wav","Robinson R44 Raven II 2004","Pole Position Production","https://sonniss.com/product/robinson-r44-raven-ii-2004","/Pole Position Production - Robinson R44 Raven II 2004/Robinson, R44, t11, Ext, Lift Off, Climb, Land, Behind, ORTF, CMC6.wav","robinson|r44|helicopter|exterior|lift|off|climb|land|behind|ortf|schoeps|cmc6|t11|ext|cmc6wav|robinson r44 raven ii 2004|pole position production"
"Robinson, R44, t13, Var SFX, Master Battery Button, CMC6.wav","Robinson R44 Raven II 2004","Pole Position Production","https://sonniss.com/product/robinson-r44-raven-ii-2005","/Pole Position Production - Robinson R44 Raven II 2004/Robinson, R44, t13, Var SFX, Master Battery Button, CMC6.wav","robinson|r44|helicopter|various|sfx|master|battery|button|schoeps|cmc6|t13|var|cmc6wav|robinson r44 raven ii 2004|pole position production"
"Robinson, R44, t3, Onbrd, Take Off, Fly, Engine, Right, DPA4062.wav","Robinson R44 Raven II 2004","Pole Position Production","https://sonniss.com/product/robinson-r44-raven-ii-2006","/Pole Position Production - Robinson R44 Raven II 2004/Robinson, R44, t3, Onbrd, Take Off, Fly, Engine, Right, DPA4062.wav","robinson|r44|helicopter|onboard|take|off|fly|engine|right|dpa|4062|t3|onbrd|dpa4062wav|robinson r44 raven ii 2004|pole position production"
"Robinson, R44, t5, Onbrd, Start, Idle, Exhaust, DPA4062.wav","Robinson R44 Raven II 2004","Pole Position Production","https://sonniss.com/product/robinson-r44-raven-ii-2007","/Pole Position Production - Robinson R44 Raven II 2004/Robinson, R44, t5, Onbrd, Start, Idle, Exhaust, DPA4062.wav","robinson|r44|helicopter|onboard|start|idle|exhaust|dpa|4062|t5|onbrd|dpa4062wav|robinson r44 raven ii 2004|pole position production"
"Scania 143 - t1 - ONBRD - SLOW - Start Drive Stop Reverse Drive Stop Off - ENGINE - Gearbox - DPA4061.wav","Scania R143HL 1990","Pole Position Production","https://sonniss.com/product/scania-r143hl-1990-truck-sound-effects","/Pole Position Production - Scania R143HL 1990/Scania 143 - t1 - ONBRD - SLOW - Start Drive Stop Reverse Drive Stop Off - ENGINE - Gearbox - DPA4061.wav","truck|scania|143|onboard|slow|start|drive|stop|reverse|off|engine|gearbox|dpa|4061|t1|onbrd|dpa4061wav|scania r143hl 1990|pole position production"
"Scania 143 - t11 - VAR SFX - Door Open and Close from Inside - MS Decoded - RSM191.wav","Scania R143HL 1990","Pole Position Production","https://sonniss.com/product/scania-r143hl-1990-truck-sound-effects","/Pole Position Production - Scania R143HL 1990/Scania 143 - t11 - VAR SFX - Door Open and Close from Inside - MS Decoded - RSM191.wav","truck|scania|143|various|sfx|door|open|and|close|from|inside|ms|decoded|neumann|rsm|191|t11|var|rsm191wav|scania r143hl 1990|pole position production"
"Scania 143 - t5 - EXT - GEARSHIFTS - By Up Stop Off - Distant - Telinga.wav","Scania R143HL 1990","Pole Position Production","https://sonniss.com/product/scania-r143hl-1990-truck-sound-effects","/Pole Position Production - Scania R143HL 1990/Scania 143 - t5 - EXT - GEARSHIFTS - By Up Stop Off - Distant - Telinga.wav","truck|scania|143|exterior|gearshifts|by|up|stop|off|position|a|distant|telinga|t5|ext|telingawav|scania r143hl 1990|pole position production"
"Scania 143 - t9 - ONBRD - SLOW - Drive Various - INTERIOR - Tool Box - DPA4061.wav","Scania R143HL 1990","Pole Position Production","https://sonniss.com/product/scania-r143hl-1990-truck-sound-effects","/Pole Position Production - Scania R143HL 1990/Scania 143 - t9 - ONBRD - SLOW - Drive Various - INTERIOR - Tool Box - DPA4061.wav","truck|scania|143|onboard|slow|drive|various|interior|tool|box|dpa|4061|t9|onbrd|dpa4061wav|scania r143hl 1990|pole position production"
"Skoda Fabia R5 - t1 - ONBRD - FAST - Start Drive Stop Reverse Stop Drive Stop - EXHAUST - RE50.wav","Skoda Fabia R5 WRC2 Rally Car 2020","Pole Position Production","https://sonniss.com/product/skoda-fabia-r5-wrc2-rally-car-sound-effects","/Pole Position Production - Skoda Fabia R5 WRC2 Rally Car 2020/Skoda Fabia R5 - t1 - ONBRD - FAST - Start Drive Stop Reverse Stop Drive Stop - EXHAUST - RE50.wav","rally|car|skoda|fabia|r5|onboard|fast|start|drive|stop|reverse|exhaust|electrovoice|re50|t1|onbrd|re50wav|skoda fabia r5 wrc2 rally car 2020|pole position production"
"Skoda Fabia R5 - t3 - EXT - STEADY RPMS - By - ORTF - MKH8040-1.wav","Skoda Fabia R5 WRC2 Rally Car 2020","Pole Position Production","https://sonniss.com/product/skoda-fabia-r5-wrc2-rally-car-sound-effects","/Pole Position Production - Skoda Fabia R5 WRC2 Rally Car 2020/Skoda Fabia R5 - t3 - EXT - STEADY RPMS - By - ORTF - MKH8040-1.wav","rally|car|skoda|fabia|r5|exterior|steady|rpms|by|turn|point|ortf|sennheiser|mkh|8040|t3|ext|mkh80401wav|skoda fabia r5 wrc2 rally car 2020|pole position production"
"Skoda Fabia R5 - t6 - ONBRD - IDLE - Various - ENGINE - Left - DPA4061.wav","Skoda Fabia R5 WRC2 Rally Car 2020","Pole Position Production","https://sonniss.com/product/skoda-fabia-r5-wrc2-rally-car-sound-effects","/Pole Position Production - Skoda Fabia R5 WRC2 Rally Car 2020/Skoda Fabia R5 - t6 - ONBRD - IDLE - Various - ENGINE - Left - DPA4061.wav","rally|car|skoda|fabia|r5|onboard|idle|various|engine|left|dpa|4061|t6|onbrd|dpa4061wav|skoda fabia r5 wrc2 rally car 2020|pole position production"
"Skoda Fabia R5 - t8 - VAR SFX - Gas Pedal - MS Decoded - RSM191.wav","Skoda Fabia R5 WRC2 Rally Car 2020","Pole Position Production","https://sonniss.com/product/skoda-fabia-r5-wrc2-rally-car-sound-effects","/Pole Position Production - Skoda Fabia R5 WRC2 Rally Car 2020/Skoda Fabia R5 - t8 - VAR SFX - Gas Pedal - MS Decoded - RSM191.wav","rally|car|skoda|fabia|r5|various|sound|fx|gas|pedal|ms|decoded|neumann|rsm|191|t8|var|sfx|rsm191wav|skoda fabia r5 wrc2 rally car 2020|pole position production"
"Strv 121 - t1 - EXT - SLOW - Away Reverse By - MS - RSM191.wav","Strv 121 - Leopard 2A4 1989","Pole Position Production","https://sonniss.com/product/strv-121-leopard-2a4-1989","/Pole Position Production - Strv 121 - Leopard 2A4 1989/Strv 121 - t1 - EXT - SLOW - Away Reverse By - MS - RSM191.wav","tank|strv|121|exterior|slow|away|reverse|by|position|a|ms|neumann|rsm|191|t1|ext|rsm191wav|strv 121 - leopard 2a4 1989|pole position production"
"Strv 121 - t11 - VAR SFX - Mock Driving - MS Decoded - RSM191.wav","Strv 121 - Leopard 2A4 1989","Pole Position Production","https://sonniss.com/product/strv-121-leopard-2a4-1989","/Pole Position Production - Strv 121 - Leopard 2A4 1989/Strv 121 - t11 - VAR SFX - Mock Driving - MS Decoded - RSM191.wav","tank|strv|121|various|sfx|mock|driving|ms|decoded|neumann|rsm|191|t11|var|rsm191wav|strv 121 - leopard 2a4 1989|pole position production"
"Strv 121 - t4 - EXT - RAMPS - Away By Up Stop - Wide AB - MKH8060.wav","Strv 121 - Leopard 2A4 1989","Pole Position Production","https://sonniss.com/product/strv-121-leopard-2a4-1989","/Pole Position Production - Strv 121 - Leopard 2A4 1989/Strv 121 - t4 - EXT - RAMPS - Away By Up Stop - Wide AB - MKH8060.wav","tank|strv|121|exterior|ramps|away|by|up|stop|position|a|wide|ab|sennheiser|mkh|8060|t4|ext|mkh8060wav|strv 121 - leopard 2a4 1989|pole position production"
"Strv 121 - t9 - ONBRD - FAST - Drive Various - EXHAUST - Center - DPA4062.wav","Strv 121 - Leopard 2A4 1989","Pole Position Production","https://sonniss.com/product/strv-121-leopard-2a4-1989","/Pole Position Production - Strv 121 - Leopard 2A4 1989/Strv 121 - t9 - ONBRD - FAST - Drive Various - EXHAUST - Center - DPA4062.wav","tank|strv|121|onboard|fast|drive|various|exhaust|center|dpa|4062|t9|onbrd|dpa4062wav|strv 121 - leopard 2a4 1989|pole position production"
"Suzuki DRZ400 - t1 - EXT - SLOW - Start Away Up Turn Away By Up Stop Off - Wide AB - MKH8060.wav","Suzuki DRZ-400 2009","Pole Position Production","https://sonniss.com/product/suzuki-drz-400-2009","/Pole Position Production - Suzuki DRZ-400 2009/Suzuki DRZ400 - t1 - EXT - SLOW - Start Away Up Turn Away By Up Stop Off - Wide AB - MKH8060.wav","suzuki|drz400|exterior|slow|start|away|up|turn|by|stop|off|position|a|wide|ab|sennheiser|mkh|8060|t1|ext|mkh8060wav|suzuki drz-400 2009|pole position production"
"Suzuki DRZ400 - t11 - VAR SFX - Clutch - MS Decoded - RSM191.wav","Suzuki DRZ-400 2009","Pole Position Production","https://sonniss.com/product/suzuki-drz-400-2009","/Pole Position Production - Suzuki DRZ-400 2009/Suzuki DRZ400 - t11 - VAR SFX - Clutch - MS Decoded - RSM191.wav","suzuki|drz400|various|sfx|clutch|ms|decoded|neumann|rsm|191|t11|var|rsm191wav|suzuki drz-400 2009|pole position production"
"Suzuki DRZ400 - t4 - ONBRD - GEARSHIFTS - Drive - EXHAUST - RE50.wav","Suzuki DRZ-400 2009","Pole Position Production","https://sonniss.com/product/suzuki-drz-400-2009","/Pole Position Production - Suzuki DRZ-400 2009/Suzuki DRZ400 - t4 - ONBRD - GEARSHIFTS - Drive - EXHAUST - RE50.wav","suzuki|drz400|onboard|gearshifts|drive|exhaust|electrovoice|re50|t4|onbrd|re50wav|suzuki drz-400 2009|pole position production"
"Suzuki DRZ400 - t8 - EXT - SLOW - Various - ORTF - MKH8040.wav","Suzuki DRZ-400 2009","Pole Position Production","https://sonniss.com/product/suzuki-drz-400-2009","/Pole Position Production - Suzuki DRZ-400 2009/Suzuki DRZ400 - t8 - EXT - SLOW - Various - ORTF - MKH8040.wav","suzuki|drz400|exterior|slow|various|position|b|ortf|sennheiser|mkh|8040|t8|ext|mkh8040wav|suzuki drz-400 2009|pole position production"
"Suzuki 750AXI - t1 - ONBRD - SLOW - Start Drive Stop Reverse Stop Drive Stop Off - ENGINE - MKH8020.wav","Suzuki KingQuad 750AXI 2017","Pole Position Production","https://sonniss.com/product/suzuki-kingquad-750axi-2017","/Pole Position Production - Suzuki KingQuad 750AXI 2017/Suzuki 750AXI - t1 - ONBRD - SLOW - Start Drive Stop Reverse Stop Drive Stop Off - ENGINE - MKH8020.wav","suzuki|750axi|onboard|slow|start|drive|stop|reverse|off|engine|sennheiser|mkh|8020|t1|onbrd|mkh8020wav|suzuki kingquad 750axi 2017|pole position production"
"Suzuki 750AXI - t11 - VAR SFX - Throttle - MS Decoded - RSM191.wav","Suzuki KingQuad 750AXI 2017","Pole Position Production","https://sonniss.com/product/suzuki-kingquad-750axi-2017","/Pole Position Production - Suzuki KingQuad 750AXI 2017/Suzuki 750AXI - t11 - VAR SFX - Throttle - MS Decoded - RSM191.wav","suzuki|750axi|various|sfx|throttle|ms|decoded|neumann|rsm|191|t11|var|rsm191wav|suzuki kingquad 750axi 2017|pole position production"
"Suzuki 750AXI - t5 - ONBRD - RAMPS - Drive Stop Off - ONBOARD - Helmet - MSTFB2.wav","Suzuki KingQuad 750AXI 2017","Pole Position Production","https://sonniss.com/product/suzuki-kingquad-750axi-2017","/Pole Position Production - Suzuki KingQuad 750AXI 2017/Suzuki 750AXI - t5 - ONBRD - RAMPS - Drive Stop Off - ONBOARD - Helmet - MSTFB2.wav","suzuki|750axi|onboard|ramps|drive|stop|off|helmet|sound|professionals|mstfb2|t5|onbrd|mstfb2wav|suzuki kingquad 750axi 2017|pole position production"
"Suzuki 750AXI - t8 - EXT - SLOW - Various - ORTF - MKH8040.wav","Suzuki KingQuad 750AXI 2017","Pole Position Production","https://sonniss.com/product/suzuki-kingquad-750axi-2017","/Pole Position Production - Suzuki KingQuad 750AXI 2017/Suzuki 750AXI - t8 - EXT - SLOW - Various - ORTF - MKH8040.wav","suzuki|750axi|exterior|slow|various|position|b|ortf|sennheiser|mkh|8040|t8|ext|mkh8040wav|suzuki kingquad 750axi 2017|pole position production"
"Suzuki, RMZ450, t11, Ext, Start, Slow, Away, By, x2, Stop, Off, MS Decoded, RSM191.wav","Suzuki RM-Z450 2018","Pole Position Production","https://sonniss.com/product/suzuki-rm-z450-2018","/Pole Position Production - Suzuki RM-Z450 2018/Suzuki, RMZ450, t11, Ext, Start, Slow, Away, By, x2, Stop, Off, MS Decoded, RSM191.wav","suzuki|rmz450|motorbike|exterior|start|slow|away|by|x2|stop|off|ms|decoded|neumann|rsm|191|t11|ext|rsm191wav|suzuki rm-z450 2018|pole position production"
"Suzuki, RMZ450, t18, Onbrd, Slow, Drive, Various, Exhaust, DPA4062.wav","Suzuki RM-Z450 2018","Pole Position Production","https://sonniss.com/product/suzuki-rm-z450-2018","/Pole Position Production - Suzuki RM-Z450 2018/Suzuki, RMZ450, t18, Onbrd, Slow, Drive, Various, Exhaust, DPA4062.wav","suzuki|rmz450|motorbike|onboard|slow|drive|various|exhaust|dpa|4062|t18|onbrd|dpa4062wav|suzuki rm-z450 2018|pole position production"
"Suzuki, RMZ450, t20, Ext, Idle, Various, ORTF, CMC6.wav","Suzuki RM-Z450 2018","Pole Position Production","https://sonniss.com/product/suzuki-rm-z450-2018","/Pole Position Production - Suzuki RM-Z450 2018/Suzuki, RMZ450, t20, Ext, Idle, Various, ORTF, CMC6.wav","suzuki|rmz450|motorbike|exterior|idle|various|turn|point|ortf|schoeps|cmc6|t20|ext|cmc6wav|suzuki rm-z450 2018|pole position production"
"Suzuki, RMZ450, t4, Onbrd, Drive, Gearshifts, Engine, Intake, DPA4062.wav","Suzuki RM-Z450 2018","Pole Position Production","https://sonniss.com/product/suzuki-rm-z450-2018","/Pole Position Production - Suzuki RM-Z450 2018/Suzuki, RMZ450, t4, Onbrd, Drive, Gearshifts, Engine, Intake, DPA4062.wav","suzuki|rmz450|motorbike|onboard|drive|gearshifts|engine|intake|dpa|4062|t4|onbrd|dpa4062wav|suzuki rm-z450 2018|pole position production"
"Pvrbbv 551 - t1 - ONBRD - SLOW - Drive Stop Reverse Stop Drive Stop - ENGINE - Intake - DPA4062.wav","Tank Destroyer PvRbBv 551 1984","Pole Position Production","https://sonniss.com/product/tank-destroyer-pvrbbv-551-1984","/Pole Position Production - Tank Destroyer PvRbBv 551 1984/Pvrbbv 551 - t1 - ONBRD - SLOW - Drive Stop Reverse Stop Drive Stop - ENGINE - Intake - DPA4062.wav","tank|pvrbbv|551|onboard|slow|drive|stop|reverse|engine|intake|dpa|4062|t1|onbrd|dpa4062wav|tank destroyer pvrbbv 551 1984|pole position production"
"Pvrbbv 551 - t10 - VAR SFX - Combat Hatch Open Shut - ENGINE - VP88.wav","Tank Destroyer PvRbBv 551 1984","Pole Position Production","https://sonniss.com/product/tank-destroyer-pvrbbv-551-1984","/Pole Position Production - Tank Destroyer PvRbBv 551 1984/Pvrbbv 551 - t10 - VAR SFX - Combat Hatch Open Shut - ENGINE - VP88.wav","tank|pvrbbv|551|various|sfx|combat|hatch|open|shut|engine|shure|vp88|t10|var|vp88wav|tank destroyer pvrbbv 551 1984|pole position production"
"Pvrbbv 551 - t4 - EXT - RAMPS - Away By - MS Decoded - RSM191.wav","Tank Destroyer PvRbBv 551 1984","Pole Position Production","https://sonniss.com/product/tank-destroyer-pvrbbv-551-1984","/Pole Position Production - Tank Destroyer PvRbBv 551 1984/Pvrbbv 551 - t4 - EXT - RAMPS - Away By - MS Decoded - RSM191.wav","tank|pvrbbv|551|exterior|ramps|away|by|position|a|ms|decoded|neumann|rsm|191|t4|ext|rsm191wav|tank destroyer pvrbbv 551 1984|pole position production"
"Pvrbbv 551 - t6 - ONBRD - IDLE - Start Blips Off - ENGINE - Mix.wav","Tank Destroyer PvRbBv 551 1984","Pole Position Production","https://sonniss.com/product/tank-destroyer-pvrbbv-551-1984","/Pole Position Production - Tank Destroyer PvRbBv 551 1984/Pvrbbv 551 - t6 - ONBRD - IDLE - Start Blips Off - ENGINE - Mix.wav","tank|pvrbbv|551|onboard|idle|start|blips|off|engine|mix|t6|onbrd|mixwav|tank destroyer pvrbbv 551 1984|pole position production"
"Textron Alterra 500 - t2 - EXT - MEDIUM - Start Away Up Reverse Stop Away By Up Stop Off - Distant - LS-12.wav","Textron Alterra 500 2017","Pole Position Production","https://sonniss.com/product/textron-alterra-500-2017-atv-sound-effects-library","/Pole Position Production - Textron Alterra 500 2017/Textron Alterra 500 - t2 - EXT - MEDIUM - Start Away Up Reverse Stop Away By Up Stop Off - Distant - LS-12.wav","atv|textron|alterra|500|exterior|medium|start|away|up|reverse|stop|by|off|position|a|distant|olympus|ls12|t2|ext|ls12wav|textron alterra 500 2017|pole position production"
"Textron Alterra 500 - t3 - ONBRD - FAST - Start Drive Stop Reverse Stop Drive Off - ENGINE - Intake - DPA4062.wav","Textron Alterra 500 2017","Pole Position Production","https://sonniss.com/product/textron-alterra-500-2017-atv-sound-effects-library","/Pole Position Production - Textron Alterra 500 2017/Textron Alterra 500 - t3 - ONBRD - FAST - Start Drive Stop Reverse Stop Drive Off - ENGINE - Intake - DPA4062.wav","atv|textron|alterra|500|onboard|fast|start|drive|stop|reverse|off|engine|intake|dpa|4062|t3|onbrd|dpa4062wav|textron alterra 500 2017|pole position production"
"Textron Alterra 500 - t6 - ONBRD - IDLE - Start Steady Blips Off - EXHAUST - BETA58.wav","Textron Alterra 500 2017","Pole Position Production","https://sonniss.com/product/textron-alterra-500-2017-atv-sound-effects-library","/Pole Position Production - Textron Alterra 500 2017/Textron Alterra 500 - t6 - ONBRD - IDLE - Start Steady Blips Off - EXHAUST - BETA58.wav","atv|textron|alterra|500|onboard|idle|start|steady|blips|off|exhaust|shure|beta|58|t6|onbrd|beta58wav|textron alterra 500 2017|pole position production"
"Textron Alterra 500 - t8 - VAR SFX - Light Switch - MKH8060.wav","Textron Alterra 500 2017","Pole Position Production","https://sonniss.com/product/textron-alterra-500-2017-atv-sound-effects-library","/Pole Position Production - Textron Alterra 500 2017/Textron Alterra 500 - t8 - VAR SFX - Light Switch - MKH8060.wav","atv|textron|alterra|500|various|sfx|light|switch|sennheiser|mkh|8060|t8|var|mkh8060wav|textron alterra 500 2017|pole position production"
"Textron Alterra MudPro 700 - t11 - VAR SFX - 4 Wheel Engage and Off - MS Decoded - RSM191.wav","Textron Alterra MudPro 700 2018","Pole Position Production","https://sonniss.com/product/textron-alterra-mudpro-700-2018","/Pole Position Production - Textron Alterra MudPro 700 2018/Textron Alterra MudPro 700 - t11 - VAR SFX - 4 Wheel Engage and Off - MS Decoded - RSM191.wav","atv|textron|alterra|mudpro|700|various|sound|fx|4|wheel|engage|and|off|ms|decoded|neumann|rsm|191|t11|var|sfx|rsm191wav|textron alterra mudpro 700 2018|pole position production"
"Textron Alterra MudPro 700 - t3 - EXT - FAST - Up Stop Reverse Away By x2 - ORTF - MKH8040.wav","Textron Alterra MudPro 700 2018","Pole Position Production","https://sonniss.com/product/textron-alterra-mudpro-700-2018","/Pole Position Production - Textron Alterra MudPro 700 2018/Textron Alterra MudPro 700 - t3 - EXT - FAST - Up Stop Reverse Away By x2 - ORTF - MKH8040.wav","atv|textron|alterra|mudpro|700|exterior|fast|up|stop|reverse|away|by|x2|position|b|ortf|sennheiser|mkh|8040|t3|ext|mkh8040wav|textron alterra mudpro 700 2018|pole position production"
"Textron Alterra MudPro 700 - t3 - ONBRD - FAST - Start Drive Stop Reverse Stop Drive Stop Off - ENGINE - Steering - MKH8020.wav","Textron Alterra MudPro 700 2018","Pole Position Production","https://sonniss.com/product/textron-alterra-mudpro-700-2018","/Pole Position Production - Textron Alterra MudPro 700 2018/Textron Alterra MudPro 700 - t3 - ONBRD - FAST - Start Drive Stop Reverse Stop Drive Stop Off - ENGINE - Steering - MKH8020.wav","atv|textron|alterra|mudpro|700|onboard|fast|start|drive|stop|reverse|off|engine|steering|sennheiser|mkh|8020|t3|onbrd|mkh8020wav|textron alterra mudpro 700 2018|pole position production"
"Textron Alterra MudPro 700 - t6 - ONBRD - STEADY RPMs - Start Drive - ENGINE - Right - DPA4061.wav","Textron Alterra MudPro 700 2018","Pole Position Production","https://sonniss.com/product/textron-alterra-mudpro-700-2018","/Pole Position Production - Textron Alterra MudPro 700 2018/Textron Alterra MudPro 700 - t6 - ONBRD - STEADY RPMs - Start Drive - ENGINE - Right - DPA4061.wav","atv|textron|alterra|mudpro|700|onboard|steady|rpms|start|drive|engine|right|dpa|4061|t6|onbrd|dpa4061wav|textron alterra mudpro 700 2018|pole position production"
"Textron Wildcat Sport - t12 - VAR SFX - Engage 4 Wheel Drive 2 - MKH8060.wav","Textron Wildcat Sport 2018","Pole Position Production","https://sonniss.com/product/textron-wildcat-sport-2018","/Pole Position Production - Textron Wildcat Sport 2018/Textron Wildcat Sport - t12 - VAR SFX - Engage 4 Wheel Drive 2 - MKH8060.wav","atv|textron|wildcat|sport|various|sound|fx|engage|4|wheel|drive|2|sennheiser|mkh|8060|t12|var|sfx|mkh8060wav|textron wildcat sport 2018|pole position production"
"Textron Wildcat Sport - t2 - ONBRD - MEDIUM - Start Drive Stop Reverse Stop Drive Stop Off - ENGINE - VP88.wav","Textron Wildcat Sport 2018","Pole Position Production","https://sonniss.com/product/textron-wildcat-sport-2018","/Pole Position Production - Textron Wildcat Sport 2018/Textron Wildcat Sport - t2 - ONBRD - MEDIUM - Start Drive Stop Reverse Stop Drive Stop Off - ENGINE - VP88.wav","atv|textron|wildcat|sport|onboard|medium|start|drive|stop|reverse|off|engine|shure|vp88|t2|onbrd|vp88wav|textron wildcat sport 2018|pole position production"
"Textron Wildcat Sport - t3 - EXT - FAST - Up Stop Reverse Away By x2 - CSS5.wav","Textron Wildcat Sport 2018","Pole Position Production","https://sonniss.com/product/textron-wildcat-sport-2018","/Pole Position Production - Textron Wildcat Sport 2018/Textron Wildcat Sport - t3 - EXT - FAST - Up Stop Reverse Away By x2 - CSS5.wav","atv|textron|wildcat|sport|exterior|fast|up|stop|reverse|away|by|x2|position|b|sanken|css5|t3|ext|css5wav|textron wildcat sport 2018|pole position production"
"Textron Wildcat Sport - t8 - ONBRD - SLOW - Drive Various - ENGINE - MKH8020.wav","Textron Wildcat Sport 2018","Pole Position Production","https://sonniss.com/product/textron-wildcat-sport-2018","/Pole Position Production - Textron Wildcat Sport 2018/Textron Wildcat Sport - t8 - ONBRD - SLOW - Drive Various - ENGINE - MKH8020.wav","atv|textron|wildcat|sport|onboard|slow|drive|various|engine|sennheiser|mkh|8020|t8|onbrd|mkh8020wav|textron wildcat sport 2018|pole position production"
"Textron WildCat X - t10 - VAR SFX - Ignition Key - MS Decoded - RSM191.wav","Textron WildCat X 2018","Pole Position Production","https://sonniss.com/product/textron-wildcat-x-2018-atv-sound-effects","/Pole Position Production - Textron WildCat X 2018/Textron WildCat X - t10 - VAR SFX - Ignition Key - MS Decoded - RSM191.wav","atv|textron|wildcat|x|various|sfx|ignition|key|ms|decoded|neumann|rsm|191|t10|var|rsm191wav|textron wildcat x 2018|pole position production"
"Textron WildCat X - t2 - ONBRD - MEDIUM - Start Drive Stop Reverse Stop Drive Stop Off - EXHAUST - Center - DPA4062.wav","Textron WildCat X 2018","Pole Position Production","https://sonniss.com/product/textron-wildcat-x-2018-atv-sound-effects","/Pole Position Production - Textron WildCat X 2018/Textron WildCat X - t2 - ONBRD - MEDIUM - Start Drive Stop Reverse Stop Drive Stop Off - EXHAUST - Center - DPA4062.wav","atv|textron|wildcat|x|onboard|medium|start|drive|stop|reverse|off|exhaust|center|dpa|4062|t2|onbrd|dpa4062wav|textron wildcat x 2018|pole position production"
"Textron WildCat X - t4 - EXT - ACCELERATE - By - ORTF - MKH8040.wav","Textron WildCat X 2018","Pole Position Production","https://sonniss.com/product/textron-wildcat-x-2018-atv-sound-effects","/Pole Position Production - Textron WildCat X 2018/Textron WildCat X - t4 - EXT - ACCELERATE - By - ORTF - MKH8040.wav","atv|textron|wildcat|x|exterior|accelerate|by|position|b|ortf|sennheiser|mkh|8040|t4|ext|mkh8040wav|textron wildcat x 2018|pole position production"
"Textron WildCat X - t9 - ONBRD - IDLE - Various - ENGINE - Right - DPA4061.wav","Textron WildCat X 2018","Pole Position Production","https://sonniss.com/product/textron-wildcat-x-2018-atv-sound-effects","/Pole Position Production - Textron WildCat X 2018/Textron WildCat X - t9 - ONBRD - IDLE - Various - ENGINE - Right - DPA4061.wav","atv|textron|wildcat|x|onboard|idle|various|engine|right|dpa|4061|t9|onbrd|dpa4061wav|textron wildcat x 2018|pole position production"
"Rifled Flintlock Pistol M1820 - FIRING - 4m Left - CSS5.wav","The Black Powder Guns Library","Pole Position Production","https://sonniss.com/product/the-black-powder-guns-sound-effects-library","/Pole Position Production - The Black Powder Guns Library/Rifled Flintlock Pistol M1820 - FIRING - 4m Left - CSS5.wav","rifled|flintlock|pistol|m/1820|firing|4m|left|sanken|css5|m1820|css5wav|the black powder guns library|pole position production"
"Rifled Flintlock Pistol M1820 - FIRING - Close - MS Decoded - VP88.wav","The Black Powder Guns Library","Pole Position Production","https://sonniss.com/product/the-black-powder-guns-sound-effects-library","/Pole Position Production - The Black Powder Guns Library/Rifled Flintlock Pistol M1820 - FIRING - Close - MS Decoded - VP88.wav","rifled|flintlock|pistol|m/1820|firing|close|ms|decoded|shure|vp88|m1820|vp88wav|the black powder guns library|pole position production"
"Rifled Percussion Pistol M1850 - FIRING - 20m Behind a Container - H1.wav","The Black Powder Guns Library","Pole Position Production","https://sonniss.com/product/the-black-powder-guns-sound-effects-library","/Pole Position Production - The Black Powder Guns Library/Rifled Percussion Pistol M1850 - FIRING - 20m Behind a Container - H1.wav","rifled|percussion|pistol|m/1850|firing|20m|behind|a|container|zoom|h1|m1850|h1wav|the black powder guns library|pole position production"
"CINEMATIC - BRAAAM 5 - Eerie Metallic Horns Tonal Swells Distant Screeching - Call of the Dark B.wav","The Cinematic Transformation Library","Pole Position Production","https://sonniss.com/product/the-cinematic-transformation-sound-library","/Pole Position Production - The Cinematic Transformation Library/CINEMATIC - BRAAAM 5 - Eerie Metallic Horns Tonal Swells Distant Screeching - Call of the Dark B.wav","cinematic|braaam|5|eerie|metallic|horns|tonal|swells|distant|screeching|call|of|the|dark|b|bwav|the cinematic transformation library|pole position production"
"CINEMATIC - DRONE or AMBIENCE - Sparking Creaking Buzzing Organic Whale-like Sweeping - Beluga Acid.wav","The Cinematic Transformation Library","Pole Position Production","https://sonniss.com/product/the-cinematic-transformation-sound-library","/Pole Position Production - The Cinematic Transformation Library/CINEMATIC - DRONE or AMBIENCE - Sparking Creaking Buzzing Organic Whale-like Sweeping - Beluga Acid.wav","cinematic|drone|or|ambience|sparking|creaking|buzzing|organic|whalelike|sweeping|beluga|acid|acidwav|the cinematic transformation library|pole position production"
"CINEMATIC - IMPACT - Hit - Upfront - 30 Warped Ripping Thundering Long Warbling tail.wav","The Cinematic Transformation Library","Pole Position Production","https://sonniss.com/product/the-cinematic-transformation-sound-library","/Pole Position Production - The Cinematic Transformation Library/CINEMATIC - IMPACT - Hit - Upfront - 30 Warped Ripping Thundering Long Warbling tail.wav","cinematic|impact|hit|upfront|30|warped|ripping|thundering|long|warbling|tail|tailwav|the cinematic transformation library|pole position production"
"CINEMATIC - WHOOSH - Upfront Short - 2 Jet Sharp Ricochet Metallic Sliding Whipping.wav","The Cinematic Transformation Library","Pole Position Production","https://sonniss.com/product/the-cinematic-transformation-sound-library","/Pole Position Production - The Cinematic Transformation Library/CINEMATIC - WHOOSH - Upfront Short - 2 Jet Sharp Ricochet Metallic Sliding Whipping.wav","cinematic|whoosh|upfront|short|2|jet|sharp|ricochet|metallic|sliding|whipping|whippingwav|the cinematic transformation library|pole position production"
"Computer - Laptop - Startup - 03 - Electric guitar pickup box.wav","The Electromagnetic Library","Pole Position Production","https://sonniss.com/product/the-electromagnetic-sound-effects-library","/Pole Position Production - The Electromagnetic Library/Computer - Laptop - Startup - 03 - Electric guitar pickup box.wav","computer|laptop|startup|03|electric|guitar|pickup|box|boxwav|the electromagnetic library|pole position production"
"Electric motor - Industrial drill 01 - Drone - Priezor.wav","The Electromagnetic Library","Pole Position Production","https://sonniss.com/product/the-electromagnetic-sound-effects-library","/Pole Position Production - The Electromagnetic Library/Electric motor - Industrial drill 01 - Drone - Priezor.wav","electric|motor|industrial|drill|01|drone|priezor|priezorwav|the electromagnetic library|pole position production"
"Electrical motor - Rotary tool - Steadies - 02 - Electric guitar pickup box.wav","The Electromagnetic Library","Pole Position Production","https://sonniss.com/product/the-electromagnetic-sound-effects-library","/Pole Position Production - The Electromagnetic Library/Electrical motor - Rotary tool - Steadies - 02 - Electric guitar pickup box.wav","electrical|motor|rotary|tool|steadies|02|electric|guitar|pickup|box|boxwav|the electromagnetic library|pole position production"
"Microwave - Power - Drone - Priezor.wav","The Electromagnetic Library","Pole Position Production","https://sonniss.com/product/the-electromagnetic-sound-effects-library","/Pole Position Production - The Electromagnetic Library/Microwave - Power - Drone - Priezor.wav","microwave|power|drone|priezor|priezorwav|the electromagnetic library|pole position production"
"Ice - HIT - Frozen Lake Surface - Impact - Break Through to Water - Wide AB - MKH8060.wav","The Frozen Lake","Pole Position Production","https://sonniss.com/product/the-frozen-lake-ice-sound-effects-library","/Pole Position Production - The Frozen Lake/Ice - HIT - Frozen Lake Surface - Impact - Break Through to Water - Wide AB - MKH8060.wav","ice|hit|frozen|lake|surface|impact|break|through|to|water|wide|ab|sennheiser|mkh|8060|mkh8060wav|the frozen lake|pole position production"
"Ice - HIT - Frozen Lake Surface - Throw Ice Shavings - Scatter - Underwater - A - H2a.wav","The Frozen Lake","Pole Position Production","https://sonniss.com/product/the-frozen-lake-ice-sound-effects-library","/Pole Position Production - The Frozen Lake/Ice - HIT - Frozen Lake Surface - Throw Ice Shavings - Scatter - Underwater - A - H2a.wav","ice|hit|frozen|lake|surface|throw|shavings|scatter|underwater|a|aquarian|h2a|h2awav|the frozen lake|pole position production"
"Ice - HIT - Frozen Lake Surface - Throw Stone - Wide AB - MKH8060.wav","The Frozen Lake","Pole Position Production","https://sonniss.com/product/the-frozen-lake-ice-sound-effects-library","/Pole Position Production - The Frozen Lake/Ice - HIT - Frozen Lake Surface - Throw Stone - Wide AB - MKH8060.wav","ice|hit|frozen|lake|surface|throw|stone|wide|ab|sennheiser|mkh|8060|mkh8060wav|the frozen lake|pole position production"
"Ice - SLIDE - Frozen Lake Surface - Throw Ice Pieces - Scatter - Wide AB - MKH8060.wav","The Frozen Lake","Pole Position Production","https://sonniss.com/product/the-frozen-lake-ice-sound-effects-library","/Pole Position Production - The Frozen Lake/Ice - SLIDE - Frozen Lake Surface - Throw Ice Pieces - Scatter - Wide AB - MKH8060.wav","ice|slide|frozen|lake|surface|throw|pieces|scatter|wide|ab|sennheiser|mkh|8060|mkh8060wav|the frozen lake|pole position production"
"Female 1 - Grunt - Getting Hit - Medium Intensity - Ehrlund M1.wav","The Grunts Library","Pole Position Production","https://sonniss.com/product/the-grunts-library-sound-effects","/Pole Position Production - The Grunts Library/Female 1 - Grunt - Getting Hit - Medium Intensity - Ehrlund M1.wav","female|1|grunt|getting|hit|medium|intensity|ehrlund|ehrm1|m1wav|the grunts library|pole position production"
"Female 3 - Grunt - Jumping and Landing - Long - Ehrlund M1.wav","The Grunts Library","Pole Position Production","https://sonniss.com/product/the-grunts-library-sound-effects","/Pole Position Production - The Grunts Library/Female 3 - Grunt - Jumping and Landing - Long - Ehrlund M1.wav","female|3|grunt|jumping|and|landing|long|ehrlund|ehrm1|m1wav|the grunts library|pole position production"
"Male 1 - Breathing - Gasping - Ehrlund M1.wav","The Grunts Library","Pole Position Production","https://sonniss.com/product/the-grunts-library-sound-effects","/Pole Position Production - The Grunts Library/Male 1 - Breathing - Gasping - Ehrlund M1.wav","male|1|breathing|gasping|ehrlund|ehrm1|m1wav|the grunts library|pole position production"
"Male 2 - Grunt - Battle Cry - Long - Ehrlund M1.wav","The Grunts Library","Pole Position Production","https://sonniss.com/product/the-grunts-library-sound-effects","/Pole Position Production - The Grunts Library/Male 2 - Grunt - Battle Cry - Long - Ehrlund M1.wav","male|2|grunt|battle|cry|long|ehrlund|ehrm1|m1wav|the grunts library|pole position production"
"Crushed Rock - DROP - Thick - Mono.wav","The Stone & Sand Library","Pole Position Production","https://sonniss.com/product/the-stone-sand-sound-effects-library","/Pole Position Production - The Stone & Sand Library/Crushed Rock - DROP - Thick - Mono.wav","crushed|rock|drop|thick|mono|monowav|the stone & sand library|pole position production"
"Pebbles - DROP - Dense - Mono.wav","The Stone & Sand Library","Pole Position Production","https://sonniss.com/product/the-stone-sand-sound-effects-library","/Pole Position Production - The Stone & Sand Library/Pebbles - DROP - Dense - Mono.wav","pebbles|drop|dense|mono|monowav|the stone & sand library|pole position production"
"Roof Tile - DROP - Several - Mono - 100k.wav","The Stone & Sand Library","Pole Position Production","https://sonniss.com/product/the-stone-sand-sound-effects-library","/Pole Position Production - The Stone & Sand Library/Roof Tile - DROP - Several - Mono - 100k.wav","roof|tile|drop|several|mono|100k|100kwav|the stone & sand library|pole position production"
"Small Crushed Rock - DROP - Thick - Stereo.wav","The Stone & Sand Library","Pole Position Production","https://sonniss.com/product/the-stone-sand-sound-effects-library","/Pole Position Production - The Stone & Sand Library/Small Crushed Rock - DROP - Thick - Stereo.wav","small|crushed|rock|drop|thick|stereo|stereowav|the stone & sand library|pole position production"
"Toyota Endurance Race Car - t1 - ONBRD - SLOW - Start Drive Stop Reverse Stop Drive Stop - ENGINE - Mix.wav","Toyota Endurance Race Car with Audi Engine","Pole Position Production","https://sonniss.com/product/toyota-endurance-race-car-sound-effects-with-audi-engine","/Pole Position Production - Toyota Endurance Race Car with Audi Engine/Toyota Endurance Race Car - t1 - ONBRD - SLOW - Start Drive Stop Reverse Stop Drive Stop - ENGINE - Mix.wav","race|car|toyota|endurance|race|car|onboard|slow|start|drive|stop|reverse|engine|mix|t1|onbrd|mixwav|toyota endurance race car with audi engine|pole position production"
"Toyota Endurance Race Car - t1 - ONBRD - SLOW - Start Drive Stop Reverse Stop Drive Stop - ENGINE - Right - DPA4061.wav","Toyota Endurance Race Car with Audi Engine","Pole Position Production","https://sonniss.com/product/toyota-endurance-race-car-sound-effects-with-audi-engine","/Pole Position Production - Toyota Endurance Race Car with Audi Engine/Toyota Endurance Race Car - t1 - ONBRD - SLOW - Start Drive Stop Reverse Stop Drive Stop - ENGINE - Right - DPA4061.wav","race|car|toyota|endurance|race|car|onboard|slow|start|drive|stop|reverse|engine|right|dpa|4061|t1|onbrd|dpa4061wav|toyota endurance race car with audi engine|pole position production"
"Toyota Endurance Race Car - t10 - EXT - CIRCLING - Drive in Circles By - Distant - ORTF - MKH8040.wav","Toyota Endurance Race Car with Audi Engine","Pole Position Production","https://sonniss.com/product/toyota-endurance-race-car-sound-effects-with-audi-engine","/Pole Position Production - Toyota Endurance Race Car with Audi Engine/Toyota Endurance Race Car - t10 - EXT - CIRCLING - Drive in Circles By - Distant - ORTF - MKH8040.wav","race|car|toyota|endurance|race|car|exterior|circling|drive|in|circles|by|position|b|distant|ortf|sennheiser|mkh|8040|t10|ext|mkh8040wav|toyota endurance race car with audi engine|pole position production"
"Toyota Endurance Race Car - t12 - VAR SFX - Windshield Wiper Switch On and Off - MS Decoded - RSM191.wav","Toyota Endurance Race Car with Audi Engine","Pole Position Production","https://sonniss.com/product/toyota-endurance-race-car-sound-effects-with-audi-engine","/Pole Position Production - Toyota Endurance Race Car with Audi Engine/Toyota Endurance Race Car - t12 - VAR SFX - Windshield Wiper Switch On and Off - MS Decoded - RSM191.wav","race|car|toyota|endurance|race|car|various|sound|fx|windshield|wiper|switch|on|and|off|ms|decoded|neumann|rsm|191|t12|var|sfx|rsm191wav|toyota endurance race car with audi engine|pole position production"
"VW Golf - t1 - ONBRD - SLOW - Start Drive Stop Off Start Reverse Stop Drive Stop Off Drive Stop Off - ENGINE - VP88.wav","Volkswagen Golf R-Line 2018","Pole Position Production","https://sonniss.com/product/volkswagen-golf-r-line-2018","/Pole Position Production - Volkswagen Golf R-Line 2018/VW Golf - t1 - ONBRD - SLOW - Start Drive Stop Off Start Reverse Stop Drive Stop Off Drive Stop Off - ENGINE - VP88.wav","volkswagen|golf|rline|onboard|start|slow|drive|stop|off|reverse|engine|shure|vp88|vw|t1|onbrd|slow|engine|vp88wav|volkswagen golf r-line 2018|pole position production"
"VW Golf - t12 - VAR SFX - Back Door - INTERIOR - MS Decoded - RSM191.wav","Volkswagen Golf R-Line 2018","Pole Position Production","https://sonniss.com/product/volkswagen-golf-r-line-2018","/Pole Position Production - Volkswagen Golf R-Line 2018/VW Golf - t12 - VAR SFX - Back Door - INTERIOR - MS Decoded - RSM191.wav","volkswagen|golf|rline|various|sfx|back|door|interior|ms|decoded|neumann|rsm|191|vw|t12|var|interior|rsm191wav|volkswagen golf r-line 2018|pole position production"
"VW Golf - t7 - EXT - IDLE - Start Blips Off - MS - RSM191.wav","Volkswagen Golf R-Line 2018","Pole Position Production","https://sonniss.com/product/volkswagen-golf-r-line-2018","/Pole Position Production - Volkswagen Golf R-Line 2018/VW Golf - t7 - EXT - IDLE - Start Blips Off - MS - RSM191.wav","volkswagen|golf|rline|exterior|start|idle|blips|off|ms|neumann|rsm|191|vw|t7|ext|idle|rsm191wav|volkswagen golf r-line 2018|pole position production"
"VW Golf - t9 - ONBRD - FAST - Drive Various - ENGINE - Center - PZM.wav","Volkswagen Golf R-Line 2018","Pole Position Production","https://sonniss.com/product/volkswagen-golf-r-line-2018","/Pole Position Production - Volkswagen Golf R-Line 2018/VW Golf - t9 - ONBRD - FAST - Drive Various - ENGINE - Center - PZM.wav","volkswagen|golf|rline|onboard|fast|drive|various|engine|center|crown|pzm|vw|t9|onbrd|fast|engine|pzmwav|volkswagen golf r-line 2018|pole position production"
"Volvo V70 Ambulance - t3 - EXT - FAST - Up Stop Reverse Away By x2 Horn - ORTF - MKH8040.wav","Volvo V70 2013","Pole Position Production","https://sonniss.com/product/volvo-v70-ambulance-sound-effects","/Pole Position Production - Volvo V70 2013/Volvo V70 Ambulance - t3 - EXT - FAST - Up Stop Reverse Away By x2 Horn - ORTF - MKH8040.wav","car|volvo|ambulance|exterior|fast|up|stop|reverse|away|by|x2|horn|position|b|ortf|sennheiser|mkh|8040|v70|t3|ext|mkh8040wav|volvo v70 2013|pole position production"
"Volvo V70 Ambulance - t5 - ONBRD - STEADY RPMS - Start Drive - ENGINE - Left - MKH8020.wav","Volvo V70 2013","Pole Position Production","https://sonniss.com/product/volvo-v70-ambulance-sound-effects","/Pole Position Production - Volvo V70 2013/Volvo V70 Ambulance - t5 - ONBRD - STEADY RPMS - Start Drive - ENGINE - Left - MKH8020.wav","car|volvo|ambulance|onboard|steady|rpms|start|drive|engine|left|sennheiser|mkh|8020|v70|t5|onbrd|mkh8020wav|volvo v70 2013|pole position production"
"Volvo V70 Ambulance - t7 - ONBRD - MEDIUM - Drive Various - EXHAUST - Right - DPA4062.wav","Volvo V70 2013","Pole Position Production","https://sonniss.com/product/volvo-v70-ambulance-sound-effects","/Pole Position Production - Volvo V70 2013/Volvo V70 Ambulance - t7 - ONBRD - MEDIUM - Drive Various - EXHAUST - Right - DPA4062.wav","car|volvo|ambulance|onboard|medium|drive|various|exhaust|right|dpa|4062|v70|t7|onbrd|dpa4062wav|volvo v70 2013|pole position production"
"Volvo V70 Ambulance - t8 - VAR SFX - Siren Various - ORTF - MKH8040.wav","Volvo V70 2013","Pole Position Production","https://sonniss.com/product/volvo-v70-ambulance-sound-effects","/Pole Position Production - Volvo V70 2013/Volvo V70 Ambulance - t8 - VAR SFX - Siren Various - ORTF - MKH8040.wav","car|volvo|ambulance|various|sound|fx|siren|various|position|b|ortf|sennheiser|mkh|8040|v70|t8|var|sfx|mkh8040wav|volvo v70 2013|pole position production"
"Yamaha Kodiak - t1 - EXT - SLOW - Start Away Up Reverse Stop Away By Up Stop Off - Wide AB - MKH8060.wav","Yamaha Kodiak EPS Grizzly 2019","Pole Position Production","https://sonniss.com/product/yamaha-kodiak-eps-grizzly-2019-atv-sound-effects","/Pole Position Production - Yamaha Kodiak EPS Grizzly 2019/Yamaha Kodiak - t1 - EXT - SLOW - Start Away Up Reverse Stop Away By Up Stop Off - Wide AB - MKH8060.wav","atv|yamaha|kodiak|exterior|slow|start|away|up|reverse|stop|by|off|position|a|wide|ab|sennheiser|mkh|8060|t1|ext|mkh8060wav|yamaha kodiak eps grizzly 2019|pole position production"
"Yamaha Kodiak - t10 - VAR SFX - Horn - ENGINE - VP88.wav","Yamaha Kodiak EPS Grizzly 2019","Pole Position Production","https://sonniss.com/product/yamaha-kodiak-eps-grizzly-2019-atv-sound-effects","/Pole Position Production - Yamaha Kodiak EPS Grizzly 2019/Yamaha Kodiak - t10 - VAR SFX - Horn - ENGINE - VP88.wav","atv|yamaha|kodiak|various|sfx|horn|engine|shure|vp88|t10|var|vp88wav|yamaha kodiak eps grizzly 2019|pole position production"
"Yamaha Kodiak - t5 - ONBRD - STEADY RPMS - Start Drive - EXHAUST - Center - DPA4062.wav","Yamaha Kodiak EPS Grizzly 2019","Pole Position Production","https://sonniss.com/product/yamaha-kodiak-eps-grizzly-2019-atv-sound-effects","/Pole Position Production - Yamaha Kodiak EPS Grizzly 2019/Yamaha Kodiak - t5 - ONBRD - STEADY RPMS - Start Drive - EXHAUST - Center - DPA4062.wav","atv|yamaha|kodiak|onboard|steady|rpms|start|drive|exhaust|center|dpa|4062|t5|onbrd|dpa4062wav|yamaha kodiak eps grizzly 2019|pole position production"
"Yamaha Kodiak - t6 - EXT - IDLE - Start Blips Off - Wide AB - MKH8060.wav","Yamaha Kodiak EPS Grizzly 2019","Pole Position Production","https://sonniss.com/product/yamaha-kodiak-eps-grizzly-2019-atv-sound-effects","/Pole Position Production - Yamaha Kodiak EPS Grizzly 2019/Yamaha Kodiak - t6 - EXT - IDLE - Start Blips Off - Wide AB - MKH8060.wav","atv|yamaha|kodiak|exterior|idle|start|blips|off|position|a|wide|ab|sennheiser|mkh|8060|t6|ext|mkh8060wav|yamaha kodiak eps grizzly 2019|pole position production"
"Yamaha, WR450F, t1, Ext, Start, Slow, Away, Up, Turn, Away, By, Up, Stop, Off, ORTF, CMC6.wav","Yamaha WR450F 2019","Pole Position Production","https://sonniss.com/product/yamaha-wr450f-2019","/Pole Position Production - Yamaha WR450F 2019/Yamaha, WR450F, t1, Ext, Start, Slow, Away, Up, Turn, Away, By, Up, Stop, Off, ORTF, CMC6.wav","yamaha|wr450f|exterior|start|slow|away|up|turn|by|stop|off|ortf|schoeps|cmc6|t1|ext|cmc6wav|yamaha wr450f 2019|pole position production"
"Yamaha, WR450F, t12, Var SFX, Brake Pedal, Alternative Side, MS, RSM191.wav","Yamaha WR450F 2019","Pole Position Production","https://sonniss.com/product/yamaha-wr450f-2019","/Pole Position Production - Yamaha WR450F 2019/Yamaha, WR450F, t12, Var SFX, Brake Pedal, Alternative Side, MS, RSM191.wav","yamaha|wr450f|various|sfx|brake|pedal|alternative|side|ms|neumann|rsm|191|t12|var|rsm191wav|yamaha wr450f 2019|pole position production"
"Yamaha, WR450F, t6, Onbrd, Start, Drive, Steady RPMs, Engine, VP88.wav","Yamaha WR450F 2019","Pole Position Production","https://sonniss.com/product/yamaha-wr450f-2019","/Pole Position Production - Yamaha WR450F 2019/Yamaha, WR450F, t6, Onbrd, Start, Drive, Steady RPMs, Engine, VP88.wav","yamaha|wr450f|onboard|start|drive|steady|rpms|engine|shure|vp88|t6|onbrd|vp88wav|yamaha wr450f 2019|pole position production"
"Yamaha, WR450F, t9, Ext, Fast, Various, CSS5.wav","Yamaha WR450F 2019","Pole Position Production","https://sonniss.com/product/yamaha-wr450f-2019","/Pole Position Production - Yamaha WR450F 2019/Yamaha, WR450F, t9, Ext, Fast, Various, CSS5.wav","yamaha|wr450f|exterior|fast|various|sanken|css5|t9|ext|css5wav|yamaha wr450f 2019|pole position production"
"GAMEVideo_Big Explosion_Rogue Waves_8-Bit Legend_13.wav","8-Bit Legend","Rogue Waves","https://sonniss.com/product/8-bit-legend-sound-effects","/Rogue Waves - 8-Bit Legend/GAMEVideo_Big Explosion_Rogue Waves_8-Bit Legend_13.wav","big|explosion|powerful|gamevideo_big|explosion_rogue|waves_8bit|legend_13wav|8-bit legend|rogue waves"
"GAMEVideo_Creature Birds_Rogue Waves_8-Bit Legend.wav","8-Bit Legend","Rogue Waves","https://sonniss.com/product/8-bit-legend-sound-effects","/Rogue Waves - 8-Bit Legend/GAMEVideo_Creature Birds_Rogue Waves_8-Bit Legend.wav","creature|birds|monsterous|group|of|call|bird|gamevideo_creature|birds_rogue|waves_8bit|legendwav|8-bit legend|rogue waves"
"GAMEVideo_Evil Spell_Rogue Waves_8-Bit Legend.wav","8-Bit Legend","Rogue Waves","https://sonniss.com/product/8-bit-legend-sound-effects","/Rogue Waves - 8-Bit Legend/GAMEVideo_Evil Spell_Rogue Waves_8-Bit Legend.wav","evil|spell|spinner|magic|gamevideo_evil|spell_rogue|waves_8bit|legendwav|8-bit legend|rogue waves"
"GAMEVideo_Gem Pick Up_Rogue Waves_8-Bit Legend_07.wav","8-Bit Legend","Rogue Waves","https://sonniss.com/product/8-bit-legend-sound-effects","/Rogue Waves - 8-Bit Legend/GAMEVideo_Gem Pick Up_Rogue Waves_8-Bit Legend_07.wav","gem|pick|up|collect|gamevideo_gem|pick|up_rogue|waves_8bit|legend_07wav|8-bit legend|rogue waves"
"ELECZap_Bug zapper zapping, electricity, crackle,_RogueWaves_DruidMagic_37.wav","Druid Magic","Rogue Waves","https://sonniss.com/product/druid-magic-sound-effects","/Rogue Waves - Druid Magic/ELECZap_Bug zapper zapping, electricity, crackle,_RogueWaves_DruidMagic_37.wav","bug|zapper|zapping|electricity|crackle|buzzing|clicking|eleczap_bug|_roguewaves_druidmagic_37wav|druid magic|rogue waves"
"MAGElem_Water Spell Splash Attack Medium 2_RogueWaves_DruidMagic.wav","Druid Magic","Rogue Waves","https://sonniss.com/product/druid-magic-sound-effects","/Rogue Waves - Druid Magic/MAGElem_Water Spell Splash Attack Medium 2_RogueWaves_DruidMagic.wav","water|spell|splash|attack|medium|2|slow|attack|impact|splash|quick|decay|magelem_water|2_roguewaves_druidmagicwav|druid magic|rogue waves"
"MAGEvil_Dark Spell Dark Energy Attack_RogueWaves_DruidMagic.wav","Druid Magic","Rogue Waves","https://sonniss.com/product/druid-magic-sound-effects","/Rogue Waves - Druid Magic/MAGEvil_Dark Spell Dark Energy Attack_RogueWaves_DruidMagic.wav","dark|spell|energy|attack|magevil_dark|attack_roguewaves_druidmagicwav|druid magic|rogue waves"
"SWSH_Dry Bamboo Leaf Swishes 1_RogueWaves_DruidMagic.wav","Druid Magic","Rogue Waves","https://sonniss.com/product/druid-magic-sound-effects","/Rogue Waves - Druid Magic/SWSH_Dry Bamboo Leaf Swishes 1_RogueWaves_DruidMagic.wav","dry|bamboo|leaves|swishes|swsh_dry|bamboo|leaf|swishes|1_roguewaves_druidmagicwav|druid magic|rogue waves"
"UIGlitch_Heavy Glitches_RogueWaves_GlitchGrains_26.wav","Glitch Grains","Rogue Waves","https://sonniss.com/product/glitch-grains","/Rogue Waves - Glitch Grains/UIGlitch_Heavy Glitches_RogueWaves_GlitchGrains_26.wav","sound|designed|glitch|heavy|noise|malfunction|error|uiglitch_heavy|glitches_roguewaves_glitchgrains_26wav|glitch grains|rogue waves"
"UIGlitch_Impact_RogueWaves_GlitchGrains_14.wav","Glitch Grains","Rogue Waves","https://sonniss.com/product/glitch-grains","/Rogue Waves - Glitch Grains/UIGlitch_Impact_RogueWaves_GlitchGrains_14.wav","glitchy|impact|uiglitch_impact_roguewaves_glitchgrains_14wav|glitch grains|rogue waves"
"UIGlitch_Radio Static-LW Radio Static_RogueWaves_GlitchGrains_11.wav","Glitch Grains","Rogue Waves","https://sonniss.com/product/glitch-grains","/Rogue Waves - Glitch Grains/UIGlitch_Radio Static-LW Radio Static_RogueWaves_GlitchGrains_11.wav","radio|static|long|wave|noise|uiglitch_radio|staticlw|static_roguewaves_glitchgrains_11wav|glitch grains|rogue waves"
"UIGlitch_Whoosh_RogueWaves_GlitchGrains_01.wav","Glitch Grains","Rogue Waves","https://sonniss.com/product/glitch-grains","/Rogue Waves - Glitch Grains/UIGlitch_Whoosh_RogueWaves_GlitchGrains_01.wav","glitchy|whoosh|passby|uiglitch_whoosh_roguewaves_glitchgrains_01wav|glitch grains|rogue waves"
"GAMEVideo_Inserting SNES Cartridge Sequence_RogueWaves_SuperCart.wav","Super Cart","Rogue Waves","https://sonniss.com/product/super-cart","/Rogue Waves - Super Cart/GAMEVideo_Inserting SNES Cartridge Sequence_RogueWaves_SuperCart.wav","inserting|cartridge|into|super|nintendo|snes|video|game|console|sequence|gamevideo_inserting|cartridge|sequence_roguewaves_supercartwav|super cart|rogue waves"
"GAMEVideo_Plugging in SNES Controller P1 2_RogueWaves_SuperCart.wav","Super Cart","Rogue Waves","https://sonniss.com/product/super-cart","/Rogue Waves - Super Cart/GAMEVideo_Plugging in SNES Controller P1 2_RogueWaves_SuperCart.wav","inserting|a|controller|into|the|player|1|slot|on|super|nintendo|snes|video|game|console|plugging|in|gamevideo_plugging|controller|p1|2_roguewaves_supercartwav|super cart|rogue waves"
"GAMEVideo_Pressing SNES Start Button 4_RogueWaves_SuperCart.wav","Super Cart","Rogue Waves","https://sonniss.com/product/super-cart","/Rogue Waves - Super Cart/GAMEVideo_Pressing SNES Start Button 4_RogueWaves_SuperCart.wav","pressing|the|start|button|on|a|super|nintendo|snes|video|game|controller|gamevideo_pressing|start|button|4_roguewaves_supercartwav|super cart|rogue waves"
"GAMEVideo_SNES Power On Static_RogueWaves_SuperCart.wav","Super Cart","Rogue Waves","https://sonniss.com/product/super-cart","/Rogue Waves - Super Cart/GAMEVideo_SNES Power On Static_RogueWaves_SuperCart.wav","super|nintendo|snes|video|game|console|power|cycle|startup|static|gamevideo_snes|power|on|static_roguewaves_supercartwav|super cart|rogue waves"
"grass 3 single step 3.wav","Footstep","RYK-Sounds","https://sonniss.com/product/footstep-sound-library","/RYK-Sounds - Footstep/grass 3 single step 3.wav","grass|3|single|step|3wav|footstep|ryk-sounds"
"mud 1 loop.wav","Footstep","RYK-Sounds","https://sonniss.com/product/footstep-sound-library","/RYK-Sounds - Footstep/mud 1 loop.wav","mud|1|loopwav|footstep|ryk-sounds"
"snow 7 single step 2.wav","Footstep","RYK-Sounds","https://sonniss.com/product/footstep-sound-library","/RYK-Sounds - Footstep/snow 7 single step 2.wav","snow|7|single|step|2wav|footstep|ryk-sounds"
"wooden floor 1 loop.wav","Footstep","RYK-Sounds","https://sonniss.com/product/footstep-sound-library","/RYK-Sounds - Footstep/wooden floor 1 loop.wav","wooden|floor|1|loopwav|footstep|ryk-sounds"
"heavy hit.wav","Laser Guns","RYK-Sounds","https://sonniss.com/product/laser-guns-sound-library","/RYK-Sounds - Laser Guns/heavy hit.wav","heavy|hitwav|laser guns|ryk-sounds"
"hitsound 2.wav","Laser Guns","RYK-Sounds","https://sonniss.com/product/laser-guns-sound-library","/RYK-Sounds - Laser Guns/hitsound 2.wav","hitsound|2wav|laser guns|ryk-sounds"
"Laser Rocket 7.wav","Laser Guns","RYK-Sounds","https://sonniss.com/product/laser-guns-sound-library","/RYK-Sounds - Laser Guns/Laser Rocket 7.wav","laser|rocket|7wav|laser guns|ryk-sounds"
"shooting a way through-sound.wav","Laser Guns","RYK-Sounds","https://sonniss.com/product/laser-guns-sound-library","/RYK-Sounds - Laser Guns/shooting a way through-sound.wav","shooting|a|way|throughsoundwav|laser guns|ryk-sounds"
"collecting orb-sound 2.wav","Retro Game SFX","RYK-Sounds","https://sonniss.com/product/footstep-sound-library","/RYK-Sounds - Retro Game SFX/collecting orb-sound 2.wav","collecting|orbsound|2wav|retro game sfx|ryk-sounds"
"passive gain life-sound.wav","Retro Game SFX","RYK-Sounds","https://sonniss.com/product/footstep-sound-library","/RYK-Sounds - Retro Game SFX/passive gain life-sound.wav","passive|gain|lifesoundwav|retro game sfx|ryk-sounds"
"power up_level up-sound 2.wav","Retro Game SFX","RYK-Sounds","https://sonniss.com/product/footstep-sound-library","/RYK-Sounds - Retro Game SFX/power up_level up-sound 2.wav","power|up_level|upsound|2wav|retro game sfx|ryk-sounds"
"teleporting-sound 5.wav","Retro Game SFX","RYK-Sounds","https://sonniss.com/product/footstep-sound-library","/RYK-Sounds - Retro Game SFX/teleporting-sound 5.wav","teleportingsound|5wav|retro game sfx|ryk-sounds"
"AIRMisc_MetalCanisterPressureQuickAirReleaseSuckIn_SanojSounds_MKH416-2496-012.wav","Essentials Vol.1","SanojSounds","https://sonniss.com/product/essentials-vol-1-sound-library","/SanojSounds - Essentials Vol.1/AIRMisc_MetalCanisterPressureQuickAirReleaseSuckIn_SanojSounds_MKH416-2496-012.wav","air|release|suck|squeezed|canister|mkh416|mono|airmisc_metalcanisterpressurequickairreleasesuckin_sanojsounds_mkh4162496012wav|essentials vol.1|sanojsounds"
"ELECArc_ElectricPower_SanojSounds_2496-Designed-Stereo.wav","Essentials Vol.1","SanojSounds","https://sonniss.com/product/essentials-vol-1-sound-library","/SanojSounds - Essentials Vol.1/ELECArc_ElectricPower_SanojSounds_2496-Designed-Stereo.wav","electrical|designed|power|arc|elecarc_electricpower_sanojsounds_2496designedstereowav|essentials vol.1|sanojsounds"
"MECHSwtch_OscillatorSwitchContactMic_SanojSounds_DolphinEar-2496-082.wav","Essentials Vol.1","SanojSounds","https://sonniss.com/product/essentials-vol-1-sound-library","/SanojSounds - Essentials Vol.1/MECHSwtch_OscillatorSwitchContactMic_SanojSounds_DolphinEar-2496-082.wav","mechanical|oscillator|hardware|switch|contactmic|dolphinear|mono|mechswtch_oscillatorswitchcontactmic_sanojsounds_dolphinear2496082wav|essentials vol.1|sanojsounds"
"VEHSirn_AmbulanceSiren_SanojSounds_MKH416-2496-001.wav","Essentials Vol.1","SanojSounds","https://sonniss.com/product/essentials-vol-1-sound-library","/SanojSounds - Essentials Vol.1/VEHSirn_AmbulanceSiren_SanojSounds_MKH416-2496-001.wav","ambulance|siren|fade|out|traffic|mkh416|mono|vehsirn_ambulancesiren_sanojsounds_mkh4162496001wav|essentials vol.1|sanojsounds"
"FUI Ease Into Position.wav","Future UI","Shapeforms Audio","https://sonniss.com/product/future-ui-sound-library","/Shapeforms Audio - Future UI/FUI Ease Into Position.wav","fui|ease|into|positionwav|future ui|shapeforms audio"
"FUI Hologram Ping Tone Echoed-2.wav","Future UI","Shapeforms Audio","https://sonniss.com/product/future-ui-sound-library","/Shapeforms Audio - Future UI/FUI Hologram Ping Tone Echoed-2.wav","fui|hologram|ping|tone|echoed2wav|future ui|shapeforms audio"
"FUI Navigation Swipe-2.wav","Future UI","Shapeforms Audio","https://sonniss.com/product/future-ui-sound-library","/Shapeforms Audio - Future UI/FUI Navigation Swipe-2.wav","fui|navigation|swipe2wav|future ui|shapeforms audio"
"Short Rising Flutter.wav","Future UI","Shapeforms Audio","https://sonniss.com/product/future-ui-sound-library","/Shapeforms Audio - Future UI/Short Rising Flutter.wav","short|rising|flutterwav|future ui|shapeforms audio"
"EXPLDsgn_Explosion Rumble Distorted_07_SFRMS_SCIWPNS.wav","Sci-Fi Weapons Cyberpunk Arsenal","Shapeforms Audio","https://sonniss.com/product/sci-fi-weapons-cyberpunk-arsenal","/Shapeforms Audio - Sci-Fi Weapons Cyberpunk Arsenal/EXPLDsgn_Explosion Rumble Distorted_07_SFRMS_SCIWPNS.wav","explosion|distorted|gritty|rumble|expldsgn_explosion|rumble|distorted_07_sfrms_sciwpnswav|sci-fi weapons cyberpunk arsenal|shapeforms audio"
"GUNAuto_RPU1 Fire_02_SFRMS_SCIWPNS.wav","Sci-Fi Weapons Cyberpunk Arsenal","Shapeforms Audio","https://sonniss.com/product/sci-fi-weapons-cyberpunk-arsenal","/Shapeforms Audio - Sci-Fi Weapons Cyberpunk Arsenal/GUNAuto_RPU1 Fire_02_SFRMS_SCIWPNS.wav","gun|weapon|fire|shot|single|round|short|gunauto_rpu1|fire_02_sfrms_sciwpnswav|sci-fi weapons cyberpunk arsenal|shapeforms audio"
"GUNAuto_Sci Fi Shotgun Burst_04_SFRMS_SCIWPNS.wav","Sci-Fi Weapons Cyberpunk Arsenal","Shapeforms Audio","https://sonniss.com/product/sci-fi-weapons-cyberpunk-arsenal","/Shapeforms Audio - Sci-Fi Weapons Cyberpunk Arsenal/GUNAuto_Sci Fi Shotgun Burst_04_SFRMS_SCIWPNS.wav","gun|weapon|automatic|fire|burst|scifi|mechanism|gunauto_sci|fi|shotgun|burst_04_sfrms_sciwpnswav|sci-fi weapons cyberpunk arsenal|shapeforms audio"
"LASRMisc_Beam Transient_04_SFRMS_SCIWPNS.wav","Sci-Fi Weapons Cyberpunk Arsenal","Shapeforms Audio","https://sonniss.com/product/sci-fi-weapons-cyberpunk-arsenal","/Shapeforms Audio - Sci-Fi Weapons Cyberpunk Arsenal/LASRMisc_Beam Transient_04_SFRMS_SCIWPNS.wav","laser|beam|transient|charge|tonal|portamento|lasrmisc_beam|transient_04_sfrms_sciwpnswav|sci-fi weapons cyberpunk arsenal|shapeforms audio"
"Auto Refractor,Scanning,Pneumatic,Beeps - Auto Refactor scanning patient with pneumatic noises and beeps.wav","Optometrist Equipment","SHhh! Listen SFX Libraries","https://sonniss.com/product/optometrist-equipment","/SHhh! Listen SFX Libraries - Optometrist Equipment/Auto Refractor,Scanning,Pneumatic,Beeps - Auto Refactor scanning patient with pneumatic noises and beeps.wav","auto|refractor|scanning|pneumatic|beeps|refactor|scanning|patient|with|pneumatic|noises|and|beeps|beepswav|optometrist equipment|shhh! listen sfx libraries"
"Non Contact Tonometer,Pneumatic,Vertical,Adjustment,Up,Down - Doing vertical adjustment all the way up then all the way down.wav","Optometrist Equipment","SHhh! Listen SFX Libraries","https://sonniss.com/product/optometrist-equipment","/SHhh! Listen SFX Libraries - Optometrist Equipment/Non Contact Tonometer,Pneumatic,Vertical,Adjustment,Up,Down - Doing vertical adjustment all the way up then all the way down.wav","non|contact|tonometer|pneumatic|vertical|adjustment|up|down|doing|vertical|adjustment|all|the|way|up|then|down|downwav|optometrist equipment|shhh! listen sfx libraries"
"Phoropter,Auxiliary lens dial,Top dial,Turning,Adjusting,Clicks,Fast,Short,Burst - Turning and adjusting auxiliary lens dial in fast short bursts.wav","Optometrist Equipment","SHhh! Listen SFX Libraries","https://sonniss.com/product/optometrist-equipment","/SHhh! Listen SFX Libraries - Optometrist Equipment/Phoropter,Auxiliary lens dial,Top dial,Turning,Adjusting,Clicks,Fast,Short,Burst - Turning and adjusting auxiliary lens dial in fast short bursts.wav","phoropter|auxiliary|lens|dial|top|turning|adjusting|clicks|fast|short|burst|and|adjusting|auxiliary|in|fast|short|bursts|burstswav|optometrist equipment|shhh! listen sfx libraries"
"Terminal,Motor,Running,Vertical,Up,Down,Pneumatic - Terminal Machine adjusting height to match patient level.wav","Optometrist Equipment","SHhh! Listen SFX Libraries","https://sonniss.com/product/optometrist-equipment","/SHhh! Listen SFX Libraries - Optometrist Equipment/Terminal,Motor,Running,Vertical,Up,Down,Pneumatic - Terminal Machine adjusting height to match patient level.wav","terminal|motor|running|vertical|up|down|pneumatic|machine|adjusting|height|to|match|patient|level|take|picutre|of|with|glasses|levelwav|optometrist equipment|shhh! listen sfx libraries"
"BOING Bowl.wav","Cartoon & Infotainment","SmartSoundFX","https://sonniss.com/product/cartoon-infotainment","/SmartSoundFX - Cartoon & Infotainment/BOING Bowl.wav","cartoon|&|infotainment|toons|comic|object|twang|bouncy|spring|tonal|metallic|boing|boing|bowlwav|cartoon & infotainment|smartsoundfx"
"MUSICAL Flashback Dream Down.wav","Cartoon & Infotainment","SmartSoundFX","https://sonniss.com/product/cartoon-infotainment","/SmartSoundFX - Cartoon & Infotainment/MUSICAL Flashback Dream Down.wav","cartoon|&|infotainment|toons|comic|harp|going|down|musical|flashback|dream|downwav|cartoon & infotainment|smartsoundfx"
"PLOP Mouth Drip Dry.wav","Cartoon & Infotainment","SmartSoundFX","https://sonniss.com/product/cartoon-infotainment","/SmartSoundFX - Cartoon & Infotainment/PLOP Mouth Drip Dry.wav","cartoon|&|infotainment|toons|comic|pop|snap|finger|pulled|out|of|mouth|plop|mouth|drip|drywav|cartoon & infotainment|smartsoundfx"
"WHISTLE Down Long.wav","Cartoon & Infotainment","SmartSoundFX","https://sonniss.com/product/cartoon-infotainment","/SmartSoundFX - Cartoon & Infotainment/WHISTLE Down Long.wav","cartoon|&|infotainment|toons|comic|whistle|down|whistle|down|longwav|cartoon & infotainment|smartsoundfx"
"BOTTLE Glass Open Scratch 01.wav","Everyday Life 01","SmartSoundFX","https://sonniss.com/product/everyday-life-01","/SmartSoundFX - Everyday Life 01/BOTTLE Glass Open Scratch 01.wav","everyday|life|01|foley|household|drink|cap|screw|twist|turn|opening|almost|full|vodka|bottle|with|the|screw|cap|scratching|bottle|glass|open|scratch|01wav|everyday life 01|smartsoundfx"
"LADDER Metal Small Rattle.wav","Everyday Life 01","SmartSoundFX","https://sonniss.com/product/everyday-life-01","/SmartSoundFX - Everyday Life 01/LADDER Metal Small Rattle.wav","everyday|life|01|foley|household|metal|clanking|rattling|folding|unfolding|rocking|small|metal|ladder|ladder|small|rattlewav|everyday life 01|smartsoundfx"
"SHELVE Open Close Soft 01.wav","Everyday Life 01","SmartSoundFX","https://sonniss.com/product/everyday-life-01","/SmartSoundFX - Everyday Life 01/SHELVE Open Close Soft 01.wav","everyday|life|01|foley|household|literature|writing|shelve|wood|put|away|place|slide|gentle|quiet|bump|push|move|softly|placing|book|on|shelve|sliding|it|to|the|backplate|of|shelve|open|close|soft|01wav|everyday life 01|smartsoundfx"
"TOILET Flush 01.wav","Everyday Life 01","SmartSoundFX","https://sonniss.com/product/everyday-life-01","/SmartSoundFX - Everyday Life 01/TOILET Flush 01.wav","everyday|life|01|foley|household|bathroom|water|activating|the|flush|of|toilet|toilet|flush|01wav|everyday life 01|smartsoundfx"
"SBahob_Agapornis Single Call 013.wav","A Handful Of Birds","Sonic Bat","https://sonniss.com/product/a-handful-of-birds","/Sonic Bat - A Handful Of Birds/SBahob_Agapornis Single Call 013.wav","single|call|from|a|lovebird|sbahob_agapornis|call|013wav|a handful of birds|sonic bat"
"SBahob_Psittacula Krameri Single Call 002.wav","A Handful Of Birds","Sonic Bat","https://sonniss.com/product/a-handful-of-birds","/Sonic Bat - A Handful Of Birds/SBahob_Psittacula Krameri Single Call 002.wav","single|call|from|a|roseringed|parakeet|sbahob_psittacula|krameri|call|002wav|a handful of birds|sonic bat"
"SBahob_Serinus Canaria Domesticus Singing 013.wav","A Handful Of Birds","Sonic Bat","https://sonniss.com/product/a-handful-of-birds","/Sonic Bat - A Handful Of Birds/SBahob_Serinus Canaria Domesticus Singing 013.wav","singing|from|a|domestic|canary|sbahob_serinus|canaria|domesticus|013wav|a handful of birds|sonic bat"
"SBahob_Trichoglossus Moluccanusi Single Call 047.wav","A Handful Of Birds","Sonic Bat","https://sonniss.com/product/a-handful-of-birds","/Sonic Bat - A Handful Of Birds/SBahob_Trichoglossus Moluccanusi Single Call 047.wav","single|call|from|a|rainbow|lorikeet|sbahob_trichoglossus|moluccanusi|call|047wav|a handful of birds|sonic bat"
"SBapa_Frankfurt Airport 002.wav","Airport & Plane Ambience","Sonic Bat","https://sonniss.com/product/airport-plane-ambience","/Sonic Bat - Airport & Plane Ambience/SBapa_Frankfurt Airport 002.wav","regular|airport|ambience|with|announcements|in|german|and|english|sbapa_frankfurt|airport|002wav|airport & plane ambience|sonic bat"
"SBapa_Plane Before Take Off 002.wav","Airport & Plane Ambience","Sonic Bat","https://sonniss.com/product/airport-plane-ambience","/Sonic Bat - Airport & Plane Ambience/SBapa_Plane Before Take Off 002.wav","plane|passengers|settling|in|their|seats|and|taking|care|of|luggage|before|take|off|with|announcement|french|english|sbapa_plane|before|take|off|002wav|airport & plane ambience|sonic bat"
"SBAcspb_Tight Corner Pass-By 002.wav","Ambisonics - Caterham Series Pass-By","Sonic Bat","https://sonniss.com/product/ambisonics-caterham-series-pass-by","/Sonic Bat - Ambisonics - Caterham Series Pass-By/SBAcspb_Tight Corner Pass-By 002.wav","multiple|racing|caterham|series|vehicles|passingby|at|a|tight|corner|with|lots|of|engines|revving|panning|drifting|and|driving|off|into|the|distance|speaker|commenting|on|race|in|english|portuguese|followed|by|end|sbacspb_tight|corner|passby|002wav|ambisonics - caterham series pass-by|sonic bat"
"SBAgtspb_Tight Corner Pass-By 006.wav","Ambisonics - GT Series Pass-By","Sonic Bat","https://sonniss.com/product/ambisonics-gt-series-pass-by","/Sonic Bat - Ambisonics - GT Series Pass-By/SBAgtspb_Tight Corner Pass-By 006.wav","multiple|gt|series|vehicles|stopping|at|a|tight|corner|followed|by|porsche|having|engine|issues|continuing|but|ultimately|red|flag|and|all|entering|the|pit|lane|sbagtspb_tight|corner|passby|006wav|ambisonics - gt series pass-by|sonic bat"
"SBAl_Baixa Chiado Subway Station Upper Floor 001.wav","Ambisonics - Lisbon","Sonic Bat","https://sonniss.com/product/ambisonics-lisbon","/Sonic Bat - Ambisonics - Lisbon/SBAl_Baixa Chiado Subway Station Upper Floor 001.wav","subway|station|ambience|with|trains|arriving|and|departing|on|the|floor|below|sbal_baixa|chiado|station|upper|floor|001wav|ambisonics - lisbon|sonic bat"
"SBAl_Ladra Flea Market 003.wav","Ambisonics - Lisbon","Sonic Bat","https://sonniss.com/product/ambisonics-lisbon","/Sonic Bat - Ambisonics - Lisbon/SBAl_Ladra Flea Market 003.wav","flea|market|ambience|sbal_ladra|market|003wav|ambisonics - lisbon|sonic bat"
"SBAl_Sodré Pier Station Escalators Detail 001.wav","Ambisonics - Lisbon","Sonic Bat","https://sonniss.com/product/ambisonics-lisbon","/Sonic Bat - Ambisonics - Lisbon/SBAl_Sodré Pier Station Escalators Detail 001.wav","climbing|escalators|on|a|busy|subway|station|sbal_sodré|pier|station|escalators|detail|001wav|ambisonics - lisbon|sonic bat"
"SBAndc_Drilling 003.wav","Ambisonics - Next Door Construction","Sonic Bat","https://sonniss.com/product/ambisonics-next-door-construction","/Sonic Bat - Ambisonics - Next Door Construction/SBAndc_Drilling 003.wav","closeby|heavy|drilling|sbandc_drilling|003wav|ambisonics - next door construction|sonic bat"
"SBArcc1pb_Finish Line Pass-By 002.wav","Ambisonics - Racing Citröen C1 Pass-By","Sonic Bat","https://sonniss.com/product/ambisonics-racing-citroen-c1-pass-by","/Sonic Bat - Ambisonics - Racing Citröen C1 Pass-By/SBArcc1pb_Finish Line Pass-By 002.wav","multiple|passbys|of|racing|citrc6ens|c1|at|the|finish|line|with|speaker|commenting|on|race|in|portuguese|sbarcc1pb_finish|line|passby|002wav|ambisonics - racing citröen c1 pass-by|sonic bat"
"SBArmpb_Finish Line Pass-By 003.wav","Ambisonics - Racing Motorcycles Pass-By","Sonic Bat","https://sonniss.com/product/ambisonics-racing-motorcycles-pass-by","/Sonic Bat - Ambisonics - Racing Motorcycles Pass-By/SBArmpb_Finish Line Pass-By 003.wav","multiple|passbys|of|racing|motorcycles|at|the|finish|line|followed|by|end|race|sbarmpb_finish|line|passby|003wav|ambisonics - racing motorcycles pass-by|sonic bat"
"SBAr_Fire Department Siren 001.wav","Ambisonics - Roomtones","Sonic Bat","https://sonniss.com/product/ambisonics-roomtones-sounds-effects-library","/Sonic Bat - Ambisonics - Roomtones/SBAr_Fire Department Siren 001.wav","oepn|window|roomtone|with|fire|department|siren|moderate|traffic|sbar_fire|department|siren|001wav|ambisonics - roomtones|sonic bat"
"SBAr_Ground Floor Bathroom 003.wav","Ambisonics - Roomtones","Sonic Bat","https://sonniss.com/product/ambisonics-roomtones-sounds-effects-library","/Sonic Bat - Ambisonics - Roomtones/SBAr_Ground Floor Bathroom 003.wav","quiet|bathroom|ambience|with|neighbours|chatting|sbar_ground|floor|bathroom|003wav|ambisonics - roomtones|sonic bat"
"SBAr_Ground Floor Kitchen Open Window Rain 001.wav","Ambisonics - Roomtones","Sonic Bat","https://sonniss.com/product/ambisonics-roomtones-sounds-effects-library","/Sonic Bat - Ambisonics - Roomtones/SBAr_Ground Floor Kitchen Open Window Rain 001.wav","rainy|kitchen|ambience|with|construction|sounds|and|occasional|thumping|open|windows|sbar_ground|floor|kitchen|window|rain|001wav|ambisonics - roomtones|sonic bat"
"SBAr2_First Floor Kitchen 001.wav","Ambisonics - Roomtones II","Sonic Bat","https://sonniss.com/product/ambisonics-roomtones-ii-sound-effects","/Sonic Bat - Ambisonics - Roomtones II/SBAr2_First Floor Kitchen 001.wav","kitchen|ambience|with|prominent|fridge|hum|and|ticking|clock|occasional|traffic|passingby|sbar2_first|floor|001wav|ambisonics - roomtones ii|sonic bat"
"SBAspb_Finish Line Pass-By 003.wav","Ambisonics - Superbikes Pass-By","Sonic Bat","https://sonniss.com/product/ambisonics-superbikes-pass-by","/Sonic Bat - Ambisonics - Superbikes Pass-By/SBAspb_Finish Line Pass-By 003.wav","multiple|passbys|of|racing|superbikes|at|the|finish|line|sbaspb_finish|line|passby|003wav|ambisonics - superbikes pass-by|sonic bat"
"SBAww_Cane Fields 001.wav","Ambisonics - Wintertime Woods","Sonic Bat","https://sonniss.com/product/ambisonics-wintertime-woods","/Sonic Bat - Ambisonics - Wintertime Woods/SBAww_Cane Fields 001.wav","intense|cane|field|movement|heavy|wind|and|lots|of|creaking|sbaww_cane|fields|001wav|ambisonics - wintertime woods|sonic bat"
"SBAww_Mountain Ridge 001.wav","Ambisonics - Wintertime Woods","Sonic Bat","https://sonniss.com/product/ambisonics-wintertime-woods","/Sonic Bat - Ambisonics - Wintertime Woods/SBAww_Mountain Ridge 001.wav","constant|foliage|rustling|with|moderate|creaking|heavy|wind|sbaww_mountain|ridge|001wav|ambisonics - wintertime woods|sonic bat"
"SBAz_Aviary 003.wav","Ambisonics - Zoo","Sonic Bat","https://sonniss.com/product/ambisonics-zoo","/Sonic Bat - Ambisonics - Zoo/SBAz_Aviary 003.wav","aviary|ambience|with|prominent|cockatoo|macaw|and|parrot|calls|sbaz_aviary|003wav|ambisonics - zoo|sonic bat"
"SBAz_Farm Ambience 005.wav","Ambisonics - Zoo","Sonic Bat","https://sonniss.com/product/ambisonics-zoo","/Sonic Bat - Ambisonics - Zoo/SBAz_Farm Ambience 005.wav","farm|ambience|with|lots|of|chickens|roosters|hogs|and|other|bird|species|making|constant|calls|large|crowd|passingby|sbaz_farm|ambience|005wav|ambisonics - zoo|sonic bat"
"SBAz_Zoo Ambience Close to Emu and Rhea Enclosures 003.wav","Ambisonics - Zoo","Sonic Bat","https://sonniss.com/product/ambisonics-zoo","/Sonic Bat - Ambisonics - Zoo/SBAz_Zoo Ambience Close to Emu and Rhea Enclosures 003.wav","zoo|ambience|close|to|ratite|enclosures|with|ocasional|grunts|and|footsteps|distant|gibbons|small|crowd|sbaz_zoo|ambience|close|emu|rhea|enclosures|003wav|ambisonics - zoo|sonic bat"
"SBAz_Zoo Ambience with Distant White-Handed Gibbon Calls 001.wav","Ambisonics - Zoo","Sonic Bat","https://sonniss.com/product/ambisonics-zoo","/Sonic Bat - Ambisonics - Zoo/SBAz_Zoo Ambience with Distant White-Handed Gibbon Calls 001.wav","zoo|ambience|close|to|whitehanded|gibbon|enclosure|constantly|vocalizing|large|crowd|passingby|sbaz_zoo|ambience|with|distant|calls|001wav|ambisonics - zoo|sonic bat"
"SBbbr_Closing BB Rifle After Pumping 007.wav","BB Rifle","Sonic Bat","https://sonniss.com/product/bb-rifle-sound-effects-library","/Sonic Bat - BB Rifle/SBbbr_Closing BB Rifle After Pumping 007.wav","cocking|sound|from|bb|rifle's|piston|drive|spring|mechanism|after|pumping|compression|chamber|sbbbr_closing|rifle|after|pumping|007wav|bb rifle|sonic bat"
"SBbbr_Grabbing BB Rifle 017.wav","BB Rifle","Sonic Bat","https://sonniss.com/product/bb-rifle-sound-effects-library","/Sonic Bat - BB Rifle/SBbbr_Grabbing BB Rifle 017.wav","foley|sounds|from|grabbing|the|bb|rifle|sbbbr_grabbing|rifle|017wav|bb rifle|sonic bat"
"SBbbr_Jiggling BB Rifle 019.wav","BB Rifle","Sonic Bat","https://sonniss.com/product/bb-rifle-sound-effects-library","/Sonic Bat - BB Rifle/SBbbr_Jiggling BB Rifle 019.wav","foley|sounds|from|jiggling|the|bb|rifle|sbbbr_jiggling|rifle|019wav|bb rifle|sonic bat"
"SBbbr_Shooting BB Rifle 003.wav","BB Rifle","Sonic Bat","https://sonniss.com/product/bb-rifle-sound-effects-library","/Sonic Bat - BB Rifle/SBbbr_Shooting BB Rifle 003.wav","single|shot|sound|from|the|bb|rifle|sbbbr_shooting|rifle|003wav|bb rifle|sonic bat"
"SBsd_Dark Resonance 001.wav","Sci-Fi Interface Bundle","Sonic Bat","https://sonniss.com/product/sci-fi-interface-bundle","/Sonic Bat - Sci-Fi Interface Bundle/SBsd_Dark Resonance 001.wav","short|spectral|sounding|drones|sbsd_dark|resonance|001wav|sci-fi interface bundle|sonic bat"
"SBsfi1_Positive Select Click 008.wav","Sci-Fi Interface Bundle","Sonic Bat","https://sonniss.com/product/sci-fi-interface-bundle","/Sonic Bat - Sci-Fi Interface Bundle/SBsfi1_Positive Select Click 008.wav","sbsfi1_positive|select|click|008wav|sci-fi interface bundle|sonic bat"
"SBsfi2_Data Explosions 002.wav","Sci-Fi Interface Bundle","Sonic Bat","https://sonniss.com/product/sci-fi-interface-bundle","/Sonic Bat - Sci-Fi Interface Bundle/SBsfi2_Data Explosions 002.wav","data|bursts|with|buildup|sbsfi2_data|explosions|002wav|sci-fi interface bundle|sonic bat"
"SBsfi2_Old Cable TV Box Activity 001.wav","Sci-Fi Interface Bundle","Sonic Bat","https://sonniss.com/product/sci-fi-interface-bundle","/Sonic Bat - Sci-Fi Interface Bundle/SBsfi2_Old Cable TV Box Activity 001.wav","booting|up|electromagnetic|sounds|sbsfi2_old|cable|tv|box|activity|001wav|sci-fi interface bundle|sonic bat"
"SBttp_Paper Tearing 001.wav","Turning The Page","Sonic Bat","https://sonniss.com/product/turning-the-page","/Sonic Bat - Turning The Page/SBttp_Paper Tearing 001.wav","multiple|intensity|takes|of|paper|being|teared|sbttp_paper|tearing|001wav|turning the page|sonic bat"
"SBttp_Pencil 001.wav","Turning The Page","Sonic Bat","https://sonniss.com/product/turning-the-page","/Sonic Bat - Turning The Page/SBttp_Pencil 001.wav","multiple|takes|of|writing|with|a|pencil|sbttp_pencil|001wav|turning the page|sonic bat"
"SBttp_Regular Book Flip Through 001.wav","Turning The Page","Sonic Bat","https://sonniss.com/product/turning-the-page","/Sonic Bat - Turning The Page/SBttp_Regular Book Flip Through 001.wav","oneshot|regular|book|flip|throughs|sbttp_regular|book|flip|through|001wav|turning the page|sonic bat"
"SBttp_Typewriter 001.wav","Turning The Page","Sonic Bat","https://sonniss.com/product/turning-the-page","/Sonic Bat - Turning The Page/SBttp_Typewriter 001.wav","long|take|of|typing|sbttp_typewriter|001wav|turning the page|sonic bat"
"SBve_Chevrolet Cruze Idle 2000RPM 3000RPM 4000RPM 002 Exterior.wav","Vehicle Essentials","Sonic Bat","https://sonniss.com/product/vehicle-essentials","/Sonic Bat - Vehicle Essentials/SBve_Chevrolet Cruze Idle 2000RPM 3000RPM 4000RPM 002 Exterior.wav","engine|revving|at|idle|2000|3000|and|4000|rpms|perspective|sbve_chevrolet|cruze|idle|2000rpm|3000rpm|4000rpm|002|exteriorwav|vehicle essentials|sonic bat"
"SBve_Chevrolet Cruze Window Closing.wav","Vehicle Essentials","Sonic Bat","https://sonniss.com/product/vehicle-essentials","/Sonic Bat - Vehicle Essentials/SBve_Chevrolet Cruze Window Closing.wav","oneshot|window|closing|sounds|sbve_chevrolet|cruze|window|closingwav|vehicle essentials|sonic bat"
"SBve_Fiat 500 Interior Drive 002.wav","Vehicle Essentials","Sonic Bat","https://sonniss.com/product/vehicle-essentials","/Sonic Bat - Vehicle Essentials/SBve_Fiat 500 Interior Drive 002.wav","long|take|of|the|car|driving|around|with|very|light|to|moderate|traffic|on|different|road|type|sbve_fiat|500|interior|drive|002wav|vehicle essentials|sonic bat"
"SBve_Mazda MX-5 Seat Belt.wav","Vehicle Essentials","Sonic Bat","https://sonniss.com/product/vehicle-essentials","/Sonic Bat - Vehicle Essentials/SBve_Mazda MX-5 Seat Belt.wav","oneshot|seat|belt|being|pulled|sounds|sbve_mazda|mx5|seat|beltwav|vehicle essentials|sonic bat"
"SBvfe1_Door Handle D 002.wav","Videogame Foley Essentials Vol. I","Sonic Bat","https://sonniss.com/product/videogame-foley-essentials-vol-i","/Sonic Bat - Videogame Foley Essentials Vol. I/SBvfe1_Door Handle D 002.wav","simple|door|handle|sbvfe1_door|handle|d|002wav|videogame foley essentials vol. i|sonic bat"
"SBvfe1_Dragging Metal Plate 012.wav","Videogame Foley Essentials Vol. I","Sonic Bat","https://sonniss.com/product/videogame-foley-essentials-vol-i","/Sonic Bat - Videogame Foley Essentials Vol. I/SBvfe1_Dragging Metal Plate 012.wav","mediumsized|metal|plate|being|dragged|on|floor|sbvfe1_dragging|metal|plate|012wav|videogame foley essentials vol. i|sonic bat"
"SBvfe1_Jiggling Belt Buckle 004.wav","Videogame Foley Essentials Vol. I","Sonic Bat","https://sonniss.com/product/videogame-foley-essentials-vol-i","/Sonic Bat - Videogame Foley Essentials Vol. I/SBvfe1_Jiggling Belt Buckle 004.wav","regular|belt|buckle|jiggling|sbvfe1_jiggling|belt|buckle|004wav|videogame foley essentials vol. i|sonic bat"
"SBvfe1_Plastic Knob C 018.wav","Videogame Foley Essentials Vol. I","Sonic Bat","https://sonniss.com/product/videogame-foley-essentials-vol-i","/Sonic Bat - Videogame Foley Essentials Vol. I/SBvfe1_Plastic Knob C 018.wav","plastic|knob|being|rotated|sbvfe1_plastic|knob|c|018wav|videogame foley essentials vol. i|sonic bat"
"inner_cogwheel_turning_long_upwards_screeching_Rode_NTG2_17.wav","Metal Gears Cast Iron","Sound Design Tiedemann","https://sonniss.com/product/metal-gears-cast-iron-sound-effects-library","/Sound Design Tiedemann - Metal Gears Cast Iron/inner_cogwheel_turning_long_upwards_screeching_Rode_NTG2_17.wav","inner_cogwheel_turning_long_upwards_screeching_rode_ntg2_17wav|metal gears cast iron|sound design tiedemann"
"inner_cogwheel_turning_medium_downwards_fast_NTG2 + C417_04.wav","Metal Gears Cast Iron","Sound Design Tiedemann","https://sonniss.com/product/metal-gears-cast-iron-sound-effects-library","/Sound Design Tiedemann - Metal Gears Cast Iron/inner_cogwheel_turning_medium_downwards_fast_NTG2 + C417_04.wav","inner_cogwheel_turning_medium_downwards_fast_ntg2|+|c417_04wav|metal gears cast iron|sound design tiedemann"
"outer_cogwheel_multiple_hammer_impacts_double-pull downs_AMK_ C417_07.wav","Metal Gears Cast Iron","Sound Design Tiedemann","https://sonniss.com/product/metal-gears-cast-iron-sound-effects-library","/Sound Design Tiedemann - Metal Gears Cast Iron/outer_cogwheel_multiple_hammer_impacts_double-pull downs_AMK_ C417_07.wav","outer_cogwheel_multiple_hammer_impacts_doublepull|downs_amk_|c417_07wav|metal gears cast iron|sound design tiedemann"
"outer_cogwheel_single_hammer_impacts_NTG2 + C417_12.wav","Metal Gears Cast Iron","Sound Design Tiedemann","https://sonniss.com/product/metal-gears-cast-iron-sound-effects-library","/Sound Design Tiedemann - Metal Gears Cast Iron/outer_cogwheel_single_hammer_impacts_NTG2 + C417_12.wav","outer_cogwheel_single_hammer_impacts_ntg2|+|c417_12wav|metal gears cast iron|sound design tiedemann"
"car protests ambient 06 - INT - bikers revving with mazda miata red light windows open stereo.wav","Car Protest","SoundHolder","https://sonniss.com/product/car-protest","/SoundHolder - Car Protest/car protests ambient 06 - INT - bikers revving with mazda miata red light windows open stereo.wav","car|protests|ambient|06|int|bikers|revving|with|mazda|miata|red|light|windows|open|stereowav|car protest|soundholder"
"car protests ambient 08 - INT - center of the protest close car horns windows closed stereo.wav","Car Protest","SoundHolder","https://sonniss.com/product/car-protest","/SoundHolder - Car Protest/car protests ambient 08 - INT - center of the protest close car horns windows closed stereo.wav","car|protests|ambient|08|int|center|of|the|protest|close|horns|windows|closed|stereowav|car protest|soundholder"
"car protests ambient 13 - EXT - distant horns protest ending stereo back.wav","Car Protest","SoundHolder","https://sonniss.com/product/car-protest","/SoundHolder - Car Protest/car protests ambient 13 - EXT - distant horns protest ending stereo back.wav","car|protests|ambient|13|ext|distant|horns|protest|ending|stereo|backwav|car protest|soundholder"
"track corner 01 Fiat Seicento Rally Spec stereo.wav","Race Track Corner","SoundHolder","https://sonniss.com/product/race-track-corner","/SoundHolder - Race Track Corner/track corner 01 Fiat Seicento Rally Spec stereo.wav","track|corner|01|fiat|seicento|rally|spec|stereowav|race track corner|soundholder"
"track corner 05 BMW E36 stereo.wav","Race Track Corner","SoundHolder","https://sonniss.com/product/race-track-corner","/SoundHolder - Race Track Corner/track corner 05 BMW E36 stereo.wav","track|corner|05|bmw|e36|stereowav|race track corner|soundholder"
"track corner 20 Subaru WRX stereo.wav","Race Track Corner","SoundHolder","https://sonniss.com/product/race-track-corner","/SoundHolder - Race Track Corner/track corner 20 Subaru WRX stereo.wav","track|corner|20|subaru|wrx|stereowav|race track corner|soundholder"
"race track passes 16 RX8 2JZ, Skyline R33 mono mid corner.wav","Race Track Passes – Japanese Cars","SoundHolder","https://sonniss.com/product/race-track-passes-japanese-cars","/SoundHolder - Race Track Passes – Japanese Cars/race track passes 16 RX8 2JZ, Skyline R33 mono mid corner.wav","race|track|passes|16|rx8|2jz|skyline|r33|mono|mid|cornerwav|race track passes – japanese cars|soundholder"
"race track passes 21 Celica, MX5 NA, MR2 stereo side road.wav","Race Track Passes – Japanese Cars","SoundHolder","https://sonniss.com/product/race-track-passes-japanese-cars","/SoundHolder - Race Track Passes – Japanese Cars/race track passes 21 Celica, MX5 NA, MR2 stereo side road.wav","race|track|passes|21|celica|mx5|na|mr2|stereo|side|roadwav|race track passes – japanese cars|soundholder"
"race track passes 27 Silvia, S2000, Impreza stereo side road.wav","Race Track Passes – Japanese Cars","SoundHolder","https://sonniss.com/product/race-track-passes-japanese-cars","/SoundHolder - Race Track Passes – Japanese Cars/race track passes 27 Silvia, S2000, Impreza stereo side road.wav","race|track|passes|27|silvia|s2000|impreza|stereo|side|roadwav|race track passes – japanese cars|soundholder"
"Bowling_Machinery_Ball Return_Fienup_003.wav","Bowling","Soundopolis","https://sonniss.com/product/bowling","/Soundopolis - Bowling/Bowling_Machinery_Ball Return_Fienup_003.wav","bowling|alley|ball|machinery|mechanical|return|thump|impact|clunk|whir|hum|soundopolis|bowling_machinery_ball|return_fienup_003wav|bowling"
"Bowling_Machinery_Pins Resetting_Side Perspective_Fienup_002.wav","Bowling","Soundopolis","https://sonniss.com/product/bowling","/Soundopolis - Bowling/Bowling_Machinery_Pins Resetting_Side Perspective_Fienup_002.wav","bowling|alley|machinery|mechanical|whir|hum|clunk|thump|impact|pins|reset|resetting|button|press|ball|return|roll|whine|soundopolis|bowling_machinery_pins|resetting_side|perspective_fienup_002wav|bowling"
"Bowling_Roll_Gutter Ball_Bowler Perspective_Fienup_001.wav","Bowling","Soundopolis","https://sonniss.com/product/bowling","/Soundopolis - Bowling/Bowling_Roll_Gutter Ball_Bowler Perspective_Fienup_001.wav","bowling|alley|machinery|mechanical|whir|hum|ambience|room|tone|clunk|thump|impact|pins|reset|resetting|ball|roll|gutter|soundopolis|bowling_roll_gutter|ball_bowler|perspective_fienup_001wav|bowling"
"Bowling_Strike_Multiple Pins_Fienup_006.wav","Bowling","Soundopolis","https://sonniss.com/product/bowling","/Soundopolis - Bowling/Bowling_Strike_Multiple Pins_Fienup_006.wav","bowling|alley|strike|pins|ball|impact|thump|clunk|soundopolis|bowling_strike_multiple|pins_fienup_006wav|bowling"
"DSGNDron_EMF_Designed_Drone_Ambience_Forbidden_Cave.wav","Quantum – ElectroMagnetic Field Library","Spectravelers","https://sonniss.com/product/quantum-electromagnetic-field-library","/Spectravelers - Quantum – ElectroMagnetic Field Library/DSGNDron_EMF_Designed_Drone_Ambience_Forbidden_Cave.wav","emf|designed|ambience|drone|dark|low|granular|texture|pulsing|ominous|tension|dsgndron_emf_designed_drone_ambience_forbidden_cavewav|quantum – electromagnetic field library|spectravelers"
"ELECEmf_EMF_RAW_Smartphone_PixelOne_01.wav","Quantum – ElectroMagnetic Field Library","Spectravelers","https://sonniss.com/product/quantum-electromagnetic-field-library","/Spectravelers - Quantum – ElectroMagnetic Field Library/ELECEmf_EMF_RAW_Smartphone_PixelOne_01.wav","emf|raw|smartphone|pixel|one|low|med|frequency|hum|buzz|signal|ratchet|rattle|crackle|electro|magnetic|field|elecemf_emf_raw_smartphone_pixelone_01wav|quantum – electromagnetic field library|spectravelers"
"SCIMach_EMF_Toolkit_Machine_Idle_013.wav","Quantum – ElectroMagnetic Field Library","Spectravelers","https://sonniss.com/product/quantum-electromagnetic-field-library","/Spectravelers - Quantum – ElectroMagnetic Field Library/SCIMach_EMF_Toolkit_Machine_Idle_013.wav","emf|toolkit|machine|idle|running|scimach_emf_toolkit_machine_idle_013wav|quantum – electromagnetic field library|spectravelers"
"UIData_EMF_Designed_UI_Lp_Calculation_21.wav","Quantum – ElectroMagnetic Field Library","Spectravelers","https://sonniss.com/product/quantum-electromagnetic-field-library","/Spectravelers - Quantum – ElectroMagnetic Field Library/UIData_EMF_Designed_UI_Lp_Calculation_21.wav","emf|designed|ui|loop|data|calculation|scanning|analog|lowtech|uidata_emf_designed_ui_lp_calculation_21wav|quantum – electromagnetic field library|spectravelers"
"troll_voice_be_there_in_a_jiffy_dry.wav","Character Troll","SpillAudio","https://sonniss.com/product/character-troll-sound-effects-library","/SpillAudio - Character Troll/troll_voice_be_there_in_a_jiffy_dry.wav","gnome|troll|voice|game|be|there|in|a|jiffy|dry|troll_voice_be_there_in_a_jiffy_drywav|character troll|spillaudio"
"troll_voice_i'm_going_as_fast_as_i_can_2_dry_mono.wav","Character Troll","SpillAudio","https://sonniss.com/product/character-troll-sound-effects-library","/SpillAudio - Character Troll/troll_voice_i'm_going_as_fast_as_i_can_2_dry_mono.wav","gnome|troll|voice|game|i'm|going|as|fast|can|dry|troll_voice_i'm_going_as_fast_as_i_can_2_dry_monowav|character troll|spillaudio"
"troll_voice_sensors_off_dry.wav","Character Troll","SpillAudio","https://sonniss.com/product/character-troll-sound-effects-library","/SpillAudio - Character Troll/troll_voice_sensors_off_dry.wav","gnome|troll|voice|game|sensors|off|dry|troll_voice_sensors_off_drywav|character troll|spillaudio"
"troll_voice_unstoppable_dry_mono.wav","Character Troll","SpillAudio","https://sonniss.com/product/character-troll-sound-effects-library","/SpillAudio - Character Troll/troll_voice_unstoppable_dry_mono.wav","gnome|troll|voice|game|unstoppable|dry|troll_voice_unstoppable_dry_monowav|character troll|spillaudio"
"Campfire.wav","Pure Nature Ambiences","Stefano Cremona","https://sonniss.com/product/pure-nature-ambiences","/Stefano Cremona - Pure Nature Ambiences/Campfire.wav","campfirewav|pure nature ambiences|stefano cremona"
"Crickets.wav","Pure Nature Ambiences","Stefano Cremona","https://sonniss.com/product/pure-nature-ambiences","/Stefano Cremona - Pure Nature Ambiences/Crickets.wav","cricketswav|pure nature ambiences|stefano cremona"
"ThunderPowerful.wav","Pure Nature Ambiences","Stefano Cremona","https://sonniss.com/product/pure-nature-ambiences","/Stefano Cremona - Pure Nature Ambiences/ThunderPowerful.wav","thunderpowerfulwav|pure nature ambiences|stefano cremona"
"WavesOnRiver.wav","Pure Nature Ambiences","Stefano Cremona","https://sonniss.com/product/pure-nature-ambiences","/Stefano Cremona - Pure Nature Ambiences/WavesOnRiver.wav","wavesonriverwav|pure nature ambiences|stefano cremona"
"VEHBy_Car Pass-By-VEHBy_Car Pass-By-Car Pass-By Slow Speed M01_EXT_SYSO_SYSO012.wav","Mini Themes - Car Foley Seat Ibiza 2019 - Copy","Systematic Sound","https://sonniss.com/product/mini-themes-car-foley-seat-ibiza-2019","/Systematic Sound - Mini Themes - Car Foley Seat Ibiza 2019 - Copy/VEHBy_Car Pass-By-VEHBy_Car Pass-By-Car Pass-By Slow Speed M01_EXT_SYSO_SYSO012.wav","vehicles|everyday|cars|foley|seat|ibiza|2019|driving|passby|slow|speed|exterior|mono|follow|detail|vehby_car|passbyvehby_car|passbycar|passby|slow|speed|m01_ext_syso_syso012wav|mini themes - car foley seat ibiza 2019 - copy|systematic sound"
"VEHCar_Car Foley-Car Ambience AC Running Humm INT_SYSO_SYSO012.wav","Mini Themes - Car Foley Seat Ibiza 2019 - Copy","Systematic Sound","https://sonniss.com/product/mini-themes-car-foley-seat-ibiza-2019","/Systematic Sound - Mini Themes - Car Foley Seat Ibiza 2019 - Copy/VEHCar_Car Foley-Car Ambience AC Running Humm INT_SYSO_SYSO012.wav","vehicles|everyday|cars|foley|seat|ibiza|2019|ac|running|noisy|ambience|interior|vehcar_car|foleycar|humm|int_syso_syso012wav|mini themes - car foley seat ibiza 2019 - copy|systematic sound"
"VEHTire_Car Driving-VEHTire_Car Driving-Car Driving Tires AB BK_EXT_SYSO_SYSO012.wav","Mini Themes - Car Foley Seat Ibiza 2019 - Copy","Systematic Sound","https://sonniss.com/product/mini-themes-car-foley-seat-ibiza-2019","/Systematic Sound - Mini Themes - Car Foley Seat Ibiza 2019 - Copy/VEHTire_Car Driving-VEHTire_Car Driving-Car Driving Tires AB BK_EXT_SYSO_SYSO012.wav","vehicles|everyday|cars|foley|seat|ibiza|2019|driving|slowmedium|speed|on|concrete|&|gravel|tires|rubber|movement|rattling|pebbles|clatter|against|the|body|wind|noise|gentle|enige|sounds|exterior|rear|wheels|stereo|vehtire_car|drivingvehtire_car|drivingcar|tires|ab|bk_ext_syso_syso012wav|mini themes - car foley seat ibiza 2019 - copy|systematic sound"
"Dark Ambience Drone High The Ring.wav","Tonal Elements Atrox – Horror & Tension Elements","Systematic Sound","https://sonniss.com/product/tonal-elements-atrox-horror-tension-elements","/Systematic Sound - Tonal Elements Atrox – Horror & Tension Elements/Dark Ambience Drone High The Ring.wav","atrox|tension|horror|drone|pad|high|pitched|metallic|cymbal|tone|slowly|pulsating|and|modulating|cinematic|etheral|otherworldly|spooky|mysterious|dark|ambience|the|ringwav|tonal elements atrox – horror & tension elements|systematic sound"
"Dark Ambience Drone Sanctuary Of Death.wav","Tonal Elements Atrox – Horror & Tension Elements","Systematic Sound","https://sonniss.com/product/tonal-elements-atrox-horror-tension-elements","/Systematic Sound - Tonal Elements Atrox – Horror & Tension Elements/Dark Ambience Drone Sanctuary Of Death.wav","atrox|tension|horror|drone|pad|huge|spacious|complex|sound|brass|like|avowel|cymbal|tone|element|fading|in|and|out|constantly|evolving|reverberant|lively|cinematic|dark|ominous|mysterious|threatening|ambience|sanctuary|of|deathwav|tonal elements atrox – horror & tension elements|systematic sound"
"Dark Ambience Pad High Screaming Swarm.wav","Tonal Elements Atrox – Horror & Tension Elements","Systematic Sound","https://sonniss.com/product/tonal-elements-atrox-horror-tension-elements","/Systematic Sound - Tonal Elements Atrox – Horror & Tension Elements/Dark Ambience Pad High Screaming Swarm.wav","atrox|tension|horror|drone|pad|harsh|chaotic|high|pitched|strings|texture|tremolo|airy|light|shimmer|shepherd|tone|slowly|evolving|pitch|modulation|cinematic|intensive|anxious|stressful|dark|ambience|screaming|swarmwav|tonal elements atrox – horror & tension elements|systematic sound"
"Dark Ambiences Pad Showdown.wav","Tonal Elements Atrox – Horror & Tension Elements","Systematic Sound","https://sonniss.com/product/tonal-elements-atrox-horror-tension-elements","/Systematic Sound - Tonal Elements Atrox – Horror & Tension Elements/Dark Ambiences Pad Showdown.wav","atrox|tension|horror|drone|pad|dark|growl|constantly|pulsating|throughout|creates|moment|of|suspension|cinematic|thriller|intensive|threatening|rushing|ambiences|showdownwav|tonal elements atrox – horror & tension elements|systematic sound"
"DSGNDron_Sci-Fi Bg Roomtone Spaceship Alert 02_SYSO_SYSO018.wav","Tonal Elements High Tech Soul – Evolving Pads & Sci-Fi Textures","Systematic Sound","https://sonniss.com/product/tonal-elements-high-tech-soul-evolving-pads-sci-fi-textures","/Systematic Sound - Tonal Elements High Tech Soul – Evolving Pads & Sci-Fi Textures/DSGNDron_Sci-Fi Bg Roomtone Spaceship Alert 02_SYSO_SYSO018.wav","high|tech|soul|evolving|pad|synthetic|texture|rhythmical|deep|pulse|and|noisy|swirl|that|sounds|like|a|alarm|signal|medium|speed|/|intensity|pitch|filter|modulation|spacious|reverberant|futuristic|threatening|dangerous|nervous|dsgndron_scifi|bg|roomtone|spaceship|alert|02_syso_syso018wav|tonal elements high tech soul – evolving pads & sci-fi textures|systematic sound"
"DSGNDron_Sci-Fi Drone Light Space Exploration_SYSO_SYSO018.wav","Tonal Elements High Tech Soul – Evolving Pads & Sci-Fi Textures","Systematic Sound","https://sonniss.com/product/tonal-elements-high-tech-soul-evolving-pads-sci-fi-textures","/Systematic Sound - Tonal Elements High Tech Soul – Evolving Pads & Sci-Fi Textures/DSGNDron_Sci-Fi Drone Light Space Exploration_SYSO_SYSO018.wav","high|tech|soul|evolving|pad|synthetic|texture|metallic|reverberant|fairly|dissonant|various|layers|droning|slowly|in|and|out|abstract|futuristic|mysterious|ethereal|dsgndron_scifi|drone|light|space|exploration_syso_syso018wav|tonal elements high tech soul – evolving pads & sci-fi textures|systematic sound"
"DSGNDron_Sci-Fi Pad Analog Lonely Sadness_SYSO_SYSO018.wav","Tonal Elements High Tech Soul – Evolving Pads & Sci-Fi Textures","Systematic Sound","https://sonniss.com/product/tonal-elements-high-tech-soul-evolving-pads-sci-fi-textures","/Systematic Sound - Tonal Elements High Tech Soul – Evolving Pads & Sci-Fi Textures/DSGNDron_Sci-Fi Pad Analog Lonely Sadness_SYSO_SYSO018.wav","high|tech|soul|evolving|pad|synthetic|texture|light|digital|wavetable|minor|chord|progression|soft|airy|noise|whisper|waving|in|and|out|vibrato|constantly|tremolo|lonely|sad|strange|dsgndron_scifi|analog|sadness_syso_syso018wav|tonal elements high tech soul – evolving pads & sci-fi textures|systematic sound"
"DSGNDron_Sci-Fi Pad Digital Fallen Angel_SYSO_SYSO018.wav","Tonal Elements High Tech Soul – Evolving Pads & Sci-Fi Textures","Systematic Sound","https://sonniss.com/product/tonal-elements-high-tech-soul-evolving-pads-sci-fi-textures","/Systematic Sound - Tonal Elements High Tech Soul – Evolving Pads & Sci-Fi Textures/DSGNDron_Sci-Fi Pad Digital Fallen Angel_SYSO_SYSO018.wav","high|tech|soul|evolving|pad|synthetic|texture|complex|digital|harmonic|minor|modulation|deep|spacious|rumble|voice|like|soft|avowel|tones|constantly|fading|in|and|out|sad|lonely|empty|dsgndron_scifi|fallen|angel_syso_syso018wav|tonal elements high tech soul – evolving pads & sci-fi textures|systematic sound"
"Dark Drone Deep Waves Of Darkness.wav","Tonal Elements Obscurum – Dark Drones","Systematic Sound","https://sonniss.com/product/tonal-elements-obscurum-dark-drones","/Systematic Sound - Tonal Elements Obscurum – Dark Drones/Dark Drone Deep Waves Of Darkness.wav","obscurum|dark|drone|pad|deep|and|resonant|synth|growl|bass|sustained|tonal|constantly|evolving|cinematic|scifi|heavy|intensive|claustrophobic|strange|waves|of|darknesswav|tonal elements obscurum – dark drones|systematic sound"
"Dark Drone Intensive Electric Waves.wav","Tonal Elements Obscurum – Dark Drones","Systematic Sound","https://sonniss.com/product/tonal-elements-obscurum-dark-drones","/Systematic Sound - Tonal Elements Obscurum – Dark Drones/Dark Drone Intensive Electric Waves.wav","obscurum|dark|drone|pad|buzzing|detuned|wide|synth|bass|soft|noise|sweeps|complex|evolving|high|pitched|background|ringing|fuzzy|distortion|cinematic|scifi|dangerous|mysterious|intensive|ethereal|electric|waveswav|tonal elements obscurum – dark drones|systematic sound"
"Dark Pad Aggressive SuperSaw Madness.wav","Tonal Elements Obscurum – Dark Drones","Systematic Sound","https://sonniss.com/product/tonal-elements-obscurum-dark-drones","/Systematic Sound - Tonal Elements Obscurum – Dark Drones/Dark Pad Aggressive SuperSaw Madness.wav","obscurum|dark|drone|pad|rich|energetic|super|saw|heavy|distorted|and|detuned|phasing|filter|modulation|spacious|cinematic|thriller|aggressive|intensive|evil|threatening|supersaw|madnesswav|tonal elements obscurum – dark drones|systematic sound"
"Dark Pad Deep Pulsating Movement.wav","Tonal Elements Obscurum – Dark Drones","Systematic Sound","https://sonniss.com/product/tonal-elements-obscurum-dark-drones","/Systematic Sound - Tonal Elements Obscurum – Dark Drones/Dark Pad Deep Pulsating Movement.wav","obscurum|dark|drone|pad|deep|and|powerful|humming|synth|bass|sustained|heavy|pulsating|at|a|steady|rate|cinematic|thriller|aggressive|intensive|threatening|angry|movementwav|tonal elements obscurum – dark drones|systematic sound"
"E-Scooter Electric Bike - Indoor Parking Garage - Start to MidSpeed to Stop - Bumpy Ride - Spot Tire Mics Only.wav","E-Scooter Electric Bike in Binaural","The Chris Alan","https://sonniss.com/product/e-scooter-electric-bike-in-binaural","/The Chris Alan - E-Scooter Electric Bike in Binaural/E-Scooter Electric Bike - Indoor Parking Garage - Start to MidSpeed to Stop - Bumpy Ride - Spot Tire Mics Only.wav","escooter|electric|bike|indoor|parking|garage|start|to|midspeed|stop|bumpy|ride|spot|tire|mics|only|onlywav|e-scooter electric bike in binaural|the chris alan"
"E-Scooter Electric Bike - Outdoor Open Road - Start to FullSpeed to Stop -  Windy Ride Braking - Spot Tire Mics Only.wav","E-Scooter Electric Bike in Binaural","The Chris Alan","https://sonniss.com/product/e-scooter-electric-bike-in-binaural","/The Chris Alan - E-Scooter Electric Bike in Binaural/E-Scooter Electric Bike - Outdoor Open Road - Start to FullSpeed to Stop -  Windy Ride Braking - Spot Tire Mics Only.wav","escooter|electric|bike|outdoor|open|road|start|to|fullspeed|stop|windy|ride|braking|spot|tire|mics|only|onlywav|e-scooter electric bike in binaural|the chris alan"
"E-Scooter Electric Bike - Outdoor Side Street - Start to MidSpeed to Stop -  Vibrating Ride - Binaural Stereo Mics Only.wav","E-Scooter Electric Bike in Binaural","The Chris Alan","https://sonniss.com/product/e-scooter-electric-bike-in-binaural","/The Chris Alan - E-Scooter Electric Bike in Binaural/E-Scooter Electric Bike - Outdoor Side Street - Start to MidSpeed to Stop -  Vibrating Ride - Binaural Stereo Mics Only.wav","escooter|electric|bike|outdoor|side|street|start|to|midspeed|stop|vibrating|ride|binaural|stereo|mics|only|onlywav|e-scooter electric bike in binaural|the chris alan"
"ANF090.wav","Animal Footsteps Foley - Arachnids","TheWorkRoom Audio Post","https://sonniss.com/product/animal-footsteps-foley-arachnids","/TheWorkRoom Audio Post - Animal Footsteps Foley - Arachnids/ANF090.wav","cement|or|asphalt|footsteps|run|anf090wav|animal footsteps foley - arachnids|theworkroom audio post"
"ANF108.wav","Animal Footsteps Foley - Birds","TheWorkRoom Audio Post","https://sonniss.com/product/animal-footsteps-foley-birds","/TheWorkRoom Audio Post - Animal Footsteps Foley - Birds/ANF108.wav","gravel|footsteps|run|anf108wav|animal footsteps foley - birds|theworkroom audio post"
"ANF063.wav","Animal Footsteps Foley - Crustaceans","TheWorkRoom Audio Post","https://sonniss.com/product/animal-footsteps-foley-crustaceans","/TheWorkRoom Audio Post - Animal Footsteps Foley - Crustaceans/ANF063.wav","sand|footsteps|run|anf063wav|animal footsteps foley - crustaceans|theworkroom audio post"
"ANF082.wav","Animal Footsteps Foley - Hooves","TheWorkRoom Audio Post","https://sonniss.com/product/animal-footsteps-foley-hooves","/TheWorkRoom Audio Post - Animal Footsteps Foley - Hooves/ANF082.wav","cement|or|asphalt|footsteps|individual|(|with|metal|shoes|)|anf082wav|animal footsteps foley - hooves|theworkroom audio post"
"ANF036.wav","Animal Footsteps Foley - Insects","TheWorkRoom Audio Post","https://sonniss.com/product/animal-footsteps-foley-insects","/TheWorkRoom Audio Post - Animal Footsteps Foley - Insects/ANF036.wav","sand|footsteps|run|anf036wav|animal footsteps foley - insects|theworkroom audio post"
"ANF003.wav","Animal Footsteps Foley - Paws With Claws","TheWorkRoom Audio Post","https://sonniss.com/product/animal-footsteps-foley-paws-with-claws","/TheWorkRoom Audio Post - Animal Footsteps Foley - Paws With Claws/ANF003.wav","cement|or|asphalt|footsteps|run|anf003wav|animal footsteps foley - paws with claws|theworkroom audio post"
"ANF024.wav","Animal Footsteps Foley - Paws Without Claws","TheWorkRoom Audio Post","https://sonniss.com/product/animal-footsteps-foley-paws-without-claws","/TheWorkRoom Audio Post - Animal Footsteps Foley - Paws Without Claws/ANF024.wav","gravel|footsteps|run|anf024wav|animal footsteps foley - paws without claws|theworkroom audio post"
"ANF045.wav","Animal Footsteps Foley - Reptiles & Rodents","TheWorkRoom Audio Post","https://sonniss.com/product/animal-footsteps-foley-reptiles-rodents","/TheWorkRoom Audio Post - Animal Footsteps Foley - Reptiles & Rodents/ANF045.wav","cement|or|asphalt|footsteps|run|anf045wav|animal footsteps foley - reptiles & rodents|theworkroom audio post"
"CW007.wav","Champagne & Wine Commercials","TheWorkRoom Audio Post","https://sonniss.com/product/champagne-wine-commercials","/TheWorkRoom Audio Post - Champagne & Wine Commercials/CW007.wav","designed|slow|motion|wine|drop|cw007wav|champagne & wine commercials|theworkroom audio post"
"CWSD002.wav","Champagne & Wine Commercials","TheWorkRoom Audio Post","https://sonniss.com/product/champagne-wine-commercials","/TheWorkRoom Audio Post - Champagne & Wine Commercials/CWSD002.wav","champagne|pour|with|fx|cwsd002wav|champagne & wine commercials|theworkroom audio post"
"C&S021.wav","Condiments & Spices","TheWorkRoom Audio Post","https://sonniss.com/product/condiments-spices","/TheWorkRoom Audio Post - Condiments & Spices/C&S021.wav","dry|spice|container|shake|slow|c&s021wav|condiments & spices|theworkroom audio post"
"C&S035.wav","Condiments & Spices","TheWorkRoom Audio Post","https://sonniss.com/product/condiments-spices","/TheWorkRoom Audio Post - Condiments & Spices/C&S035.wav","course|spices|rubbed|between|fingers|c&s035wav|condiments & spices|theworkroom audio post"
"DIG002.wav","Digging","TheWorkRoom Audio Post","https://sonniss.com/product/digging","/TheWorkRoom Audio Post - Digging/DIG002.wav","sand|large|spade|/|shovel|digging|using|foot|dig002wav|theworkroom audio post"
"DIG043.wav","Digging","TheWorkRoom Audio Post","https://sonniss.com/product/digging","/TheWorkRoom Audio Post - Digging/DIG043.wav","gravel|large|spade|/|shovel|digging|using|hand|dig043wav|theworkroom audio post"
"DIG056.wav","Digging","TheWorkRoom Audio Post","https://sonniss.com/product/digging","/TheWorkRoom Audio Post - Digging/DIG056.wav","gravel|garden|fork|dragged|on|ground|&|scrapes|dig056wav|digging|theworkroom audio post"
"QR001 Human Presence Large Room Busy 5.1.wav","Human Presence In Quiet Rooms","TheWorkRoom Audio Post","https://sonniss.com/product/human-presence-in-quiet-rooms","/TheWorkRoom Audio Post - Human Presence In Quiet Rooms/QR001 Human Presence Large Room Busy 5.1.wav","human|presence|large|room|busy|chair|shuffle|coughs|qr001|51wav|human presence in quiet rooms|theworkroom audio post"
"DRI009.wav","Real Everyday Driving","TheWorkRoom Audio Post","https://sonniss.com/product/real-everyday-driving","/TheWorkRoom Audio Post - Real Everyday Driving/DRI009.wav","interior|hyundai|i20|14l|2014|petrol|manual|door|open|&|close|seatbelt|keys|ignition|start|handbrake|driving|asphalt|tar|cobblestone|stop|engine|off|dri009wav|real everyday driving|theworkroom audio post"
"DRI010.wav","Real Everyday Driving","TheWorkRoom Audio Post","https://sonniss.com/product/real-everyday-driving","/TheWorkRoom Audio Post - Real Everyday Driving/DRI010.wav","exhaust|hyundai|i20|14l|2014|petrol|manual|door|open|&|close|seatbelt|keys|ignition|start|handbrake|driving|asphalt|tar|cobblestone|stop|engine|off|dri010wav|real everyday driving|theworkroom audio post"
"SAE008.wav","South African Ambiences - Exteriors 2","TheWorkRoom Audio Post","https://sonniss.com/product/south-african-ambiences-exteriors-2","/TheWorkRoom Audio Post - South African Ambiences - Exteriors 2/SAE008.wav","gugulethu|township|street|ambience|near|shop|exterior|walla|kids|playing|taxi|horns|sae008wav|south african ambiences - exteriors 2|theworkroom audio post"
"SAE021.wav","South African Ambiences - Exteriors 2","TheWorkRoom Audio Post","https://sonniss.com/product/south-african-ambiences-exteriors-2","/TheWorkRoom Audio Post - South African Ambiences - Exteriors 2/SAE021.wav","cape|town|vista|high|school|near|classrooms|lunch|break|kids|walla|teacher|speaking|sae021wav|south african ambiences - exteriors 2|theworkroom audio post"
"SAE031.wav","South African Ambiences - Exteriors 2","TheWorkRoom Audio Post","https://sonniss.com/product/south-african-ambiences-exteriors-2","/TheWorkRoom Audio Post - South African Ambiences - Exteriors 2/SAE031.wav","cape|town|train|station|mini|market|ambience|general|walla|taxi|horns|sae031wav|south african ambiences - exteriors 2|theworkroom audio post"
"SAI007.wav","South African Ambiences - Interiors 2","TheWorkRoom Audio Post","https://sonniss.com/product/south-african-ambiences-interiors-2","/TheWorkRoom Audio Post - South African Ambiences - Interiors 2/SAI007.wav","nyanga|township|ambience|interior|lite|rain|on|tin|shack|roof|sai007wav|south african ambiences - interiors 2|theworkroom audio post"
"SAI014.wav","South African Ambiences - Interiors 2","TheWorkRoom Audio Post","https://sonniss.com/product/south-african-ambiences-interiors-2","/TheWorkRoom Audio Post - South African Ambiences - Interiors 2/SAI014.wav","cape|town|golden|acre|shopping|center|ambience|general|walla|lite|trolleys|sai014wav|south african ambiences - interiors 2|theworkroom audio post"
"SAB_SRD009.wav","South African Bars","TheWorkRoom Audio Post","https://sonniss.com/product/south-african-bars","/TheWorkRoom Audio Post - South African Bars/SAB_SRD009.wav","surround|reaction|men|and|women|cheer|elated|extended|sab_srd009wav|south african bars|theworkroom audio post"
"SAB_ST004.wav","South African Bars","TheWorkRoom Audio Post","https://sonniss.com/product/south-african-bars","/TheWorkRoom Audio Post - South African Bars/SAB_ST004.wav","stereo|busy|bar|sports|commentary|shouts|pool|tablec|sab_st004wav|south african bars|theworkroom audio post"
"SAS006.wav","South African Soccer Crowds","TheWorkRoom Audio Post","https://sonniss.com/product/south-african-soccer-crowds","/TheWorkRoom Audio Post - South African Soccer Crowds/SAS006.wav","crowd|stadium|mid|cheering|reactions|whistles|vuvuzelas|clapping|excited|sas006wav|south african soccer crowds|theworkroom audio post"
"SAS019.wav","South African Soccer Crowds","TheWorkRoom Audio Post","https://sonniss.com/product/south-african-soccer-crowds","/TheWorkRoom Audio Post - South African Soccer Crowds/SAS019.wav","crowd|stadium|mid|cheering|whistles|clapping|reaction|missed|goal|upset|sas019wav|south african soccer crowds|theworkroom audio post"
"SAS029.wav","South African Soccer Crowds","TheWorkRoom Audio Post","https://sonniss.com/product/south-african-soccer-crowds","/TheWorkRoom Audio Post - South African Soccer Crowds/SAS029.wav","crowd|stadium|close|cheering|whistles|clapping|vuvuzelas|reaction|missed|goal|disappointed|cu|single|fan|sas029wav|south african soccer crowds|theworkroom audio post"
"UWM008.wav","Underwater Movement","TheWorkRoom Audio Post","https://sonniss.com/product/underwater-movement","/TheWorkRoom Audio Post - Underwater Movement/UWM008.wav","bubbles|from|surface|medium|uwm008wav|underwater movement|theworkroom audio post"
"UWM027.wav","Underwater Movement","TheWorkRoom Audio Post","https://sonniss.com/product/underwater-movement","/TheWorkRoom Audio Post - Underwater Movement/UWM027.wav","underwater|ambience|medium|heavy|with|bubbling|uwm027wav|underwater movement|theworkroom audio post"
"UWM032.wav","Underwater Movement","TheWorkRoom Audio Post","https://sonniss.com/product/underwater-movement","/TheWorkRoom Audio Post - Underwater Movement/UWM032.wav","underwater|movement|heavy|uwm032wav|underwater movement|theworkroom audio post"
"Rain, Interior, Garage, Rainfall, Pour, Metal roof.wav","Wind and Rain Interior","Toneglowlibraries","https://sonniss.com/product/wind-and-rain-interior","/toneglowlibraries - Wind and Rain Interior/Rain, Interior, Garage, Rainfall, Pour, Metal roof.wav","garage|interior|atmosphere|with|rainfall|pouring|on|metal|roof|rain|interior|rainfall|pour|metal|roofwav|wind and rain interior|toneglowlibraries"
"Rain, Interior, Window, fat raindrops.wav","Wind and Rain Interior","Toneglowlibraries","https://sonniss.com/product/wind-and-rain-interior","/toneglowlibraries - Wind and Rain Interior/Rain, Interior, Window, fat raindrops.wav","rain|on|window|fat|raindrops|interior|window|raindropswav|wind and rain interior|toneglowlibraries"
"Wind, Interior, Attic, Blustery, Sporadic Raindrops.wav","Wind and Rain Interior","Toneglowlibraries","https://sonniss.com/product/wind-and-rain-interior","/toneglowlibraries - Wind and Rain Interior/Wind, Interior, Attic, Blustery, Sporadic Raindrops.wav","blustery|wind|against|attic|sporadic|raindrops|wind|interior|attic|sporadic|raindropswav|wind and rain interior|toneglowlibraries"
"Wind, Interior, Rooftop, Soft, Whoosh.wav","Wind and Rain Interior","Toneglowlibraries","https://sonniss.com/product/wind-and-rain-interior","/toneglowlibraries - Wind and Rain Interior/Wind, Interior, Rooftop, Soft, Whoosh.wav","medium|wind|against|rooftop|soft|bursts|wind|interior|rooftop|soft|whooshwav|wind and rain interior|toneglowlibraries"
"TK_Glitch_Loop_03.wav","Dark Textures And Digital Glitches 3","Total Kheops","https://sonniss.com/product/dark-textures-and-digital-glitches-3","/Total Kheops - Dark Textures And Digital Glitches 3/TK_Glitch_Loop_03.wav","glitch|loops|tk_glitch_loop_03wav|dark textures and digital glitches 3|total kheops"
"TK_Impact_11.wav","Dark Textures And Digital Glitches 3","Total Kheops","https://sonniss.com/product/dark-textures-and-digital-glitches-3","/Total Kheops - Dark Textures And Digital Glitches 3/TK_Impact_11.wav","impacts|tk_impact_11wav|dark textures and digital glitches 3|total kheops"
"TK_Weird_14.wav","Dark Textures And Digital Glitches 3","Total Kheops","https://sonniss.com/product/dark-textures-and-digital-glitches-3","/Total Kheops - Dark Textures And Digital Glitches 3/TK_Weird_14.wav","weird|sounds|tk_weird_14wav|dark textures and digital glitches 3|total kheops"
"TK_Woosh_14.wav","Dark Textures And Digital Glitches 3","Total Kheops","https://sonniss.com/product/dark-textures-and-digital-glitches-3","/Total Kheops - Dark Textures And Digital Glitches 3/TK_Woosh_14.wav","whooshes|tk_woosh_14wav|dark textures and digital glitches 3|total kheops"
"AMBInd_Industrial Town - Ambience - IT02, Close Distance, City Hum, Night, Electric Buzz, Industrial, Winter_WWA_DCMP_KM184s-ORTF.wav","Distant Cities And Morning Parks","West Wolf","https://sonniss.com/product/distant-cities-and-morning-parks","/West Wolf - Distant Cities And Morning Parks/AMBInd_Industrial Town - Ambience - IT02, Close Distance, City Hum, Night, Electric Buzz, Industrial, Winter_WWA_DCMP_KM184s-ORTF.wav","industrial|town|ambience|it|02|close|distance|city|hum|night|electric|buzz|winter|ambind_industrial|town|ambience|it02|close|distance|city|hum|night|electric|buzz|industrial|winter_wwa_dcmp_km184sortfwav|distant cities and morning parks|west wolf"
"AMBUrbn_Distant City - Ambience - DC04, Far Distance, City Rumble, Traffic, Distant Siren, Autumn_WWA_DCMP_KM184s-ORTF.wav","Distant Cities And Morning Parks","West Wolf","https://sonniss.com/product/distant-cities-and-morning-parks","/West Wolf - Distant Cities And Morning Parks/AMBUrbn_Distant City - Ambience - DC04, Far Distance, City Rumble, Traffic, Distant Siren, Autumn_WWA_DCMP_KM184s-ORTF.wav","distant|city|ambience|dc|04|far|distance|rumble|traffic|siren|autumn|amburbn_distant|city|ambience|dc04|far|distance|rumble|traffic|distant|siren|autumn_wwa_dcmp_km184sortfwav|distant cities and morning parks|west wolf"
"AMBUrbn_Distant Town - Ambience - DT03, Far Distance, Distant City Rumble, Village, Birds,  Distant Ship, Wetland Area, Winter_WWA_DCMP_MKH8020st.wav","Distant Cities And Morning Parks","West Wolf","https://sonniss.com/product/distant-cities-and-morning-parks","/West Wolf - Distant Cities And Morning Parks/AMBUrbn_Distant Town - Ambience - DT03, Far Distance, Distant City Rumble, Village, Birds,  Distant Ship, Wetland Area, Winter_WWA_DCMP_MKH8020st.wav","distant|town|ambience|dt|03|far|distance|city|rumble|village|birds|ship|wetland|area|winter|amburbn_distant|town|ambience|dt03|far|distance|distant|city|rumble|village|birds|ship|wetland|area|winter_wwa_dcmp_mkh8020stwav|distant cities and morning parks|west wolf"
"AMBRoom_Hotel Corridor - Room Tone - HC16, Old Hotel, Corridor, Quiet, Empty, Distant Light Human Activity, Night_WWA_QHAN2_Usi Pro AB.wav","Quiet Hotels At Night Vol.2","West Wolf","https://sonniss.com/product/quiet-hotels-at-night-vol-2","/West Wolf - Quiet Hotels At Night Vol.2/AMBRoom_Hotel Corridor - Room Tone - HC16, Old Hotel, Corridor, Quiet, Empty, Distant Light Human Activity, Night_WWA_QHAN2_Usi Pro AB.wav","ambroom|hotel|corridor|room|tone|hc|16|old|quiet|empty|distant|light|human|activity|nigh|wwa|qhan|usi|pro|ab|ambroom_hotel|hc16|night_wwa_qhan2_usi|abwav|quiet hotels at night vol.2|west wolf"
"AMBRoom_Hotel Staircase - Room Tone - HS03, Hotel Staircase, Service Staircase,  Quiet, Evening, 09_00 pm, 2th floor_WWA_QHAN2_Neumann KM184st_ORTF.wav","Quiet Hotels At Night Vol.2","West Wolf","https://sonniss.com/product/quiet-hotels-at-night-vol-2","/West Wolf - Quiet Hotels At Night Vol.2/AMBRoom_Hotel Staircase - Room Tone - HS03, Hotel Staircase, Service Staircase,  Quiet, Evening, 09_00 pm, 2th floor_WWA_QHAN2_Neumann KM184st_ORTF.wav","ambroom|hotel|staircase|room|tone|hs|03|service|quiet|evening|09|00|pm|h|floor|wwa|qhan|neumann|km|184|st|ortf|ambroom_hotel|hs03|09_00|2th|floor_wwa_qhan2_neumann|km184st_ortfwav|quiet hotels at night vol.2|west wolf"
"AMBRoom_Hotel Staircase - Room Tone - HS07, Hotel Staircase, Evening, Elevators, 11_00 pm, 8th floor_WWA_QHAN2_Neumann KM184 ORTF.wav","Quiet Hotels At Night Vol.2","West Wolf","https://sonniss.com/product/quiet-hotels-at-night-vol-2","/West Wolf - Quiet Hotels At Night Vol.2/AMBRoom_Hotel Staircase - Room Tone - HS07, Hotel Staircase, Evening, Elevators, 11_00 pm, 8th floor_WWA_QHAN2_Neumann KM184 ORTF.wav","ambroom|hotel|staircase|room|tone|hs|07|evening|elevators|11|00|pm|h|floor|wwa|qhan|neumann|km|184|ortf|ambroom_hotel|hs07|11_00|8th|floor_wwa_qhan2_neumann|km184|ortfwav|quiet hotels at night vol.2|west wolf"
"AMBRoom_School Classroom - Room Tone - SCR01, School Classroom, Summer Vacation, Quiet, Empty, Lights Off, Afternoon_WWA_QSRT_Neumann KM184_ORTF.wav","Quiet School Ambiences","West Wolf","https://sonniss.com/product/quiet-school-ambiences-sound-library","/West Wolf - Quiet School Ambiences/AMBRoom_School Classroom - Room Tone - SCR01, School Classroom, Summer Vacation, Quiet, Empty, Lights Off, Afternoon_WWA_QSRT_Neumann KM184_ORTF.wav","ambroom|school|classroom|room|tone|scr|01|summer|vacation|quiet|empty|lights|off|afternoon|wwa|qsrt|neumann|km|184|ortf|ambroom_school|scr01|afternoon_wwa_qsrt_neumann|km184_ortfwav|quiet school ambiences|west wolf"
"AMBRoom_School Corridor - Room Tone - SC07, School Corridor, Summer Vacation, Distant Voices, Busy Street, Afternoon_WWA_QSRT_Usi Pro_AB.wav","Quiet School Ambiences","West Wolf","https://sonniss.com/product/quiet-school-ambiences-sound-library","/West Wolf - Quiet School Ambiences/AMBRoom_School Corridor - Room Tone - SC07, School Corridor, Summer Vacation, Distant Voices, Busy Street, Afternoon_WWA_QSRT_Usi Pro_AB.wav","ambroom|school|corridor|room|tone|sc|07|summer|vacation|distant|voices|busy|street|afternoon|wwa|qsrt|usi|pro|ab|ambroom_school|sc07|afternoon_wwa_qsrt_usi|pro_abwav|quiet school ambiences|west wolf"
"DOORWood_School Classroom-Door-CD03, Old Wooden Door, Squeaky, Opening, Closing, Recorded From The Classroom_WWA_QSRT_Neumann KM184_XY_3.wav","Quiet School Ambiences","West Wolf","https://sonniss.com/product/quiet-school-ambiences-sound-library","/West Wolf - Quiet School Ambiences/DOORWood_School Classroom-Door-CD03, Old Wooden Door, Squeaky, Opening, Closing, Recorded From The Classroom_WWA_QSRT_Neumann KM184_XY_3.wav","old|wooden|door|squeaky|opening|closing|recorded|from|the|classroom|neumann|km184|xy|doorwood_school|classroomdoorcd03|classroom_wwa_qsrt_neumann|km184_xy_3wav|quiet school ambiences|west wolf"
"MECHSwtch_School  Classroom - Lights - SCL02, Switching On, Middle Distance_WWA_QSRT_Schoeps MK4_ORTF.wav","Quiet School Ambiences","West Wolf","https://sonniss.com/product/quiet-school-ambiences-sound-library","/West Wolf - Quiet School Ambiences/MECHSwtch_School  Classroom - Lights - SCL02, Switching On, Middle Distance_WWA_QSRT_Schoeps MK4_ORTF.wav","mechswtch|school|classroom|lights|scl|02|switching|on|middle|distance|wwa|qsrt|schoeps|mk|ortf|mechswtch_school|scl02|distance_wwa_qsrt_schoeps|mk4_ortfwav|quiet school ambiences|west wolf"