"FILENAME","LIBRARY","SUPPLIER","URL","DOWNLOAD","TAGS"
"Bluezone_BC0300_alien_interface_sci_fi_texture_003.wav","Alien Interface","BluezoneCorp","https://sonniss.com/product/alien-interface","/Sonniss - GDC 2024 - Game Audio Bundle/BluezoneCorp - Alien Interface/Bluezone_BC0300_alien_interface_sci_fi_texture_003.wav","bluezone_bc0300_alien_interface_sci_fi_texture_003wav|alien interface|bluezonecorp"
"Bluezone_BC0300_alien_interface_sci_fi_texture_046.wav","Alien Interface","BluezoneCorp","https://sonniss.com/product/alien-interface","/Sonniss - GDC 2024 - Game Audio Bundle/BluezoneCorp - Alien Interface/Bluezone_BC0300_alien_interface_sci_fi_texture_046.wav","bluezone_bc0300_alien_interface_sci_fi_texture_046wav|alien interface|bluezonecorp"
"Bluezone_BC0300_alien_interface_sci_fi_transition_004.wav","Alien Interface","BluezoneCorp","https://sonniss.com/product/alien-interface","/Sonniss - GDC 2024 - Game Audio Bundle/BluezoneCorp - Alien Interface/Bluezone_BC0300_alien_interface_sci_fi_transition_004.wav","bluezone_bc0300_alien_interface_sci_fi_transition_004wav|alien interface|bluezonecorp"
"Bluezone_BC0300_alien_interface_sci_fi_transition_008.wav","Alien Interface","BluezoneCorp","https://sonniss.com/product/alien-interface","/Sonniss - GDC 2024 - Game Audio Bundle/BluezoneCorp - Alien Interface/Bluezone_BC0300_alien_interface_sci_fi_transition_008.wav","bluezone_bc0300_alien_interface_sci_fi_transition_008wav|alien interface|bluezonecorp"
"Bluezone_BC0292_alien_tripod_debris_glass_falling_003.wav","Alien Tripod","BluezoneCorp","https://sonniss.com/product/alien-tripod","/Sonniss - GDC 2024 - Game Audio Bundle/BluezoneCorp - Alien Tripod/Bluezone_BC0292_alien_tripod_debris_glass_falling_003.wav","bluezone_bc0292_alien_tripod_debris_glass_falling_003wav|alien tripod|bluezonecorp"
"Bluezone_BC0292_alien_tripod_debris_rock_collapse_earthquake_rumble_large_005.wav","Alien Tripod","BluezoneCorp","https://sonniss.com/product/alien-tripod","/Sonniss - GDC 2024 - Game Audio Bundle/BluezoneCorp - Alien Tripod/Bluezone_BC0292_alien_tripod_debris_rock_collapse_earthquake_rumble_large_005.wav","bluezone_bc0292_alien_tripod_debris_rock_collapse_earthquake_rumble_large_005wav|alien tripod|bluezonecorp"
"Bluezone_BC0292_alien_tripod_pneumatic_chemical_weapon_black_smoke_001.wav","Alien Tripod","BluezoneCorp","https://sonniss.com/product/alien-tripod","/Sonniss - GDC 2024 - Game Audio Bundle/BluezoneCorp - Alien Tripod/Bluezone_BC0292_alien_tripod_pneumatic_chemical_weapon_black_smoke_001.wav","bluezone_bc0292_alien_tripod_pneumatic_chemical_weapon_black_smoke_001wav|alien tripod|bluezonecorp"
"Bluezone_BC0292_alien_tripod_texture_organic_liquid_005.wav","Alien Tripod","BluezoneCorp","https://sonniss.com/product/alien-tripod","/Sonniss - GDC 2024 - Game Audio Bundle/BluezoneCorp - Alien Tripod/Bluezone_BC0292_alien_tripod_texture_organic_liquid_005.wav","bluezone_bc0292_alien_tripod_texture_organic_liquid_005wav|alien tripod|bluezonecorp"
"Bluezone_BC0298_designed_water_impact_006.wav","Designed Water","BluezoneCorp","https://sonniss.com/product/designed-water","/Sonniss - GDC 2024 - Game Audio Bundle/BluezoneCorp - Designed Water/Bluezone_BC0298_designed_water_impact_006.wav","bluezone_bc0298_designed_water_impact_006wav|designed water|bluezonecorp"
"Bluezone_BC0298_designed_water_texture_014.wav","Designed Water","BluezoneCorp","https://sonniss.com/product/designed-water","/Sonniss - GDC 2024 - Game Audio Bundle/BluezoneCorp - Designed Water/Bluezone_BC0298_designed_water_texture_014.wav","bluezone_bc0298_designed_water_texture_014wav|designed water|bluezonecorp"
"Bluezone_BC0298_designed_water_transition_impact_017.wav","Designed Water","BluezoneCorp","https://sonniss.com/product/designed-water","/Sonniss - GDC 2024 - Game Audio Bundle/BluezoneCorp - Designed Water/Bluezone_BC0298_designed_water_transition_impact_017.wav","bluezone_bc0298_designed_water_transition_impact_017wav|designed water|bluezonecorp"
"Bluezone_BC0298_designed_water_underwater_005.wav","Designed Water","BluezoneCorp","https://sonniss.com/product/designed-water","/Sonniss - GDC 2024 - Game Audio Bundle/BluezoneCorp - Designed Water/Bluezone_BC0298_designed_water_underwater_005.wav","bluezone_bc0298_designed_water_underwater_005wav|designed water|bluezonecorp"
"Bluezone_BC0303_futuristic_user_interface_alert_003.wav","Futuristic User Interface","BluezoneCorp","https://sonniss.com/product/futuristic-user-interface","/Sonniss - GDC 2024 - Game Audio Bundle/BluezoneCorp - Futuristic User Interface/Bluezone_BC0303_futuristic_user_interface_alert_003.wav","bluezone_bc0303_futuristic_user_interface_alert_003wav|futuristic user interface|bluezonecorp"
"Bluezone_BC0303_futuristic_user_interface_data_glitch_003.wav","Futuristic User Interface","BluezoneCorp","https://sonniss.com/product/futuristic-user-interface","/Sonniss - GDC 2024 - Game Audio Bundle/BluezoneCorp - Futuristic User Interface/Bluezone_BC0303_futuristic_user_interface_data_glitch_003.wav","bluezone_bc0303_futuristic_user_interface_data_glitch_003wav|futuristic user interface|bluezonecorp"
"Bluezone_BC0303_futuristic_user_interface_high_tech_beep_038.wav","Futuristic User Interface","BluezoneCorp","https://sonniss.com/product/futuristic-user-interface","/Sonniss - GDC 2024 - Game Audio Bundle/BluezoneCorp - Futuristic User Interface/Bluezone_BC0303_futuristic_user_interface_high_tech_beep_038.wav","bluezone_bc0303_futuristic_user_interface_high_tech_beep_038wav|futuristic user interface|bluezonecorp"
"Bluezone_BC0303_futuristic_user_interface_transition_006.wav","Futuristic User Interface","BluezoneCorp","https://sonniss.com/product/futuristic-user-interface","/Sonniss - GDC 2024 - Game Audio Bundle/BluezoneCorp - Futuristic User Interface/Bluezone_BC0303_futuristic_user_interface_transition_006.wav","bluezone_bc0303_futuristic_user_interface_transition_006wav|futuristic user interface|bluezonecorp"
"Bluezone_BC0299_electricity_electronic_lighter_button_click_on_off_002_02.wav","High Voltage","BluezoneCorp","https://sonniss.com/product/high-voltage","/Sonniss - GDC 2024 - Game Audio Bundle/BluezoneCorp - High Voltage/Bluezone_BC0299_electricity_electronic_lighter_button_click_on_off_002_02.wav","bluezone_bc0299_electricity_electronic_lighter_button_click_on_off_002_02wav|high voltage|bluezonecorp"
"Bluezone_BC0299_electricity_surge_discharge_electrical_arc_crackling_002_01.wav","High Voltage","BluezoneCorp","https://sonniss.com/product/high-voltage","/Sonniss - GDC 2024 - Game Audio Bundle/BluezoneCorp - High Voltage/Bluezone_BC0299_electricity_surge_discharge_electrical_arc_crackling_002_01.wav","bluezone_bc0299_electricity_surge_discharge_electrical_arc_crackling_002_01wav|high voltage|bluezonecorp"
"Bluezone_BC0299_electricity_texture_sizzling_crackling_006.wav","High Voltage","BluezoneCorp","https://sonniss.com/product/high-voltage","/Sonniss - GDC 2024 - Game Audio Bundle/BluezoneCorp - High Voltage/Bluezone_BC0299_electricity_texture_sizzling_crackling_006.wav","bluezone_bc0299_electricity_texture_sizzling_crackling_006wav|high voltage|bluezonecorp"
"Bluezone_BC0299_electricity_transformer_hum_low_003.wav","High Voltage","BluezoneCorp","https://sonniss.com/product/high-voltage","/Sonniss - GDC 2024 - Game Audio Bundle/BluezoneCorp - High Voltage/Bluezone_BC0299_electricity_transformer_hum_low_003.wav","bluezone_bc0299_electricity_transformer_hum_low_003wav|high voltage|bluezonecorp"
"Bluezone_BC0302_industrial_lever_switch_014.wav","Industrial Lever Switch","BluezoneCorp","https://sonniss.com/product/industrial-lever-switch","/Sonniss - GDC 2024 - Game Audio Bundle/BluezoneCorp - Industrial Lever Switch/Bluezone_BC0302_industrial_lever_switch_014.wav","bluezone_bc0302_industrial_lever_switch_014wav|industrial lever switch|bluezonecorp"
"Bluezone_BC0302_industrial_lever_switch_039.wav","Industrial Lever Switch","BluezoneCorp","https://sonniss.com/product/industrial-lever-switch","/Sonniss - GDC 2024 - Game Audio Bundle/BluezoneCorp - Industrial Lever Switch/Bluezone_BC0302_industrial_lever_switch_039.wav","bluezone_bc0302_industrial_lever_switch_039wav|industrial lever switch|bluezonecorp"
"Bluezone_BC0302_industrial_lever_switch_small_003.wav","Industrial Lever Switch","BluezoneCorp","https://sonniss.com/product/industrial-lever-switch","/Sonniss - GDC 2024 - Game Audio Bundle/BluezoneCorp - Industrial Lever Switch/Bluezone_BC0302_industrial_lever_switch_small_003.wav","bluezone_bc0302_industrial_lever_switch_small_003wav|industrial lever switch|bluezonecorp"
"Bluezone_BC0294_modern_cinematic_impact_022.wav","Modern Cinematic Impact","BluezoneCorp","https://sonniss.com/product/modern-cinematic-impact","/Sonniss - GDC 2024 - Game Audio Bundle/BluezoneCorp - Modern Cinematic Impact/Bluezone_BC0294_modern_cinematic_impact_022.wav","bluezone_bc0294_modern_cinematic_impact_022wav|modern cinematic impact|bluezonecorp"
"Bluezone_BC0294_modern_cinematic_impact_boom_003.wav","Modern Cinematic Impact","BluezoneCorp","https://sonniss.com/product/modern-cinematic-impact","/Sonniss - GDC 2024 - Game Audio Bundle/BluezoneCorp - Modern Cinematic Impact/Bluezone_BC0294_modern_cinematic_impact_boom_003.wav","bluezone_bc0294_modern_cinematic_impact_boom_003wav|modern cinematic impact|bluezonecorp"
"Bluezone_BC0294_modern_cinematic_impact_percussion_009.wav","Modern Cinematic Impact","BluezoneCorp","https://sonniss.com/product/modern-cinematic-impact","/Sonniss - GDC 2024 - Game Audio Bundle/BluezoneCorp - Modern Cinematic Impact/Bluezone_BC0294_modern_cinematic_impact_percussion_009.wav","bluezone_bc0294_modern_cinematic_impact_percussion_009wav|modern cinematic impact|bluezonecorp"
"Bluezone_BC0304_retrofuturistic_computer_alarm_005.wav","Retrofuturistic Computer","BluezoneCorp","https://sonniss.com/product/retrofuturistic-computer","/Sonniss - GDC 2024 - Game Audio Bundle/BluezoneCorp - Retrofuturistic Computer/Bluezone_BC0304_retrofuturistic_computer_alarm_005.wav","bluezone_bc0304_retrofuturistic_computer_alarm_005wav|retrofuturistic computer|bluezonecorp"
"Bluezone_BC0304_retrofuturistic_computer_button_013.wav","Retrofuturistic Computer","BluezoneCorp","https://sonniss.com/product/retrofuturistic-computer","/Sonniss - GDC 2024 - Game Audio Bundle/BluezoneCorp - Retrofuturistic Computer/Bluezone_BC0304_retrofuturistic_computer_button_013.wav","bluezone_bc0304_retrofuturistic_computer_button_013wav|retrofuturistic computer|bluezonecorp"
"Bluezone_BC0304_retrofuturistic_computer_data_processing_006.wav","Retrofuturistic Computer","BluezoneCorp","https://sonniss.com/product/retrofuturistic-computer","/Sonniss - GDC 2024 - Game Audio Bundle/BluezoneCorp - Retrofuturistic Computer/Bluezone_BC0304_retrofuturistic_computer_data_processing_006.wav","bluezone_bc0304_retrofuturistic_computer_data_processing_006wav|retrofuturistic computer|bluezonecorp"
"Bluezone_BC0304_retrofuturistic_computer_glitch_malfunction_004.wav","Retrofuturistic Computer","BluezoneCorp","https://sonniss.com/product/retrofuturistic-computer","/Sonniss - GDC 2024 - Game Audio Bundle/BluezoneCorp - Retrofuturistic Computer/Bluezone_BC0304_retrofuturistic_computer_glitch_malfunction_004.wav","bluezone_bc0304_retrofuturistic_computer_glitch_malfunction_004wav|retrofuturistic computer|bluezonecorp"
"Bluezone_BC0295_sci_fi_weapon_cannon_shot_002.wav","Sci Fi Weapon","BluezoneCorp","https://sonniss.com/product/sci-fi-weapon","/Sonniss - GDC 2024 - Game Audio Bundle/BluezoneCorp - Sci Fi Weapon/Bluezone_BC0295_sci_fi_weapon_cannon_shot_002.wav","bluezone_bc0295_sci_fi_weapon_cannon_shot_002wav|sci fi weapon|bluezonecorp"
"Bluezone_BC0295_sci_fi_weapon_gun_shot_008.wav","Sci Fi Weapon","BluezoneCorp","https://sonniss.com/product/sci-fi-weapon","/Sonniss - GDC 2024 - Game Audio Bundle/BluezoneCorp - Sci Fi Weapon/Bluezone_BC0295_sci_fi_weapon_gun_shot_008.wav","bluezone_bc0295_sci_fi_weapon_gun_shot_008wav|sci fi weapon|bluezonecorp"
"Bluezone_BC0295_sci_fi_weapon_texture_007.wav","Sci Fi Weapon","BluezoneCorp","https://sonniss.com/product/sci-fi-weapon","/Sonniss - GDC 2024 - Game Audio Bundle/BluezoneCorp - Sci Fi Weapon/Bluezone_BC0295_sci_fi_weapon_texture_007.wav","bluezone_bc0295_sci_fi_weapon_texture_007wav|sci fi weapon|bluezonecorp"
"Bluezone_BC0305_steampunk_machine_mechanical_sequence_start_stop_025.wav","Steampunk Machines","BluezoneCorp","https://sonniss.com/product/steampunk-machines","/Sonniss - GDC 2024 - Game Audio Bundle/BluezoneCorp - Steampunk Machines/Bluezone_BC0305_steampunk_machine_mechanical_sequence_start_stop_025.wav","bluezone_bc0305_steampunk_machine_mechanical_sequence_start_stop_025wav|steampunk machines|bluezonecorp"
"Bluezone_BC0305_steampunk_machine_mechanical_texture_038.wav","Steampunk Machines","BluezoneCorp","https://sonniss.com/product/steampunk-machines","/Sonniss - GDC 2024 - Game Audio Bundle/BluezoneCorp - Steampunk Machines/Bluezone_BC0305_steampunk_machine_mechanical_texture_038.wav","bluezone_bc0305_steampunk_machine_mechanical_texture_038wav|steampunk machines|bluezonecorp"
"Bluezone_BC0305_steampunk_machine_mechanical_texture_053.wav","Steampunk Machines","BluezoneCorp","https://sonniss.com/product/steampunk-machines","/Sonniss - GDC 2024 - Game Audio Bundle/BluezoneCorp - Steampunk Machines/Bluezone_BC0305_steampunk_machine_mechanical_texture_053.wav","bluezone_bc0305_steampunk_machine_mechanical_texture_053wav|steampunk machines|bluezonecorp"
"Bluezone_BC0305_steampunk_machine_mechanical_texture_heavy_impact_011.wav","Steampunk Machines","BluezoneCorp","https://sonniss.com/product/steampunk-machines","/Sonniss - GDC 2024 - Game Audio Bundle/BluezoneCorp - Steampunk Machines/Bluezone_BC0305_steampunk_machine_mechanical_texture_heavy_impact_011.wav","bluezone_bc0305_steampunk_machine_mechanical_texture_heavy_impact_011wav|steampunk machines|bluezonecorp"
"Bluezone_BC0296_steampunk_weapon_cannon_shot_013_02.wav","Steampunk Weapon And Textures","BluezoneCorp","https://sonniss.com/product/steampunk-weapon-and-textures","/Sonniss - GDC 2024 - Game Audio Bundle/BluezoneCorp - Steampunk Weapon And Textures/Bluezone_BC0296_steampunk_weapon_cannon_shot_013_02.wav","bluezone_bc0296_steampunk_weapon_cannon_shot_013_02wav|steampunk weapon and textures|bluezonecorp"
"Bluezone_BC0296_steampunk_weapon_flare_shot_explosion_003.wav","Steampunk Weapon And Textures","BluezoneCorp","https://sonniss.com/product/steampunk-weapon-and-textures","/Sonniss - GDC 2024 - Game Audio Bundle/BluezoneCorp - Steampunk Weapon And Textures/Bluezone_BC0296_steampunk_weapon_flare_shot_explosion_003.wav","bluezone_bc0296_steampunk_weapon_flare_shot_explosion_003wav|steampunk weapon and textures|bluezonecorp"
"Bluezone_BC0296_steampunk_weapon_gun_shot_026_02.wav","Steampunk Weapon And Textures","BluezoneCorp","https://sonniss.com/product/steampunk-weapon-and-textures","/Sonniss - GDC 2024 - Game Audio Bundle/BluezoneCorp - Steampunk Weapon And Textures/Bluezone_BC0296_steampunk_weapon_gun_shot_026_02.wav","bluezone_bc0296_steampunk_weapon_gun_shot_026_02wav|steampunk weapon and textures|bluezonecorp"
"Bluezone_BC0296_steampunk_weapon_mechanism_texture_007.wav","Steampunk Weapon And Textures","BluezoneCorp","https://sonniss.com/product/steampunk-weapon-and-textures","/Sonniss - GDC 2024 - Game Audio Bundle/BluezoneCorp - Steampunk Weapon And Textures/Bluezone_BC0296_steampunk_weapon_mechanism_texture_007.wav","bluezone_bc0296_steampunk_weapon_mechanism_texture_007wav|steampunk weapon and textures|bluezonecorp"
"Bluezone_BC0297_stone_impact_015.wav","Stone Impact","BluezoneCorp","https://sonniss.com/product/stone-impact","/Sonniss - GDC 2024 - Game Audio Bundle/BluezoneCorp - Stone Impact/Bluezone_BC0297_stone_impact_015.wav","bluezone_bc0297_stone_impact_015wav|stone impact|bluezonecorp"
"Bluezone_BC0297_stone_impact_041.wav","Stone Impact","BluezoneCorp","https://sonniss.com/product/stone-impact","/Sonniss - GDC 2024 - Game Audio Bundle/BluezoneCorp - Stone Impact/Bluezone_BC0297_stone_impact_041.wav","bluezone_bc0297_stone_impact_041wav|stone impact|bluezonecorp"
"Bluezone_BC0297_stone_impact_hammer_015.wav","Stone Impact","BluezoneCorp","https://sonniss.com/product/stone-impact","/Sonniss - GDC 2024 - Game Audio Bundle/BluezoneCorp - Stone Impact/Bluezone_BC0297_stone_impact_hammer_015.wav","bluezone_bc0297_stone_impact_hammer_015wav|stone impact|bluezonecorp"
"Bluezone_BC0297_stone_impact_steel_bar_01_010.wav","Stone Impact","BluezoneCorp","https://sonniss.com/product/stone-impact","/Sonniss - GDC 2024 - Game Audio Bundle/BluezoneCorp - Stone Impact/Bluezone_BC0297_stone_impact_steel_bar_01_010.wav","bluezone_bc0297_stone_impact_steel_bar_01_010wav|stone impact|bluezonecorp"
"Bluezone_BC0301_tiny_gears_small_mechanism_click_003.wav","Tiny Gears - Small Mechanism","BluezoneCorp","https://sonniss.com/product/tiny-gears-small-mechanism","/Sonniss - GDC 2024 - Game Audio Bundle/BluezoneCorp - Tiny Gears - Small Mechanism/Bluezone_BC0301_tiny_gears_small_mechanism_click_003.wav","bluezone_bc0301_tiny_gears_small_mechanism_click_003wav|tiny gears - small mechanism|bluezonecorp"
"Bluezone_BC0301_tiny_gears_small_mechanism_click_complex_011.wav","Tiny Gears - Small Mechanism","BluezoneCorp","https://sonniss.com/product/tiny-gears-small-mechanism","/Sonniss - GDC 2024 - Game Audio Bundle/BluezoneCorp - Tiny Gears - Small Mechanism/Bluezone_BC0301_tiny_gears_small_mechanism_click_complex_011.wav","bluezone_bc0301_tiny_gears_small_mechanism_click_complex_011wav|tiny gears - small mechanism|bluezonecorp"
"Bluezone_BC0301_tiny_gears_small_mechanism_sequence_045.wav","Tiny Gears - Small Mechanism","BluezoneCorp","https://sonniss.com/product/tiny-gears-small-mechanism","/Sonniss - GDC 2024 - Game Audio Bundle/BluezoneCorp - Tiny Gears - Small Mechanism/Bluezone_BC0301_tiny_gears_small_mechanism_sequence_045.wav","bluezone_bc0301_tiny_gears_small_mechanism_sequence_045wav|tiny gears - small mechanism|bluezonecorp"
"Bluezone_BC0301_tiny_gears_small_mechanism_sequence_spinning_008.wav","Tiny Gears - Small Mechanism","BluezoneCorp","https://sonniss.com/product/tiny-gears-small-mechanism","/Sonniss - GDC 2024 - Game Audio Bundle/BluezoneCorp - Tiny Gears - Small Mechanism/Bluezone_BC0301_tiny_gears_small_mechanism_sequence_spinning_008.wav","bluezone_bc0301_tiny_gears_small_mechanism_sequence_spinning_008wav|tiny gears - small mechanism|bluezonecorp"
"DSGNBass_Crunchy Bass Dive Dissonant_BOLT_ARP2600.wav","ARP 2600- Droids, Blips, Drones & more","Bolt","https://sonniss.com/product/arp-2600-droids-blips-drones-more","/Sonniss - GDC 2024 - Game Audio Bundle/Bolt - ARP 2600- Droids, Blips, Drones & more/DSGNBass_Crunchy Bass Dive Dissonant_BOLT_ARP2600.wav","distorted|dissonant|bass|dive|downer|drop|medium|to|low|3|variations|dsgnbass_crunchy|dissonant_bolt_arp2600wav|arp 2600- droids, blips, drones & more|bolt"
"MECHMisc_TRS Cable Plug In Solid Metal Thump_BOLT_ARP2600.wav","ARP 2600- Droids, Blips, Drones & more","Bolt","https://sonniss.com/product/arp-2600-droids-blips-drones-more","/Sonniss - GDC 2024 - Game Audio Bundle/Bolt - ARP 2600- Droids, Blips, Drones & more/MECHMisc_TRS Cable Plug In Solid Metal Thump_BOLT_ARP2600.wav","plugging|in|cables|click|clasp|insert|latch|mechmisc_trs|cable|plug|in|solid|metal|thump_bolt_arp2600wav|arp 2600- droids, blips, drones & more|bolt"
"ROBTVox_Android Talking Wah Goofy 01_BOLT_ARP2600.wav","ARP 2600- Droids, Blips, Drones & more","Bolt","https://sonniss.com/product/arp-2600-droids-blips-drones-more","/Sonniss - GDC 2024 - Game Audio Bundle/Bolt - ARP 2600- Droids, Blips, Drones & more/ROBTVox_Android Talking Wah Goofy 01_BOLT_ARP2600.wav","goofy|droid|chatter|wah|funny|comedic|cartoony|dialogue|robot|friendly|robtvox_android|talking|01_bolt_arp2600wav|arp 2600- droids, blips, drones & more|bolt"
"SCICmpt_Retro Computer Glitches Sawtooth Chaotic_BOLT_ARP2600.wav","ARP 2600- Droids, Blips, Drones & more","Bolt","https://sonniss.com/product/arp-2600-droids-blips-drones-more","/Sonniss - GDC 2024 - Game Audio Bundle/Bolt - ARP 2600- Droids, Blips, Drones & more/SCICmpt_Retro Computer Glitches Sawtooth Chaotic_BOLT_ARP2600.wav","chaotic|computer|glitches|high|pitched|ultrasonic|erratic|stressful|messy|panic|scicmpt_retro|sawtooth|chaotic_bolt_arp2600wav|arp 2600- droids, blips, drones & more|bolt"
"RAIN_Distant Thunder and Rain Long Thunderstorm C_BOLT_BackyardRain_UsiPro.wav","Backyard Rain & Thunder - Suburban Rain Recordings","Bolt","https://sonniss.com/product/backyard-rain-thunder-suburban-rain-sound-library","/Sonniss - GDC 2024 - Game Audio Bundle/Bolt - Backyard Rain & Thunder - Suburban Rain Recordings/RAIN_Distant Thunder and Rain Long Thunderstorm C_BOLT_BackyardRain_UsiPro.wav","louder|thunder|with|light|rain|suburban|backyard|no|cars|rain_distant|and|long|thunderstorm|c_bolt_backyardrain_usiprowav|backyard rain & thunder - suburban rain recordings|bolt"
"RAIN_Rain at Night Slow Crescendo Calm Suburban_BOLT_BackyardRain_UsiPro.wav","Backyard Rain & Thunder - Suburban Rain Recordings","Bolt","https://sonniss.com/product/backyard-rain-thunder-suburban-rain-sound-library","/Sonniss - GDC 2024 - Game Audio Bundle/Bolt - Backyard Rain & Thunder - Suburban Rain Recordings/RAIN_Rain at Night Slow Crescendo Calm Suburban_BOLT_BackyardRain_UsiPro.wav","nighttime|rain|slow|crescendo|quiet|to|loud|gradual|rain_rain|at|night|slow|calm|suburban_bolt_backyardrain_usiprowav|backyard rain & thunder - suburban rain recordings|bolt"
"AMBPark_Berlin Zoo Kids Talking Walla Birdsong_BOLT_H1 9624.wav","Berlin Vignettes - Ambiences and Sonic Curiosities","Bolt","https://sonniss.com/product/berlin-vignettes-ambiences-and-sonic-curiosities","/Sonniss - GDC 2024 - Game Audio Bundle/Bolt - Berlin Vignettes - Ambiences and Sonic Curiosities/AMBPark_Berlin Zoo Kids Talking Walla Birdsong_BOLT_H1 9624.wav","quiet|zoo|ambience|captured|at|tierpark|berlin|very|faint|children's|conversations|quiet|birdsong|light|wind|ambpark_berlin|zoo|kids|talking|walla|birdsong_bolt_h1|9624wav|berlin vignettes - ambiences and sonic curiosities|bolt"
"AMBTran_Hannover Train Station Electric Locomotive Idling Distant Voices_BOLT_H1 9624.wav","Berlin Vignettes - Ambiences and Sonic Curiosities","Bolt","https://sonniss.com/product/berlin-vignettes-ambiences-and-sonic-curiosities","/Sonniss - GDC 2024 - Game Audio Bundle/Bolt - Berlin Vignettes - Ambiences and Sonic Curiosities/AMBTran_Hannover Train Station Electric Locomotive Idling Distant Voices_BOLT_H1 9624.wav","electric|locomotive|(db|class|101)|idling|at|hannover|hauptbahnhof|fan|hvac|electronic|buzzing|industrial|distant|talking|ambtran_hannover|train|station|locomotive|idling|distant|voices_bolt_h1|9624wav|berlin vignettes - ambiences and sonic curiosities|bolt"
"AMBUrbn_Berlin Balcony Late Afternoon Walla Ambulance Public Transport Church Bells_BOLT_Berlin Vignettes_H1 9624.wav","Berlin Vignettes - Ambiences and Sonic Curiosities","Bolt","https://sonniss.com/product/berlin-vignettes-ambiences-and-sonic-curiosities","/Sonniss - GDC 2024 - Game Audio Bundle/Bolt - Berlin Vignettes - Ambiences and Sonic Curiosities/AMBUrbn_Berlin Balcony Late Afternoon Walla Ambulance Public Transport Church Bells_BOLT_Berlin Vignettes_H1 9624.wav","quiet|ambiance|near|the|wedding|ringbahn|stop|the|sbahn|train|can|be|heard|arriving|and|departing|regularly|light|birdsong|occasional|muffled|unintelligible|music|diesel|construction|vehicle|idling|quietly|from|3m19s|with|a|single|honk|churchbell|amburbn_berlin|balcony|late|afternoon|walla|ambulance|public|transport|church|bells_bolt_berlin|vignettes_h1|9624wav|berlin vignettes - ambiences and sonic curiosities|bolt"
"WATRFlow_Babbling Brook, Snow Melt, Calm, Constant, Bubbling_BOLT_Immersive Creek_RODE NTSF1 XY.wav","Immersive Creek -  Ambisonic Recordings of Undisturbed Creeks in Vermont","Bolt","https://sonniss.com/product/immersive-creek-ambisonic-recordings-of-undisturbed-creeks-in-vermont","/Sonniss - GDC 2024 - Game Audio Bundle/Bolt - Immersive Creek -  Ambisonic Recordings of Undisturbed Creeks in Vermont/WATRFlow_Babbling Brook, Snow Melt, Calm, Constant, Bubbling_BOLT_Immersive Creek_RODE NTSF1 XY.wav","small|babbling|brook|calm|snow|melt|water|runoff|far|perspective|watrflow_babbling|brook|snow|melt|calm|constant|bubbling_bolt_immersive|creek_rode|ntsf1|xywav|immersive creek -  ambisonic recordings of undisturbed creeks in vermont|bolt"
"WATRFlow_Rapid Water Movement Next to Waterfall, Vibrations, Drone, Rumble_BOLT_Immersive Creek_Geofon.wav","Immersive Creek -  Ambisonic Recordings of Undisturbed Creeks in Vermont","Bolt","https://sonniss.com/product/immersive-creek-ambisonic-recordings-of-undisturbed-creeks-in-vermont","/Sonniss - GDC 2024 - Game Audio Bundle/Bolt - Immersive Creek -  Ambisonic Recordings of Undisturbed Creeks in Vermont/WATRFlow_Rapid Water Movement Next to Waterfall, Vibrations, Drone, Rumble_BOLT_Immersive Creek_Geofon.wav","vibrations|in|the|ground|caused|by|small|waterfall|drone|lowend|bass|watrflow_rapid|water|movement|next|to|waterfall|drone|rumble_bolt_immersive|creek_geofonwav|immersive creek -  ambisonic recordings of undisturbed creeks in vermont|bolt"
"WATRFlow_Small Waterfall, Close, Constant, White Noise, Bubbling_Immersive Creek_RODE NTSF1 AmbiX.wav","Immersive Creek -  Ambisonic Recordings of Undisturbed Creeks in Vermont","Bolt","https://sonniss.com/product/immersive-creek-ambisonic-recordings-of-undisturbed-creeks-in-vermont","/Sonniss - GDC 2024 - Game Audio Bundle/Bolt - Immersive Creek -  Ambisonic Recordings of Undisturbed Creeks in Vermont/WATRFlow_Small Waterfall, Close, Constant, White Noise, Bubbling_Immersive Creek_RODE NTSF1 AmbiX.wav","small|waterfall|captured|from|a|medium|distance|calm|constant|ambisonic|watrflow_small|waterfall|close|constant|white|noise|bubbling_immersive|creek_rode|ntsf1|ambixwav|immersive creek -  ambisonic recordings of undisturbed creeks in vermont|bolt"
"VEHCar_1967 Corvette EXT-Group A  Approach In Accelerate MEDIUM Lead car then Vette Left to Right 02 M1_GoldSND_M1C 101419_aaOVPpPmTQSk.wav","1967 Corvette Convertible Work-Up","Bryan Gold","https://sonniss.com/product/1967-corvette-convertible-work-up","/Sonniss - GDC 2024 - Game Audio Bundle/Bryan Gold - 1967 Corvette Convertible Work-Up/VEHCar_1967 Corvette EXT-Group A  Approach In Accelerate MEDIUM Lead car then Vette Left to Right 02 M1_GoldSND_M1C 101419_aaOVPpPmTQSk.wav","1967|corvette|extapproach|in|accelerate|medium|lead|car|in|then|vette|left|to|right|02|m1|group|l_use|individually|or|grouped|vehcar_1967|extgroup|a|approach|m1_goldsnd_m1c|101419_aaovpppmtqskwav|1967 corvette convertible work-up|bryan gold"
"VEHCar_1967 Corvette OnBoard-Group B  ENGINE MIC, False Start_GoldSND_M1C 101419_aaOVPB0iRHSk.wav","1968 Corvette Convertible Work-Up","Bryan Gold","https://sonniss.com/product/1967-corvette-convertible-work-up","/Sonniss - GDC 2024 - Game Audio Bundle/Bryan Gold - 1967 Corvette Convertible Work-Up/VEHCar_1967 Corvette OnBoard-Group B  ENGINE MIC, False Start_GoldSND_M1C 101419_aaOVPB0iRHSk.wav","vehcar_1967|corvette|onboardfalse|start|eng_goldsnd_m1c|101419|onboardgroup|b|engine|mic|false|start_goldsnd_m1c|101419_aaovpb0irhskwav|1968 corvette convertible work-up|bryan gold"
"VEHCar_1967 Corvette OnBoard-Group F  Intake MIC, Start Hot Lap 03_GoldSND_M1C 101419_aaOVP3tvPKSk.wav","1969 Corvette Convertible Work-Up","Bryan Gold","https://sonniss.com/product/1967-corvette-convertible-work-up","/Sonniss - GDC 2024 - Game Audio Bundle/Bryan Gold - 1967 Corvette Convertible Work-Up/VEHCar_1967 Corvette OnBoard-Group F  Intake MIC, Start Hot Lap 03_GoldSND_M1C 101419_aaOVP3tvPKSk.wav","vehcar_1967|corvette|onboardstart|hot|lap|03|intake_goldsnd_m1c|101419|onboardgroup|f|intake|mic|start|03_goldsnd_m1c|101419_aaovp3tvpkskwav|1969 corvette convertible work-up|bryan gold"
"VEHDoor_1967 Corvette EXT-Drivers Door Open & Close 03_GoldSND_M1C 101419_aayuRl#mUfTk.wav","1970 Corvette Convertible Work-Up","Bryan Gold","https://sonniss.com/product/1967-corvette-convertible-work-up","/Sonniss - GDC 2024 - Game Audio Bundle/Bryan Gold - 1967 Corvette Convertible Work-Up/VEHDoor_1967 Corvette EXT-Drivers Door Open & Close 03_GoldSND_M1C 101419_aayuRl#mUfTk.wav","vehdoor_1967|corvette|extdrivers|door|open|&|close|03_goldsnd_m1c|101419|101419_aayurl#muftkwav|1970 corvette convertible work-up|bryan gold"
"1993 Suzuki VS 800 GL Intruder, Foley, Saddlebags open, close, handling, Shotgun mic_2.wav","1993 Suzuki VS 800 GL Intruder","Cactuzz Sound","https://sonniss.com/product/1993-suzuki-vs-800-gl-intruder","/Sonniss - GDC 2024 - Game Audio Bundle/Cactuzz Sound - 1993 Suzuki VS 800 GL Intruder/1993 Suzuki VS 800 GL Intruder, Foley, Saddlebags open, close, handling, Shotgun mic_2.wav","snote=motorcycle|motorbike|1993|suzuki|vs|800|gl|intruder|v2|800cc|opening|and|closing|saddlebags|on|the|attached|side|of|bike|rubbing|leather|handling|belts|foley|schoeps|mk4|shotgun|microphone|saddlebags|open|close|mic_2wav|1993 suzuki vs 800 gl intruder|cactuzz sound"
"1993 Suzuki VS 800 GL Intruder, Onboard, Cruising, City, long engine start, slow cruise, Mix.wav","1994 Suzuki VS 800 GL Intruder","Cactuzz Sound","https://sonniss.com/product/1993-suzuki-vs-800-gl-intruder","/Sonniss - GDC 2024 - Game Audio Bundle/Cactuzz Sound - 1993 Suzuki VS 800 GL Intruder/1993 Suzuki VS 800 GL Intruder, Onboard, Cruising, City, long engine start, slow cruise, Mix.wav","snote=motorcycle|motorbike|1993|suzuki|vs|800|gl|intruder|v2|800cc|onboard|riding|low|slow|speed|long|enginge|start|with|problems|sennheiser|mke2|lavalier|microphone|stereo|mix|cruising|city|engine|cruise|mixwav|1994 suzuki vs 800 gl intruder|cactuzz sound"
"1993 Suzuki VS 800 GL Intruder, Onboard, idle, Mix, Loop, Short.wav","1995 Suzuki VS 800 GL Intruder","Cactuzz Sound","https://sonniss.com/product/1993-suzuki-vs-800-gl-intruder","/Sonniss - GDC 2024 - Game Audio Bundle/Cactuzz Sound - 1993 Suzuki VS 800 GL Intruder/1993 Suzuki VS 800 GL Intruder, Onboard, idle, Mix, Loop, Short.wav","snote=motorcycle|motorbike|1993|suzuki|vs|800|gl|intruder|v2|800cc|onboard|riding|looped|sound|idling|stopped|sennheiser|mke2|lavalier|microphone|stereo|mix|idle|mix|loop|shortwav|1995 suzuki vs 800 gl intruder|cactuzz sound"
"1993 Suzuki VS 800 GL Intruder, pass-by back to front, asphalt, M-S.wav","1996 Suzuki VS 800 GL Intruder","Cactuzz Sound","https://sonniss.com/product/1993-suzuki-vs-800-gl-intruder","/Sonniss - GDC 2024 - Game Audio Bundle/Cactuzz Sound - 1993 Suzuki VS 800 GL Intruder/1993 Suzuki VS 800 GL Intruder, pass-by back to front, asphalt, M-S.wav","snote=motorcycle|motorbike|1993|suzuki|vs|800|gl|intruder|v2|800cc|ride|passing|by|asphalt|medium|speed|sennheiser|mkh|418s|mid/side|decoded|passby|back|to|front|mswav|1996 suzuki vs 800 gl intruder|cactuzz sound"
"UIClick_UI Click 33_CB Sounddesign_ACTIVATION2.wav","Activation 2","CB_Sounddesign","https://sonniss.com/product/activation-2","/Sonniss - GDC 2024 - Game Audio Bundle/CB Sounddesign - Activation 2/UIClick_UI Click 33_CB Sounddesign_ACTIVATION2.wav","ui|click|uiclick_ui|33_cb|sounddesign_activation2wav|activation 2|cb_sounddesign"
"UIData_Counter mid 54_CB Sounddesign_ACTIVATION2.wav","Activation 3","CB_Sounddesign","https://sonniss.com/product/activation-3","/Sonniss - GDC 2024 - Game Audio Bundle/CB Sounddesign - Activation 2/UIData_Counter mid 54_CB Sounddesign_ACTIVATION2.wav","ui|counter|data|uidata_counter|mid|54_cb|sounddesign_activation2wav|activation 3|cb_sounddesign"
"UIMisc_Feedback 36 up_CB Sounddesign_ACTIVATION2.wav","Activation 4","CB_Sounddesign","https://sonniss.com/product/activation-4","/Sonniss - GDC 2024 - Game Audio Bundle/CB Sounddesign - Activation 2/UIMisc_Feedback 36 up_CB Sounddesign_ACTIVATION2.wav","ui|feedback|emotion|negativ|positive|uimisc_feedback|36|up_cb|sounddesign_activation2wav|activation 4|cb_sounddesign"
"UIMvmt_UI Zooms 103_CB Soudndesign_ACTIVATION2.wav","Activation 5","CB_Sounddesign","https://sonniss.com/product/activation-5","/Sonniss - GDC 2024 - Game Audio Bundle/CB Sounddesign - Activation 2/UIMvmt_UI Zooms 103_CB Soudndesign_ACTIVATION2.wav","ui|zoom|magnify|minimize|maximize|whoosh|swish|uimvmt_ui|zooms|103_cb|soudndesign_activation2wav|activation 5|cb_sounddesign"
"Mothership_Access_denied.wav","Sci-Fi Voices Volume 01 Mothership","CB_Sounddesign","https://sonniss.com/product/sci-fi-voices-volume-01-mothership","/Sonniss - GDC 2024 - Game Audio Bundle/CB Sounddesign - Sci-Fi Voices Volume 01 Mothership/Mothership_Access_denied.wav","sci_fi_voices_01_mothership|mothership_access_deniedwav|sci-fi voices volume 01 mothership|cb_sounddesign"
"Mothership_Awaiting_response.wav","Sci-Fi Voices Volume 01 Mothership","CB_Sounddesign","https://sonniss.com/product/sci-fi-voices-volume-01-mothership","/Sonniss - GDC 2024 - Game Audio Bundle/CB Sounddesign - Sci-Fi Voices Volume 01 Mothership/Mothership_Awaiting_response.wav","sci_fi_voices_01_mothership|mothership_awaiting_responsewav|sci-fi voices volume 01 mothership|cb_sounddesign"
"Mothership_Entering_hostile_territory_All_crew_members_be_on_high_alert.wav","Sci-Fi Voices Volume 01 Mothership","CB_Sounddesign","https://sonniss.com/product/sci-fi-voices-volume-01-mothership","/Sonniss - GDC 2024 - Game Audio Bundle/CB Sounddesign - Sci-Fi Voices Volume 01 Mothership/Mothership_Entering_hostile_territory_All_crew_members_be_on_high_alert.wav","sci_fi_voices_01_mothership|mothership_entering_hostile_territory_all_crew_members_be_on_high_alertwav|sci-fi voices volume 01 mothership|cb_sounddesign"
"Mothership_Initiating_strike_teams_infiltrating_enemy_ships.wav","Sci-Fi Voices Volume 01 Mothership","CB_Sounddesign","https://sonniss.com/product/sci-fi-voices-volume-01-mothership","/Sonniss - GDC 2024 - Game Audio Bundle/CB Sounddesign - Sci-Fi Voices Volume 01 Mothership/Mothership_Initiating_strike_teams_infiltrating_enemy_ships.wav","sci_fi_voices_01_mothership|mothership_initiating_strike_teams_infiltrating_enemy_shipswav|sci-fi voices volume 01 mothership|cb_sounddesign"
"Androids detected.wav","Sci-Fi Voices Volume 02 Big Battle Robot","CB_Sounddesign","https://sonniss.com/product/sci-fi-voices-volume-02-big-battle-robot","/Sonniss - GDC 2024 - Game Audio Bundle/CB Sounddesign - Sci-Fi Voices Volume 02 Big Battle Robot/Androids detected.wav","sci_fi_voices_02_big_battle_robot|androids|detectedwav|sci-fi voices volume 02 big battle robot|cb_sounddesign"
"HQ rubble cleared Preparing for new construction.wav","Sci-Fi Voices Volume 02 Big Battle Robot","CB_Sounddesign","https://sonniss.com/product/sci-fi-voices-volume-02-big-battle-robot","/Sonniss - GDC 2024 - Game Audio Bundle/CB Sounddesign - Sci-Fi Voices Volume 02 Big Battle Robot/HQ rubble cleared Preparing for new construction.wav","sci_fi_voices_02_big_battle_robot|hq|rubble|cleared|preparing|for|new|constructionwav|sci-fi voices volume 02 big battle robot|cb_sounddesign"
"Progress insufficient.wav","Sci-Fi Voices Volume 02 Big Battle Robot","CB_Sounddesign","https://sonniss.com/product/sci-fi-voices-volume-02-big-battle-robot","/Sonniss - GDC 2024 - Game Audio Bundle/CB Sounddesign - Sci-Fi Voices Volume 02 Big Battle Robot/Progress insufficient.wav","sci_fi_voices_02_big_battle_robot|progress|insufficientwav|sci-fi voices volume 02 big battle robot|cb_sounddesign"
"Target acquired Engaging stealth mode.wav","Sci-Fi Voices Volume 02 Big Battle Robot","CB_Sounddesign","https://sonniss.com/product/sci-fi-voices-volume-02-big-battle-robot","/Sonniss - GDC 2024 - Game Audio Bundle/CB Sounddesign - Sci-Fi Voices Volume 02 Big Battle Robot/Target acquired Engaging stealth mode.wav","sci_fi_voices_02_big_battle_robot|target|acquired|engaging|stealth|modewav|sci-fi voices volume 02 big battle robot|cb_sounddesign"
"Carrying out orders.wav","Sci-Fi Voices Volume 03 Advanced Android","CB_Sounddesign","https://sonniss.com/product/sci-fi-voices-volume-03-advanced-android","/Sonniss - GDC 2024 - Game Audio Bundle/CB Sounddesign - Sci-Fi Voices Volume 03 Advanced Android/Carrying out orders.wav","sci_fi_voices_03_advanced_android|carrying|out|orderswav|sci-fi voices volume 03 advanced android|cb_sounddesign"
"Hostile presence detected.wav","Sci-Fi Voices Volume 03 Advanced Android","CB_Sounddesign","https://sonniss.com/product/sci-fi-voices-volume-03-advanced-android","/Sonniss - GDC 2024 - Game Audio Bundle/CB Sounddesign - Sci-Fi Voices Volume 03 Advanced Android/Hostile presence detected.wav","sci_fi_voices_03_advanced_android|hostile|presence|detectedwav|sci-fi voices volume 03 advanced android|cb_sounddesign"
"Maintenance complete.wav","Sci-Fi Voices Volume 03 Advanced Android","CB_Sounddesign","https://sonniss.com/product/sci-fi-voices-volume-03-advanced-android","/Sonniss - GDC 2024 - Game Audio Bundle/CB Sounddesign - Sci-Fi Voices Volume 03 Advanced Android/Maintenance complete.wav","sci_fi_voices_03_advanced_android|maintenance|completewav|sci-fi voices volume 03 advanced android|cb_sounddesign"
"Uploading information.wav","Sci-Fi Voices Volume 03 Advanced Android","CB_Sounddesign","https://sonniss.com/product/sci-fi-voices-volume-03-advanced-android","/Sonniss - GDC 2024 - Game Audio Bundle/CB Sounddesign - Sci-Fi Voices Volume 03 Advanced Android/Uploading information.wav","sci_fi_voices_03_advanced_android|uploading|informationwav|sci-fi voices volume 03 advanced android|cb_sounddesign"
"DSGN VORTEX IN.wav","Essential Scifi","Chupapsound","https://sonniss.com/product/essential-scifi","/Sonniss - GDC 2024 - Game Audio Bundle/Chupapsound - Essential Scifi/DSGN VORTEX IN.wav","dsgn|vortex|in|inwav|essential scifi|chupapsound"
"GRWL ROAR ANGRY.wav","Essential Scifi","Chupapsound","https://sonniss.com/product/essential-scifi","/Sonniss - GDC 2024 - Game Audio Bundle/Chupapsound - Essential Scifi/GRWL ROAR ANGRY.wav","grwl|roar|angry|angrywav|essential scifi|chupapsound"
"SPACESHIP PASS BY 9.wav","Essential Scifi","Chupapsound","https://sonniss.com/product/essential-scifi","/Sonniss - GDC 2024 - Game Audio Bundle/Chupapsound - Essential Scifi/SPACESHIP PASS BY 9.wav","spaceship|pass|by|9|9wav|essential scifi|chupapsound"
"WHOOSH PASS SF LOW.wav","Essential Scifi","Chupapsound","https://sonniss.com/product/essential-scifi","/Sonniss - GDC 2024 - Game Audio Bundle/Chupapsound - Essential Scifi/WHOOSH PASS SF LOW.wav","whoosh|pass|sf|low|lowwav|essential scifi|chupapsound"
"HAUTEUR VILLE DOWNMIX.wav","Traffic Car In Paris","Chupapsound","https://sonniss.com/product/traffic-car-in-paris","/Sonniss - GDC 2024 - Game Audio Bundle/Chupapsound - Traffic Car In Paris/HAUTEUR VILLE DOWNMIX.wav","city|paris|traffic|car|hauteur|ville|downmixwav|traffic car in paris|chupapsound"
"PORTE ORLEANS PERIPH SURROUND.wav","Traffic Car In Paris","Chupapsound","https://sonniss.com/product/traffic-car-in-paris","/Sonniss - GDC 2024 - Game Audio Bundle/Chupapsound - Traffic Car In Paris/PORTE ORLEANS PERIPH SURROUND.wav","city|paris|traffic|car|rush|hour|porte|orleans|periph|surroundwav|traffic car in paris|chupapsound"
"VEHAtv-Mono_Driveby 03_DDUMAIS_ATV ARCTIC CAT 650 H1.wav","ATV Arctic Cat 650 H1","DavidDumais","https://sonniss.com/product/atv-arctic-cat-650-h1","/Sonniss - GDC 2024 - Game Audio Bundle/DavidDumais - ATV Arctic Cat 650 H1/VEHAtv-Mono_Driveby 03_DDUMAIS_ATV ARCTIC CAT 650 H1.wav","atv|drive|by|b|vehatvmono_driveby|03_ddumais_atv|arctic|cat|650|h1wav|atv arctic cat 650 h1|daviddumais"
"VEHAtv-Mono_Medium Steady Rpm Loop 01_DDUMAIS_ATV ARCTIC CAT 650 H1.wav","ATV Arctic Cat 650 H2","DavidDumais","https://sonniss.com/product/atv-arctic-cat-650-h2","/Sonniss - GDC 2024 - Game Audio Bundle/DavidDumais - ATV Arctic Cat 650 H1/VEHAtv-Mono_Medium Steady Rpm Loop 01_DDUMAIS_ATV ARCTIC CAT 650 H1.wav","atv|medium|rpm|b|vehatvmono_medium|steady|rpm|loop|01_ddumais_atv|arctic|cat|650|h1wav|atv arctic cat 650 h2|daviddumais"
"VEHAtv-Stereo01_Various Driving With Engine Start And Engine Shutoff 01_DDUMAIS_ATV ARCTIC CAT 650 H1.wav","ATV Arctic Cat 650 H3","DavidDumais","https://sonniss.com/product/atv-arctic-cat-650-h3","/Sonniss - GDC 2024 - Game Audio Bundle/DavidDumais - ATV Arctic Cat 650 H1/VEHAtv-Stereo01_Various Driving With Engine Start And Engine Shutoff 01_DDUMAIS_ATV ARCTIC CAT 650 H1.wav","atv|driving|riding|trail|drive|variable|speeds|offroad|adventure|||||2010|arctic|cat|650|h1|singlecylinder|engine|vehatvstereo01_various|with|start|and|shutoff|01_ddumais_atv|arctic|cat|h1wav|atv arctic cat 650 h3|daviddumais"
"VEHAtv-Stereo02_Accessories Compartment Foley Various 07_DDUMAIS_ATV ARCTIC CAT 650 H1.wav","ATV Arctic Cat 650 H4","DavidDumais","https://sonniss.com/product/atv-arctic-cat-650-h4","/Sonniss - GDC 2024 - Game Audio Bundle/DavidDumais - ATV Arctic Cat 650 H1/VEHAtv-Stereo02_Accessories Compartment Foley Various 07_DDUMAIS_ATV ARCTIC CAT 650 H1.wav","atv|compartment|foley|b|vehatvstereo02_accessories|compartment|foley|various|07_ddumais_atv|arctic|cat|650|h1wav|atv arctic cat 650 h4|daviddumais"
"DESTRCrsh_Designed Car Explosion With Metal Breaking And Glass Shattering  06_DDUMAIS_NONE.wav","Explosion SFX Pack","DavidDumais","https://sonniss.com/product/explosion-sfx-pack","/Sonniss - GDC 2024 - Game Audio Bundle/DavidDumais - Explosion SFX Pack/DESTRCrsh_Designed Car Explosion With Metal Breaking And Glass Shattering  06_DDUMAIS_NONE.wav","car|explosion|impactful|blast|shattering|glass|fiery|destruction|debris|scatter|destrcrsh_designed|car|explosion|with|metal|breaking|and|06_ddumais_nonewav|explosion sfx pack|daviddumais"
"EXPLDsgn_Nuclear Explosion 07_DDUMAIS_NONE.wav","Explosion SFX Pack","DavidDumais","https://sonniss.com/product/explosion-sfx-pack","/Sonniss - GDC 2024 - Game Audio Bundle/DavidDumais - Explosion SFX Pack/EXPLDsgn_Nuclear Explosion 07_DDUMAIS_NONE.wav","designed|nuclear|explosion|powerful|blast|cinematic|nuclear|detonation|devastating|impact|deep|rumbling|distant|eerie|decay|expldsgn_nuclear|explosion|07_ddumais_nonewav|explosion sfx pack|daviddumais"
"EXPLReal_Medium Realistic Explosion 15_DDUMAIS_NONE.wav","Explosion SFX Pack","DavidDumais","https://sonniss.com/product/explosion-sfx-pack","/Sonniss - GDC 2024 - Game Audio Bundle/DavidDumais - Explosion SFX Pack/EXPLReal_Medium Realistic Explosion 15_DDUMAIS_NONE.wav","mediumsize|realistic|explosion|impactful|blast|concussive|force|groundshaking|rumble|reveberant|tail|explreal_medium|realistic|explosion|15_ddumais_nonewav|explosion sfx pack|daviddumais"
"WOODCrsh_Designed Wood Crash And Debris 13_DDUMAIS_NONE.wav","Explosion SFX Pack","DavidDumais","https://sonniss.com/product/explosion-sfx-pack","/Sonniss - GDC 2024 - Game Audio Bundle/DavidDumais - Explosion SFX Pack/WOODCrsh_Designed Wood Crash And Debris 13_DDUMAIS_NONE.wav","wood|crash|impact|and|debris|wooden|object|forceful|smash|splintering|scatter|tearing|woodcrsh_designed|wood|crash|and|13_ddumais_nonewav|explosion sfx pack|daviddumais"
"CREAMisc_Creature 05 Long Growl 31_DDUMAIS_MCSFX.wav","Robotic Creatures Sound FX","DavidDumais","https://sonniss.com/product/robotic-creatures-sound-fx","/Sonniss - GDC 2024 - Game Audio Bundle/DavidDumais - Robotic Creatures Sound FX/CREAMisc_Creature 05 Long Growl 31_DDUMAIS_MCSFX.wav","mechanical|creature|creature|long|growls|aggressive|high|shriek|buzzing|resonant|creamisc_creature|05|long|growl|31_ddumais_mcsfxwav|robotic creatures sound fx|daviddumais"
"CREAMisc_Creature Power On 14_DDUMAIS_MCSFX.wav","Robotic Creatures Sound FX","DavidDumais","https://sonniss.com/product/robotic-creatures-sound-fx","/Sonniss - GDC 2024 - Game Audio Bundle/DavidDumais - Robotic Creatures Sound FX/CREAMisc_Creature Power On 14_DDUMAIS_MCSFX.wav","mechanical|creature|power|on|metallic|mechanical|components|impact|with|frequency|sweep|creamisc_creature|14_ddumais_mcsfxwav|robotic creatures sound fx|daviddumais"
"CREAMisc_Heavy Mechanical Footsteps 03_DDUMAIS_MCSFX.wav","Robotic Creatures Sound FX","DavidDumais","https://sonniss.com/product/robotic-creatures-sound-fx","/Sonniss - GDC 2024 - Game Audio Bundle/DavidDumais - Robotic Creatures Sound FX/CREAMisc_Heavy Mechanical Footsteps 03_DDUMAIS_MCSFX.wav","mechanical|creature|heavy|mechanical|footstep|booming|clomping|large|sub|powerful|creamisc_heavy|footsteps|03_ddumais_mcsfxwav|robotic creatures sound fx|daviddumais"
"UIData_Technology Scanner 05_DDUMAIS_MCSFX.wav","Robotic Creatures Sound FX","DavidDumais","https://sonniss.com/product/robotic-creatures-sound-fx","/Sonniss - GDC 2024 - Game Audio Bundle/DavidDumais - Robotic Creatures Sound FX/UIData_Technology Scanner 05_DDUMAIS_MCSFX.wav","mechanical|creature|technologies|scanner|abstract|spectral|uidata_technology|scanner|05_ddumais_mcsfxwav|robotic creatures sound fx|daviddumais"
"Comedic_006.wav","90's Anime SFX Pack","Doex","https://sonniss.com/product/90s-anime-sfx-pack","/Sonniss - GDC 2024 - Game Audio Bundle/Doex Studio - 90s Anime SFX Pack/Comedic_006.wav","comedic_006wav|90's anime sfx pack|doex"
"Laser_Beam_004.wav","90's Anime SFX Pack","Doex","https://sonniss.com/product/90s-anime-sfx-pack","/Sonniss - GDC 2024 - Game Audio Bundle/Doex Studio - 90s Anime SFX Pack/Laser_Beam_004.wav","laser_beam_004wav|90's anime sfx pack|doex"
"Noise_Punch_006.wav","90's Anime SFX Pack","Doex","https://sonniss.com/product/90s-anime-sfx-pack","/Sonniss - GDC 2024 - Game Audio Bundle/Doex Studio - 90s Anime SFX Pack/Noise_Punch_006.wav","noise_punch_006wav|90's anime sfx pack|doex"
"Short_PowerUp_005.wav","90's Anime SFX Pack","Doex","https://sonniss.com/product/90s-anime-sfx-pack","/Sonniss - GDC 2024 - Game Audio Bundle/Doex Studio - 90s Anime SFX Pack/Short_PowerUp_005.wav","short_powerup_005wav|90's anime sfx pack|doex"
"UI_BACKGROUND_LOW_DarkDrone_01.wav","Qantum UI","Doex","https://sonniss.com/product/qantum-ui","/Sonniss - GDC 2024 - Game Audio Bundle/Doex Studio - Qantum UI/UI_BACKGROUND_LOW_DarkDrone_01.wav","drone|ambience|background|ui|futuristic|scifi|ui_background_low_darkdrone_01wav|qantum ui|doex"
"UI_Noisy_Impact_09.wav","Qantum UI","Doex","https://sonniss.com/product/qantum-ui","/Sonniss - GDC 2024 - Game Audio Bundle/Doex Studio - Qantum UI/UI_Noisy_Impact_09.wav","ui_noisy_impact_09wav|qantum ui|doex"
"UI_Select_Plastic_05.wav","Qantum UI","Doex","https://sonniss.com/product/qantum-ui","/Sonniss - GDC 2024 - Game Audio Bundle/Doex Studio - Qantum UI/UI_Select_Plastic_05.wav","ui_select_plastic_05wav|qantum ui|doex"
"UI_Window_MEDIUM_SlideMetal_02_CLOSED.wav","Qantum UI","Doex","https://sonniss.com/product/qantum-ui","/Sonniss - GDC 2024 - Game Audio Bundle/Doex Studio - Qantum UI/UI_Window_MEDIUM_SlideMetal_02_CLOSED.wav","ui_window_medium_slidemetal_02_closedwav|qantum ui|doex"
"VEHCar_Audi Q2 EXTERIOR Pass By Slow Decelerating Then Accelerating MSD_DRCA_AUQ2_MKH8040 MKH30.wav","Audi Q2","Dramatic Cat","https://sonniss.com/product/audi-q2","/Sonniss - GDC 2024 - Game Audio Bundle/Dramatic Cat - Audi Q2/VEHCar_Audi Q2 EXTERIOR Pass By Slow Decelerating Then Accelerating MSD_DRCA_AUQ2_MKH8040 MKH30.wav","audi|q2|35|tfsi|2021|150ch|engine|car|suv|exterior|passby|slow|pass|by|passing|slowly|decelerate|decelerating|then|accelerating|accelerate|vehcar_audi|by|slow|then|accelerating|msd_drca_auq2_mkh8040|mkh30wav|audi q2|dramatic cat"
"VEHCar_Audi Q2 ONBOARD Driving Sequence With Revs Up And Down EXHAUST RIGHT_DRCA_AUQ2_MKH8040.wav","Audi Q3","Dramatic Cat","https://sonniss.com/product/audi-q3","/Sonniss - GDC 2024 - Game Audio Bundle/Dramatic Cat - Audi Q2/VEHCar_Audi Q2 ONBOARD Driving Sequence With Revs Up And Down EXHAUST RIGHT_DRCA_AUQ2_MKH8040.wav","audi|q2|35|tfsi|2021|150ch|engine|car|suv|onboard|rev|up|and|rev|down|ramp|ramp|vehcar_audi|driving|sequence|with|revs|up|and|down|exhaust|right_drca_auq2_mkh8040wav|audi q3|dramatic cat"
"VEHCar_Audi Q2 ONBOARD Turn On Start Long Idle Stop Shutoff EXHAUST CENTER_DRCA_AUQ2_UsiPro.wav","Audi Q4","Dramatic Cat","https://sonniss.com/product/audi-q4","/Sonniss - GDC 2024 - Game Audio Bundle/Dramatic Cat - Audi Q2/VEHCar_Audi Q2 ONBOARD Turn On Start Long Idle Stop Shutoff EXHAUST CENTER_DRCA_AUQ2_UsiPro.wav","audi|q2|35|tfsi|2021|150ch|engine|car|suv|onboard|turning|on|startup|start|up|idle|stop|shutoff|shut|down|off|vehcar_audi|turn|on|long|exhaust|center_drca_auq2_usiprowav|audi q4|dramatic cat"
"VEHCar_Audi Q7 EXTERIOR Approach Fast Stop Drive Away Fast ORTF_DRCA_AUQ7_MK012.wav","Audi Q7","Dramatic Cat","https://sonniss.com/product/audi-q7","/Sonniss - GDC 2024 - Game Audio Bundle/Dramatic Cat - Audi Q7/VEHCar_Audi Q7 EXTERIOR Approach Fast Stop Drive Away Fast ORTF_DRCA_AUQ7_MK012.wav","audi|q7|30|tdi|v6|turbo|245ch|engine|car|suv|exterior|approach|fast|approaching|decelerate|decelerating|stop|idle|start|departure|accelerate|drive|away|vehcar_audi|fast|away|ortf_drca_auq7_mk012wav|audi q7|dramatic cat"
"VEHCar_Audi Q7 ONBOARD Driving Sequence With Various Accelerations And Decelerations 02 ENGINE INTAKE_DRCA_AUQ7_MikroUsi.wav","Audi Q8","Dramatic Cat","https://sonniss.com/product/audi-q8","/Sonniss - GDC 2024 - Game Audio Bundle/Dramatic Cat - Audi Q7/VEHCar_Audi Q7 ONBOARD Driving Sequence With Various Accelerations And Decelerations 02 ENGINE INTAKE_DRCA_AUQ7_MikroUsi.wav","audi|q7|30|tdi|v6|turbo|245ch|engine|car|suv|onboard|turning|on|startup|start|up|idle|normal|driving|various|accelerations|and|decelerations|accelerating|decelerating|stop|shutoff|shut|down|off|vehcar_audi|driving|sequence|with|accelerations|and|decelerations|02|engine|intake_drca_auq7_mikrousiwav|audi q8|dramatic cat"
"VEHHorn_Audi Q7 EXTERIOR Horn Short And Long MONO_DRCA_AUQ7_Kmr81i.wav","Audi Q9","Dramatic Cat","https://sonniss.com/product/audi-q9","/Sonniss - GDC 2024 - Game Audio Bundle/Dramatic Cat - Audi Q7/VEHHorn_Audi Q7 EXTERIOR Horn Short And Long MONO_DRCA_AUQ7_Kmr81i.wav","audi|q7|30|tdi|v6|turbo|245ch|engine|car|suv|exterior|horn|klaxon|honking|vehhorn_audi|short|and|long|mono_drca_auq7_kmr81iwav|audi q9|dramatic cat"
"BOATMotr_Boat Mercury EXTERIOR Pass By Ride Away STEREO_DRCA_MERC_MKH8040 MKH30.wav","Lake Boat - Mercury 4-stroke 60HP","Dramatic Cat","https://sonniss.com/product/lake-boat-mercury-4-stroke-60hp","/Sonniss - GDC 2024 - Game Audio Bundle/Dramatic Cat - Lake Boat - Mercury 4-stroke 60HP/BOATMotr_Boat Mercury EXTERIOR Pass By Ride Away STEREO_DRCA_MERC_MKH8040 MKH30.wav","lake|boat|mercury|engine|60hp|4stroke|4|cylinders|runabout|boat|motorboat|exterior|idle|departure|accelerate|fast|drive|away|boatmotr_boat|pass|by|ride|away|stereo_drca_merc_mkh8040|mkh30wav|lake boat - mercury 4-stroke 60hp|dramatic cat"
"BOATMotr_Boat Mercury ONBOARD Ramp Up And Down Long ENGINE_DRCA_MERC_Kmr81i.wav","Lake Boat - Mercury 4-stroke 60HP","Dramatic Cat","https://sonniss.com/product/lake-boat-mercury-4-stroke-60hp","/Sonniss - GDC 2024 - Game Audio Bundle/Dramatic Cat - Lake Boat - Mercury 4-stroke 60HP/BOATMotr_Boat Mercury ONBOARD Ramp Up And Down Long ENGINE_DRCA_MERC_Kmr81i.wav","lake|boat|mercury|engine|60hp|4stroke|4|cylinders|runabout|boat|motorboat|onboard|rear|idle|revs|up|ramps|up|acccelerate|accelerating|down|decelerate|decelerating|boatmotr_boat|ramp|and|down|long|engine_drca_merc_kmr81iwav|lake boat - mercury 4-stroke 60hp|dramatic cat"
"BOATWash_Boat Mercury ONBOARD Riding Sequence Various Speeds 01 FRONT_DRCA_MERC_MKH8040.wav","Lake Boat - Mercury 4-stroke 60HP","Dramatic Cat","https://sonniss.com/product/lake-boat-mercury-4-stroke-60hp","/Sonniss - GDC 2024 - Game Audio Bundle/Dramatic Cat - Lake Boat - Mercury 4-stroke 60HP/BOATWash_Boat Mercury ONBOARD Riding Sequence Various Speeds 01 FRONT_DRCA_MERC_MKH8040.wav","lake|boat|mercury|engine|60hp|4stroke|4|cylinders|runabout|boat|motorboat|onboard|front|various|speeds|accelerations|and|decelerations|steady|rpms|normal|driving|boatwash_boat|riding|sequence|speeds|01|front_drca_merc_mkh8040wav|lake boat - mercury 4-stroke 60hp|dramatic cat"
"VEHFarm_Tractor Magnum 7250 EXTERIOR Pass By 01 STEREO_DRCA_MAGN_MKH8040 MKH30.wav","Magnum 7250","Dramatic Cat","https://sonniss.com/product/magnum-7250","/Sonniss - GDC 2024 - Game Audio Bundle/Dramatic Cat - Magnum 7250/VEHFarm_Tractor Magnum 7250 EXTERIOR Pass By 01 STEREO_DRCA_MAGN_MKH8040 MKH30.wav","case|ih|magnum|7250|1995|6|cylinders|8300cc|245hp|engine|tractor|agricultural|machinery|exterior|passby|pass|by|passing|vehfarm_tractor|by|01|stereo_drca_magn_mkh8040|mkh30wav|magnum 7250|dramatic cat"
"VEHFarm_Tractor Magnum 7250 ONBOARD Driving Sequence Constant RPMs 01 INTERIOR_DRCA_MAGN_MK012.wav","Magnum 7251","Dramatic Cat","https://sonniss.com/product/magnum-7251","/Sonniss - GDC 2024 - Game Audio Bundle/Dramatic Cat - Magnum 7250/VEHFarm_Tractor Magnum 7250 ONBOARD Driving Sequence Constant RPMs 01 INTERIOR_DRCA_MAGN_MK012.wav","case|ih|magnum|7250|1995|6|cylinders|8300cc|245hp|engine|tractor|agricultural|machinery|onboard|turning|on|startup|start|up|long|idle|steady|rpm|constant|rpms|stop|shutoff|shut|down|off|vehfarm_tractor|driving|sequence|01|interior_drca_magn_mk012wav|magnum 7251|dramatic cat"
"VEHFarm_Tractor Magnum 7250 ONBOARD Driving Sequence Idle And Revving ENGINE LEFT_DRCA_MAGN_UsiPro.wav","Magnum 7252","Dramatic Cat","https://sonniss.com/product/magnum-7252","/Sonniss - GDC 2024 - Game Audio Bundle/Dramatic Cat - Magnum 7250/VEHFarm_Tractor Magnum 7250 ONBOARD Driving Sequence Idle And Revving ENGINE LEFT_DRCA_MAGN_UsiPro.wav","case|ih|magnum|7250|1995|6|cylinders|8300cc|245hp|engine|tractor|agricultural|machinery|onboard|idle|revving|short|revs|stop|shutoff|shut|down|turning|off|vehfarm_tractor|driving|sequence|and|engine|left_drca_magn_usiprowav|magnum 7252|dramatic cat"
"GUNMech_Saiga 12 Cal.12 SOURCE Chamber Eject Bullet_DRCA_SG12_MKH416.wav","Saiga-12","Dramatic Cat","https://sonniss.com/product/saiga-12","/Sonniss - GDC 2024 - Game Audio Bundle/Dramatic Cat - Saiga-12/GUNMech_Saiga 12 Cal.12 SOURCE Chamber Eject Bullet_DRCA_SG12_MKH416.wav","izhmash|kalashnikov|saiga12|ipsc|gun|modern|weapon|firearm|shotgun|semiauto|cal|12|12gauge|foley|mechanical|mechanism|reload|ammunition|bullet|eject|from|chamber|gunmech_saiga|cal12|source|chamber|bullet_drca_sg12_mkh416wav|saiga-12|dramatic cat"
"GUNShotg_Saiga 12 Cal.12 DESIGNED Single Shot Core Long_DRCA_SG12_Stereo.wav","Saiga-13","Dramatic Cat","https://sonniss.com/product/saiga-13","/Sonniss - GDC 2024 - Game Audio Bundle/Dramatic Cat - Saiga-12/GUNShotg_Saiga 12 Cal.12 DESIGNED Single Shot Core Long_DRCA_SG12_Stereo.wav","izhmash|kalashnikov|saiga12|ipsc|gun|modern|weapon|firearm|shotgun|semiauto|cal|12|12gauge|firing|single|shot|gunshot|close|dry|slapback|gunshotg_saiga|cal12|designed|single|shot|core|long_drca_sg12_stereowav|saiga-13|dramatic cat"
"GUNShotg_Saiga 12 Cal.12 SOURCE Single Shots 1m Side MKH8040_DRCA_SG12_MONO.wav","Saiga-14","Dramatic Cat","https://sonniss.com/product/saiga-14","/Sonniss - GDC 2024 - Game Audio Bundle/Dramatic Cat - Saiga-12/GUNShotg_Saiga 12 Cal.12 SOURCE Single Shots 1m Side MKH8040_DRCA_SG12_MONO.wav","izhmash|kalashnikov|saiga12|ipsc|gun|modern|weapon|firearm|shotgun|semiauto|cal|12|12gauge|firing|single|shot|gunshot|close|gunshotg_saiga|cal12|source|single|shots|1m|side|mkh8040_drca_sg12_monowav|saiga-14|dramatic cat"
"GUNMech_SVD Dragunov 7.62×54R SOURCE Magazine Insert Slow_DRCA_DRAG_CO-100K.wav","SVD Dragunov","Dramatic Cat","https://sonniss.com/product/svd-dragunov","/Sonniss - GDC 2024 - Game Audio Bundle/Dramatic Cat - SVD Dragunov/GUNMech_SVD Dragunov 7.62×54R SOURCE Magazine Insert Slow_DRCA_DRAG_CO-100K.wav","izhmash|svd|dragunov|gun|modern|weapon|firearm|sniper|rifle|carabine|foley|reload|mag|magazine|ammo|clip|gunmech_svd|762×54r|source|insert|slow_drca_drag_co100kwav|svd dragunov|dramatic cat"
"GUNRif_SVD Dragunov 7.62×54R DESIGNED Single Shot Core Long_DRCA_DRAG_Stereo_05.wav","SVD Dragunov","Dramatic Cat","https://sonniss.com/product/svd-dragunov","/Sonniss - GDC 2024 - Game Audio Bundle/Dramatic Cat - SVD Dragunov/GUNRif_SVD Dragunov 7.62×54R DESIGNED Single Shot Core Long_DRCA_DRAG_Stereo_05.wav","izhmash|svd|dragunov|gun|modern|weapon|firearm|sniper|rifle|carabine|762x54|r|762x54mmr|firing|single|shot|gunshot|close|dry|slapback|gunrif_svd|762×54r|designed|single|shot|core|long_drca_drag_stereo_05wav|svd dragunov|dramatic cat"
"GUNRif_SVD Dragunov 7.62×54R SOURCE Single Shots 30m Front MikroUsi_DRCA_DRAG_AB.wav","SVD Dragunov","Dramatic Cat","https://sonniss.com/product/svd-dragunov","/Sonniss - GDC 2024 - Game Audio Bundle/Dramatic Cat - SVD Dragunov/GUNRif_SVD Dragunov 7.62×54R SOURCE Single Shots 30m Front MikroUsi_DRCA_DRAG_AB.wav","izhmash|svd|dragunov|gun|modern|weapon|firearm|sniper|rifle|carabine|762x54|r|762x54mmr|firing|single|shot|gunshot|medium|gunrif_svd|762×54r|source|single|shots|30m|front|mikrousi_drca_drag_abwav|svd dragunov|dramatic cat"
"OBJCont_Flask,aluminum,canteen,medium,feltcover,leatherbanding,aluminumrealcork,liquid,grab,squeeze,slosh_EWKR.wav","Flask","Eiravaein Works","https://sonniss.com/product/flask","/Sonniss - GDC 2024 - Game Audio Bundle/Eiravaein Works - Flask/OBJCont_Flask,aluminum,canteen,medium,feltcover,leatherbanding,aluminumrealcork,liquid,grab,squeeze,slosh_EWKR.wav","flask|aluminum|canteen|medium|feltcover|leatherbanding|aluminumrealcork|liquid|grab|squeeze|slosh|objcont_flask|slosh_ewkrwav|eiravaein works"
"OBJCont_Flask,glass,figuredbottle,realcork,liquid,remove,squeak,slosh,alt4_EWKR.wav","Flask","Eiravaein Works","https://sonniss.com/product/flask","/Sonniss - GDC 2024 - Game Audio Bundle/Eiravaein Works - Flask/OBJCont_Flask,glass,figuredbottle,realcork,liquid,remove,squeak,slosh,alt4_EWKR.wav","flask|glass|figuredbottle|realcork|liquid|remove|squeak|slosh|alt4|objcont_flask|alt4_ewkrwav|eiravaein works"
"OBJCont_Flask,gourd,oblong,medium,plasticsiliconecork,liquid,replace,alt6_EWKR.wav","Flask","Eiravaein Works","https://sonniss.com/product/flask","/Sonniss - GDC 2024 - Game Audio Bundle/Eiravaein Works - Flask/OBJCont_Flask,gourd,oblong,medium,plasticsiliconecork,liquid,replace,alt6_EWKR.wav","flask|gourd|oblong|medium|plasticsiliconecork|liquid|replace|alt6|objcont_flask|alt6_ewkrwav|eiravaein works"
"OBJCont_Flask,wood,canteen,medium,clothstrap,metalbanding,woodcork,liquid,shaking,sloshing_EWKR.wav","Flask","Eiravaein Works","https://sonniss.com/product/flask","/Sonniss - GDC 2024 - Game Audio Bundle/Eiravaein Works - Flask/OBJCont_Flask,wood,canteen,medium,clothstrap,metalbanding,woodcork,liquid,shaking,sloshing_EWKR.wav","flask|wood|canteen|medium|clothstrap|metalbanding|woodcork|liquid|shaking|sloshing|objcont_flask|sloshing_ewkrwav|eiravaein works"
"OBJMisc_HairDryerFoleyCableTension01_InMotionAudio_BrokenHairDryer.wav","Broken Hair Dryer","InMotionAudio","https://sonniss.com/product/broken-hair-dryer","/Sonniss - GDC 2024 - Game Audio Bundle/InMotionAudio - Broken Hair Dryer/OBJMisc_HairDryerFoleyCableTension01_InMotionAudio_BrokenHairDryer.wav","objmisc|misc|miscellaneous|hair|dryer|blow|foley|creak|creaks|squeak|squeaks|friction|objmisc_hairdryerfoleycabletension01_inmotionaudio_brokenhairdryerwav|broken hair dryer|inmotionaudio"
"OBJMisc_HairDryerOnOff04_InMotionAudio_BrokenHairDryer.wav","Broken Hair Dryer","InMotionAudio","https://sonniss.com/product/broken-hair-dryer","/Sonniss - GDC 2024 - Game Audio Bundle/InMotionAudio - Broken Hair Dryer/OBJMisc_HairDryerOnOff04_InMotionAudio_BrokenHairDryer.wav","objmisc|misc|miscellaneous|hair|dryer|blow|blowing|fan|machfan|mach|machines|machine|electric|electronic|electricity|power|on|off|down|up|air|handling|airflow|flow|wind|objmisc_hairdryeronoff04_inmotionaudio_brokenhairdryerwav|broken hair dryer|inmotionaudio"
"OBJMisc_HairDryerSwitch36_InMotionAudio_BrokenHairDryer.wav","Broken Hair Dryer","InMotionAudio","https://sonniss.com/product/broken-hair-dryer","/Sonniss - GDC 2024 - Game Audio Bundle/InMotionAudio - Broken Hair Dryer/OBJMisc_HairDryerSwitch36_InMotionAudio_BrokenHairDryer.wav","objmisc|misc|miscellaneous|hair|dryer|blow|switch|switches|button|buttons|click|clack|toggle|crank|lock|locking|mechanism|mechanical|objmisc_hairdryerswitch36_inmotionaudio_brokenhairdryerwav|broken hair dryer|inmotionaudio"
"AMBUndr_CaveDesign01_InMotionAudio_CaveDesign.wav","Cave Design","InMotionAudio","https://sonniss.com/product/cave-design","/Sonniss - GDC 2024 - Game Audio Bundle/InMotionAudio - Cave Design/AMBUndr_CaveDesign01_InMotionAudio_CaveDesign.wav","ambundr|underground|belowground|cave|caves|drips|echos|shaft|mine|ambundwtr|amb|ambience|watrflow|water|waters|h2o|aqua|liquid|liquids|fluid|fluids|aquatic|aquatics|hydro|hydrophone|underwater|submerge|submerged|ambundr_cavedesign01_inmotionaudio_cavedesignwav|cave design|inmotionaudio"
"AMBUndwtr_WaterFlow05_InMotionAudio_CaveDesign.wav","Cave Design","InMotionAudio","https://sonniss.com/product/cave-design","/Sonniss - GDC 2024 - Game Audio Bundle/InMotionAudio - Cave Design/AMBUndwtr_WaterFlow05_InMotionAudio_CaveDesign.wav","ambundwtr|amb|ambience|watrflow|water|waters|h2o|aqua|liquid|liquids|fluid|fluids|aquatic|aquatics|hydro|hydrophone|underwater|submerge|submerged|wet|move|movement|flow|flowing|current|splash|splashing|splosh|sploshing|drip|dr|ambundwtr_waterflow05_inmotionaudio_cavedesignwav|cave design|inmotionaudio"
"WATRDrip_SingleDrip03_InMotionAudio_CaveDesign.wav","Cave Design","InMotionAudio","https://sonniss.com/product/cave-design","/Sonniss - GDC 2024 - Game Audio Bundle/InMotionAudio - Cave Design/WATRDrip_SingleDrip03_InMotionAudio_CaveDesign.wav","watrdrip|water|waters|h2o|aqua|liquid|liquids|fluid|fluids|hydro|hydrophone|underwater|submerge|submerged|wet|splash|splashing|splosh|sploshing|drip|drips|bubble|bubbles|bubbling|swirling|watrdrip_singledrip03_inmotionaudio_cavedesignwav|cave design|inmotionaudio"
"WATRDrip_SingleDripDesign05_InMotionAudio_CaveDesign.wav","Cave Design","InMotionAudio","https://sonniss.com/product/cave-design","/Sonniss - GDC 2024 - Game Audio Bundle/InMotionAudio - Cave Design/WATRDrip_SingleDripDesign05_InMotionAudio_CaveDesign.wav","watrdrip|water|waters|h2o|aqua|liquid|liquids|fluid|fluids|hydro|hydrophone|underwater|submerge|submerged|wet|splash|splashing|splosh|sploshing|drip|drips|bubble|bubbles|bubbling|swirling|ambundr|underground|belowground|cave|ca|watrdrip_singledripdesign05_inmotionaudio_cavedesignwav|cave design|inmotionaudio"
"ELECEmf_Electromagnetic05_InMotionAudio_Electromagnesis Samples Volume 1.wav","Electromagnesis","InMotionAudio","https://sonniss.com/product/electromagnesis","/Sonniss - GDC 2024 - Game Audio Bundle/InMotionAudio - Electromagnesis/ELECEmf_Electromagnetic05_InMotionAudio_Electromagnesis Samples Volume 1.wav","electromagnetic|electronic|electricity|electric|energy|interference|digital|elements|technology|computer|experimental|noise|voltage|static|hum|buzz|buzzing|buzzes|glitch|ground|hum|hiss|crackle|screaming|sc|elecemf_electromagnetic05_inmotionaudio_electromagnesis|samples|volume|1wav|electromagnesis|inmotionaudio"
"ELECEmf_Electromagnetic32_InMotionAudio_Electromagnesis Samples Volume 1 .wav","Electromagnesis","InMotionAudio","https://sonniss.com/product/electromagnesis","/Sonniss - GDC 2024 - Game Audio Bundle/InMotionAudio - Electromagnesis/ELECEmf_Electromagnetic32_InMotionAudio_Electromagnesis Samples Volume 1 .wav","electromagnetic|electronic|electricity|electric|energy|interference|digital|elements|technology|computer|experimental|noise|voltage|static|hum|buzz|buzzing|buzzes|glitch|ground|hum|hiss|crackle|screaming|sc|elecemf_electromagnetic32_inmotionaudio_electromagnesis|samples|volume|1|wav|electromagnesis|inmotionaudio"
"ELECEmf_Electromagnetic59_InMotionAudio_Electromagnesis Samples Volume 1.wav","Electromagnesis","InMotionAudio","https://sonniss.com/product/electromagnesis","/Sonniss - GDC 2024 - Game Audio Bundle/InMotionAudio - Electromagnesis/ELECEmf_Electromagnetic59_InMotionAudio_Electromagnesis Samples Volume 1.wav","electromagnetic|electronic|electricity|electric|energy|digital|elements|technology|computer|experimental|noise|voltage|interference|buzz|buzzing|buzzes|glitch|hum|ground|hum|screaming|screeching|beep|science|fiction|scifi|a|elecemf_electromagnetic59_inmotionaudio_electromagnesis|samples|volume|1wav|electromagnesis|inmotionaudio"
"ELECEmf_Electromagnetic66_InMotionAudio_Electromagnesis Samples Volume 1.wav","Electromagnesis","InMotionAudio","https://sonniss.com/product/electromagnesis","/Sonniss - GDC 2024 - Game Audio Bundle/InMotionAudio - Electromagnesis/ELECEmf_Electromagnetic66_InMotionAudio_Electromagnesis Samples Volume 1.wav","electromagnetic|electronic|electricity|electric|energy|digital|elements|technology|computer|experimental|noise|voltage|interference|static|hum|buzz|buzzing|buzzes|glitch|ground|hum|hiss|crackle|screeching|science|fiction|elecemf_electromagnetic66_inmotionaudio_electromagnesis|samples|volume|1wav|electromagnesis|inmotionaudio"
"DSGNDron_Geofon05_InMotionAudio_GEODRONE.wav","GEODRONE","InMotionAudio","https://sonniss.com/product/geodrone","/Sonniss - GDC 2024 - Game Audio Bundle/InMotionAudio - GEODRONE/DSGNDron_Geofon05_InMotionAudio_GEODRONE.wav","dsgndron_geofon05_inmotionaudio_geodronewav|geodrone|inmotionaudio"
"DSGNDron_Geofon17_InMotionAudio_GEODRONE.wav","GEODRONE","InMotionAudio","https://sonniss.com/product/geodrone","/Sonniss - GDC 2024 - Game Audio Bundle/InMotionAudio - GEODRONE/DSGNDron_Geofon17_InMotionAudio_GEODRONE.wav","dsgndron_geofon17_inmotionaudio_geodronewav|geodrone|inmotionaudio"
"DSGNDron_Geofon24_InMotionAudio_GEODRONE.wav","GEODRONE","InMotionAudio","https://sonniss.com/product/geodrone","/Sonniss - GDC 2024 - Game Audio Bundle/InMotionAudio - GEODRONE/DSGNDron_Geofon24_InMotionAudio_GEODRONE.wav","dsgndron_geofon24_inmotionaudio_geodronewav|geodrone|inmotionaudio"
"MOTRElec_LawnMowing01_InMotionAudio_LawnMowerAmbience.wav","Lawn Mower Ambience","InMotionAudio","https://sonniss.com/product/lawn-mower-ambience","/Sonniss - GDC 2024 - Game Audio Bundle/InMotionAudio - Lawn Mower Ambience/MOTRElec_LawnMowing01_InMotionAudio_LawnMowerAmbience.wav","motrelec|motor|electric|electricity|lawn|mower|mowing|engine|engines|machine|machines|machinery|grass|garden|ambience|environment|uk|united|kingdom|british|i|motrelec_lawnmowing01_inmotionaudio_lawnmowerambiencewav|lawn mower ambience|inmotionaudio"
"AMBUrbn_CityAmbience07_InMotionAudio_ManchesterAmbience.wav","Manchester Ambience","InMotionAudio","https://sonniss.com/product/manchester-ambience","/Sonniss - GDC 2024 - Game Audio Bundle/InMotionAudio - Manchester Ambience/AMBUrbn_CityAmbience07_InMotionAudio_ManchesterAmbience.wav","amburbn|ambience|urban|city|cities|cityscape|traffic|transportation|trains|trams|tram|engine|engines|machine|machines|carb|amburbn_cityambience07_inmotionaudio_manchesterambiencewav|manchester ambience|inmotionaudio"
"AMBUrbn_CityAmbience17_InMotionAudio_ManchesterAmbience.wav","Manchester Ambience","InMotionAudio","https://sonniss.com/product/manchester-ambience","/Sonniss - GDC 2024 - Game Audio Bundle/InMotionAudio - Manchester Ambience/AMBUrbn_CityAmbience17_InMotionAudio_ManchesterAmbience.wav","amburbn|ambience|urban|city|cities|cityscape|traffic|transportation|trains|trams|tram|engine|engines|machine|machines|carb|amburbn_cityambience17_inmotionaudio_manchesterambiencewav|manchester ambience|inmotionaudio"
"TRNTram_TramByPass04_InMotionAudio_ManchesterAmbience.wav","Manchester Ambience","InMotionAudio","https://sonniss.com/product/manchester-ambience","/Sonniss - GDC 2024 - Game Audio Bundle/InMotionAudio - Manchester Ambience/TRNTram_TramByPass04_InMotionAudio_ManchesterAmbience.wav","trntram|transportation|trains|trams|tram|engine|engines|machine|machines|vehicles|vehicle|horn|beep|beeps|bypass|by|pass|passby|trntram_trambypass04_inmotionaudio_manchesterambiencewav|manchester ambience|inmotionaudio"
"FOLYMisc_3MMask_Movement04_InMotionAudio_MaskFoley.wav","Mask Foley","InMotionAudio","https://sonniss.com/product/mask-foley","/Sonniss - GDC 2024 - Game Audio Bundle/InMotionAudio - Mask Foley/FOLYMisc_3MMask_Movement04_InMotionAudio_MaskFoley.wav","folymisc|foley|miscellaneous|mask|masks|cloth|fabric|plastic|textile|material|materials|cotton|elastic|movement|moving|rustle|rubbing|rub|patting|pat|pats|hit|hits|stroking|stoke|touching|touch|ha|folymisc_3mmask_movement04_inmotionaudio_maskfoleywav|mask foley|inmotionaudio"
"FOLYMisc_BluePPEMask_Elastic09_InMotionAudio_MaskFoley.wav","Mask Foley","InMotionAudio","https://sonniss.com/product/mask-foley","/Sonniss - GDC 2024 - Game Audio Bundle/InMotionAudio - Mask Foley/FOLYMisc_BluePPEMask_Elastic09_InMotionAudio_MaskFoley.wav","folymisc|foley|miscellaneous|mask|masks|cloth|fabric|plastic|textile|material|materials|cotton|elastic|movement|moving|rustle|rubbing|rub|patting|pat|pats|hit|hits|stroking|stoke|touching|touch|ha|folymisc_blueppemask_elastic09_inmotionaudio_maskfoleywav|mask foley|inmotionaudio"
"FOLYMisc_FabricMask_Movement06_InMotionAudio_MaskFoley.wav","Mask Foley","InMotionAudio","https://sonniss.com/product/mask-foley","/Sonniss - GDC 2024 - Game Audio Bundle/InMotionAudio - Mask Foley/FOLYMisc_FabricMask_Movement06_InMotionAudio_MaskFoley.wav","folymisc|foley|miscellaneous|mask|masks|cloth|fabric|plastic|textile|material|materials|cotton|elastic|movement|moving|rustle|rubbing|rub|patting|pat|pats|hit|hits|stroking|stoke|touching|touch|ha|folymisc_fabricmask_movement06_inmotionaudio_maskfoleywav|mask foley|inmotionaudio"
"FOLYMisc_PlasticFaceShield_Movement04_InMotionAudio_MaskFoley.wav","Mask Foley","InMotionAudio","https://sonniss.com/product/mask-foley","/Sonniss - GDC 2024 - Game Audio Bundle/InMotionAudio - Mask Foley/FOLYMisc_PlasticFaceShield_Movement04_InMotionAudio_MaskFoley.wav","folymisc|foley|miscellaneous|mask|masks|plastic|elastic|movement|moving|rustle|rubbing|rub|patting|pat|pats|hit|hits|stroking|stoke|touching|touch|handlingfolymisc|folymisc_plasticfaceshield_movement04_inmotionaudio_maskfoleywav|mask foley|inmotionaudio"
"COMTelm1_Left Parenthesis_InMotionAudio_MorseCodeSamples.wav","Morse Code","InMotionAudio","https://sonniss.com/product/morse-code","/Sonniss - GDC 2024 - Game Audio Bundle/InMotionAudio - Morse Code/COMTelm1_Left Parenthesis_InMotionAudio_MorseCodeSamples.wav","communications|telemetry|comtelm|com|telegraph|transceiver|telecommunications|morse|code|beeps|dots|dits|dash|dahs|comtelm1_left|parenthesis_inmotionaudio_morsecodesampleswav|morse code|inmotionaudio"
"COMTelm3_QuotationMark_InMotionAudio_MorseCodeSamples.wav","Morse Code","InMotionAudio","https://sonniss.com/product/morse-code","/Sonniss - GDC 2024 - Game Audio Bundle/InMotionAudio - Morse Code/COMTelm3_QuotationMark_InMotionAudio_MorseCodeSamples.wav","communications|telemetry|comtelm|com|telegraph|transceiver|telecommunications|morse|code|beeps|dots|dits|dash|dahs|comtelm3_quotationmark_inmotionaudio_morsecodesampleswav|morse code|inmotionaudio"
"COMTelm4_SOS_InMotionAudio_MorseCodeSamples.wav","Morse Code","InMotionAudio","https://sonniss.com/product/morse-code","/Sonniss - GDC 2024 - Game Audio Bundle/InMotionAudio - Morse Code/COMTelm4_SOS_InMotionAudio_MorseCodeSamples.wav","communications|telemetry|comtelm|com|telegraph|transceiver|telecommunications|morse|code|beeps|dots|dits|dash|dahs|comtelm4_sos_inmotionaudio_morsecodesampleswav|morse code|inmotionaudio"
"ELECEmf_Hum03_InMotionAudio_MorseCodeSamples.wav","Morse Code","InMotionAudio","https://sonniss.com/product/morse-code","/Sonniss - GDC 2024 - Game Audio Bundle/InMotionAudio - Morse Code/ELECEmf_Hum03_InMotionAudio_MorseCodeSamples.wav","electromagnetic|electronic|electricity|electric|energy|digital|elements|technology|computer|experimental|noise|voltage|interference|static|hum|buzz|buzzing|buzzes|glitch|ground|hum|hiss|crackle|screeching|science|fiction|elecemf_hum03_inmotionaudio_morsecodesampleswav|morse code|inmotionaudio"
"DSGNErie_EerieBoilerRoom06_InMotionAudio_Sinister Textures Volume 1.wav","Sinister Textures 1","InMotionAudio","https://sonniss.com/product/sinister-textures-1","/Sonniss - GDC 2024 - Game Audio Bundle/InMotionAudio - Sinister Textures 1/DSGNErie_EerieBoilerRoom06_InMotionAudio_Sinister Textures Volume 1.wav","int|haunted|haunting|horror|evil|nightmare|mysterious|thriller|suspense|fear|scary|eerie|dread|terror|creepy|ominous|paranormal|supernatural|post|apocalyptic|ambience|room|tone|atmosphere|environment|internal|rumble|steam|dead|ai|dsgnerie_eerieboilerroom06_inmotionaudio_sinister|textures|volume|1wav|sinister textures 1|inmotionaudio"
"DSGNErie_EerieSubway01_InMotionAudio_Sinister Textures Volume 1.wav","Sinister Textures 2","InMotionAudio","https://sonniss.com/product/sinister-textures-2","/Sonniss - GDC 2024 - Game Audio Bundle/InMotionAudio - Sinister Textures 1/DSGNErie_EerieSubway01_InMotionAudio_Sinister Textures Volume 1.wav","int|haunted|haunting|horror|evil|nightmare|mysterious|thriller|suspense|fear|scary|eerie|dread|terror|creepy|ominous|paranormal|supernatural|post|apocalyptic|ambience|room|tone|atmosphere|environment|rumble|industrial|abandoned|s|dsgnerie_eeriesubway01_inmotionaudio_sinister|textures|volume|1wav|sinister textures 2|inmotionaudio"
"DSGNErie_Eerie02_InMotionAudio_SinisterTexturesVolume2.wav","Sinister Textures 2","InMotionAudio","https://sonniss.com/product/sinister-textures-2","/Sonniss - GDC 2024 - Game Audio Bundle/InMotionAudio - Sinister Textures 2/DSGNErie_Eerie02_InMotionAudio_SinisterTexturesVolume2.wav","design|designed|dsgnerie|eerie|haunted|haunting|horror|evil|nightmare|mysterious|thriller|suspense|fear|scary|dread|terror|creepy|ominous|paranormal|supernatural|post|apocalyptic|ambience|dsgnerie_eerie02_inmotionaudio_sinistertexturesvolume2wav|sinister textures 2|inmotionaudio"
"DSGNErie_Eerie06_InMotionAudio_SinisterTexturesVolume2.wav","Sinister Textures 3","InMotionAudio","https://sonniss.com/product/sinister-textures-3","/Sonniss - GDC 2024 - Game Audio Bundle/InMotionAudio - Sinister Textures 2/DSGNErie_Eerie06_InMotionAudio_SinisterTexturesVolume2.wav","design|designed|dsgnerie|eerie|haunted|haunting|horror|evil|nightmare|mysterious|thriller|suspense|fear|scary|dread|terror|creepy|ominous|paranormal|supernatural|post|apocalyptic|ambience|dsgnerie_eerie06_inmotionaudio_sinistertexturesvolume2wav|sinister textures 3|inmotionaudio"
"DSGNErie_Eerie23_InMotionAudio_SinisterTexturesVolume2.wav","Sinister Textures 4","InMotionAudio","https://sonniss.com/product/sinister-textures-4","/Sonniss - GDC 2024 - Game Audio Bundle/InMotionAudio - Sinister Textures 2/DSGNErie_Eerie23_InMotionAudio_SinisterTexturesVolume2.wav","design|designed|dsgnerie|eerie|haunted|haunting|horror|evil|nightmare|mysterious|thriller|suspense|fear|scary|dread|terror|creepy|ominous|paranormal|supernatural|post|apocalyptic|ambience|dsgnerie_eerie23_inmotionaudio_sinistertexturesvolume2wav|sinister textures 4|inmotionaudio"
"CLOCKTick_Clock53_InMotionAudio_SinisterTextures3.wav","Sinister Textures 3","InMotionAudio","https://sonniss.com/product/sinister-textures-3","/Sonniss - GDC 2024 - Game Audio Bundle/InMotionAudio - Sinister Textures 3/CLOCKTick_Clock53_InMotionAudio_SinisterTextures3.wav","clocktick|clock|clocks|antique|grandfather|hands|tick|ticking|tock|click|time|minute|minutes|second|seconds|hour|hours|metronome|countdown|designed|design|clocktick_clock53_inmotionaudio_sinistertextures3wav|sinister textures 3|inmotionaudio"
"CLOCKTick_ClockMultiReverb11_InMotionAudio_SinisterTextures3.wav","Sinister Textures 4","InMotionAudio","https://sonniss.com/product/sinister-textures-4","/Sonniss - GDC 2024 - Game Audio Bundle/InMotionAudio - Sinister Textures 3/CLOCKTick_ClockMultiReverb11_InMotionAudio_SinisterTextures3.wav","clocktick|clock|clocks|antique|grandfather|hands|tick|ticking|tock|click|time|minute|minutes|second|seconds|hour|hours|metronome|countdown|designed|design|clocktick_clockmultireverb11_inmotionaudio_sinistertextures3wav|sinister textures 4|inmotionaudio"
"CLOCKTick_ClockMultiReverse51_InMotionAudio_SinisterTextures3.wav","Sinister Textures 5","InMotionAudio","https://sonniss.com/product/sinister-textures-5","/Sonniss - GDC 2024 - Game Audio Bundle/InMotionAudio - Sinister Textures 3/CLOCKTick_ClockMultiReverse51_InMotionAudio_SinisterTextures3.wav","clocktick|clock|clocks|antique|grandfather|hands|tick|ticking|tock|click|time|minute|minutes|second|seconds|hour|hours|metronome|countdown|designed|design|clocktick_clockmultireverse51_inmotionaudio_sinistertextures3wav|sinister textures 5|inmotionaudio"
"CLOCKTick_ClockMultiReverseReverb58_InMotionAudio_SinisterTextures3.wav","Sinister Textures 6","InMotionAudio","https://sonniss.com/product/sinister-textures-6","/Sonniss - GDC 2024 - Game Audio Bundle/InMotionAudio - Sinister Textures 3/CLOCKTick_ClockMultiReverseReverb58_InMotionAudio_SinisterTextures3.wav","clocktick|clock|clocks|antique|grandfather|hands|tick|ticking|tock|click|time|minute|minutes|second|seconds|hour|hours|metronome|countdown|designed|design|clocktick_clockmultireversereverb58_inmotionaudio_sinistertextures3wav|sinister textures 6|inmotionaudio"
"VEGELeaf_CornLeafMovements02_InMotionAudio_SoundoftheCorn.wav","Sound of the Corn","InMotionAudio","https://sonniss.com/product/sound-of-the-corn","/Sonniss - GDC 2024 - Game Audio Bundle/InMotionAudio - Sound of the Corn/VEGELeaf_CornLeafMovements02_InMotionAudio_SoundoftheCorn.wav","vegetation|vege|vegemisc|vege|leaf|leaves|dry|leave|wind|windvege|windy|outdoor|countryside|rural|amb|ambience|rustle|foliage|walk|through|walkby|runby|corn|plant|plants|fields|bush|bushes|crops|vegeleaf_cornleafmovements02_inmotionaudio_soundofthecornwav|sound of the corn|inmotionaudio"
"VEGEMisc_CornStalkMovements20_InMotionAudio_SoundoftheCorn.wav","Sound of the Corn","InMotionAudio","https://sonniss.com/product/sound-of-the-corn","/Sonniss - GDC 2024 - Game Audio Bundle/InMotionAudio - Sound of the Corn/VEGEMisc_CornStalkMovements20_InMotionAudio_SoundoftheCorn.wav","vegetation|vege|vegemisc|vege|leaf|leaves|dry|leave|wind|windvege|windy|outdoor|countryside|rural|amb|ambience|rustle|foliage|walk|through|walkby|runby|corn|plant|plants|fields|bush|bushes|crops|vegemisc_cornstalkmovements20_inmotionaudio_soundofthecornwav|sound of the corn|inmotionaudio"
"WINDVege_CornFieldsDay02_InMotionAudio_SoundoftheCorn.wav","Sound of the Corn","InMotionAudio","https://sonniss.com/product/sound-of-the-corn","/Sonniss - GDC 2024 - Game Audio Bundle/InMotionAudio - Sound of the Corn/WINDVege_CornFieldsDay02_InMotionAudio_SoundoftheCorn.wav","vegetation|vege|vegemisc|vege|leaf|leaves|dry|leave|wind|windvege|windy|outdoor|countryside|rural|amb|ambience|rustle|foliage|walk|through|walkby|runby|corn|plant|plants|fields|bush|bushes|crops|windvege_cornfieldsday02_inmotionaudio_soundofthecornwav|sound of the corn|inmotionaudio"
"WATRDran_Drain02_InMotionAudio_Submerge.wav","Submerge","InMotionAudio","https://sonniss.com/product/submerge","/Sonniss - GDC 2024 - Game Audio Bundle/InMotionAudio - Submerge/WATRDran_Drain02_InMotionAudio_Submerge.wav","watrdran|water|waters|h2o|aqua|liquid|liquids|fluid|fluids|aquatic|aquatics|hydro|hydrophone|underwater|submerge|submerged|wet|drain|drainb|watrdran_drain02_inmotionaudio_submergewav|inmotionaudio"
"WATRFlow_WaterFlow21_InMotionAudio_Submerge.wav","Submerge","InMotionAudio","https://sonniss.com/product/submerge","/Sonniss - GDC 2024 - Game Audio Bundle/InMotionAudio - Submerge/WATRFlow_WaterFlow21_InMotionAudio_Submerge.wav","watrflow|water|waters|h2o|aqua|liquid|liquids|fluid|fluids|aquatic|aquatics|hydro|hydrophone|underwater|submerge|submerged|wet|move|movement|flow|flowing|current|splash|splashing|splosh|sploshing|drip|drips|bubble|bubbles|bubb|watrflow_waterflow21_inmotionaudio_submergewav|inmotionaudio"
"WATRImpt_Impact20_InMotionAudio_Submerge.wav","Submerge","InMotionAudio","https://sonniss.com/product/submerge","/Sonniss - GDC 2024 - Game Audio Bundle/InMotionAudio - Submerge/WATRImpt_Impact20_InMotionAudio_Submerge.wav","watrimpt|water|waters|h2o|aqua|liquid|liquids|fluid|fluids|aquatic|aquatics|hydro|hydrophone|underwater|submerge|submerged|wet|impact|impacts|hit|hits|one|splash|splashing|splosh|sploshing|plunge|plunging|drip|drips|drop|watrimpt_impact20_inmotionaudio_submergewav|inmotionaudio"
"WATRMvmt_WaterRockMovement04_InMotionAudio_Submerge.wav","Submerge","InMotionAudio","https://sonniss.com/product/submerge","/Sonniss - GDC 2024 - Game Audio Bundle/InMotionAudio - Submerge/WATRMvmt_WaterRockMovement04_InMotionAudio_Submerge.wav","watrmvmt|water|waters|h2o|aqua|liquid|liquids|fluid|fluids|aquatic|aquatics|hydro|hydrophone|underwater|submerge|submerged|wet|move|movement|impact|impacts|hit|hits|one|drop|drops|drag|dragged|stone|stones|rock|rocks|gr|watrmvmt_waterrockmovement04_inmotionaudio_submergewav|inmotionaudio"
"AMBForst_Forest04_InMotionAudio_TheForestSamples.wav","The Forest","InMotionAudio","https://sonniss.com/product/the-forest","/Sonniss - GDC 2024 - Game Audio Bundle/InMotionAudio - The Forest/AMBForst_Forest04_InMotionAudio_TheForestSamples.wav","forest|uk|english|british|dense|recordings|ambforst|ambience|amb|trees|wood|woodland|timberland|deciduous|conifer|rustle|foliage|snap|crack|twig|birds|bird|song|distant|chirps|tweeting|shee|ambforst_forest04_inmotionaudio_theforestsampleswav|the forest|inmotionaudio"
"AMBForst_Forest08_InMotionAudio_TheForestSamples.wav","The Forest","InMotionAudio","https://sonniss.com/product/the-forest","/Sonniss - GDC 2024 - Game Audio Bundle/InMotionAudio - The Forest/AMBForst_Forest08_InMotionAudio_TheForestSamples.wav","forest|uk|english|british|dense|recordings|ambforst|ambience|amb|trees|wood|woodland|timberland|deciduous|conifer|rustle|foliage|snap|crack|twig|birds|bird|song|distant|chirps|tweeting|shee|ambforst_forest08_inmotionaudio_theforestsampleswav|the forest|inmotionaudio"
"CLOTHRip_CottonRips13_InMotionAudio_TornTShirt.wav","Torn T-Shirt","InMotionAudio","https://sonniss.com/product/torn-t-shirt","/Sonniss - GDC 2024 - Game Audio Bundle/InMotionAudio - Torn T-Shirt/CLOTHRip_CottonRips13_InMotionAudio_TornTShirt.wav","cloth|clothes|fabric|textile|material|materials|cotton|tshirt|clothrip|rip|rips|short|medium|long|staggered|tear|torn|slash|slit|shred|stretch|break|destruction|foley|movement|moving|clothrip_cottonrips13_inmotionaudio_torntshirtwav|torn t-shirt|inmotionaudio"
"CLOTHRip_CottonRips44_InMotionAudio_TornTShirt.wav","Torn T-Shirt","InMotionAudio","https://sonniss.com/product/torn-t-shirt","/Sonniss - GDC 2024 - Game Audio Bundle/InMotionAudio - Torn T-Shirt/CLOTHRip_CottonRips44_InMotionAudio_TornTShirt.wav","cloth|clothes|fabric|textile|material|materials|cotton|tshirt|clothrip|rip|rips|short|medium|long|staggered|tear|torn|slash|slit|shred|stretch|break|destruction|foley|movement|moving|clothrip_cottonrips44_inmotionaudio_torntshirtwav|torn t-shirt|inmotionaudio"
"CLOTHRip_CottonRips74_InMotionAudio_TornTShirt.wav","Torn T-Shirt","InMotionAudio","https://sonniss.com/product/torn-t-shirt","/Sonniss - GDC 2024 - Game Audio Bundle/InMotionAudio - Torn T-Shirt/CLOTHRip_CottonRips74_InMotionAudio_TornTShirt.wav","cloth|clothes|fabric|textile|material|materials|cotton|tshirt|clothrip|rip|rips|short|medium|long|staggered|tear|torn|slash|slit|shred|stretch|break|destruction|foley|movement|moving|clothrip_cottonrips74_inmotionaudio_torntshirtwav|torn t-shirt|inmotionaudio"
"CLOTHRip_CottonRips92_InMotionAudio_TornTShirt.wav","Torn T-Shirt","InMotionAudio","https://sonniss.com/product/torn-t-shirt","/Sonniss - GDC 2024 - Game Audio Bundle/InMotionAudio - Torn T-Shirt/CLOTHRip_CottonRips92_InMotionAudio_TornTShirt.wav","cloth|clothes|fabric|textile|material|materials|cotton|tshirt|clothrip|rip|rips|short|medium|long|staggered|tear|torn|slash|slit|shred|stretch|break|destruction|foley|movement|moving|clothrip_cottonrips92_inmotionaudio_torntshirtwav|torn t-shirt|inmotionaudio"
"AMBTran_TrainStation06_InMotionAudio_TrainStationAmbience.wav","Train Station Ambience","InMotionAudio","https://sonniss.com/product/train-station-ambience","/Sonniss - GDC 2024 - Game Audio Bundle/InMotionAudio - Train Station Ambience/AMBTran_TrainStation06_InMotionAudio_TrainStationAmbience.wav","ambience|amb|transportation|train|station|uk|platform|public|place|environment|background|interior|indoor|arrives|arrival|arriving|departs|depart|departing|boarding|announcement|ta|ambtran_trainstation06_inmotionaudio_trainstationambiencewav|train station ambience|inmotionaudio"
"AMBTran_TrainStation10_InMotionAudio_TrainStationAmbience.wav","Train Station Ambience","InMotionAudio","https://sonniss.com/product/train-station-ambience","/Sonniss - GDC 2024 - Game Audio Bundle/InMotionAudio - Train Station Ambience/AMBTran_TrainStation10_InMotionAudio_TrainStationAmbience.wav","ambience|amb|transportation|train|station|uk|platform|public|place|environment|background|interior|indoor|arrives|arrival|arriving|departs|depart|departing|boarding|announcement|tan|ambtran_trainstation10_inmotionaudio_trainstationambiencewav|train station ambience|inmotionaudio"
"AMBCnst_Construction03_InMotionAudio_UKConstructionAmbience.wav","UK Construction Ambience","InMotionAudio","https://sonniss.com/product/uk-construction-ambience","/Sonniss - GDC 2024 - Game Audio Bundle/InMotionAudio - UK Construction Ambience/AMBCnst_Construction03_InMotionAudio_UKConstructionAmbience.wav","ambcnst|ambience|construction|site|road|building|work|working|worker|truck|trucks|dumper|engine|engines|machine|machines|machinery|uk|united|kingdom|british|br|ambcnst_construction03_inmotionaudio_ukconstructionambiencewav|uk construction ambience|inmotionaudio"
"AMBCnst_Construction07_InMotionAudio_UKConstructionAmbience.wav","UK Construction Ambience","InMotionAudio","https://sonniss.com/product/uk-construction-ambience","/Sonniss - GDC 2024 - Game Audio Bundle/InMotionAudio - UK Construction Ambience/AMBCnst_Construction07_InMotionAudio_UKConstructionAmbience.wav","ambcnst|ambience|construction|site|road|building|work|working|worker|truck|trucks|dumper|engine|engines|machine|machines|machinery|saw|electric|uk|united|k|ambcnst_construction07_inmotionaudio_ukconstructionambiencewav|uk construction ambience|inmotionaudio"
"AMBTraf_Day09_Traffic_NTG4_InMotionAudio_UKMotorwaySamples.wav","UK Motorway","InMotionAudio","https://sonniss.com/product/uk-motorway","/Sonniss - GDC 2024 - Game Audio Bundle/InMotionAudio - UK Motorway/AMBTraf_Day09_Traffic_NTG4_InMotionAudio_UKMotorwaySamples.wav","ext|uk|united|kingdom|british|isles|britainuk|motoway|motorways|highways|freeway|traffic|busy|fast|distant|roads|driving|vehicles|pass|by|bys|cars|car|van|lorry|va|ambtraf_day09_traffic_ntg4_inmotionaudio_ukmotorwaysampleswav|uk motorway|inmotionaudio"
"AMBTraf_Night07_Traffic_H4N_InMotionAudio_UKMotorwaySamples.wav","UK Motorway","InMotionAudio","https://sonniss.com/product/uk-motorway","/Sonniss - GDC 2024 - Game Audio Bundle/InMotionAudio - UK Motorway/AMBTraf_Night07_Traffic_H4N_InMotionAudio_UKMotorwaySamples.wav","ext|uk|united|kingdom|british|isles|britainuk|motoway|motorways|highways|freeway|traffic|busy|fast|distant|roads|driving|vehicles|pass|by|bys|cars|car|van|lorry|va|ambtraf_night07_traffic_h4n_inmotionaudio_ukmotorwaysampleswav|uk motorway|inmotionaudio"
"AMBInd_WorkShop04_InMotionAudio_UKPoliceVehicleSamples.wav","UK Police Vehicle","InMotionAudio","https://sonniss.com/product/uk-police-vehicle","/Sonniss - GDC 2024 - Game Audio Bundle/InMotionAudio - UK Police Vehicle/AMBInd_WorkShop04_InMotionAudio_UKPoliceVehicleSamples.wav","int|ambience|industrial|ambind|amb|warehouses|warehouse|factory|factories|workshop|manufacturing|room|tone|machinery|metal|uk|united|kingdom|british|isles|britain|great|en|ambind_workshop04_inmotionaudio_ukpolicevehiclesampleswav|uk police vehicle|inmotionaudio"
"VEHDoor_PoliceFordTransitVan_CellDoor02_InMotionAudio_UKPoliceVehicleSamples.wav","UK Police Vehicle","InMotionAudio","https://sonniss.com/product/uk-police-vehicle","/Sonniss - GDC 2024 - Game Audio Bundle/InMotionAudio - UK Police Vehicle/VEHDoor_PoliceFordTransitVan_CellDoor02_InMotionAudio_UKPoliceVehicleSamples.wav","vehicles|vehicle|vehdoor|auto|automobile|veh|truck|van|suv|ford|transit|police|door|car|back|cell|prison|closed|close|shut|bang|thud|thump|slam|impact|crunch|scrape|click|squeak|lock|locking|vehdoor_policefordtransitvan_celldoor02_inmotionaudio_ukpolicevehiclesampleswav|uk police vehicle|inmotionaudio"
"VEHMech_PoliceFordTransitVan__CellDoor_LockOpen02_InMotionAudio_UKPoliceVehicleSamples.wav","UK Police Vehicle","InMotionAudio","https://sonniss.com/product/uk-police-vehicle","/Sonniss - GDC 2024 - Game Audio Bundle/InMotionAudio - UK Police Vehicle/VEHMech_PoliceFordTransitVan__CellDoor_LockOpen02_InMotionAudio_UKPoliceVehicleSamples.wav","mechanism|mechanical|vehmech|vehicles|vehicle|veh|auto|automobile|truck|van|suv|ford|transit|police|vehdoor|door|cell|prison|handle|handles|open|opened|close|closed|shut|latch|clasp|deadbolt|lock|locking|lo|vehmech_policefordtransitvan__celldoor_lockopen02_inmotionaudio_ukpolicevehiclesampleswav|uk police vehicle|inmotionaudio"
"VEHMisc_PoliceFordTransitVan_CellFoley02_InMotionAudio_UKPoliceVehicleSamples.wav","UK Police Vehicle","InMotionAudio","https://sonniss.com/product/uk-police-vehicle","/Sonniss - GDC 2024 - Game Audio Bundle/InMotionAudio - UK Police Vehicle/VEHMisc_PoliceFordTransitVan_CellFoley02_InMotionAudio_UKPoliceVehicleSamples.wav","foley|cell|footsteps|foot|scrapes|cloth|movement|metal|metallic|surface|knocks|hit|tap|taps|move|vehicles|vehicle|veh|auto|automobile|truck|van|suv|ford|transit|police|vehmisc_policefordtransitvan_cellfoley02_inmotionaudio_ukpolicevehiclesampleswav|uk police vehicle|inmotionaudio"
"AMBPubl_ShopAmbience04_InMotionAudio_UKShopSamples.wav","UK Shops","InMotionAudio","https://sonniss.com/product/uk-shops","/Sonniss - GDC 2024 - Game Audio Bundle/InMotionAudio - UK Shops/AMBPubl_ShopAmbience04_InMotionAudio_UKShopSamples.wav","ambience|amb|public|place|environment|background|interior|indoor|shop|shops|shopping|uk|ambiences|super|market|supermarket|retail|ambpubl_shopambience04_inmotionaudio_ukshopsampleswav|uk shops|inmotionaudio"
"AMBPubl_ShopAmbience08_InMotionAudio_UKShopSamples.wav","UK Shops","InMotionAudio","https://sonniss.com/product/uk-shops","/Sonniss - GDC 2024 - Game Audio Bundle/InMotionAudio - UK Shops/AMBPubl_ShopAmbience08_InMotionAudio_UKShopSamples.wav","ambience|amb|public|place|environment|background|interior|indoor|shop|shops|shopping|uk|ambiences|super|market|supermarket|retail|ambpubl_shopambience08_inmotionaudio_ukshopsampleswav|uk shops|inmotionaudio"
"AMBTran_TrainInterior06_InMotionAudio_UKTrainInteriorAmbience.wav","UK Train Interior Ambience","InMotionAudio","https://sonniss.com/product/uk-train-interior-ambience","/Sonniss - GDC 2024 - Game Audio Bundle/InMotionAudio - UK Train Interior Ambience/AMBTran_TrainInterior06_InMotionAudio_UKTrainInteriorAmbience.wav","ambtran|amb|ambience|environment|background|interior|indoor|train|uk|trains|transportation|transport|arrives|arrival|arriving|departs|depart|departing|boarding|ambtran_traininterior06_inmotionaudio_uktraininteriorambiencewav|uk train interior ambience|inmotionaudio"
"AMBTran_TrainInterior21_InMotionAudio_UKTrainInteriorAmbience.wav","UK Train Interior Ambience","InMotionAudio","https://sonniss.com/product/uk-train-interior-ambience","/Sonniss - GDC 2024 - Game Audio Bundle/InMotionAudio - UK Train Interior Ambience/AMBTran_TrainInterior21_InMotionAudio_UKTrainInteriorAmbience.wav","ambtran|amb|ambience|environment|background|interior|indoor|train|uk|trains|transportation|transport|arrives|arrival|arriving|departs|depart|departing|boarding|ambtran_traininterior21_inmotionaudio_uktraininteriorambiencewav|uk train interior ambience|inmotionaudio"
"WOODBrk_Snap09_InMotionAudio_Wood.wav","Wood","InMotionAudio","https://sonniss.com/product/wood-2","/Sonniss - GDC 2024 - Game Audio Bundle/InMotionAudio - Wood/WOODBrk_Snap09_InMotionAudio_Wood.wav","woodbrk|wood|woods|wooden|breaks|break|snap|snaps|snapped|crunch|splinter|creaks|creak|crack|cracks|stress|bend|bending|woodbrk_snap09_inmotionaudio_woodwav|inmotionaudio"
"WOODFric_Scrapes09_InMotionAudio_Wood.wav","Wood","InMotionAudio","https://sonniss.com/product/wood-3","/Sonniss - GDC 2024 - Game Audio Bundle/InMotionAudio - Wood/WOODFric_Scrapes09_InMotionAudio_Wood.wav","woodfric|wood|woods|wooden|friction|scrape|scrapes|scraped|scratch|drag|dragged|woodfric_scrapes09_inmotionaudio_woodwav|inmotionaudio"
"WOODImpt_Drops20_InMotionAudio_Wood.wav","Wood","InMotionAudio","https://sonniss.com/product/wood-4","/Sonniss - GDC 2024 - Game Audio Bundle/InMotionAudio - Wood/WOODImpt_Drops20_InMotionAudio_Wood.wav","woodimpt|wood|woods|wooden|impact|drops|dropped|crash|crashed|impacts|hit|hits|one|clunk|chop|click|clack|rattle|rattled|woodimpt_drops20_inmotionaudio_woodwav|inmotionaudio"
"WOODMvmt_FoleyMovement01_InMotionAudio_Wood.wav","Wood","InMotionAudio","https://sonniss.com/product/wood-5","/Sonniss - GDC 2024 - Game Audio Bundle/InMotionAudio - Wood/WOODMvmt_FoleyMovement01_InMotionAudio_Wood.wav","woodmvmt|wood|woods|wooden|movement|rattle|rattled|foley|woodmvmt_foleymovement01_inmotionaudio_woodwav|inmotionaudio"
"AMBTran_Train Station Boulevard Entrance Ambience,_JF_Train Station Atmos.wav","British Train Station Ambiences","Jake Fielding","https://sonniss.com/product/british-train-station-ambiences","/Sonniss - GDC 2024 - Game Audio Bundle/Jake Fielding - British Train Station Ambiences/AMBTran_Train Station Boulevard Entrance Ambience,_JF_Train Station Atmos.wav","train|station|boulevard|entrance|ambience|walla|busy|chat|commuters|manchester|picadilly|tannoy|announcement|suitcases|footsteps|ambtran_train|_jf_train|atmoswav|british train station ambiences|jake fielding"
"AMBTran_Underground Station Ambience, Knightsbridge,_JF_Train Station Atmos.wav","British Train Station Ambiences","Jake Fielding","https://sonniss.com/product/british-train-station-ambiences","/Sonniss - GDC 2024 - Game Audio Bundle/Jake Fielding - British Train Station Ambiences/AMBTran_Underground Station Ambience, Knightsbridge,_JF_Train Station Atmos.wav","underground|station|ambience|knightsbridge|metro|brake|squeal|train|depart|passby|tunnel|people|footsteps|ambtran_underground|_jf_train|atmoswav|british train station ambiences|jake fielding"
"AMBRoom_Morgue Freezer Tone, Interior_JF_Morgue Tones_02.wav","Chamber of Shadows - Morgue Room Tones","Jake Fielding","https://sonniss.com/product/chamber-of-shadows-morgue-room-tones","/Sonniss - GDC 2024 - Game Audio Bundle/Jake Fielding - Chamber of Shadows - Morgue Room Tones/AMBRoom_Morgue Freezer Tone, Interior_JF_Morgue Tones_02.wav","morgue|freezer|tone|interior|room|airy|ambroom_morgue|interior_jf_morgue|tones_02wav|chamber of shadows - morgue room tones|jake fielding"
"AMBRoom_Morgue Freezer Unit Room Tone_JF_Morgue Tones_03.wav","Chamber of Shadows - Morgue Room Tones","Jake Fielding","https://sonniss.com/product/chamber-of-shadows-morgue-room-tones","/Sonniss - GDC 2024 - Game Audio Bundle/Jake Fielding - Chamber of Shadows - Morgue Room Tones/AMBRoom_Morgue Freezer Unit Room Tone_JF_Morgue Tones_03.wav","morgue|freezer|unit|room|tone|airy|ambience|ambroom_morgue|tone_jf_morgue|tones_03wav|chamber of shadows - morgue room tones|jake fielding"
"AMBRoom_Morgue Reception Room Tone, Fan, Movement_JF_Morgue Tones_02.wav","Chamber of Shadows - Morgue Room Tones","Jake Fielding","https://sonniss.com/product/chamber-of-shadows-morgue-room-tones","/Sonniss - GDC 2024 - Game Audio Bundle/Jake Fielding - Chamber of Shadows - Morgue Room Tones/AMBRoom_Morgue Reception Room Tone, Fan, Movement_JF_Morgue Tones_02.wav","morgue|reception|room|tone|fan|movement|air|conditioning|airy|ambroom_morgue|movement_jf_morgue|tones_02wav|chamber of shadows - morgue room tones|jake fielding"
"AMBCnst_Hammering, Tools, Tent, Reverb_JF_Circus.wav","Circus Ambiences","Jake Fielding","https://sonniss.com/product/circus-ambiences","/Sonniss - GDC 2024 - Game Audio Bundle/Jake Fielding - Circus Ambiences/AMBCnst_Hammering, Tools, Tent, Reverb_JF_Circus.wav","generator|static|hum|atmos|tent|air|conditioning|fan|walla|chat|tools|building|hammer|reverb|ambcnst_hammering|reverb_jf_circuswav|circus ambiences|jake fielding"
"MACHFan_Generator, Air Conditioning, Motor, Hum_JF_Circus_02.wav","Circus Ambiences","Jake Fielding","https://sonniss.com/product/circus-ambiences","/Sonniss - GDC 2024 - Game Audio Bundle/Jake Fielding - Circus Ambiences/MACHFan_Generator, Air Conditioning, Motor, Hum_JF_Circus_02.wav","generator|static|hum|atmos|tent|air|conditioning|fan|machfan_generator|motor|hum_jf_circus_02wav|circus ambiences|jake fielding"
"VOXFem_Accouncement Wet, Ringmaster, Performer, Dialogue_JF_Circus_01.wav","Circus Ambiences","Jake Fielding","https://sonniss.com/product/circus-ambiences","/Sonniss - GDC 2024 - Game Audio Bundle/Jake Fielding - Circus Ambiences/VOXFem_Accouncement Wet, Ringmaster, Performer, Dialogue_JF_Circus_01.wav","ringmaster|dialogue|circus|announcement|wet|vocals|tannoy|female|interval|show|performance|voxfem_accouncement|performer|dialogue_jf_circus_01wav|circus ambiences|jake fielding"
"FOLYMisc_Drill Movement, Set Down_Jake Fielding_Drill.wav","Drill - Foley & Bursts","Jake Fielding","https://sonniss.com/product/drill-foley-bursts","/Sonniss - GDC 2024 - Game Audio Bundle/Jake Fielding - Drill - Foley & Bursts/FOLYMisc_Drill Movement, Set Down_Jake Fielding_Drill.wav","drill|movement|set|down|folymisc_drill|down_jake|fielding_drillwav|drill - foley & bursts|jake fielding"
"TOOLPowr_Drill Burst, Rev, Mechanical Tool, Electric,_Jake Fielding_Drill_09.wav","Drill - Foley & Bursts","Jake Fielding","https://sonniss.com/product/drill-foley-bursts","/Sonniss - GDC 2024 - Game Audio Bundle/Jake Fielding - Drill - Foley & Bursts/TOOLPowr_Drill Burst, Rev, Mechanical Tool, Electric,_Jake Fielding_Drill_09.wav","drill|burst|rev|mechanical|tool|electric|power|toolpowr_drill|_jake|fielding_drill_09wav|drill - foley & bursts|jake fielding"
"TOOLPowr_Drill Burst, Rev, Mechanical Tool, Electric,_Jake Fielding_Drill_22.wav","Drill - Foley & Bursts","Jake Fielding","https://sonniss.com/product/drill-foley-bursts","/Sonniss - GDC 2024 - Game Audio Bundle/Jake Fielding - Drill - Foley & Bursts/TOOLPowr_Drill Burst, Rev, Mechanical Tool, Electric,_Jake Fielding_Drill_22.wav","drill|burst|rev|mechanical|tool|electric|power|toolpowr_drill|_jake|fielding_drill_22wav|drill - foley & bursts|jake fielding"
"MACHAppl_Electrical Fridge Hum, Water Drips, Rattle,_Jake Fielding_Fridge Hums.wav","Fridge Hums","Jake Fielding","https://sonniss.com/product/fridge-hums","/Sonniss - GDC 2024 - Game Audio Bundle/Jake Fielding - Fridge Hums/MACHAppl_Electrical Fridge Hum, Water Drips, Rattle,_Jake Fielding_Fridge Hums.wav","electrical|fridge|hum|water|drips|rattle|buzz|interior|ambience|machine|machappl_electrical|_jake|fielding_fridge|humswav|fridge hums|jake fielding"
"MACHAppl_Water Cooler, Fridge, Electrical Appliance,_Jake Fielding_Fridge Hums_02.wav","Fridge Hums","Jake Fielding","https://sonniss.com/product/fridge-hums","/Sonniss - GDC 2024 - Game Audio Bundle/Jake Fielding - Fridge Hums/MACHAppl_Water Cooler, Fridge, Electrical Appliance,_Jake Fielding_Fridge Hums_02.wav","water|cooler|fridge|electrical|appliance|domestic|buzz|hum|machappl_water|_jake|fielding_fridge|hums_02wav|fridge hums|jake fielding"
"DSGNBoom_Cinematic Metallic Hit, Boom, Trailer, Sub_JF_Haunted Metal Vol 1_02.wav","Haunted Metal Vol.1 - Cinematic Hits & Impacts","Jake Fielding","https://sonniss.com/product/haunted-metal-vol-1-cinematic-hits-impacts","/Sonniss - GDC 2024 - Game Audio Bundle/Jake Fielding - Haunted Metal Vol.1 - Cinematic Hits & Impacts/DSGNBoom_Cinematic Metallic Hit, Boom, Trailer, Sub_JF_Haunted Metal Vol 1_02.wav","cinematic|metallic|hit|boom|trailer|sub|horror|dsgnboom_cinematic|sub_jf_haunted|metal|vol|1_02wav|haunted metal vol.1 - cinematic hits & impacts|jake fielding"
"DSGNBoom_Cinematic Metallic Hit, Boom, Trailer, Sub_JF_Haunted Metal Vol 1_18.wav","Haunted Metal Vol.1 - Cinematic Hits & Impacts","Jake Fielding","https://sonniss.com/product/haunted-metal-vol-1-cinematic-hits-impacts","/Sonniss - GDC 2024 - Game Audio Bundle/Jake Fielding - Haunted Metal Vol.1 - Cinematic Hits & Impacts/DSGNBoom_Cinematic Metallic Hit, Boom, Trailer, Sub_JF_Haunted Metal Vol 1_18.wav","cinematic|metallic|hit|boom|trailer|sub|horror|dsgnboom_cinematic|sub_jf_haunted|metal|vol|1_18wav|haunted metal vol.1 - cinematic hits & impacts|jake fielding"
"DSGNBoom_Cinematic Metallic Hit, Boom, Trailer, Sub_JF_Haunted Metal Vol 1_60.wav","Haunted Metal Vol.1 - Cinematic Hits & Impacts","Jake Fielding","https://sonniss.com/product/haunted-metal-vol-1-cinematic-hits-impacts","/Sonniss - GDC 2024 - Game Audio Bundle/Jake Fielding - Haunted Metal Vol.1 - Cinematic Hits & Impacts/DSGNBoom_Cinematic Metallic Hit, Boom, Trailer, Sub_JF_Haunted Metal Vol 1_60.wav","cinematic|metallic|hit|boom|trailer|sub|horror|dsgnboom_cinematic|sub_jf_haunted|metal|vol|1_60wav|haunted metal vol.1 - cinematic hits & impacts|jake fielding"
"DSGNBoom_Cinematic Metallic Hit, Boom, Trailer, Sub_JF_Haunted Metal Vol 1_78.wav","Haunted Metal Vol.1 - Cinematic Hits & Impacts","Jake Fielding","https://sonniss.com/product/haunted-metal-vol-1-cinematic-hits-impacts","/Sonniss - GDC 2024 - Game Audio Bundle/Jake Fielding - Haunted Metal Vol.1 - Cinematic Hits & Impacts/DSGNBoom_Cinematic Metallic Hit, Boom, Trailer, Sub_JF_Haunted Metal Vol 1_78.wav","cinematic|metallic|hit|boom|trailer|sub|horror|dsgnboom_cinematic|sub_jf_haunted|metal|vol|1_78wav|haunted metal vol.1 - cinematic hits & impacts|jake fielding"
"DSGNRise_Cinematic Metallic Riser, Trailer, Designed Eerie Wail_JF_Haunted Metal Vol 2_02.wav","Haunted Metal Vol.2 - Cinematic Creaks & Risers","Jake Fielding","https://sonniss.com/product/haunted-metal-vol-2-cinematic-creaks-risers","/Sonniss - GDC 2024 - Game Audio Bundle/Jake Fielding - Haunted Metal Vol.2 - Cinematic Creaks & Risers/DSGNRise_Cinematic Metallic Riser, Trailer, Designed Eerie Wail_JF_Haunted Metal Vol 2_02.wav","cinematic|metallic|riser|trailer|metal|designed|eerie|wail|dsgnrise_cinematic|wail_jf_haunted|vol|2_02wav|haunted metal vol.2 - cinematic creaks & risers|jake fielding"
"DSGNRise_Cinematic Metallic Riser, Trailer, Designed Groan_JF_Haunted Metal Vol 2_08.wav","Haunted Metal Vol.2 - Cinematic Creaks & Risers","Jake Fielding","https://sonniss.com/product/haunted-metal-vol-2-cinematic-creaks-risers","/Sonniss - GDC 2024 - Game Audio Bundle/Jake Fielding - Haunted Metal Vol.2 - Cinematic Creaks & Risers/DSGNRise_Cinematic Metallic Riser, Trailer, Designed Groan_JF_Haunted Metal Vol 2_08.wav","cinematic|metallic|riser|trailer|designed|metal|sub|groan|dsgnrise_cinematic|groan_jf_haunted|vol|2_08wav|haunted metal vol.2 - cinematic creaks & risers|jake fielding"
"DSGNRise_Cinematic Metallic Riser, Trailer, Designed,_JF_Haunted Metal Vol 2_39.wav","Haunted Metal Vol.2 - Cinematic Creaks & Risers","Jake Fielding","https://sonniss.com/product/haunted-metal-vol-2-cinematic-creaks-risers","/Sonniss - GDC 2024 - Game Audio Bundle/Jake Fielding - Haunted Metal Vol.2 - Cinematic Creaks & Risers/DSGNRise_Cinematic Metallic Riser, Trailer, Designed,_JF_Haunted Metal Vol 2_39.wav","cinematic|metallic|riser|trailer|designed|metal|sub|groan|creak|dsgnrise_cinematic|_jf_haunted|vol|2_39wav|haunted metal vol.2 - cinematic creaks & risers|jake fielding"
"DSGNRise_Cinematic Metallic Riser, Trailer, Designed,_JF_Haunted Metal Vol 2_67.wav","Haunted Metal Vol.2 - Cinematic Creaks & Risers","Jake Fielding","https://sonniss.com/product/haunted-metal-vol-2-cinematic-creaks-risers","/Sonniss - GDC 2024 - Game Audio Bundle/Jake Fielding - Haunted Metal Vol.2 - Cinematic Creaks & Risers/DSGNRise_Cinematic Metallic Riser, Trailer, Designed,_JF_Haunted Metal Vol 2_67.wav","cinematic|metallic|riser|trailer|designed|metal|sub|groan|creak|dsgnrise_cinematic|_jf_haunted|vol|2_67wav|haunted metal vol.2 - cinematic creaks & risers|jake fielding"
"DSGNDron_Tense Metallic Tone, Cinematic, Eerie, Wail,_JF_Haunted Metal Vol 3_26.wav","Haunted Metal Vol.3 - Cinematic Tones & Textures","Jake Fielding","https://sonniss.com/product/haunted-metal-vol-3-cinematic-tones-textures","/Sonniss - GDC 2024 - Game Audio Bundle/Jake Fielding - Haunted Metal Vol.3 - Cinematic Tones & Textures/DSGNDron_Tense Metallic Tone, Cinematic, Eerie, Wail,_JF_Haunted Metal Vol 3_26.wav","tense|metallic|tone|cinematic|eerie|wail|designed|drone|dsgndron_tense|_jf_haunted|metal|vol|3_26wav|haunted metal vol.3 - cinematic tones & textures|jake fielding"
"DSGNRise_Deep Metallic Rattle, Tense, Epic_JF_Haunted Metal Vol 3_07.wav","Haunted Metal Vol.3 - Cinematic Tones & Textures","Jake Fielding","https://sonniss.com/product/haunted-metal-vol-3-cinematic-tones-textures","/Sonniss - GDC 2024 - Game Audio Bundle/Jake Fielding - Haunted Metal Vol.3 - Cinematic Tones & Textures/DSGNRise_Deep Metallic Rattle, Tense, Epic_JF_Haunted Metal Vol 3_07.wav","deep|metallic|rattle|tense|epic|dsgnrise_deep|epic_jf_haunted|metal|vol|3_07wav|haunted metal vol.3 - cinematic tones & textures|jake fielding"
"DSGNRise_Tense Metallic Creaky Hits, Groan_JF_Haunted Metal Vol 3_14.wav","Haunted Metal Vol.3 - Cinematic Tones & Textures","Jake Fielding","https://sonniss.com/product/haunted-metal-vol-3-cinematic-tones-textures","/Sonniss - GDC 2024 - Game Audio Bundle/Jake Fielding - Haunted Metal Vol.3 - Cinematic Tones & Textures/DSGNRise_Tense Metallic Creaky Hits, Groan_JF_Haunted Metal Vol 3_14.wav","tense|metalic|creaky|hits|groan|wail|eerie|dsgnrise_tense|metallic|groan_jf_haunted|metal|vol|3_14wav|haunted metal vol.3 - cinematic tones & textures|jake fielding"
"DSGNTonl_Deep Metallic Hits, Epic, Sub, Bass_JF_Haunted Metal Vol 3_12.wav","Haunted Metal Vol.3 - Cinematic Tones & Textures","Jake Fielding","https://sonniss.com/product/haunted-metal-vol-3-cinematic-tones-textures","/Sonniss - GDC 2024 - Game Audio Bundle/Jake Fielding - Haunted Metal Vol.3 - Cinematic Tones & Textures/DSGNTonl_Deep Metallic Hits, Epic, Sub, Bass_JF_Haunted Metal Vol 3_12.wav","deep|metallic|hits|epic|sub|bass|dsgntonl_deep|bass_jf_haunted|metal|vol|3_12wav|haunted metal vol.3 - cinematic tones & textures|jake fielding"
"AMBInd_Distant Port Atmos, Dover, Industrial, Vehicles,_Jake Fielding_Industrial Harbor.wav","Industrial Harbor","Jake Fielding","https://sonniss.com/product/industrial-harbor","/Sonniss - GDC 2024 - Game Audio Bundle/Jake Fielding - Industrial Harbor/AMBInd_Distant Port Atmos, Dover, Industrial, Vehicles,_Jake Fielding_Industrial Harbor.wav","distant|port|atmos|dover|industrial|vehicles|tools|construction|ambind_distant|_jake|fielding_industrial|harborwav|industrial harbor|jake fielding"
"BOATMisc_Boats going past, Port_Jake Fielding_Industrial Harbor.wav","Industrial Harbor","Jake Fielding","https://sonniss.com/product/industrial-harbor","/Sonniss - GDC 2024 - Game Audio Bundle/Jake Fielding - Industrial Harbor/BOATMisc_Boats going past, Port_Jake Fielding_Industrial Harbor.wav","boats|going|past|port|boatmisc_boats|port_jake|fielding_industrial|harborwav|industrial harbor|jake fielding"
"WATRWave_Water Lapping against port_Jake Fielding_Industrial Harbor.wav","Industrial Harbor","Jake Fielding","https://sonniss.com/product/industrial-harbor","/Sonniss - GDC 2024 - Game Audio Bundle/Jake Fielding - Industrial Harbor/WATRWave_Water Lapping against port_Jake Fielding_Industrial Harbor.wav","water|lapping|against|port|watrwave_water|port_jake|fielding_industrial|harborwav|industrial harbor|jake fielding"
"CRWDWalla_Neutral Interior Walla, Hushed Voices, Reverberant,_Jake Fielding_INT WALLA_03.wav","Neutral Interior Walla","Jake Fielding","https://sonniss.com/product/neutral-interior-walla","/Sonniss - GDC 2024 - Game Audio Bundle/Jake Fielding - Neutral Interior Walla/CRWDWalla_Neutral Interior Walla, Hushed Voices, Reverberant,_Jake Fielding_INT WALLA_03.wav","neutral|interior|walla|hushed|voices|reverberant|footsteps|crwdwalla_neutral|_jake|fielding_int|walla_03wav|neutral interior walla|jake fielding"
"CRWDWalla_Neutral Interior Walla, Hushed Voices, Reverberant,_Jake Fielding_INT WALLA_05.wav","Neutral Interior Walla","Jake Fielding","https://sonniss.com/product/neutral-interior-walla","/Sonniss - GDC 2024 - Game Audio Bundle/Jake Fielding - Neutral Interior Walla/CRWDWalla_Neutral Interior Walla, Hushed Voices, Reverberant,_Jake Fielding_INT WALLA_05.wav","neutral|interior|walla|hushed|voices|reverberant|footsteps|crwdwalla_neutral|_jake|fielding_int|walla_05wav|neutral interior walla|jake fielding"
"BIRDPrey_Red Kite Call, Screech, Bird of Prey, Hawk,_Jake Fielding_Red Kite_02.wav","Red Kite","Jake Fielding","https://sonniss.com/product/red-kite","/Sonniss - GDC 2024 - Game Audio Bundle/Jake Fielding - Red Kite/BIRDPrey_Red Kite Call, Screech, Bird of Prey, Hawk,_Jake Fielding_Red Kite_02.wav","red|kite|call|screech|birdofprey|hawk|eagle|bird|birdprey_red|of|prey|_jake|fielding_red|kite_02wav|red kite|jake fielding"
"AMBBird_Cicadas, Crickets, Insects, Birds, Nature,_Jake Fielding_Sounds of Spain_02.wav","Sounds of Spain","Jake Fielding","https://sonniss.com/product/sounds-of-spain","/Sonniss - GDC 2024 - Game Audio Bundle/Jake Fielding - Sounds of Spain/AMBBird_Cicadas, Crickets, Insects, Birds, Nature,_Jake Fielding_Sounds of Spain_02.wav","cicadas|crickets|insects|birds|nature|flies|bees|wind|amb|ambbird_cicadas|_jake|fielding_sounds|of|spain_02wav|sounds of spain|jake fielding"
"AMBOffc_Room Tone, Window Open, Walla, Spanish, Traffic,_Jake Fielding_Sounds of Spain.wav","Sounds of Spain","Jake Fielding","https://sonniss.com/product/sounds-of-spain","/Sonniss - GDC 2024 - Game Audio Bundle/Jake Fielding - Sounds of Spain/AMBOffc_Room Tone, Window Open, Walla, Spanish, Traffic,_Jake Fielding_Sounds of Spain.wav","room|tone|window|open|walla|spanish|traffic|birds|sparrow|amboffc_room|_jake|fielding_sounds|of|spainwav|sounds of spain|jake fielding"
"AMBTown_Town Square 02_Jake Fielding_Sounds of Spain.wav","Sounds of Spain","Jake Fielding","https://sonniss.com/product/sounds-of-spain","/Sonniss - GDC 2024 - Game Audio Bundle/Jake Fielding - Sounds of Spain/AMBTown_Town Square 02_Jake Fielding_Sounds of Spain.wav","town|square|birds|traffic|atmos|walla|spanish|ms|stereo|ambtown_town|02_jake|fielding_sounds|of|spainwav|sounds of spain|jake fielding"
"BIRDSong_Bird, Nature, Isolated, Spain_Jake Fielding_Sounds of Spain.wav","Sounds of Spain","Jake Fielding","https://sonniss.com/product/sounds-of-spain","/Sonniss - GDC 2024 - Game Audio Bundle/Jake Fielding - Sounds of Spain/BIRDSong_Bird, Nature, Isolated, Spain_Jake Fielding_Sounds of Spain.wav","bird|nature|isolated|spain|birdsong_bird|spain_jake|fielding_sounds|of|spainwav|sounds of spain|jake fielding"
"DOORGate_Metal Gate Spring Latch Mechanism, Screech_Jake Fielding_Squeaky Gates_01.wav","Squeaky Gates","Jake Fielding","https://sonniss.com/product/squeaky-gates","/Sonniss - GDC 2024 - Game Audio Bundle/Jake Fielding - Squeaky Gates/DOORGate_Metal Gate Spring Latch Mechanism, Screech_Jake Fielding_Squeaky Gates_01.wav","metal|gate|spring|latch|mechanism|screech|doorgate_metal|screech_jake|fielding_squeaky|gates_01wav|squeaky gates|jake fielding"
"DOORGate_Wooden Metal Hinge Creaks_Jake Fielding_Squeaky Gates.wav","Squeaky Gates","Jake Fielding","https://sonniss.com/product/squeaky-gates","/Sonniss - GDC 2024 - Game Audio Bundle/Jake Fielding - Squeaky Gates/DOORGate_Wooden Metal Hinge Creaks_Jake Fielding_Squeaky Gates.wav","wooden|metal|hinge|creaks|doorgate_wooden|creaks_jake|fielding_squeaky|gateswav|squeaky gates|jake fielding"
"AMBInd_Industrial Warehouse Construction Ambience_JF_SoS_01.wav","Symphony of Steel - Steelwork Ambiences Sound Effects","Jake Fielding","https://sonniss.com/product/symphony-of-steel-steelwork-ambiences-sound-effects","/Sonniss - GDC 2024 - Game Audio Bundle/Jake Fielding - Symphony of Steel - Steelwork Ambiences/AMBInd_Industrial Warehouse Construction Ambience_JF_SoS_01.wav","industrial|warehouse|construction|ambience|steel|welding|grinding|tools|factory|steelworks|ambind_industrial|ambience_jf_sos_01wav|symphony of steel - steelwork ambiences sound effects|jake fielding"
"METLFric_Steel Cutting, Machine, Industrial, Factory_JF_SoS.wav","Symphony of Steel - Steelwork Ambiences Sound Effects","Jake Fielding","https://sonniss.com/product/symphony-of-steel-steelwork-ambiences-sound-effects","/Sonniss - GDC 2024 - Game Audio Bundle/Jake Fielding - Symphony of Steel - Steelwork Ambiences/METLFric_Steel Cutting, Machine, Industrial, Factory_JF_SoS.wav","steel|cutting|machine|industrial|factory|steelworks|metlfric_steel|factory_jf_soswav|symphony of steel - steelwork ambiences sound effects|jake fielding"
"METLFric_Steel Welding & Grinding, Machine, Industrial_JF_SoS.wav","Symphony of Steel - Steelwork Ambiences Sound Effects","Jake Fielding","https://sonniss.com/product/symphony-of-steel-steelwork-ambiences-sound-effects","/Sonniss - GDC 2024 - Game Audio Bundle/Jake Fielding - Symphony of Steel - Steelwork Ambiences/METLFric_Steel Welding & Grinding, Machine, Industrial_JF_SoS.wav","steel|welding|&|grinding|machine|industrial|factory|steelworks|metlfric_steel|industrial_jf_soswav|symphony of steel - steelwork ambiences sound effects|jake fielding"
"DOORHydr_Train Door Close_JF_Train Tracks .wav","Train Onboards","Jake Fielding","https://sonniss.com/product/train-onboards","/Sonniss - GDC 2024 - Game Audio Bundle/Jake Fielding - Train Onboards/DOORHydr_Train Door Close_JF_Train Tracks .wav","train|door|close|doorhydr_train|close_jf_train|tracks|wav|train onboards|jake fielding"
"TRNSbwy_London Underground, Metro, Break Squeal,_JF_Train Tracks_03.wav","Train Onboards","Jake Fielding","https://sonniss.com/product/train-onboards","/Sonniss - GDC 2024 - Game Audio Bundle/Jake Fielding - Train Onboards/TRNSbwy_London Underground, Metro, Break Squeal,_JF_Train Tracks_03.wav","london|underground|metro|break|squeal|screech|doors|open|close|beeping|announcement|engine|howl|trnsbwy_london|_jf_train|tracks_03wav|train onboards|jake fielding"
"VOXFem_Train Tannoy Announcement_JF_Train Tracks_02.wav","Train Onboards","Jake Fielding","https://sonniss.com/product/train-onboards","/Sonniss - GDC 2024 - Game Audio Bundle/Jake Fielding - Train Onboards/VOXFem_Train Tannoy Announcement_JF_Train Tracks_02.wav","tannoy|train|announcement|female|vox|"this|is|for|oxford"|voxfem_train|announcement_jf_train|tracks_02wav|train onboards|jake fielding"
"AMBForst_Spring Afternoon Edge of Mixed Forest Yellowhammer Eurasian Blackcap Tree Pipit Insects_JSE_FA.wav","Forest Ambiences","Justsoundeffects","https://sonniss.com/product/forest-ambiences","/Sonniss - GDC 2024 - Game Audio Bundle/Justsoundeffects - Forest Ambiences/AMBForst_Spring Afternoon Edge of Mixed Forest Yellowhammer Eurasian Blackcap Tree Pipit Insects_JSE_FA.wav","ambience|atmosphere|nature|mixed|forest|woods|birds|songbirds|animals|spring|afternoon|singing|chirping|tweeting|insects|buzzing|humming|yellowhammer|emberiza|citrinella|eurasian|blackcap|sylvia|atricapilla|tree|pipit|anthus|trivialis|ambforst_spring|afternoon|edge|of|mixed|forest|yellowhammer|eurasian|blackcap|tree|pipit|insects_jse_fawav|forest ambiences|justsoundeffects"
"AMBForst_Spring Noon Deciduous Forest Gentle Wind Leaves Rustling Blackbird Raven in Background_JSE_FA.wav","Forest Ambiences","Justsoundeffects","https://sonniss.com/product/forest-ambiences","/Sonniss - GDC 2024 - Game Audio Bundle/Justsoundeffects - Forest Ambiences/AMBForst_Spring Noon Deciduous Forest Gentle Wind Leaves Rustling Blackbird Raven in Background_JSE_FA.wav","ambience|atmosphere|nature|deciduous|forest|woods|animals|birds|songbirds|spring|noon|wind|leaves|rustling|trees|beeches|singing|chirping|tweeting|croaking|blackbird|turdus|merula|raven|corvus|corax|ambforst_spring|noon|deciduous|forest|gentle|wind|leaves|rustling|blackbird|raven|in|background_jse_fawav|forest ambiences|justsoundeffects"
"BIRDPrey_Spring Night Deciduous Forest Many Tawny Owls Wind Leaves Rustling_JSE_FA.wav","Forest Ambiences","Justsoundeffects","https://sonniss.com/product/forest-ambiences","/Sonniss - GDC 2024 - Game Audio Bundle/Justsoundeffects - Forest Ambiences/BIRDPrey_Spring Night Deciduous Forest Many Tawny Owls Wind Leaves Rustling_JSE_FA.wav","animals|nature|birds|bird|of|prey|deciduous|forest|spring|night|calling|wind|leaves|rustling|tawny|owl|strix|aluco|birdprey_spring|night|deciduous|forest|many|tawny|owls|wind|leaves|rustling_jse_fawav|forest ambiences|justsoundeffects"
"BIRDSong_Spring Noon Coniferous Forest Coal Tit Wind_JSE_FA.wav","Forest Ambiences","Justsoundeffects","https://sonniss.com/product/forest-ambiences","/Sonniss - GDC 2024 - Game Audio Bundle/Justsoundeffects - Forest Ambiences/BIRDSong_Spring Noon Coniferous Forest Coal Tit Wind_JSE_FA.wav","animals|nature|songbirds|spring|noon|coniferous|forest|woods|singing|chirping|tweeting|wind|coal|tit|periparus|ater|birdsong_spring|noon|coniferous|forest|coal|tit|wind_jse_fawav|forest ambiences|justsoundeffects"
"AMBForst_Morning Small Birch Forest Willow Warbler Singing Many Insects Humming_JSE_FoN_Quad.wav","Forests of Norway","Justsoundeffects","https://sonniss.com/product/forests-of-norway","/Sonniss - GDC 2024 - Game Audio Bundle/Justsoundeffects - Forests of Norway/AMBForst_Morning Small Birch Forest Willow Warbler Singing Many Insects Humming_JSE_FoN_Quad.wav","ambience|atmosphere|nature|forest|woods|woodland|norway|summer|birches|early|insects|buzzing|humming|birds|chirping|tweeting|singing|willow|warbler|phylloscopus|trochilus|ambforst_morning|small|birch|forest|willow|warbler|singing|many|insects|humming_jse_fon_quadwav|forests of norway|justsoundeffects"
"BIRDMisc_Green Woodpeckers Calling On Lakeshore Far Away_JSE_FoN.wav","Forests of Norway","Justsoundeffects","https://sonniss.com/product/forests-of-norway","/Sonniss - GDC 2024 - Game Audio Bundle/Justsoundeffects - Forests of Norway/BIRDMisc_Green Woodpeckers Calling On Lakeshore Far Away_JSE_FoN.wav","bird|european|green|woodpecker|calling|picus|viridis|birdmisc_green|woodpeckers|calling|on|lakeshore|far|away_jse_fonwav|forests of norway|justsoundeffects"
"RAINVege_Rain Mixed Forest Dropping On Leaves And Gravel Path_JSE_FoN_Quad.wav","Forests of Norway","Justsoundeffects","https://sonniss.com/product/forests-of-norway","/Sonniss - GDC 2024 - Game Audio Bundle/Justsoundeffects - Forests of Norway/RAINVege_Rain Mixed Forest Dropping On Leaves And Gravel Path_JSE_FoN_Quad.wav","ambience|atmosphere|nature|forest|woods|woodland|norway|summer|rain|drops|noise|drizzle|wet|rainvege_rain|mixed|forest|dropping|on|leaves|and|gravel|path_jse_fon_quadwav|forests of norway|justsoundeffects"
"WINDVege_Mixed Forest Wind Blowing Through Birches Beeches And Spruces Tree Trunk Squeaking_JSE_FoN_Quad.wav","Forests of Norway","Justsoundeffects","https://sonniss.com/product/forests-of-norway","/Sonniss - GDC 2024 - Game Audio Bundle/Justsoundeffects - Forests of Norway/WINDVege_Mixed Forest Wind Blowing Through Birches Beeches And Spruces Tree Trunk Squeaking_JSE_FoN_Quad.wav","ambience|atmosphere|nature|forest|woods|woodland|trees|norway|wind|breeze|noisy|leaves|rustling|rushing|wood|creaking|squeaking|windvege_mixed|forest|wind|blowing|through|birches|beeches|and|spruces|tree|trunk|squeaking_jse_fon_quadwav|forests of norway|justsoundeffects"
"GOREBone_Bone Breaks Celery 01_JSE_GMP.wav","Gore Mini Pack","Justsoundeffects","https://sonniss.com/product/gore-mini-pack","/Sonniss - GDC 2024 - Game Audio Bundle/Justsoundeffects - Gore Mini Pack/GOREBone_Bone Breaks Celery 01_JSE_GMP.wav","gore|blood|bones|breaking|cracking|jaw|shatter|crunching|pain|horror|brutal|fight|combat|melee|vegetables|celery|gorebone_bone|breaks|celery|01_jse_gmpwav|gore mini pack|justsoundeffects"
"GOREFlsh_Flesh Drops on Floor 03_JSE_GMP.wav","Gore Mini Pack","Justsoundeffects","https://sonniss.com/product/gore-mini-pack","/Sonniss - GDC 2024 - Game Audio Bundle/Justsoundeffects - Gore Mini Pack/GOREFlsh_Flesh Drops on Floor 03_JSE_GMP.wav","nuendo|goreflsh_flesh|drops|on|floor|03_jse_gmpwav|gore mini pack|justsoundeffects"
"GORESplt_Gore Splatter 01_JSE_GMP.wav","Gore Mini Pack","Justsoundeffects","https://sonniss.com/product/gore-mini-pack","/Sonniss - GDC 2024 - Game Audio Bundle/Justsoundeffects - Gore Mini Pack/GORESplt_Gore Splatter 01_JSE_GMP.wav","gore|blood|flesh|horror|brutal|pain|disgusting|juicy|splatter|spatter|splash|drips|drops|fight|combat|wound|goresplt_gore|splatter|01_jse_gmpwav|gore mini pack|justsoundeffects"
"WEAPArmr_Metal Shield Block Hits_JSE_MW.wav","Melee Weapons","Justsoundeffects","https://sonniss.com/product/melee-weapons","/Sonniss - GDC 2024 - Game Audio Bundle/Justsoundeffects - Melee Weapons/WEAPArmr_Metal Shield Block Hits_JSE_MW.wav","armor|medieval|fantasy|rpg|foley|knight|warrior|metal|sheet|shield|hit|impact|defense|blocking|fight|combat|battle|attack|strike|protection|guard|weaparmr_metal|shield|block|hits_jse_mwwav|melee weapons|justsoundeffects"
"WEAPAxe_Long Two-Handed Axe Flesh Hit_JSE_MW.wav","Melee Weapons","Justsoundeffects","https://sonniss.com/product/melee-weapons","/Sonniss - GDC 2024 - Game Audio Bundle/Justsoundeffects - Melee Weapons/WEAPAxe_Long Two-Handed Axe Flesh Hit_JSE_MW.wav","weapon|axe|blade|medieval|fantasy|rpg|foley|knight|warrior|melee|fight|combat|battle|attack|strike|offense|hit|impact|clash|clank|resonate|ting|flesh|blood|gore|weapaxe_long|twohanded|axe|flesh|hit_jse_mwwav|melee weapons|justsoundeffects"
"WEAPAxe_One-Handed Axe Drops_JSE_MW.wav","Melee Weapons","Justsoundeffects","https://sonniss.com/product/melee-weapons","/Sonniss - GDC 2024 - Game Audio Bundle/Justsoundeffects - Melee Weapons/WEAPAxe_One-Handed Axe Drops_JSE_MW.wav","weapon|axe|blade|medieval|fantasy|rpg|foley|knight|warrior|melee|fight|combat|battle|attack|strike|offense|dropping|falling|weapaxe_onehanded|axe|drops_jse_mwwav|melee weapons|justsoundeffects"
"WEAPSwrd_Weapon 03 Slow Scrapes_JSE_MW.wav","Melee Weapons","Justsoundeffects","https://sonniss.com/product/melee-weapons","/Sonniss - GDC 2024 - Game Audio Bundle/Justsoundeffects - Melee Weapons/WEAPSwrd_Weapon 03 Slow Scrapes_JSE_MW.wav","weapon|sword|blade|medieval|fantasy|rpg|foley|knight|warrior|melee|fight|combat|battle|attack|strike|offense|scraping|friction|grinding|sharpen|winging|handling|weapswrd_weapon|03|slow|scrapes_jse_mwwav|melee weapons|justsoundeffects"
"VEHCar_Renault R4 GTL Drive Various Speed Gear Down Exterior_JSE_RR4_Engine Compartment Mic_Mono.wav","Renault R4","Justsoundeffects","https://sonniss.com/product/renault-r4","/Sonniss - GDC 2024 - Game Audio Bundle/Justsoundeffects - Renault R4/VEHCar_Renault R4 GTL Drive Various Speed Gear Down Exterior_JSE_RR4_Engine Compartment Mic_Mono.wav","car|automobile|vehicle|renault|racing|racer|drive|driving|engine|motor|ride|riding|fast|loud|noisy|vehcar_renault|r4|gtl|drive|various|speed|gear|down|exterior_jse_rr4_engine|compartment|mic_monowav|renault r4|justsoundeffects"
"VEHHorn_Renault R4 GTL Horn Signal 01 Interior_JSE_RR4_Mono.wav","Renault R5","Justsoundeffects","https://sonniss.com/product/renault-r5","/Sonniss - GDC 2024 - Game Audio Bundle/Justsoundeffects - Renault R4/VEHHorn_Renault R4 GTL Horn Signal 01 Interior_JSE_RR4_Mono.wav","car|automobile|vehicle|renault|racing|horn|honking|signal|hooter|danger|vehhorn_renault|r4|gtl|horn|signal|01|interior_jse_rr4_monowav|renault r5|justsoundeffects"
"VEHMech_Renault R4 GTL Windshield Washer Interior_JSE_RR4_Stereo.wav","Renault R6","Justsoundeffects","https://sonniss.com/product/renault-r6","/Sonniss - GDC 2024 - Game Audio Bundle/Justsoundeffects - Renault R4/VEHMech_Renault R4 GTL Windshield Washer Interior_JSE_RR4_Stereo.wav","car|automobile|vehicle|renault|racing|mechanism|mechanical|windshield|washer|windscreen|wipers|vehmech_renault|r4|gtl|windshield|washer|interior_jse_rr4_stereowav|renault r6|justsoundeffects"
"VEHTire_Renault R4 GTL Drive and Roll Fast Across Street Speed Bumps Exterior_JSE_RR4_Wheel Mic_Mono.wav","Renault R7","Justsoundeffects","https://sonniss.com/product/renault-r7","/Sonniss - GDC 2024 - Game Audio Bundle/Justsoundeffects - Renault R4/VEHTire_Renault R4 GTL Drive and Roll Fast Across Street Speed Bumps Exterior_JSE_RR4_Wheel Mic_Mono.wav","car|automobile|vehicle|renault|racing|wheels|tires|rolling|quiet|driving|vehtire_renault|r4|gtl|drive|and|roll|fast|across|street|speed|bumps|exterior_jse_rr4_wheel|mic_monowav|renault r7|justsoundeffects"
"AIRBrst_Steam Release Short 03_JSE_SG_Mono.wav","Steampunk Gadgets","Justsoundeffects","https://sonniss.com/product/steampunk-gadgets","/Sonniss - GDC 2024 - Game Audio Bundle/Justsoundeffects - Steampunk Gadgets/AIRBrst_Steam Release Short 03_JSE_SG_Mono.wav","steampunk|steam|air|pressure|release|machine|gadget|gizmo|leak|exhaust|blast|compressed|airbrst_steam|release|short|03_jse_sg_monowav|steampunk gadgets|justsoundeffects"
"AMBDsgn_Factory Hall with Large Steam Mashines 02_JSE_SG.wav","Steampunk Gadgets","Justsoundeffects","https://sonniss.com/product/steampunk-gadgets","/Sonniss - GDC 2024 - Game Audio Bundle/Justsoundeffects - Steampunk Gadgets/AMBDsgn_Factory Hall with Large Steam Mashines 02_JSE_SG.wav","steampunk|ambience|atmosphere|background|factory|hall|machines|production|work|hangar|engine|room|machine|shop|manufacture|industrial|ambdsgn_factory|hall|with|large|steam|mashines|02_jse_sgwav|steampunk gadgets|justsoundeffects"
"MECHGear_Tiny Rotation 01_JSE_SG_Stereo.wav","Steampunk Gadgets","Justsoundeffects","https://sonniss.com/product/steampunk-gadgets","/Sonniss - GDC 2024 - Game Audio Bundle/Justsoundeffects - Steampunk Gadgets/MECHGear_Tiny Rotation 01_JSE_SG_Stereo.wav","steampunk|mechanical|mechanism|machines|gadgets|gizmos|devices|gearwheels|cogs|spinning|turning|rotation|motion|movement|mechgear_tiny|rotation|01_jse_sg_stereowav|steampunk gadgets|justsoundeffects"
"MECHMisc_Ricochet Hits 01_JSE_SG.wav","Steampunk Gadgets","Justsoundeffects","https://sonniss.com/product/steampunk-gadgets","/Sonniss - GDC 2024 - Game Audio Bundle/Justsoundeffects - Steampunk Gadgets/MECHMisc_Ricochet Hits 01_JSE_SG.wav","steampunk|mechanical|mechanism|handling|foley|ricochet|vibrating|vibration|bounce|off|rebound|hit|impact|mechmisc_ricochet|hits|01_jse_sgwav|steampunk gadgets|justsoundeffects"
"WATRDrip_Dripping Water On Metal Pot Lid_JSE_WIM_Mono.wav","Water in Motion","Justsoundeffects","https://sonniss.com/product/water-in-motion","/Sonniss - GDC 2024 - Game Audio Bundle/Justsoundeffects - Water in Motion/WATRDrip_Dripping Water On Metal Pot Lid_JSE_WIM_Mono.wav","water|liquid|fluid|h2o|drops|dropping|dripping|aquatic|wet|kitchen|everyday|sink|metal|surface|watrdrip_dripping|water|on|metal|pot|lid_jse_wim_monowav|water in motion|justsoundeffects"
"WATRFizz_Fizzing Effervescent Tablets 03_JSE_WIM_Mono.wav","Water in Motion","Justsoundeffects","https://sonniss.com/product/water-in-motion","/Sonniss - GDC 2024 - Game Audio Bundle/Justsoundeffects - Water in Motion/WATRFizz_Fizzing Effervescent Tablets 03_JSE_WIM_Mono.wav","water|liquid|fluid|h2o|fizzing|drinks|carbonated|lemonade|effervescent|tablets|sparkling|gas|watrfizz_fizzing|effervescent|tablets|03_jse_wim_monowav|water in motion|justsoundeffects"
"WATRMvmt_Soft Movement 01_JSE_WIM.wav","Water in Motion","Justsoundeffects","https://sonniss.com/product/water-in-motion","/Sonniss - GDC 2024 - Game Audio Bundle/Justsoundeffects - Water in Motion/WATRMvmt_Soft Movement 01_JSE_WIM.wav","water|liquid|fluid|h2o|designed|motion|movement|pool|swimming|paddling|canoe|watrmvmt_soft|movement|01_jse_wimwav|water in motion|justsoundeffects"
"WATRUndwtr_Evolving Underwater Bubbles_JSE_WIM.wav","Water in Motion","Justsoundeffects","https://sonniss.com/product/water-in-motion","/Sonniss - GDC 2024 - Game Audio Bundle/Justsoundeffects - Water in Motion/WATRUndwtr_Evolving Underwater Bubbles_JSE_WIM.wav","water|liquid|fluid|h2o|underwater|bubbles|bubbling|aquatic|wet|ocean|deep|sea|upwelling|aquarium|whirlpool|blub|watrundwtr_evolving|underwater|bubbles_jse_wimwav|water in motion|justsoundeffects"
"OBJPack_Big Cardboard Box Impact_ 02_MWSFX_CDAP.wav","Cardboard and Paper","Mechanical Wave","https://sonniss.com/product/cardboard-and-paper","/Sonniss - GDC 2024 - Game Audio Bundle/Mechanical Wave - Cardboard and Paper/OBJPack_Big Cardboard Box Impact_ 02_MWSFX_CDAP.wav","cdap_|box|cardboard|foley|hit|impact|slide|scratch|objpack_big|impact_|02_mwsfx_cdapwav|cardboard and paper|mechanical wave"
"OBJPack_Big Cardboard Box Slide_ 04_MWSFX_CDAP.wav","Cardboard and Paper","Mechanical Wave","https://sonniss.com/product/cardboard-and-paper","/Sonniss - GDC 2024 - Game Audio Bundle/Mechanical Wave - Cardboard and Paper/OBJPack_Big Cardboard Box Slide_ 04_MWSFX_CDAP.wav","cdap_|box|cardboard|foley|hit|impact|slide|scratch|objpack_big|slide_|04_mwsfx_cdapwav|cardboard and paper|mechanical wave"
"PAPRHndl_Large Book Squeak Page Turn_ 01_MWSFX_CDAP.wav","Cardboard and Paper","Mechanical Wave","https://sonniss.com/product/cardboard-and-paper","/Sonniss - GDC 2024 - Game Audio Bundle/Mechanical Wave - Cardboard and Paper/PAPRHndl_Large Book Squeak Page Turn_ 01_MWSFX_CDAP.wav","cdap_|paper|cardboard|page|turn|crack|book|cover|paprhndl_large|squeak|turn_|01_mwsfx_cdapwav|cardboard and paper|mechanical wave"
"PAPRHndl_Paper Sheet Crumple_ 04_MWSFX_CDAP.wav","Cardboard and Paper","Mechanical Wave","https://sonniss.com/product/cardboard-and-paper","/Sonniss - GDC 2024 - Game Audio Bundle/Mechanical Wave - Cardboard and Paper/PAPRHndl_Paper Sheet Crumple_ 04_MWSFX_CDAP.wav","cdap_|paper|crack|crumple|manipulation|page|destruction|break|paprhndl_paper|sheet|crumple_|04_mwsfx_cdapwav|cardboard and paper|mechanical wave"
"DSGNBoom_Cinematic Hit_MWSFX_CF 05.wav","Cinematic Feel","Mechanical Wave","https://sonniss.com/product/cinematic-feel","/Sonniss - GDC 2024 - Game Audio Bundle/Mechanical Wave - Cinematic Feel/DSGNBoom_Cinematic Hit_MWSFX_CF 05.wav","loud|heavy|cinematic|impact|hit|dsgnboom_cinematic|hit_mwsfx_cf|05wav|cinematic feel|mechanical wave"
"DSGNBram_Cinematic Horn_MWSFX_CF 05.wav","Cinematic Feel","Mechanical Wave","https://sonniss.com/product/cinematic-feel","/Sonniss - GDC 2024 - Game Audio Bundle/Mechanical Wave - Cinematic Feel/DSGNBram_Cinematic Horn_MWSFX_CF 05.wav","cinematic|horn|battle|fight|call|heavy|loud|far|dsgnbram_cinematic|horn_mwsfx_cf|05wav|cinematic feel|mechanical wave"
"DSGNMisc_Gore Downshifter_MWSFX_CF 01.wav","Cinematic Feel","Mechanical Wave","https://sonniss.com/product/cinematic-feel","/Sonniss - GDC 2024 - Game Audio Bundle/Mechanical Wave - Cinematic Feel/DSGNMisc_Gore Downshifter_MWSFX_CF 01.wav","cinematic|stinger|impact|metal|scream|monster|alien|scifi|horror|dsgnmisc_gore|downshifter_mwsfx_cf|01wav|cinematic feel|mechanical wave"
"WHSH_Sci-Fi Heavy Whoosh_MWSFX_CF 29.wav","Cinematic Feel","Mechanical Wave","https://sonniss.com/product/cinematic-feel","/Sonniss - GDC 2024 - Game Audio Bundle/Mechanical Wave - Cinematic Feel/WHSH_Sci-Fi Heavy Whoosh_MWSFX_CF 29.wav","whoosh|swish|swoosh|action|transition|movement|air|loud|bass|whsh_scifi|heavy|whoosh_mwsfx_cf|29wav|cinematic feel|mechanical wave"
"ANMLFarm_Pig Squeal and Snort-18_MWSFX_FA.wav","Farm Animals","Mechanical Wave","https://sonniss.com/product/farm-animals-sound-effects","/Sonniss - GDC 2024 - Game Audio Bundle/Mechanical Wave - Farm Animals/ANMLFarm_Pig Squeal and Snort-18_MWSFX_FA.wav","pigs|snort|squeal|call|move|farm|barn|animals|anmlfarm_pig|and|snort18_mwsfx_fawav|farm animals|mechanical wave"
"BIRDFowl_Chick Squawks-02_MWSFX_FA.wav","Farm Animals","Mechanical Wave","https://sonniss.com/product/farm-animals-sound-effects","/Sonniss - GDC 2024 - Game Audio Bundle/Mechanical Wave - Farm Animals/BIRDFowl_Chick Squawks-02_MWSFX_FA.wav","birds|farm|barn|cackle|chirping|squawks|chicks|birdfowl_chick|squawks02_mwsfx_fawav|farm animals|mechanical wave"
"BIRDFowl_Goose Baby And Adult-02_MWSFX_FA.wav","Farm Animals","Mechanical Wave","https://sonniss.com/product/farm-animals-sound-effects","/Sonniss - GDC 2024 - Game Audio Bundle/Mechanical Wave - Farm Animals/BIRDFowl_Goose Baby And Adult-02_MWSFX_FA.wav","birds|farm|barn|cackle|gaggle|call|honking|hucka|snore|birdfowl_goose|baby|and|adult02_mwsfx_fawav|farm animals|mechanical wave"
"BIRDFowl_Rooster Call-12_MWSFX_FA.wav","Farm Animals","Mechanical Wave","https://sonniss.com/product/farm-animals-sound-effects","/Sonniss - GDC 2024 - Game Audio Bundle/Mechanical Wave - Farm Animals/BIRDFowl_Rooster Call-12_MWSFX_FA.wav","birds|farm|barn|crowing|crow|cockadoodledo|birdfowl_rooster|call12_mwsfx_fawav|farm animals|mechanical wave"
"GLASBrk_Glass Break Hit_04_MWSFX_GL.wav","Glass","Mechanical Wave","https://sonniss.com/product/glass-2","/Sonniss - GDC 2024 - Game Audio Bundle/Mechanical Wave - Glass/GLASBrk_Glass Break Hit_04_MWSFX_GL.wav","glass|break|crash|debris|movement|scratch|pick|up|glasbrk_glass|hit_04_mwsfx_glwav|mechanical wave"
"GLASMisc_Glass Bottle Open_01_MWSFX_GL.wav","Glass","Mechanical Wave","https://sonniss.com/product/glass-3","/Sonniss - GDC 2024 - Game Audio Bundle/Mechanical Wave - Glass/GLASMisc_Glass Bottle Open_01_MWSFX_GL.wav","glass|pop|open|close|bowl|glasmisc_glass|bottle|open_01_mwsfx_glwav|mechanical wave"
"GLASMisc_Reverse Glass Effect_04_MWSFX_GL.wav","Glass","Mechanical Wave","https://sonniss.com/product/glass-4","/Sonniss - GDC 2024 - Game Audio Bundle/Mechanical Wave - Glass/GLASMisc_Reverse Glass Effect_04_MWSFX_GL.wav","glass|impact|hit|reverb|tonal|sing|glasmisc_reverse|effect_04_mwsfx_glwav|mechanical wave"
"GLASTonl_Dark Tone Thrill_07_MWSFX_GL.wav","Glass","Mechanical Wave","https://sonniss.com/product/glass-5","/Sonniss - GDC 2024 - Game Audio Bundle/Mechanical Wave - Glass/GLASTonl_Dark Tone Thrill_07_MWSFX_GL.wav","glass|designed|effect|magic|tone|dark|horror|thrill|glastonl_dark|thrill_07_mwsfx_glwav|mechanical wave"
"MOTRComb_Chainsaw Working_QUAD-01_MWSFX_LJ.wav","Lumberjack","Mechanical Wave","https://sonniss.com/product/lumberjack","/Sonniss - GDC 2024 - Game Audio Bundle/Mechanical Wave - Lumberjack/MOTRComb_Chainsaw Working_QUAD-01_MWSFX_LJ.wav","engine|motor|saw|wood|crack|roar|motrcomb_chainsaw|working_quad01_mwsfx_ljwav|lumberjack|mechanical wave"
"WOODBrk_Large Tree Heavy Fall-07_MWSFX_LJ.wav","Lumberjack","Mechanical Wave","https://sonniss.com/product/lumberjack","/Sonniss - GDC 2024 - Game Audio Bundle/Mechanical Wave - Lumberjack/WOODBrk_Large Tree Heavy Fall-07_MWSFX_LJ.wav","wood|crack|squeak|fall|drop|impact|heavy|cinematic|woodbrk_large|tree|fall07_mwsfx_ljwav|lumberjack|mechanical wave"
"WOODBrk_Tree Crack and Fall-13_MWSFX_TJ.wav","Lumberjack","Mechanical Wave","https://sonniss.com/product/lumberjack","/Sonniss - GDC 2024 - Game Audio Bundle/Mechanical Wave - Lumberjack/WOODBrk_Tree Crack and Fall-13_MWSFX_TJ.wav","wood|crack|squeak|fall|drop|impact|ground|woodbrk_tree|and|fall13_mwsfx_tjwav|lumberjack|mechanical wave"
"ANMLCat_Cat Moew_ 03_MWSFX_SEC.wav","Sound Effects Collection","Mechanical Wave","https://sonniss.com/product/sound-effects-collection","/Sonniss - GDC 2024 - Game Audio Bundle/Mechanical Wave - Sound Effects Collection/ANMLCat_Cat Moew_ 03_MWSFX_SEC.wav","animal|cat|moew|happy|anmlcat_cat|moew_|03_mwsfx_secwav|sound effects collection|mechanical wave"
"BELLHand_Metallic Bell_ 22_MWSFX_SEC.wav","Sound Effects Collection","Mechanical Wave","https://sonniss.com/product/sound-effects-collection","/Sonniss - GDC 2024 - Game Audio Bundle/Mechanical Wave - Sound Effects Collection/BELLHand_Metallic Bell_ 22_MWSFX_SEC.wav","metal|bell|ding|hit|bellhand_metallic|bell_|22_mwsfx_secwav|sound effects collection|mechanical wave"
"ICEMisc_Ice Sizzle_05_MWSFX_SEC.wav","Sound Effects Collection","Mechanical Wave","https://sonniss.com/product/sound-effects-collection","/Sonniss - GDC 2024 - Game Audio Bundle/Mechanical Wave - Sound Effects Collection/ICEMisc_Ice Sizzle_05_MWSFX_SEC.wav","ice|slide|scratch|drag|movement|icemisc_ice|sizzle_05_mwsfx_secwav|sound effects collection|mechanical wave"
"TOOLHand_Shears Slide Open Close_ 01_MWSFX_SEC.wav","Sound Effects Collection","Mechanical Wave","https://sonniss.com/product/sound-effects-collection","/Sonniss - GDC 2024 - Game Audio Bundle/Mechanical Wave - Sound Effects Collection/TOOLHand_Shears Slide Open Close_ 01_MWSFX_SEC.wav","metal|scissors|slide|cut|sheath|toolhand_shears|open|close_|01_mwsfx_secwav|sound effects collection|mechanical wave"
"METLCrsh_Drop Fall Metal Rattle Scrap Debris_06_MWSFX_TM.wav","Torturing Metal","Mechanical Wave","https://sonniss.com/product/torturing-metal","/Sonniss - GDC 2024 - Game Audio Bundle/Mechanical Wave - Torturing Metal/METLCrsh_Drop Fall Metal Rattle Scrap Debris_06_MWSFX_TM.wav","metal|on|floor|fall|computer|destroy|metlcrsh_drop|rattle|scrap|debris_06_mwsfx_tmwav|torturing metal|mechanical wave"
"METLFric_Screeching Metal Rub-11_MWSFX_TM.wav","Torturing Metal","Mechanical Wave","https://sonniss.com/product/torturing-metal","/Sonniss - GDC 2024 - Game Audio Bundle/Mechanical Wave - Torturing Metal/METLFric_Screeching Metal Rub-11_MWSFX_TM.wav","metal|scream|squeak|scrub|rub|high|metlfric_screeching|rub11_mwsfx_tmwav|torturing metal|mechanical wave"
"METLImpt_Metal Impact-03_MWSFX_TM.wav","Torturing Metal","Mechanical Wave","https://sonniss.com/product/torturing-metal","/Sonniss - GDC 2024 - Game Audio Bundle/Mechanical Wave - Torturing Metal/METLImpt_Metal Impact-03_MWSFX_TM.wav","metal|hit|impact|tube|drop|ground|fall|metlimpt_metal|impact03_mwsfx_tmwav|torturing metal|mechanical wave"
"METLTonl_Reversed Metal-28_MWSFX_TM.wav","Torturing Metal","Mechanical Wave","https://sonniss.com/product/torturing-metal","/Sonniss - GDC 2024 - Game Audio Bundle/Mechanical Wave - Torturing Metal/METLTonl_Reversed Metal-28_MWSFX_TM.wav","metal|effect|reverse|inversed|thrill|horror|stinger|metltonl_reversed|metal28_mwsfx_tmwav|torturing metal|mechanical wave"
"WATRFlow_Brook Full Large Olympic Alpine Loop_Cascadia FW.wav","Cascadia: Flowing Water","Nick McMahan","https://sonniss.com/product/cascadia-flowing-water","/Sonniss - GDC 2024 - Game Audio Bundle/Nick McMahan - Cascadia Flowing Water/WATRFlow_Brook Full Large Olympic Alpine Loop_Cascadia FW.wav","water|flow|full|brook|meandering|alpine|stream|runoff|gurgling|bubbling|eddy|soft|gentle|wetlands|olympic|mountains|pacific|northwest|loop|watrflow_brook|large|loop_cascadia|fwwav|cascadia: flowing water|nick mcmahan"
"WATRFlow_Creek Rocky Distant Falls Loop_Cascadia FW.wav","Cascadia: Flowing Water","Nick McMahan","https://sonniss.com/product/cascadia-flowing-water","/Sonniss - GDC 2024 - Game Audio Bundle/Nick McMahan - Cascadia Flowing Water/WATRFlow_Creek Rocky Distant Falls Loop_Cascadia FW.wav","water|flow|rocky|creek|distant|falls|calm|peacful|stream|boulders|stone|liquid|musical|maui|loop|watrflow_creek|loop_cascadia|fwwav|cascadia: flowing water|nick mcmahan"
"WATRFlow_Stream Small Alpine Loop_Cascadia FW.wav","Cascadia: Flowing Water","Nick McMahan","https://sonniss.com/product/cascadia-flowing-water","/Sonniss - GDC 2024 - Game Audio Bundle/Nick McMahan - Cascadia Flowing Water/WATRFlow_Stream Small Alpine Loop_Cascadia FW.wav","water|flow|stream|small|olympic|alpine|narrow|river|continuous|flow|gurgling|bubbling|pacific|northwest|loop|watrflow_stream|loop_cascadia|fwwav|cascadia: flowing water|nick mcmahan"
"WATRLap_Lake Small Sandy Beach Loop_Cascadia Shore Waves.wav","Cascadia: Shore Waves","Nick McMahan","https://sonniss.com/product/cascadia-shore-waves","/Sonniss - GDC 2024 - Game Audio Bundle/Nick McMahan - Cascadia Shore Waves/WATRLap_Lake Small Sandy Beach Loop_Cascadia Shore Waves.wav","water|lap|medium|lake|waves|sandy|beach|near|textured|splashing|peaceful|rhythmic|warm|pacific|northwest|loop|watrlap_lake|small|loop_cascadia|shore|waveswav|cascadia: shore waves|nick mcmahan"
"WATRSurf_Ocean Hydrophone In Sand Large Near Single 01 _Cascadia Shore Waves.wav","Cascadia: Shore Waves","Nick McMahan","https://sonniss.com/product/cascadia-shore-waves","/Sonniss - GDC 2024 - Game Audio Bundle/Nick McMahan - Cascadia Shore Waves/WATRSurf_Ocean Hydrophone In Sand Large Near Single 01 _Cascadia Shore Waves.wav","water|surf|hydrophone|in|sand|ocean|wave|big|surf|single|crash|unusual|nature|near|undulation|sea|shore|thunderous|rumble|watrsurf_ocean|large|01|_cascadia|waveswav|cascadia: shore waves|nick mcmahan"
"WATRSurf_Ocean Medium to Large Rocks 02 Loop_Cascadia Shore Waves.wav","Cascadia: Shore Waves","Nick McMahan","https://sonniss.com/product/cascadia-shore-waves","/Sonniss - GDC 2024 - Game Audio Bundle/Nick McMahan - Cascadia Shore Waves/WATRSurf_Ocean Medium to Large Rocks 02 Loop_Cascadia Shore Waves.wav","water|surf|small|rocks|mid|size|ocean|waves|eight|to|twelve|second|intervals|near|crash|shoreline|splashy|maui|loop|watrsurf_ocean|medium|to|large|02|loop_cascadia|shore|waveswav|cascadia: shore waves|nick mcmahan"
"08,DragonReveal - dramatic and recap.wav","Cinematic Transitions for Editors Volume 2","Orbital Emitter","https://sonniss.com/product/cinematic-transitions-for-editors-volume-2","/Sonniss - GDC 2024 - Game Audio Bundle/Orbital Emitter - Cinematic Transitions for Editors Volume 2/08,DragonReveal - dramatic and recap.wav","slow|dark|textured|exotic|weighty|two|passes|with|variation|08|dragonreveal|dramatic|and|recapwav|cinematic transitions for editors volume 2|orbital emitter"
"27,Searing.wav","Cinematic Transitions for Editors Volume 3","Orbital Emitter","https://sonniss.com/product/cinematic-transitions-for-editors-volume-3","/Sonniss - GDC 2024 - Game Audio Bundle/Orbital Emitter - Cinematic Transitions for Editors Volume 2/27,Searing.wav","quick|bright|heat|urgent|cavernous|ringout|27|searingwav|cinematic transitions for editors volume 3|orbital emitter"
"80,TheGong.wav","Cinematic Transitions for Editors Volume 4","Orbital Emitter","https://sonniss.com/product/cinematic-transitions-for-editors-volume-4","/Sonniss - GDC 2024 - Game Audio Bundle/Orbital Emitter - Cinematic Transitions for Editors Volume 2/80,TheGong.wav","long|bright|gong|crescendo|descending|80|thegongwav|cinematic transitions for editors volume 4|orbital emitter"
"112,StringsSectionRiser.wav","Cinematic Transitions for Editors Volume 5","Orbital Emitter","https://sonniss.com/product/cinematic-transitions-for-editors-volume-5","/Sonniss - GDC 2024 - Game Audio Bundle/Orbital Emitter - Cinematic Transitions for Editors Volume 2/112,StringsSectionRiser.wav","short|bright|layered|orchestral|elevated|112|stringssectionriserwav|cinematic transitions for editors volume 5|orbital emitter"
"AMB - 7.1.4 - Suburb Outskirts - Forest Edge - Outside Summerhouse - Many Birds - Wind - Atmos - EHR - 5.1 stem.wav","Ambiences for Atmos Vol 2 – Suburb Outskirts","Pole Position Production","https://sonniss.com/product/ambiences-for-atmos-vol-2-suburb-outskirts","/Sonniss - GDC 2024 - Game Audio Bundle/Pole Position - Ambiences for Atmos Vol 2 – Suburb Outskirts/AMB - 7.1.4 - Suburb Outskirts - Forest Edge - Outside Summerhouse - Many Birds - Wind - Atmos - EHR - 5.1 stem.wav","amb|714|surburb|outskirts|forest|edge|outside|summerhouse|many|birds|wind|atmos|ehrlund|ehr|51|stem|suburb|stemwav|ambiences for atmos vol 2 – suburb outskirts|pole position production"
"AMB - 7.1.4 - Suburb Outskirts - Forest Edge - Outside Summerhouse - Many Birds - Wind - Atmos - MKH8020 - Lss_Rss.wav","Ambiences for Atmos Vol 2 – Suburb Outskirts","Pole Position Production","https://sonniss.com/product/ambiences-for-atmos-vol-2-suburb-outskirts","/Sonniss - GDC 2024 - Game Audio Bundle/Pole Position - Ambiences for Atmos Vol 2 – Suburb Outskirts/AMB - 7.1.4 - Suburb Outskirts - Forest Edge - Outside Summerhouse - Many Birds - Wind - Atmos - MKH8020 - Lss_Rss.wav","amb|714|surburb|outskirts|forest|edge|outside|summerhouse|many|birds|wind|atmos|sennheiser|mkh|8020|lss|rss|suburb|mkh8020|lss_rsswav|ambiences for atmos vol 2 – suburb outskirts|pole position production"
"AMB - 7.1.4 - Suburb Outskirts - Forest Edge - Outside Summerhouse - Many Birds - Wind - Atmos - MKH8040 - Ltf_Rtf.wav","Ambiences for Atmos Vol 2 – Suburb Outskirts","Pole Position Production","https://sonniss.com/product/ambiences-for-atmos-vol-2-suburb-outskirts","/Sonniss - GDC 2024 - Game Audio Bundle/Pole Position - Ambiences for Atmos Vol 2 – Suburb Outskirts/AMB - 7.1.4 - Suburb Outskirts - Forest Edge - Outside Summerhouse - Many Birds - Wind - Atmos - MKH8040 - Ltf_Rtf.wav","amb|714|surburb|outskirts|forest|edge|outside|summerhouse|many|birds|wind|atmos|sennheiser|mkh|8040|ltf|rtf|suburb|mkh8040|ltf_rtfwav|ambiences for atmos vol 2 – suburb outskirts|pole position production"
"AMB - 7.1.4 - Suburb Outskirts - Forest Edge - Outside Summerhouse - Many Birds - Wind - Atmos - MKH8040 - Ltr_Rtr.wav","Ambiences for Atmos Vol 2 – Suburb Outskirts","Pole Position Production","https://sonniss.com/product/ambiences-for-atmos-vol-2-suburb-outskirts","/Sonniss - GDC 2024 - Game Audio Bundle/Pole Position - Ambiences for Atmos Vol 2 – Suburb Outskirts/AMB - 7.1.4 - Suburb Outskirts - Forest Edge - Outside Summerhouse - Many Birds - Wind - Atmos - MKH8040 - Ltr_Rtr.wav","amb|714|surburb|outskirts|forest|edge|outside|summerhouse|many|birds|wind|atmos|sennheiser|mkh|8040|ltr|rtr|suburb|mkh8040|ltr_rtrwav|ambiences for atmos vol 2 – suburb outskirts|pole position production"
"Bandkanon 1C - t1 - ONBRD - SLOW - Start Drive Stop Reverse Stop Drive Stop Off - ENGINE - Mix.wav","Artillery Vehicle Bandkanon 1C","Pole Position Production","https://sonniss.com/product/artillery-vehicle-bandkanon-1c","/Sonniss - GDC 2024 - Game Audio Bundle/Pole Position - Artillery Vehicle Bandkanon 1C/Bandkanon 1C - t1 - ONBRD - SLOW - Start Drive Stop Reverse Stop Drive Stop Off - ENGINE - Mix.wav","tank|bandkanon|1c|onboard|slow|start|drive|stop|reverse|off|engine|mix|t1|onbrd|mixwav|artillery vehicle bandkanon 1c|pole position production"
"Bandkanon 1C - t5 - ONBRD - RAMPS - Drive Stop Off - INTERIOR - Driver - DPA4061.wav","Artillery Vehicle Bandkanon 1C","Pole Position Production","https://sonniss.com/product/artillery-vehicle-bandkanon-1c","/Sonniss - GDC 2024 - Game Audio Bundle/Pole Position - Artillery Vehicle Bandkanon 1C/Bandkanon 1C - t5 - ONBRD - RAMPS - Drive Stop Off - INTERIOR - Driver - DPA4061.wav","tank|bandkanon|1c|onboard|ramps|drive|stop|off|interior|driver|dpa|4061|t5|onbrd|dpa4061wav|artillery vehicle bandkanon 1c|pole position production"
"Bandkanon 1C - t6 - EXT - STEADY RPMS - Start Away By - MS Decoded - RSM191.wav","Artillery Vehicle Bandkanon 1C","Pole Position Production","https://sonniss.com/product/artillery-vehicle-bandkanon-1c","/Sonniss - GDC 2024 - Game Audio Bundle/Pole Position - Artillery Vehicle Bandkanon 1C/Bandkanon 1C - t6 - EXT - STEADY RPMS - Start Away By - MS Decoded - RSM191.wav","tank|bandkanon|1c|exterior|steady|rpms|start|away|by|position|a|ms|decoded|neumann|rsm|191|t6|ext|rsm191wav|artillery vehicle bandkanon 1c|pole position production"
"Bandkanon 1C - t10 - VAR SFX - Simulated Shell Ejection 1 - MS Decoded - RSM191.wav","Artillery Vehicle Bandkanon 1C","Pole Position Production","https://sonniss.com/product/artillery-vehicle-bandkanon-1c","/Sonniss - GDC 2024 - Game Audio Bundle/Pole Position - Artillery Vehicle Bandkanon 1C/Bandkanon 1C - t10 - VAR SFX - Simulated Shell Ejection 1 - MS Decoded - RSM191.wav","tank|bandkanon|1c|various|sound|fx|simulated|shell|ejection|1|ms|decoded|neumann|rsm|191|t10|var|sfx|rsm191wav|artillery vehicle bandkanon 1c|pole position production"
"Audi Quattro - t4 - ONBRD - GEARSHIFTS - Drive - ENGINE - Center - MKH8020.wav","Audi Ur-Quattro 1983 - Car Sound Effects","Pole Position Production","https://sonniss.com/product/audi-ur-quattro-1983-car-sound-effects","/Sonniss - GDC 2024 - Game Audio Bundle/Pole Position - Audi Ur-Quattro 1983/Audi Quattro - t4 - ONBRD - GEARSHIFTS - Drive - ENGINE - Center - MKH8020.wav","rally|car|audi|quattro|onboard|gearshifts|drive|engine|center|sennheiser|mkh|8020|t4|onbrd|mkh8020wav|audi ur-quattro 1983 - car sound effects|pole position production"
"Audi Quattro - t6 - ONBRD - STEADY RPMS - Start Drive - INTERIOR - Front - DPA4061.wav","Audi Ur-Quattro 1983 - Car Sound Effects","Pole Position Production","https://sonniss.com/product/audi-ur-quattro-1983-car-sound-effects","/Sonniss - GDC 2024 - Game Audio Bundle/Pole Position - Audi Ur-Quattro 1983/Audi Quattro - t6 - ONBRD - STEADY RPMS - Start Drive - INTERIOR - Front - DPA4061.wav","rally|car|audi|quattro|onboard|steady|rpms|start|drive|interior|front|dpa|4061|some|dropouts|t6|onbrd|dpa4061wav|audi ur-quattro 1983 - car sound effects|pole position production"
"Audi Quattro - t10 - EXT - FAST - Various - MS Decoded - RSM191.wav","Audi Ur-Quattro 1983 - Car Sound Effects","Pole Position Production","https://sonniss.com/product/audi-ur-quattro-1983-car-sound-effects","/Sonniss - GDC 2024 - Game Audio Bundle/Pole Position - Audi Ur-Quattro 1983/Audi Quattro - t10 - EXT - FAST - Various - MS Decoded - RSM191.wav","rally|car|audi|quattro|exterior|fast|various|position|a|ms|decoded|neumann|rsm|191|t10|ext|rsm191wav|audi ur-quattro 1983 - car sound effects|pole position production"
"Audi Quattro - t12 - VAR SFX - Gear Stick Dry Movement - ENGINE - Center - MKH8020.wav","Audi Ur-Quattro 1983 - Car Sound Effects","Pole Position Production","https://sonniss.com/product/audi-ur-quattro-1983-car-sound-effects","/Sonniss - GDC 2024 - Game Audio Bundle/Pole Position - Audi Ur-Quattro 1983/Audi Quattro - t12 - VAR SFX - Gear Stick Dry Movement - ENGINE - Center - MKH8020.wav","rally|car|audi|quattro|various|sound|fx|gear|stick|dry|movement|engine|center|sennheiser|mkh|8020|t12|var|sfx|mkh8020wav|audi ur-quattro 1983 - car sound effects|pole position production"
"Beechcraft Baron 58 - t2 - EXT - TAKE OFF - By - M10.wav","Beechcraft Baron 58 1969","Pole Position Production","https://sonniss.com/product/beechcraft-baron-58-1969","/Sonniss - GDC 2024 - Game Audio Bundle/Pole Position - Beechcraft Baron 58 1969/Beechcraft Baron 58 - t2 - EXT - TAKE OFF - By - M10.wav","plane|beechcraft|baron|58|exterior|take|off|by|sony|pcmm10|t2|ext|m10wav|beechcraft baron 58 1969|pole position production"
"Beechcraft Baron 58 - t4 - EXT - LAND - By - Distant - ORTF - CMC6.wav","Beechcraft Baron 58 1970","Pole Position Production","https://sonniss.com/product/beechcraft-baron-58-1970","/Sonniss - GDC 2024 - Game Audio Bundle/Pole Position - Beechcraft Baron 58 1969/Beechcraft Baron 58 - t4 - EXT - LAND - By - Distant - ORTF - CMC6.wav","plane|beechcraft|baron|58|exterior|land|by|distant|ortf|schoeps|cmc6|t4|ext|cmc6wav|beechcraft baron 58 1970|pole position production"
"Beechcraft Baron 58 - t11 - ONBRD - IDLE - Right ENGINE - Start Stationary Idle Increasing RPMS Off - EXHAUST - AKG-D12.wav","Beechcraft Baron 58 1971","Pole Position Production","https://sonniss.com/product/beechcraft-baron-58-1971","/Sonniss - GDC 2024 - Game Audio Bundle/Pole Position - Beechcraft Baron 58 1969/Beechcraft Baron 58 - t11 - ONBRD - IDLE - Right ENGINE - Start Stationary Idle Increasing RPMS Off - EXHAUST - AKG-D12.wav","plane|beechcraft|baron|58|onboard|idle|right|engine|start|stationary|idle|increasing|rpms|off|exhaust|akgd12|t11|onbrd|akgd12wav|beechcraft baron 58 1971|pole position production"
"Beechcraft Baron 58 - t12 - VAR SFX - Stall Warning - MS Decoded - RSM191.wav","Beechcraft Baron 58 1972","Pole Position Production","https://sonniss.com/product/beechcraft-baron-58-1972","/Sonniss - GDC 2024 - Game Audio Bundle/Pole Position - Beechcraft Baron 58 1969/Beechcraft Baron 58 - t12 - VAR SFX - Stall Warning - MS Decoded - RSM191.wav","plane|beechcraft|baron|58|various|sound|fx|stall|warning|ms|decoded|neumann|rsm|191|t12|var|sfx|rsm191wav|beechcraft baron 58 1972|pole position production"
"Beretta 1201F - FIRING - 10m Behind - Holophone.wav","Beretta 1201 F","Pole Position Production","https://sonniss.com/product/beretta-1201-f","/Sonniss - GDC 2024 - Game Audio Bundle/Pole Position - Beretta 1201 F/Beretta 1201F - FIRING - 10m Behind - Holophone.wav","shotgun|beretta|1201f|firing|10m|behind|holophone|holophonewav|beretta 1201 f|pole position production"
"Beretta 1201F - FIRING - Close - DPA4062.wav","Beretta 1201 F","Pole Position Production","https://sonniss.com/product/beretta-1201-f","/Sonniss - GDC 2024 - Game Audio Bundle/Pole Position - Beretta 1201 F/Beretta 1201F - FIRING - Close - DPA4062.wav","shotgun|beretta|1201f|firing|close|dpa|4062|dpa4062wav|beretta 1201 f|pole position production"
"Beretta 1201F - VAR SFX - Failed Racking Movements - MS Decoded - MKH418S.wav","Beretta 1201 F","Pole Position Production","https://sonniss.com/product/beretta-1201-f","/Sonniss - GDC 2024 - Game Audio Bundle/Pole Position - Beretta 1201 F/Beretta 1201F - VAR SFX - Failed Racking Movements - MS Decoded - MKH418S.wav","shotgun|beretta|1201f|various|sound|fx|failed|racking|movements|ms|decoded|sennheiser|mkh|418s|var|sfx|mkh418swav|beretta 1201 f|pole position production"
"Citroen C3 R5 WRC2 - t1 - EXT - GEARSHIFTS - By - EXTERIOR 1 - Mix.wav","Citroen C3 R5 WRC2 2019","Pole Position Production","https://sonniss.com/product/citroen-c3-r5-wrc2-2019","/Sonniss - GDC 2024 - Game Audio Bundle/Pole Position - Citroen C3 R5 WRC2 2019/Citroen C3 R5 WRC2 - t1 - EXT - GEARSHIFTS - By - EXTERIOR 1 - Mix.wav","rally|car|citroen|c3|r5|wrc2|exterior|gearshifts|by|1|mix|t1|ext|mixwav|citroen c3 r5 wrc2 2019|pole position production"
"Citroen C3 R5 WRC2 - t3 - ONBRD - STEADY RPMS - Drive - ENGINE - VP88.wav","Citroen C3 R5 WRC2 2020","Pole Position Production","https://sonniss.com/product/citroen-c3-r5-wrc2-2020","/Sonniss - GDC 2024 - Game Audio Bundle/Pole Position - Citroen C3 R5 WRC2 2019/Citroen C3 R5 WRC2 - t3 - ONBRD - STEADY RPMS - Drive - ENGINE - VP88.wav","rally|car|citroen|c3|r5|wrc2|onboard|steady|rpms|drive|engine|shure|vp88|t3|onbrd|vp88wav|citroen c3 r5 wrc2 2020|pole position production"
"Citroen C3 R5 WRC2 - t4 - ONBRD - IDLE - Various - INTERIOR - AMBEO.wav","Citroen C3 R5 WRC2 2021","Pole Position Production","https://sonniss.com/product/citroen-c3-r5-wrc2-2021","/Sonniss - GDC 2024 - Game Audio Bundle/Pole Position - Citroen C3 R5 WRC2 2019/Citroen C3 R5 WRC2 - t4 - ONBRD - IDLE - Various - INTERIOR - AMBEO.wav","rally|car|citroen|c3|r5|wrc2|onboard|idle|various|interior|sennheiser|ambeo|t4|onbrd|ambeowav|citroen c3 r5 wrc2 2021|pole position production"
"Citroen C3 R5 WRC2 - t7 - EXT - MEDIUM - Various - Holophone.wav","Citroen C3 R5 WRC2 2022","Pole Position Production","https://sonniss.com/product/citroen-c3-r5-wrc2-2022","/Sonniss - GDC 2024 - Game Audio Bundle/Pole Position - Citroen C3 R5 WRC2 2019/Citroen C3 R5 WRC2 - t7 - EXT - MEDIUM - Various - Holophone.wav","rally|car|citroen|c3|r5|wrc2|exterior|medium|various|position|a|holophone|t7|ext|holophonewav|citroen c3 r5 wrc2 2022|pole position production"
"Citroen C5 - t4 - ONBRD - GEARSHIFTS - Drive Stop Off - ENGINE - Left - DPA4061.wav","Citroen C5 2002 - Car Sound Effects","Pole Position Production","https://sonniss.com/product/citroen-c5-2002-car-sound-effects","/Sonniss - GDC 2024 - Game Audio Bundle/Pole Position - Citroen C5 2002/Citroen C5 - t4 - ONBRD - GEARSHIFTS - Drive Stop Off - ENGINE - Left - DPA4061.wav","car|citroen|c5|onboard|gearshifts|drive|stop|off|engine|left|dpa|4061|t4|onbrd|dpa4061wav|citroen c5 2002 - car sound effects|pole position production"
"Citroen C5 - t5 - EXT - RAMPS - By - M10.wav","Citroen C5 2002 - Car Sound Effects","Pole Position Production","https://sonniss.com/product/citroen-c5-2002-car-sound-effects","/Sonniss - GDC 2024 - Game Audio Bundle/Pole Position - Citroen C5 2002/Citroen C5 - t5 - EXT - RAMPS - By - M10.wav","car|citroen|c5|exterior|ramps|by|turn|point|sony|pcmm10|t5|ext|m10wav|citroen c5 2002 - car sound effects|pole position production"
"Citroen C5 - t6 - ONBRD - STEADY RPMS - Drive - EXHAUST - Mix.wav","Citroen C5 2002 - Car Sound Effects","Pole Position Production","https://sonniss.com/product/citroen-c5-2002-car-sound-effects","/Sonniss - GDC 2024 - Game Audio Bundle/Pole Position - Citroen C5 2002/Citroen C5 - t6 - ONBRD - STEADY RPMS - Drive - EXHAUST - Mix.wav","car|citroen|c5|onboard|steady|rpms|drive|exhaust|mix|t6|onbrd|mixwav|citroen c5 2002 - car sound effects|pole position production"
"Citroen C5 - t9 - VAR SFX - Door Open and Close from the Inside - MS Decoded - RSM191.wav","Citroen C5 2002 - Car Sound Effects","Pole Position Production","https://sonniss.com/product/citroen-c5-2002-car-sound-effects","/Sonniss - GDC 2024 - Game Audio Bundle/Pole Position - Citroen C5 2002/Citroen C5 - t9 - VAR SFX - Door Open and Close from the Inside - MS Decoded - RSM191.wav","car|citroen|c5|various|sound|fx|door|open|and|close|from|the|inside|ms|decoded|neumann|rsm|191|t9|var|sfx|rsm191wav|citroen c5 2002 - car sound effects|pole position production"
"Citroen DS3 WRC - t1 - EXT - GEARSHIFTS - By Up Stop Off - EXTERIOR 3 - Mix.wav","Citroen DS3 WRC 2012","Pole Position Production","https://sonniss.com/product/citroen-ds3-wrc-2012","/Sonniss - GDC 2024 - Game Audio Bundle/Pole Position - Citroen DS3 WRC 2012/Citroen DS3 WRC - t1 - EXT - GEARSHIFTS - By Up Stop Off - EXTERIOR 3 - Mix.wav","rally|car|citroen|ds3|wrc|exterior|gearshifts|by|up|stop|off|3|mix|t1|ext|mixwav|citroen ds3 wrc 2012|pole position production"
"Citroen DS3 WRC - t3 - ONBRD - RAMPS - Drive Stop - EXHAUST - MKH8040.wav","Citroen DS3 WRC 2013","Pole Position Production","https://sonniss.com/product/citroen-ds3-wrc-2013","/Sonniss - GDC 2024 - Game Audio Bundle/Pole Position - Citroen DS3 WRC 2012/Citroen DS3 WRC - t3 - ONBRD - RAMPS - Drive Stop - EXHAUST - MKH8040.wav","rally|car|citroen|ds3|wrc|onboard|ramps|drive|stop|exhaust|sennheiser|mkh|8040|t3|onbrd|mkh8040wav|citroen ds3 wrc 2013|pole position production"
"Citroen DS3 WRC - t6 - ONBRD - IDLE - Steady Rev Limiter Stall Start Steady Off - EXHAUST - Center - DPA4062.wav","Citroen DS3 WRC 2014","Pole Position Production","https://sonniss.com/product/citroen-ds3-wrc-2014","/Sonniss - GDC 2024 - Game Audio Bundle/Pole Position - Citroen DS3 WRC 2012/Citroen DS3 WRC - t6 - ONBRD - IDLE - Steady Rev Limiter Stall Start Steady Off - EXHAUST - Center - DPA4062.wav","rally|car|citroen|ds3|wrc|onboard|idle|steady|rev|limiter|stall|start|off|exhaust|center|dpa|4062|t6|onbrd|dpa4062wav|citroen ds3 wrc 2014|pole position production"
"Citroen Xsara WRC - t2 - ONBRD - RAMPS - Start Drive Stop Various - EXHAUST - MKH8040.wav","Citroen Xsara WRC 2001 Sound Effects","Pole Position Production","https://sonniss.com/product/citroen-xsara-wrc-2001-sound-effects","/Sonniss - GDC 2024 - Game Audio Bundle/Pole Position - Citroen Xsara WRC 2001/Citroen Xsara WRC - t2 - ONBRD - RAMPS - Start Drive Stop Various - EXHAUST - MKH8040.wav","rally|car|citroen|xsara|wrc|onboard|ramps|start|drive|stop|various|exhaust|sennheiser|mkh|8040|t2|onbrd|mkh8040wav|citroen xsara wrc 2001 sound effects|pole position production"
"Citroen Xsara WRC - t6 - ONBRD - MEDIUM - Drive Various - ENGINE - Intake - DPA4062.wav","Citroen Xsara WRC 2001 Sound Effects","Pole Position Production","https://sonniss.com/product/citroen-xsara-wrc-2001-sound-effects","/Sonniss - GDC 2024 - Game Audio Bundle/Pole Position - Citroen Xsara WRC 2001/Citroen Xsara WRC - t6 - ONBRD - MEDIUM - Drive Various - ENGINE - Intake - DPA4062.wav","rally|car|citroen|xsara|wrc|onboard|medium|drive|various|engine|intake|dpa|4062|t6|onbrd|dpa4062wav|citroen xsara wrc 2001 sound effects|pole position production"
"Citroen Xsara WRC - t7 - EXT - FAST - Various - MS Decoded - RSM191.wav","Citroen Xsara WRC 2001 Sound Effects","Pole Position Production","https://sonniss.com/product/citroen-xsara-wrc-2001-sound-effects","/Sonniss - GDC 2024 - Game Audio Bundle/Pole Position - Citroen Xsara WRC 2001/Citroen Xsara WRC - t7 - EXT - FAST - Various - MS Decoded - RSM191.wav","rally|car|citroen|xsara|wrc|exterior|fast|various|position|a|ms|decoded|neumann|rsm|191|t7|ext|rsm191wav|citroen xsara wrc 2001 sound effects|pole position production"
"Colt Python 357 Magnum - FIRING - Take 1 - 4m Left - CSS5.wav","Colt Python .357 Magnum","Pole Position Production","https://sonniss.com/product/colt-python-357-magnum","/Sonniss - GDC 2024 - Game Audio Bundle/Pole Position - Colt Python .357 Magnum/Colt Python 357 Magnum - FIRING - Take 1 - 4m Left - CSS5.wav","gun|colt|python|357|magnum|firing|take|1|4m|left|sanken|css5|css5wav|colt python .357 magnum|pole position production"
"Colt Python 357 Magnum - FIRING - Take 3 - 160m Behind - ORTF - CM4.wav","Colt Python .357 Magnum","Pole Position Production","https://sonniss.com/product/colt-python-357-magnum","/Sonniss - GDC 2024 - Game Audio Bundle/Pole Position - Colt Python .357 Magnum/Colt Python 357 Magnum - FIRING - Take 3 - 160m Behind - ORTF - CM4.wav","gun|colt|python|357|magnum|firing|take|3|160m|behind|ortf|line|audio|cm4|cm4wav|colt python .357 magnum|pole position production"
"Colt Python 357 Magnum - VAR SFX - Loading Gun - CO100K.wav","Colt Python .357 Magnum","Pole Position Production","https://sonniss.com/product/colt-python-357-magnum","/Sonniss - GDC 2024 - Game Audio Bundle/Pole Position - Colt Python .357 Magnum/Colt Python 357 Magnum - VAR SFX - Loading Gun - CO100K.wav","gun|colt|python|357|magnum|various|sound|fx|loading|gun|sanken|co100k|var|sfx|co100kwav|colt python .357 magnum|pole position production"
"Dan Wesson 445 - FIRING - Take 1 - 100m In Front Off Axis - ORTF - MKH8040.wav","Dan Wesson .445 SuperMag","Pole Position Production","https://sonniss.com/product/dan-wesson-445-supermag","/Sonniss - GDC 2024 - Game Audio Bundle/Pole Position - Dan Wesson .445 SuperMag/Dan Wesson 445 - FIRING - Take 1 - 100m In Front Off Axis - ORTF - MKH8040.wav","gun|revolver|dan|wesson|455|firing|take|1|100m|in|front|off|axis|ortf|sennheiser|mkh|8040|445|mkh8040wav|dan wesson .445 supermag|pole position production"
"Dan Wesson 445 - FIRING - Take 2 - 1m Above - MKH8060.wav","Dan Wesson .445 SuperMag","Pole Position Production","https://sonniss.com/product/dan-wesson-445-supermag","/Sonniss - GDC 2024 - Game Audio Bundle/Pole Position - Dan Wesson .445 SuperMag/Dan Wesson 445 - FIRING - Take 2 - 1m Above - MKH8060.wav","gun|revolver|dan|wesson|455|firing|take|2|1m|above|sennheiser|mkh|8060|445|mkh8060wav|dan wesson .445 supermag|pole position production"
"Dan Wesson 445 - VAR SFX - Cock Uncock Hammer - MS Decoded - MKH418s.wav","Dan Wesson .445 SuperMag","Pole Position Production","https://sonniss.com/product/dan-wesson-445-supermag","/Sonniss - GDC 2024 - Game Audio Bundle/Pole Position - Dan Wesson .445 SuperMag/Dan Wesson 445 - VAR SFX - Cock Uncock Hammer - MS Decoded - MKH418s.wav","gun|revolver|dan|wesson|455|various|sound|fx|cock|uncock|hammer|ms|decoded|sennheiser|mkh|418s|445|var|sfx|mkh418swav|dan wesson .445 supermag|pole position production"
"Desert Eagle - FIRING - Take 1 - 4m Left - CSS5.wav","Desert Eagle .44 - Sound Effects","Pole Position Production","https://sonniss.com/product/desert-eagle-44-sound-effects","/Sonniss - GDC 2024 - Game Audio Bundle/Pole Position - Desert Eagle .44/Desert Eagle - FIRING - Take 1 - 4m Left - CSS5.wav","gun|pistol|desert|eagle|firing|take|1|4m|left|sanken|css5|css5wav|desert eagle .44 - sound effects|pole position production"
"Desert Eagle - FIRING - Take 2 - 65m Right - H3VR .wav","Desert Eagle .44 - Sound Effects","Pole Position Production","https://sonniss.com/product/desert-eagle-44-sound-effects","/Sonniss - GDC 2024 - Game Audio Bundle/Pole Position - Desert Eagle .44/Desert Eagle - FIRING - Take 2 - 65m Right - H3VR .wav","gun|pistol|desert|eagle|firing|take|2|65m|right|zoom|h3vr|wav|desert eagle .44 - sound effects|pole position production"
"Desert Eagle - VAR SFX - Magazine In and Out - Take 3 - MKH8060.wav","Desert Eagle .44 - Sound Effects","Pole Position Production","https://sonniss.com/product/desert-eagle-44-sound-effects","/Sonniss - GDC 2024 - Game Audio Bundle/Pole Position - Desert Eagle .44/Desert Eagle - VAR SFX - Magazine In and Out - Take 3 - MKH8060.wav","gun|pistol|desert|eagle|various|sound|fx|magazine|in|and|out|take|3|sennheiser|mkh|8060|var|sfx|mkh8060wav|desert eagle .44 - sound effects|pole position production"
"Interference - Cable - Buzz Hum - Swells to Sputtering Noise.wav","Electric Guitar Pickup Interference","Pole Position Production","https://sonniss.com/product/electric-guitar-pickup-interference","/Sonniss - GDC 2024 - Game Audio Bundle/Pole Position - Electric Guitar Pickup Interference/Interference - Cable - Buzz Hum - Swells to Sputtering Noise.wav","interference|cable|buzz|hum|swells|to|sputtering|noise|noisewav|electric guitar pickup interference|pole position production"
"Interference - Guitar Pickup - Buzz Hum - Thin - Swells - Hits Thumps.wav","Electric Guitar Pickup Interference","Pole Position Production","https://sonniss.com/product/electric-guitar-pickup-interference","/Sonniss - GDC 2024 - Game Audio Bundle/Pole Position - Electric Guitar Pickup Interference/Interference - Guitar Pickup - Buzz Hum - Thin - Swells - Hits Thumps.wav","interference|guitar|pickup|buzz|hum|thin|swells|hits|thumps|thumpswav|electric guitar pickup interference|pole position production"
"Ferrari 458 Straight Pipes - t4 - EXT - GEARSHIFTS - By - ORTF - MKH8040.wav","Ferrari 458 2013","Pole Position Production","https://sonniss.com/product/ferrari-458-2013-2","/Sonniss - GDC 2024 - Game Audio Bundle/Pole Position - Ferrari 458 2013/Ferrari 458 Straight Pipes - t4 - EXT - GEARSHIFTS - By - ORTF - MKH8040.wav","sports|car|ferrari|458|straight|pipes|exterior|gearshifts|by|position|b|ortf|sennheiser|mkh|8040|t4|ext|mkh8040wav|ferrari 458 2013|pole position production"
"Ferrari 458 Straight Pipes - t5 - ONBRD - RAMPS - Drive Stop Off - EXHAUST - Left - DPA4062.wav","Ferrari 458 2014","Pole Position Production","https://sonniss.com/product/ferrari-458-2013-3","/Sonniss - GDC 2024 - Game Audio Bundle/Pole Position - Ferrari 458 2013/Ferrari 458 Straight Pipes - t5 - ONBRD - RAMPS - Drive Stop Off - EXHAUST - Left - DPA4062.wav","sports|car|ferrari|458|straight|pipes|onboard|ramps|drive|stop|off|exhaust|left|dpa|4062|t5|onbrd|dpa4062wav|ferrari 458 2014|pole position production"
"Ferrari 458 Straight Pipes - t9 - EXT - MEDIUM - Various - M10.wav","Ferrari 458 2015","Pole Position Production","https://sonniss.com/product/ferrari-458-2013-4","/Sonniss - GDC 2024 - Game Audio Bundle/Pole Position - Ferrari 458 2013/Ferrari 458 Straight Pipes - t9 - EXT - MEDIUM - Various - M10.wav","sports|car|ferrari|458|straight|pipes|exterior|medium|various|turn|point|sony|pcmm10|t9|ext|m10wav|ferrari 458 2015|pole position production"
"Ferrari 458 Straight Pipes - t11 - VAR SFX - Horn Various - Wide AB - MKH8060.wav","Ferrari 458 2016","Pole Position Production","https://sonniss.com/product/ferrari-458-2013-5","/Sonniss - GDC 2024 - Game Audio Bundle/Pole Position - Ferrari 458 2013/Ferrari 458 Straight Pipes - t11 - VAR SFX - Horn Various - Wide AB - MKH8060.wav","sports|car|ferrari|458|straight|pipes|various|sound|fx|horn|various|position|a|wide|ab|sennheiser|mkh|8060|t11|var|sfx|mkh8060wav|ferrari 458 2016|pole position production"
"Fiat RV - t1 - EXT - SLOW - Start Away Up Reverse Stop Away By Up Stop Off - EXTERIOR 1 - Mix.wav","Fiat/Sunlight T 67 2013","Pole Position Production","https://sonniss.com/product/fiat-sunlight-t-67-2013","/Sonniss - GDC 2024 - Game Audio Bundle/Pole Position - Fiat-Sunlight T 67 2013/Fiat RV - t1 - EXT - SLOW - Start Away Up Reverse Stop Away By Up Stop Off - EXTERIOR 1 - Mix.wav","van|fiat|rv|exterior|slow|start|away|up|reverse|stop|by|off|1|mix|t1|ext|mixwav|fiat/sunlight t 67 2013|pole position production"
"Fiat RV - t6 - ONBRD - STEADY RPMS - Start Drive - INTERIOR - Washroom - D100.wav","Fiat/Sunlight T 67 2014","Pole Position Production","https://sonniss.com/product/fiat-sunlight-t-67-2014","/Sonniss - GDC 2024 - Game Audio Bundle/Pole Position - Fiat-Sunlight T 67 2013/Fiat RV - t6 - ONBRD - STEADY RPMS - Start Drive - INTERIOR - Washroom - D100.wav","van|fiat|rv|onboard|steady|rpms|start|drive|interior|washroom|sony|pcmd100|t6|onbrd|d100wav|fiat/sunlight t 67 2014|pole position production"
"Fiat RV - t11 - ONBRD - IDLE - Various - ENGINE - Right - PZM.wav","Fiat/Sunlight T 67 2015","Pole Position Production","https://sonniss.com/product/fiat-sunlight-t-67-2015","/Sonniss - GDC 2024 - Game Audio Bundle/Pole Position - Fiat-Sunlight T 67 2013/Fiat RV - t11 - ONBRD - IDLE - Various - ENGINE - Right - PZM.wav","van|fiat|rv|onboard|idle|various|engine|right|crown|pzm|t11|onbrd|pzmwav|fiat/sunlight t 67 2015|pole position production"
"Fiat RV - t12 - VAR SFX - Ignition Key 1 - MS Decoded - RSM191.wav","Fiat/Sunlight T 67 2016","Pole Position Production","https://sonniss.com/product/fiat-sunlight-t-67-2016","/Sonniss - GDC 2024 - Game Audio Bundle/Pole Position - Fiat-Sunlight T 67 2013/Fiat RV - t12 - VAR SFX - Ignition Key 1 - MS Decoded - RSM191.wav","van|fiat|rv|various|sound|fx|ignition|key|1|ms|decoded|neumann|rsm|191|t12|var|sfx|rsm191wav|fiat/sunlight t 67 2016|pole position production"
"Ford Fiesta WRC2 - t3 - EXT - GEARSHIFTS - By Up Stop - Holophone.wav","Ford Fiesta WRC2 2022","Pole Position Production","https://sonniss.com/product/ford-fiesta-wrc2-2022","/Sonniss - GDC 2024 - Game Audio Bundle/Pole Position - Ford Fiesta WRC2 2022/Ford Fiesta WRC2 - t3 - EXT - GEARSHIFTS - By Up Stop - Holophone.wav","rally|car|ford|fiesta|wrc2|exterior|gearshifts|by|up|stop|position|a|holophone|t3|ext|holophonewav|ford fiesta wrc2 2022|pole position production"
"Ford Fiesta WRC2 - t4 - ONBRD - RAMPS - Drive Stop - INTERIOR - Front - Wide AB - DPA4061.wav","Ford Fiesta WRC2 2023","Pole Position Production","https://sonniss.com/product/ford-fiesta-wrc2-2023","/Sonniss - GDC 2024 - Game Audio Bundle/Pole Position - Ford Fiesta WRC2 2022/Ford Fiesta WRC2 - t4 - ONBRD - RAMPS - Drive Stop - INTERIOR - Front - Wide AB - DPA4061.wav","rally|car|ford|fiesta|wrc2|onboard|ramps|drive|stop|interior|front|wide|ab|dpa|4061|some|dropouts|t4|onbrd|dpa4061wav|ford fiesta wrc2 2023|pole position production"
"Ford Fiesta WRC2 - t8 - ONBRD - MEDIUM - Drive Various - EXHAUST - Distant - RE50.wav","Ford Fiesta WRC2 2024","Pole Position Production","https://sonniss.com/product/ford-fiesta-wrc2-2024","/Sonniss - GDC 2024 - Game Audio Bundle/Pole Position - Ford Fiesta WRC2 2022/Ford Fiesta WRC2 - t8 - ONBRD - MEDIUM - Drive Various - EXHAUST - Distant - RE50.wav","rally|car|ford|fiesta|wrc2|onboard|medium|drive|various|exhaust|distant|electrovoice|re50|t8|onbrd|re50wav|ford fiesta wrc2 2024|pole position production"
"Ford Fiesta WRC2 - t10 - VAR SFX - Gear Stick Movement - MS Decoded - RSM191.wav","Ford Fiesta WRC2 2025","Pole Position Production","https://sonniss.com/product/ford-fiesta-wrc2-2025","/Sonniss - GDC 2024 - Game Audio Bundle/Pole Position - Ford Fiesta WRC2 2022/Ford Fiesta WRC2 - t10 - VAR SFX - Gear Stick Movement - MS Decoded - RSM191.wav","rally|car|ford|fiesta|wrc2|various|sound|fx|gear|stick|movement|ms|decoded|neumann|rsm|191|t10|var|sfx|rsm191wav|ford fiesta wrc2 2025|pole position production"
"Ford Puma WRC - t3 - EXT - FAST - Start Away Up Reverse Stop Away By Up Stop Off - Wide AB - MKH8060.wav","Ford Puma Hybrid Rally1 2022","Pole Position Production","https://sonniss.com/product/ford-puma-hybrid-rally1-2022","/Sonniss - GDC 2024 - Game Audio Bundle/Pole Position - Ford Puma Hybrid Rally1 2022/Ford Puma WRC - t3 - EXT - FAST - Start Away Up Reverse Stop Away By Up Stop Off - Wide AB - MKH8060.wav","rally|car|ford|puma|wrc|exterior|fast|start|away|up|reverse|stop|by|off|position|a|wide|ab|sennheiser|mkh|8060|t3|ext|mkh8060wav|ford puma hybrid rally1 2022|pole position production"
"Ford Puma WRC - t3 - ONBRD - FAST - Start Drive Stop Reverse Stop Drive Launch Control Stop Off - EXHAUST - RE50.wav","Ford Puma Hybrid Rally1 2023","Pole Position Production","https://sonniss.com/product/ford-puma-hybrid-rally1-2023","/Sonniss - GDC 2024 - Game Audio Bundle/Pole Position - Ford Puma Hybrid Rally1 2022/Ford Puma WRC - t3 - ONBRD - FAST - Start Drive Stop Reverse Stop Drive Launch Control Stop Off - EXHAUST - RE50.wav","rally|car|ford|puma|wrc|onboard|fast|start|drive|stop|reverse|launch|control|off|exhaust|electrovoice|re50|t3|onbrd|re50wav|ford puma hybrid rally1 2023|pole position production"
"Ford Puma WRC - t6 - ONBRD - RAMPS - EV - Start Drive Stop x3 - ENGINE - Mix.wav","Ford Puma Hybrid Rally1 2024","Pole Position Production","https://sonniss.com/product/ford-puma-hybrid-rally1-2024","/Sonniss - GDC 2024 - Game Audio Bundle/Pole Position - Ford Puma Hybrid Rally1 2022/Ford Puma WRC - t6 - ONBRD - RAMPS - EV - Start Drive Stop x3 - ENGINE - Mix.wav","rally|car|ford|puma|wrc|onboard|ramps|ev|start|drive|stop|x3|engine|mix|t6|onbrd|mixwav|ford puma hybrid rally1 2024|pole position production"
"Ford Puma WRC - t13 - VAR SFX - Driver Door from Outside - MS Decoded - RSM191.wav","Ford Puma Hybrid Rally1 2025","Pole Position Production","https://sonniss.com/product/ford-puma-hybrid-rally1-2025","/Sonniss - GDC 2024 - Game Audio Bundle/Pole Position - Ford Puma Hybrid Rally1 2022/Ford Puma WRC - t13 - VAR SFX - Driver Door from Outside - MS Decoded - RSM191.wav","rally|car|ford|puma|wrc|various|sound|fx|driver|door|from|outside|ms|decoded|neumann|rsm|191|t13|var|sfx|rsm191wav|ford puma hybrid rally1 2025|pole position production"
"SPAS-12 - FIRING - Pump Action - Take 1 - 20m In Front - AB - MKH8020.wav","Franchi SPAS-12 Combat Shotgun","Pole Position Production","https://sonniss.com/product/franchi-spas-12-combat-shotgun","/Sonniss - GDC 2024 - Game Audio Bundle/Pole Position - Franchi SPAS-12 Combat Shotgun/SPAS-12 - FIRING - Pump Action - Take 1 - 20m In Front - AB - MKH8020.wav","shotgun|spas12|firing|pump|action|take|1|20m|in|front|ab|sennheiser|mkh|8020|mkh8020wav|franchi spas-12 combat shotgun|pole position production"
"SPAS-12 - FIRING - Semi Automatic - Take 1 - 3m Behind Left - CO100K.wav","Franchi SPAS-12 Combat Shotgun","Pole Position Production","https://sonniss.com/product/franchi-spas-12-combat-shotgun","/Sonniss - GDC 2024 - Game Audio Bundle/Pole Position - Franchi SPAS-12 Combat Shotgun/SPAS-12 - FIRING - Semi Automatic - Take 1 - 3m Behind Left - CO100K.wav","shotgun|spas12|firing|semi|automatic|take|1|3m|behind|left|sanken|co100k|co100kwav|franchi spas-12 combat shotgun|pole position production"
"SPAS-12 - VAR SFX - Pump Action Fast - Close - MS - MKH418s.wav","Franchi SPAS-12 Combat Shotgun","Pole Position Production","https://sonniss.com/product/franchi-spas-12-combat-shotgun","/Sonniss - GDC 2024 - Game Audio Bundle/Pole Position - Franchi SPAS-12 Combat Shotgun/SPAS-12 - VAR SFX - Pump Action Fast - Close - MS - MKH418s.wav","shotgun|spas12|various|sound|fx|pump|action|fast|close|ms|sennheiser|mkh|418s|var|sfx|mkh418swav|franchi spas-12 combat shotgun|pole position production"
"Hämmerli 280 - FIRING - 4m Right - ORTF - CM4.wav","Hämmerli 280 22LR","Pole Position Production","https://sonniss.com/product/hammerli-280-22lr","/Sonniss - GDC 2024 - Game Audio Bundle/Pole Position - Hammerli 280 22LR/Hämmerli 280 - FIRING - 4m Right - ORTF - CM4.wav","gun|pistol|hc$mmerli|280|firing|4m|right|ortf|line|audio|cm4|hämmerli|cm4wav|hämmerli 280 22lr|pole position production"
"Hämmerli 280 - FIRING - 170m In Front - DR05.wav","Hämmerli 280 22LR","Pole Position Production","https://sonniss.com/product/hammerli-280-22lr","/Sonniss - GDC 2024 - Game Audio Bundle/Pole Position - Hammerli 280 22LR/Hämmerli 280 - FIRING - 170m In Front - DR05.wav","gun|pistol|hc$mmerli|280|firing|170m|in|front|tascam|dr05|hämmerli|dr05wav|hämmerli 280 22lr|pole position production"
"Hämmerli 280 - VAR SFX - Grabs With Gloves - XY - RSM191.wav","Hämmerli 280 22LR","Pole Position Production","https://sonniss.com/product/hammerli-280-22lr","/Sonniss - GDC 2024 - Game Audio Bundle/Pole Position - Hammerli 280 22LR/Hämmerli 280 - VAR SFX - Grabs With Gloves - XY - RSM191.wav","gun|pistol|hc$mmerli|280|various|sound|fx|grabs|with|gloves|xy|neumann|rsm|191|hämmerli|var|sfx|rsm191wav|hämmerli 280 22lr|pole position production"
"Lynx 50 - FIRING - Take 1 - 65m Behind - ORTF - CM3.wav","Lynx 50 Cal Sniper Rifle","Pole Position Production","https://sonniss.com/product/lynx-50-cal-sniper-rifle","/Sonniss - GDC 2024 - Game Audio Bundle/Pole Position - Lynx 50 Cal Sniper Rifle/Lynx 50 - FIRING - Take 1 - 65m Behind - ORTF - CM3.wav","lynx|50|firing|take|1|65m|behind|ortf|line|audio|cm3|cm3wav|lynx 50 cal sniper rifle|pole position production"
"Lynx 50 - FIRING - Take 2 - 4m Left - CSS5.wav","Lynx 50 Cal Sniper Rifle","Pole Position Production","https://sonniss.com/product/lynx-50-cal-sniper-rifle","/Sonniss - GDC 2024 - Game Audio Bundle/Pole Position - Lynx 50 Cal Sniper Rifle/Lynx 50 - FIRING - Take 2 - 4m Left - CSS5.wav","lynx|50|firing|take|2|4m|left|sanken|css5|css5wav|lynx 50 cal sniper rifle|pole position production"
"Lynx 50 - VAR SFX - Shell Ejections - Take 2 - CO100k.wav","Lynx 50 Cal Sniper Rifle","Pole Position Production","https://sonniss.com/product/lynx-50-cal-sniper-rifle","/Sonniss - GDC 2024 - Game Audio Bundle/Pole Position - Lynx 50 Cal Sniper Rifle/Lynx 50 - VAR SFX - Shell Ejections - Take 2 - CO100k.wav","lynx|50|var|sfx|shell|ejections|take|2|sanken|co100k|co100kwav|lynx 50 cal sniper rifle|pole position production"
"McLaren 720S - t3 - EXT - FAST - Start Away Up Reverse Stop Away By Horn Up Stop Off - EXTERIOR 1 - Mix.wav","McLaren 720S Spider SSG 2019","Pole Position Production","https://sonniss.com/product/mclaren-720s-spider-ssg-2019","/Sonniss - GDC 2024 - Game Audio Bundle/Pole Position - McLaren 720S Spider SSG 2019/McLaren 720S - t3 - EXT - FAST - Start Away Up Reverse Stop Away By Horn Up Stop Off - EXTERIOR 1 - Mix.wav","sports|car|mclaren|720s|exterior|fast|start|away|up|reverse|stop|by|horn|off|1|mix|t3|ext|mixwav|mclaren 720s spider ssg 2019|pole position production"
"McLaren 720S - t5 - ONBRD - RAMPS - Drive - EXHAUST - Left - BETA58.wav","McLaren 720S Spider SSG 2020","Pole Position Production","https://sonniss.com/product/mclaren-720s-spider-ssg-2020","/Sonniss - GDC 2024 - Game Audio Bundle/Pole Position - McLaren 720S Spider SSG 2019/McLaren 720S - t5 - ONBRD - RAMPS - Drive - EXHAUST - Left - BETA58.wav","sports|car|mclaren|720s|onboard|ramps|drive|exhaust|left|shure|beta|58|some|dropouts|t5|onbrd|beta58wav|mclaren 720s spider ssg 2020|pole position production"
"McLaren 720S - t9 - EXT - LAUNCH CONTROL - Away Up Stop Idle Attempt Away By - ORTF - CMC6.wav","McLaren 720S Spider SSG 2021","Pole Position Production","https://sonniss.com/product/mclaren-720s-spider-ssg-2021","/Sonniss - GDC 2024 - Game Audio Bundle/Pole Position - McLaren 720S Spider SSG 2019/McLaren 720S - t9 - EXT - LAUNCH CONTROL - Away Up Stop Idle Attempt Away By - ORTF - CMC6.wav","sports|car|mclaren|720s|exterior|launch|control|away|up|stop|idle|attempt|by|position|a|ortf|schoeps|cmc6|t9|ext|cmc6wav|mclaren 720s spider ssg 2021|pole position production"
"McLaren 720S - t14 - VAR SFX - Horn Various - ENGINE - DPA4061.wav","McLaren 720S Spider SSG 2022","Pole Position Production","https://sonniss.com/product/mclaren-720s-spider-ssg-2022","/Sonniss - GDC 2024 - Game Audio Bundle/Pole Position - McLaren 720S Spider SSG 2019/McLaren 720S - t14 - VAR SFX - Horn Various - ENGINE - DPA4061.wav","sports|car|mclaren|720s|various|sound|fx|horn|various|engine|dpa|4061|t14|var|sfx|dpa4061wav|mclaren 720s spider ssg 2022|pole position production"
"Morris Oxford - t1 - ONBRD - SLOW - Start Drive Stop Reverse Drive Stop - ENGINE - Center - DPA4061.wav","Morris Oxford 1969 - Car Sound Effects","Pole Position Production","https://sonniss.com/product/morris-oxford-1969-car-sound-effects","/Sonniss - GDC 2024 - Game Audio Bundle/Pole Position - Morris Oxford 1969/Morris Oxford - t1 - ONBRD - SLOW - Start Drive Stop Reverse Drive Stop - ENGINE - Center - DPA4061.wav","car|morris|oxford|onboard|slow|start|drive|stop|reverse|engine|center|dpa|4061|t1|onbrd|dpa4061wav|morris oxford 1969 - car sound effects|pole position production"
"Morris Oxford - t4 - EXT - GEARSHIFTS - By - CSS5.wav","Morris Oxford 1969 - Car Sound Effects","Pole Position Production","https://sonniss.com/product/morris-oxford-1969-car-sound-effects","/Sonniss - GDC 2024 - Game Audio Bundle/Pole Position - Morris Oxford 1969/Morris Oxford - t4 - EXT - GEARSHIFTS - By - CSS5.wav","car|morris|oxford|exterior|gearshifts|by|position|b|sanken|css5|t4|ext|css5wav|morris oxford 1969 - car sound effects|pole position production"
"Morris Oxford - t8 - EXT - MEDIUM - Various - Distant - D100.wav","Morris Oxford 1969 - Car Sound Effects","Pole Position Production","https://sonniss.com/product/morris-oxford-1969-car-sound-effects","/Sonniss - GDC 2024 - Game Audio Bundle/Pole Position - Morris Oxford 1969/Morris Oxford - t8 - EXT - MEDIUM - Various - Distant - D100.wav","car|morris|oxford|exterior|medium|various|position|a|distant|sony|pcmd100|t8|ext|d100wav|morris oxford 1969 - car sound effects|pole position production"
"Morris Oxford - t10 - VAR SFX - Temperature and Fan Dial - INTERIOR - Front Window - DPA4061.wav","Morris Oxford 1969 - Car Sound Effects","Pole Position Production","https://sonniss.com/product/morris-oxford-1969-car-sound-effects","/Sonniss - GDC 2024 - Game Audio Bundle/Pole Position - Morris Oxford 1969/Morris Oxford - t10 - VAR SFX - Temperature and Fan Dial - INTERIOR - Front Window - DPA4061.wav","car|morris|oxford|various|sound|fx|temperature|and|fan|dial|interior|front|window|dpa|4061|t10|var|sfx|dpa4061wav|morris oxford 1969 - car sound effects|pole position production"
"Peugeot 205 - t2 - ONBRD - RAMPS - Start Drive Off - ENGINE - Center - MKH8020.wav","Peugeot 205 T 16 GrB Evo 2 P200 1985","Pole Position Production","https://sonniss.com/product/peugeot-205-t-16-grb-evo-2-p200-1985","/Sonniss - GDC 2024 - Game Audio Bundle/Pole Position - Peugeot 205 T 16 GrB Evo 2 P200 1985/Peugeot 205 - t2 - ONBRD - RAMPS - Start Drive Off - ENGINE - Center - MKH8020.wav","rally|car|peugeot|205|onboard|ramps|start|drive|off|engine|center|sennheiser|mkh|8020|t2|onbrd|mkh8020wav|peugeot 205 t 16 grb evo 2 p200 1985|pole position production"
"Peugeot 205 - t3 - EXT - STEADY RPMS - By - ORTF - MKH8040.wav","Peugeot 205 T 16 GrB Evo 2 P200 1986","Pole Position Production","https://sonniss.com/product/peugeot-205-t-16-grb-evo-2-p200-1986","/Sonniss - GDC 2024 - Game Audio Bundle/Pole Position - Peugeot 205 T 16 GrB Evo 2 P200 1985/Peugeot 205 - t3 - EXT - STEADY RPMS - By - ORTF - MKH8040.wav","rally|car|peugeot|205|exterior|steady|rpms|by|position|b|ortf|sennheiser|mkh|8040|t3|ext|mkh8040wav|peugeot 205 t 16 grb evo 2 p200 1986|pole position production"
"Peugeot 205 - t6 - ONBRD - MEDIUM - Drive Various - EXHAUST - DPA4062.wav","Peugeot 205 T 16 GrB Evo 2 P200 1987","Pole Position Production","https://sonniss.com/product/peugeot-205-t-16-grb-evo-2-p200-1987","/Sonniss - GDC 2024 - Game Audio Bundle/Pole Position - Peugeot 205 T 16 GrB Evo 2 P200 1985/Peugeot 205 - t6 - ONBRD - MEDIUM - Drive Various - EXHAUST - DPA4062.wav","rally|car|peugeot|205|onboard|medium|drive|various|exhaust|dpa|4062|t6|onbrd|dpa4062wav|peugeot 205 t 16 grb evo 2 p200 1987|pole position production"
"Peugeot 208 JWRC - t1 - EXT - GEARSHIFTS - By - EXTERIOR 3 - Mix.wav","Peugeot 208 JWRC 2020","Pole Position Production","https://sonniss.com/product/peugeot-208-jwrc-2020","/Sonniss - GDC 2024 - Game Audio Bundle/Pole Position - Peugeot 208 JWRC 2020/Peugeot 208 JWRC - t1 - EXT - GEARSHIFTS - By - EXTERIOR 3 - Mix.wav","rally|car|peugeot|208|jwrc|exterior|gearshifts|by|3|mix|t1|ext|mixwav|peugeot 208 jwrc 2020|pole position production"
"Peugeot 208 JWRC - t5 - EXT - RACE START - By Up Stop - MS Decoded - RSM191.wav","Peugeot 208 JWRC 2021","Pole Position Production","https://sonniss.com/product/peugeot-208-jwrc-2021","/Sonniss - GDC 2024 - Game Audio Bundle/Pole Position - Peugeot 208 JWRC 2020/Peugeot 208 JWRC - t5 - EXT - RACE START - By Up Stop - MS Decoded - RSM191.wav","rally|car|peugeot|208|jwrc|exterior|race|start|by|up|stop|position|a|ms|decoded|neumann|rsm|191|t5|ext|rsm191wav|peugeot 208 jwrc 2021|pole position production"
"Peugeot 208 JWRC - t8 - ONBRD - FAST - Drive Various - ENGINE - Intake - DPA4062.wav","Peugeot 208 JWRC 2022","Pole Position Production","https://sonniss.com/product/peugeot-208-jwrc-2022","/Sonniss - GDC 2024 - Game Audio Bundle/Pole Position - Peugeot 208 JWRC 2020/Peugeot 208 JWRC - t8 - ONBRD - FAST - Drive Various - ENGINE - Intake - DPA4062.wav","rally|car|peugeot|208|jwrc|onboard|fast|drive|various|engine|intake|dpa|4062|t8|onbrd|dpa4062wav|peugeot 208 jwrc 2022|pole position production"
"Polaris Sportsman 500 - t2 - EXT - MEDIUM - Start Away Up Reverse Stop Away By Up Stop Off - Distant - D100.wav","Polaris Sportsman 500 XP 2006 - ATV Sound Effects","Pole Position Production","https://sonniss.com/product/polaris-sportsman-500-xp-2006-atv-sound-effects","/Sonniss - GDC 2024 - Game Audio Bundle/Pole Position - Polaris Sportsman 500 XP 2006/Polaris Sportsman 500 - t2 - EXT - MEDIUM - Start Away Up Reverse Stop Away By Up Stop Off - Distant - D100.wav","atv|polaris|sportsman|500|exterior|medium|start|away|up|reverse|stop|by|off|position|a|distant|sony|pcmd100|t2|ext|d100wav|polaris sportsman 500 xp 2006 - atv sound effects|pole position production"
"Polaris Sportsman 500 - t5 - EXT - RAMPS - By - ORTF - MKH8040.wav","Polaris Sportsman 500 XP 2006 - ATV Sound Effects","Pole Position Production","https://sonniss.com/product/polaris-sportsman-500-xp-2006-atv-sound-effects","/Sonniss - GDC 2024 - Game Audio Bundle/Pole Position - Polaris Sportsman 500 XP 2006/Polaris Sportsman 500 - t5 - EXT - RAMPS - By - ORTF - MKH8040.wav","atv|polaris|sportsman|500|exterior|ramps|by|position|b|ortf|sennheiser|mkh|8040|t5|ext|mkh8040wav|polaris sportsman 500 xp 2006 - atv sound effects|pole position production"
"Polaris Sportsman 500 - t9 - ONBRD - MEDIUM - Drive Various - ENGINE - Transmission - DPA4062.wav","Polaris Sportsman 500 XP 2006 - ATV Sound Effects","Pole Position Production","https://sonniss.com/product/polaris-sportsman-500-xp-2006-atv-sound-effects","/Sonniss - GDC 2024 - Game Audio Bundle/Pole Position - Polaris Sportsman 500 XP 2006/Polaris Sportsman 500 - t9 - ONBRD - MEDIUM - Drive Various - ENGINE - Transmission - DPA4062.wav","atv|polaris|sportsman|500|onboard|medium|drive|various|engine|transmission|dpa|4062|t9|onbrd|dpa4062wav|polaris sportsman 500 xp 2006 - atv sound effects|pole position production"
"Polaris Sportsman 500 - t12 - VAR SFX - Suspension Movement - EXHAUST - DPA4062.wav","Polaris Sportsman 500 XP 2006 - ATV Sound Effects","Pole Position Production","https://sonniss.com/product/polaris-sportsman-500-xp-2006-atv-sound-effects","/Sonniss - GDC 2024 - Game Audio Bundle/Pole Position - Polaris Sportsman 500 XP 2006/Polaris Sportsman 500 - t12 - VAR SFX - Suspension Movement - EXHAUST - DPA4062.wav","atv|polaris|sportsman|500|various|sound|fx|suspension|movement|exhaust|dpa|4062|t12|var|sfx|dpa4062wav|polaris sportsman 500 xp 2006 - atv sound effects|pole position production"
"Porsche, Carrera, GT, t1, Ext, Slow, Up, Stop, Reverse, Away, By, x2, ORTF, MKH8040.wav","Porsche Carrera GT 2005","Pole Position Production","https://sonniss.com/product/porsche-carrera-gt-2005","/Sonniss - GDC 2024 - Game Audio Bundle/Pole Position - Porsche Carrera GT 2005/Porsche, Carrera, GT, t1, Ext, Slow, Up, Stop, Reverse, Away, By, x2, ORTF, MKH8040.wav","porsche|carrera|gt|sports|car|exterior|slow|up|stop|reverse|away|by|x2|ortf|sennheiser|mkh|8040|t1|ext|mkh8040wav|porsche carrera gt 2005|pole position production"
"Porsche, Carrera, GT, t7, Onbrd, Start, Idle, Steady, Blips, Off, Engine, Mix.wav","Porsche Carrera GT 2006","Pole Position Production","https://sonniss.com/product/porsche-carrera-gt-2006","/Sonniss - GDC 2024 - Game Audio Bundle/Pole Position - Porsche Carrera GT 2005/Porsche, Carrera, GT, t7, Onbrd, Start, Idle, Steady, Blips, Off, Engine, Mix.wav","porsche|carrera|gt|sports|car|onboard|start|idle|steady|blips|off|engine|mix|t7|onbrd|mixwav|porsche carrera gt 2006|pole position production"
"Porsche, Carrera, GT, t9, Onbrd, Fast, Drive, Various, Engine, VP88.wav","Porsche Carrera GT 2007","Pole Position Production","https://sonniss.com/product/porsche-carrera-gt-2007","/Sonniss - GDC 2024 - Game Audio Bundle/Pole Position - Porsche Carrera GT 2005/Porsche, Carrera, GT, t9, Onbrd, Fast, Drive, Various, Engine, VP88.wav","porsche|carrera|gt|sports|car|onboard|fast|drive|various|engine|shure|vp88|t9|onbrd|vp88wav|porsche carrera gt 2007|pole position production"
"Porsche, Carrera, GT, t11, Var SFX, Parking Brake, Interior, Left, DPA4061.wav","Porsche Carrera GT 2008","Pole Position Production","https://sonniss.com/product/porsche-carrera-gt-2008","/Sonniss - GDC 2024 - Game Audio Bundle/Pole Position - Porsche Carrera GT 2005/Porsche, Carrera, GT, t11, Var SFX, Parking Brake, Interior, Left, DPA4061.wav","porsche|carrera|gt|sports|car|various|sfx|parking|brake|interior|left|dpa|4061|t11|var|dpa4061wav|porsche carrera gt 2008|pole position production"
"Pvpjbv 2062 - t1 - ONBRD - SLOW - Start Drive Stop Reverse Stop Drive Stop Off - TRACKS - Left - PZM.wav","Pvpjbv 2062 1982","Pole Position Production","https://sonniss.com/product/pvpjbv-2062-1982","/Sonniss - GDC 2024 - Game Audio Bundle/Pole Position - Pvpjbv 2062 1982/Pvpjbv 2062 - t1 - ONBRD - SLOW - Start Drive Stop Reverse Stop Drive Stop Off - TRACKS - Left - PZM.wav","pvpjbv|2062|onboard|slow|start|drive|stop|reverse|off|tracks|left|crown|pzm|t1|onbrd|pzmwav|pvpjbv 2062 1982|pole position production"
"Pvpjbv 2062 - t4 - EXT - GEARSHIFTS - By - EHRM.wav","Pvpjbv 2062 1983","Pole Position Production","https://sonniss.com/product/pvpjbv-2062-1983","/Sonniss - GDC 2024 - Game Audio Bundle/Pole Position - Pvpjbv 2062 1982/Pvpjbv 2062 - t4 - EXT - GEARSHIFTS - By - EHRM.wav","pvpjbv|2062|exterior|gearshifts|by|turn|point|ehrlund|ehrem|t4|ext|ehrmwav|pvpjbv 2062 1983|pole position production"
"Pvpjbv 2062 - t9 - ONBRD - FAST - Drive Various - ENGINE - VP88.wav","Pvpjbv 2062 1984","Pole Position Production","https://sonniss.com/product/pvpjbv-2062-1984","/Sonniss - GDC 2024 - Game Audio Bundle/Pole Position - Pvpjbv 2062 1982/Pvpjbv 2062 - t9 - ONBRD - FAST - Drive Various - ENGINE - VP88.wav","pvpjbv|2062|onboard|fast|drive|various|engine|shure|vp88|t9|onbrd|vp88wav|pvpjbv 2062 1984|pole position production"
"Pvpjbv 2062 - t12 - VAR SFX - Cannon Reloading - ONBOARD - Trolly - MKH8040.wav","Pvpjbv 2062 1985","Pole Position Production","https://sonniss.com/product/pvpjbv-2062-1985","/Sonniss - GDC 2024 - Game Audio Bundle/Pole Position - Pvpjbv 2062 1982/Pvpjbv 2062 - t12 - VAR SFX - Cannon Reloading - ONBOARD - Trolly - MKH8040.wav","pvpjbv|2062|various|sfx|reloading|onboard|trolly|sennheiser|mkh|8040|t12|var|cannon|mkh8040wav|pvpjbv 2062 1985|pole position production"
"Range Rover SDV8 - t3 - EXT - MEDIUM - Start Away By Horn - MS Decoded - RSM191.wav","Range Rover 4.4 SDV8","Pole Position Production","https://sonniss.com/product/range-rover-4-4-sdv8","/Sonniss - GDC 2024 - Game Audio Bundle/Pole Position - Range Rover 4.4 SDV8/Range Rover SDV8 - t3 - EXT - MEDIUM - Start Away By Horn - MS Decoded - RSM191.wav","suv|range|rover|sdv8|exterior|medium|start|away|by|horn|position|a|ms|decoded|neumann|rsm|191|t3|ext|rsm191wav|range rover 4.4 sdv8|pole position production"
"Range Rover SDV8 - t10 - ONBRD - CIRCLING - Start Drive Stop Off - EXHAUST - Right - RE50.wav","Range Rover 4.4 SDV9","Pole Position Production","https://sonniss.com/product/range-rover-4-4-sdv9","/Sonniss - GDC 2024 - Game Audio Bundle/Pole Position - Range Rover 4.4 SDV8/Range Rover SDV8 - t10 - ONBRD - CIRCLING - Start Drive Stop Off - EXHAUST - Right - RE50.wav","suv|range|rover|sdv8|onboard|circling|start|drive|stop|off|exhaust|right|electrovoice|re50|t10|onbrd|re50wav|range rover 4.4 sdv9|pole position production"
"Range Rover SDV8 - t12 - ONBRD - FAST - Drive Various - EXHAUST - Left - BETA58.wav","Range Rover 4.4 SDV10","Pole Position Production","https://sonniss.com/product/range-rover-4-4-sdv10","/Sonniss - GDC 2024 - Game Audio Bundle/Pole Position - Range Rover 4.4 SDV8/Range Rover SDV8 - t12 - ONBRD - FAST - Drive Various - EXHAUST - Left - BETA58.wav","suv|range|rover|sdv8|onboard|fast|drive|various|exhaust|left|shure|beta|58|t12|onbrd|beta58wav|range rover 4.4 sdv10|pole position production"
"Range Rover SDV8 - t14 - VAR SFX - Sunroof Open and Shut - INTERIOR - Front Window - DPA4061.wav","Range Rover 4.4 SDV11","Pole Position Production","https://sonniss.com/product/range-rover-4-4-sdv11","/Sonniss - GDC 2024 - Game Audio Bundle/Pole Position - Range Rover 4.4 SDV8/Range Rover SDV8 - t14 - VAR SFX - Sunroof Open and Shut - INTERIOR - Front Window - DPA4061.wav","suv|range|rover|sdv8|various|sound|fx|sunroof|open|and|shut|interior|front|window|dpa|4061|t14|var|sfx|dpa4061wav|range rover 4.4 sdv11|pole position production"
"Smith & Wesson 60 - FIRING - Take 1 - 100m In Front Off Axis - ORTF - MKH8040.wav","Smith & Wesson .38 Chiefs Special Model 60","Pole Position Production","https://sonniss.com/product/smith-wesson-38-chiefs-special-model-60","/Sonniss - GDC 2024 - Game Audio Bundle/Pole Position - Smith & Wesson .38 Chiefs Special Model 60/Smith & Wesson 60 - FIRING - Take 1 - 100m In Front Off Axis - ORTF - MKH8040.wav","gun|revolver|smith|&|wesson|60|firing|take|1|100m|in|front|off|axis|ortf|sennheiser|mkh|8040|mkh8040wav|smith & wesson .38 chiefs special model 60|pole position production"
"Smith & Wesson 60 - FIRING - Take 3 - 3m Behind Left - CO100K.wav","Smith & Wesson .38 Chiefs Special Model 61","Pole Position Production","https://sonniss.com/product/smith-wesson-38-chiefs-special-model-61","/Sonniss - GDC 2024 - Game Audio Bundle/Pole Position - Smith & Wesson .38 Chiefs Special Model 60/Smith & Wesson 60 - FIRING - Take 3 - 3m Behind Left - CO100K.wav","gun|revolver|smith|&|wesson|60|firing|take|3|3m|behind|left|sanken|co100k|co100kwav|smith & wesson .38 chiefs special model 61|pole position production"
"Smith & Wesson 60 - VAR SFX - Open Close Revovler with Shells - XY - RSM191.wav","Smith & Wesson .38 Chiefs Special Model 62","Pole Position Production","https://sonniss.com/product/smith-wesson-38-chiefs-special-model-62","/Sonniss - GDC 2024 - Game Audio Bundle/Pole Position - Smith & Wesson .38 Chiefs Special Model 60/Smith & Wesson 60 - VAR SFX - Open Close Revovler with Shells - XY - RSM191.wav","gun|revolver|smith|&|wesson|60|various|sound|fx|open|close|revovler|with|shells|xy|neumann|rsm|191|var|sfx|rsm191wav|smith & wesson .38 chiefs special model 62|pole position production"
"Steam Engine Model - Engine - Start Run Press Machine Whistle Off - Flywheel - Right - DPA 4062.wav","Steam Engine Model","Pole Position Production","https://sonniss.com/product/steam-engine-model","/Sonniss - GDC 2024 - Game Audio Bundle/Pole Position - Steam Engine Model/Steam Engine Model - Engine - Start Run Press Machine Whistle Off - Flywheel - Right - DPA 4062.wav","steam|engine|model|start|run|press|machine|whistle|off|flywheel|right|dpa|4062|4062wav|steam engine model|pole position production"
"Steam Engine Model - Engine - Start Run Whistle Off Short 1 - CO-100k - Pitched Down 3 Octaves.wav","Steam Engine Model","Pole Position Production","https://sonniss.com/product/steam-engine-model","/Sonniss - GDC 2024 - Game Audio Bundle/Pole Position - Steam Engine Model/Steam Engine Model - Engine - Start Run Whistle Off Short 1 - CO-100k - Pitched Down 3 Octaves.wav","steam|engine|model|start|run|whistle|off|short|1|co100k|pitched|down|3|octaves|octaveswav|steam engine model|pole position production"
"Steam Engine Model - Engine - Whistle Short - CO-100k - Pitched Down 3 Octaves.wav","Steam Engine Model","Pole Position Production","https://sonniss.com/product/steam-engine-model","/Sonniss - GDC 2024 - Game Audio Bundle/Pole Position - Steam Engine Model/Steam Engine Model - Engine - Whistle Short - CO-100k - Pitched Down 3 Octaves.wav","steam|engine|model|whistle|short|co100k|pitched|down|3|octaves|octaveswav|steam engine model|pole position production"
"Crowd - Stockholm - Subway Station - Tunnel - Busy 1 - MS - RSM 191.wav","Subway Station","Pole Position Production","https://sonniss.com/product/subway-station-sound-effects","/Sonniss - GDC 2024 - Game Audio Bundle/Pole Position - Subway Station/Crowd - Stockholm - Subway Station - Tunnel - Busy 1 - MS - RSM 191.wav","crowd|stockholm|subway|station|tunnel|busy|1|ms|neumann|rsm|191|191wav|subway station|pole position production"
"Crowd - Stockholm - Subway Station - Tunnel - Busy with Luggage By - LS5.wav","Subway Station","Pole Position Production","https://sonniss.com/product/subway-station-sound-effects","/Sonniss - GDC 2024 - Game Audio Bundle/Pole Position - Subway Station/Crowd - Stockholm - Subway Station - Tunnel - Busy with Luggage By - LS5.wav","crowd|stockholm|subway|station|tunnel|busy|with|luggage|by|olympus|ls5|ls5wav|subway station|pole position production"
"Escalator - Subway Station - Ride POV - Ride 2 Escalators 1 - MS Decoded - RSM 191.wav","Subway Station","Pole Position Production","https://sonniss.com/product/subway-station-sound-effects","/Sonniss - GDC 2024 - Game Audio Bundle/Pole Position - Subway Station/Escalator - Subway Station - Ride POV - Ride 2 Escalators 1 - MS Decoded - RSM 191.wav","escalator|subway|station|ride|pov|2|escalators|1|ms|decoded|neumann|rsm|191|191wav|subway station|pole position production"
"Subway - Stockholm - Exterior - Away, Slow - Holophone.wav","Subway Station","Pole Position Production","https://sonniss.com/product/subway-station-sound-effects","/Sonniss - GDC 2024 - Game Audio Bundle/Pole Position - Subway Station/Subway - Stockholm - Exterior - Away, Slow - Holophone.wav","subway|stockholm|exterior|away|slow|holophone|holophonewav|subway station|pole position production"
"Airplane - FLY - By - Overhead - Groan - DPA4021.wav","The Aircraft Ambient Library","Pole Position Production","https://sonniss.com/product/the-aircraft-ambient-library","/Sonniss - GDC 2024 - Game Audio Bundle/Pole Position - The Aircraft Ambient Library/Airplane - FLY - By - Overhead - Groan - DPA4021.wav","airplane|fly|by|overhead|groan|dpa|4021|dpa4021wav|the aircraft ambient library|pole position production"
"Helicopter - Military - FLY - By - Overhead - ORTF - MKH8040.wav","The Aircraft Ambient Library","Pole Position Production","https://sonniss.com/product/the-aircraft-ambient-library","/Sonniss - GDC 2024 - Game Audio Bundle/Pole Position - The Aircraft Ambient Library/Helicopter - Military - FLY - By - Overhead - ORTF - MKH8040.wav","helicopter|military|fly|by|overhead|ortf|sennheiser|mkh|8040|mkh8040wav|the aircraft ambient library|pole position production"
"Jet - Airliner - Fly - By - Overhead - Distant - Some Leaves and Wind - CMC6.wav","The Aircraft Ambient Library","Pole Position Production","https://sonniss.com/product/the-aircraft-ambient-library","/Sonniss - GDC 2024 - Game Audio Bundle/Pole Position - The Aircraft Ambient Library/Jet - Airliner - Fly - By - Overhead - Distant - Some Leaves and Wind - CMC6.wav","jet|airliner|fly|by|overhead|distant|some|leaves|and|wind|schoeps|cmc6|cmc6wav|the aircraft ambient library|pole position production"
"P51 Mustang - TAKE OFF - By - DPA4017.wav","The Aircraft Ambient Library","Pole Position Production","https://sonniss.com/product/the-aircraft-ambient-library","/Sonniss - GDC 2024 - Game Audio Bundle/Pole Position - The Aircraft Ambient Library/P51 Mustang - TAKE OFF - By - DPA4017.wav","p51|mustang|take|off|by|dpa|4017|dpa4017wav|the aircraft ambient library|pole position production"
"Chainsaw Large - ONBRD - STEADY RPMS - Start Run Off - EXHAUST - RE50.wav","The Garden Tools Library","Pole Position Production","https://sonniss.com/product/the-garden-tools-library","/Sonniss - GDC 2024 - Game Audio Bundle/Pole Position - The Garden Tools Library/Chainsaw Large - ONBRD - STEADY RPMS - Start Run Off - EXHAUST - RE50.wav","chainsaw|large|onbrd|steady|rpms|start|run|off|exhaust|electrovoice|re50|re50wav|the garden tools library|pole position production"
"Clearing Saw - EXT - IDLE - Start Various Off x3 - Distant - D100.wav","The Garden Tools Library","Pole Position Production","https://sonniss.com/product/the-garden-tools-library","/Sonniss - GDC 2024 - Game Audio Bundle/Pole Position - The Garden Tools Library/Clearing Saw - EXT - IDLE - Start Various Off x3 - Distant - D100.wav","clearing|saw|ext|idle|start|various|off|x3|distant|sony|pcmd100|d100wav|the garden tools library|pole position production"
"Lawn Mower - EXT - IDLE - Start Run Off - Turn Point 2 - ORTF - MKH 8040.wav","The Garden Tools Library","Pole Position Production","https://sonniss.com/product/the-garden-tools-library","/Sonniss - GDC 2024 - Game Audio Bundle/Pole Position - The Garden Tools Library/Lawn Mower - EXT - IDLE - Start Run Off - Turn Point 2 - ORTF - MKH 8040.wav","lawn|mower|ext|idle|start|run|off|turn|point|2|ortf|sennheiser|mkh|8040|8040wav|the garden tools library|pole position production"
"Leaf Blower - ONBRD - WORK - Start Run Off - EXHAUST - A - DPA 4062.wav","The Garden Tools Library","Pole Position Production","https://sonniss.com/product/the-garden-tools-library","/Sonniss - GDC 2024 - Game Audio Bundle/Pole Position - The Garden Tools Library/Leaf Blower - ONBRD - WORK - Start Run Off - EXHAUST - A - DPA 4062.wav","leaf|blower|onbrd|work|start|run|off|exhaust|a|dpa|4062|4062wav|the garden tools library|pole position production"
"Guitar Pickup - Blade - Single Coil - Bridge - Boltdriver - Short Swells.wav","The Guitaresque Power Tools Library","Pole Position Production","https://sonniss.com/product/the-guitaresque-power-tools-library","/Sonniss - GDC 2024 - Game Audio Bundle/Pole Position - The Guitaresque Power Tools Library/Guitar Pickup - Blade - Single Coil - Bridge - Boltdriver - Short Swells.wav","drone|tone|guitar|pickup|blade|single|coil|bridge|boltdriver|short|swells|swellswav|the guitaresque power tools library|pole position production"
"Guitar Pickup - Ibanez - Humbucker - Neck - Dremel - Constant - Rising Tones 1.wav","The Guitaresque Power Tools Library","Pole Position Production","https://sonniss.com/product/the-guitaresque-power-tools-library","/Sonniss - GDC 2024 - Game Audio Bundle/Pole Position - The Guitaresque Power Tools Library/Guitar Pickup - Ibanez - Humbucker - Neck - Dremel - Constant - Rising Tones 1.wav","drone|tone|guitar|pickup|ibanez|humbucker|neck|dremel|constant|rising|tones|1|1wav|the guitaresque power tools library|pole position production"
"Guitar Pickup - Squier P-Bass - Dremel - One Shots.wav","The Guitaresque Power Tools Library","Pole Position Production","https://sonniss.com/product/the-guitaresque-power-tools-library","/Sonniss - GDC 2024 - Game Audio Bundle/Pole Position - The Guitaresque Power Tools Library/Guitar Pickup - Squier P-Bass - Dremel - One Shots.wav","drone|tone|guitar|pickup|squier|pbass|dremel|one|shots|shotswav|the guitaresque power tools library|pole position production"
"AK5 7,62mm - FIRING - Large Hall - Long Bursts - 3m Behind Left - MS Decoded - MKH418S.wav","The Indoor Gun Acoustics 2 Library","Pole Position Production","https://sonniss.com/product/the-indoor-gun-acoustics-2-library","/Sonniss - GDC 2024 - Game Audio Bundle/Pole Position - The Indoor Gun Acoustics 2 Library/AK5 7,62mm - FIRING - Large Hall - Long Bursts - 3m Behind Left - MS Decoded - MKH418S.wav","assault|rifle|ak5|7|62mm|firing|large|hall|long|bursts|3m|behind|left|ms|decoded|sennheiser|mkh|418s|mkh418swav|the indoor gun acoustics 2 library|pole position production"
"Glock 17 9mm - FIRING - Small Living Room - Single Shots - 5m In Front - MS - RSM191.wav","The Indoor Gun Acoustics 2 Library","Pole Position Production","https://sonniss.com/product/the-indoor-gun-acoustics-2-library","/Sonniss - GDC 2024 - Game Audio Bundle/Pole Position - The Indoor Gun Acoustics 2 Library/Glock 17 9mm - FIRING - Small Living Room - Single Shots - 5m In Front - MS - RSM191.wav","pistol|glock|17|9mm|firing|small|living|room|single|shots|5m|in|front|ms|neumann|rsm|191|rsm191wav|the indoor gun acoustics 2 library|pole position production"
"Mossberg 12-Gauge - FIRING - Office Corridor - Single Shots - 20m Adjacent Room - M10.wav","The Indoor Gun Acoustics 2 Library","Pole Position Production","https://sonniss.com/product/the-indoor-gun-acoustics-2-library","/Sonniss - GDC 2024 - Game Audio Bundle/Pole Position - The Indoor Gun Acoustics 2 Library/Mossberg 12-Gauge - FIRING - Office Corridor - Single Shots - 20m Adjacent Room - M10.wav","shotgun|mossberg|12gauge|shotgun|firing|office|corridor|single|shots|20m|adjacent|room|sony|pcmm10|m10wav|the indoor gun acoustics 2 library|pole position production"
"MP5 9mm - FIRING - Large Hall - Bursts - 1m Side - MKH8060.wav","The Indoor Gun Acoustics 2 Library","Pole Position Production","https://sonniss.com/product/the-indoor-gun-acoustics-2-library","/Sonniss - GDC 2024 - Game Audio Bundle/Pole Position - The Indoor Gun Acoustics 2 Library/MP5 9mm - FIRING - Large Hall - Bursts - 1m Side - MKH8060.wav","submachine|gun|mp5|9mm|firing|large|hall|bursts|1m|side|sennheiser|mkh|8060|mkh8060wav|the indoor gun acoustics 2 library|pole position production"
"Iron - Thick - HIT - Hammer.wav","The Metal Hit Sweeteners Library","Pole Position Production","https://sonniss.com/product/the-metal-hit-sweeteners-library","/Sonniss - GDC 2024 - Game Audio Bundle/Pole Position - The Metal Hit Sweeteners Library/Iron - Thick - HIT - Hammer.wav","iron|thick|hit|hammer|hammerwav|the metal hit sweeteners library|pole position production"
"Oil Barrel - HIT - Hammer - Take 2.wav","The Metal Hit Sweeteners Library","Pole Position Production","https://sonniss.com/product/the-metal-hit-sweeteners-library","/Sonniss - GDC 2024 - Game Audio Bundle/Pole Position - The Metal Hit Sweeteners Library/Oil Barrel - HIT - Hammer - Take 2.wav","oil|barrel|hit|hammer|take|2|2wav|the metal hit sweeteners library|pole position production"
"Spade - HIT - Drumstick - Ring - Mute.wav","The Metal Hit Sweeteners Library","Pole Position Production","https://sonniss.com/product/the-metal-hit-sweeteners-library","/Sonniss - GDC 2024 - Game Audio Bundle/Pole Position - The Metal Hit Sweeteners Library/Spade - HIT - Drumstick - Ring - Mute.wav","spade|hit|drumstick|ring|mute|mutewav|the metal hit sweeteners library|pole position production"
"Toolbox - DROP.wav","The Metal Hit Sweeteners Library","Pole Position Production","https://sonniss.com/product/the-metal-hit-sweeteners-library","/Sonniss - GDC 2024 - Game Audio Bundle/Pole Position - The Metal Hit Sweeteners Library/Toolbox - DROP.wav","toolbox|drop|dropwav|the metal hit sweeteners library|pole position production"
"Bubble Wrap - UNFOLD - Hard - Stereo.wav","The Plastic Textures Library","Pole Position Production","https://sonniss.com/product/the-plastic-textures-library","/Sonniss - GDC 2024 - Game Audio Bundle/Pole Position - The Plastic Textures Library/Bubble Wrap - UNFOLD - Hard - Stereo.wav","bubble|wrap|unfold|hard|stereo|xy|sennheiser|mkh|8040|stereowav|the plastic textures library|pole position production"
"Flexible Pipe - BLOW - Long - Low Intensity - Mono - 100k.wav","The Plastic Textures Library","Pole Position Production","https://sonniss.com/product/the-plastic-textures-library","/Sonniss - GDC 2024 - Game Audio Bundle/Pole Position - The Plastic Textures Library/Flexible Pipe - BLOW - Long - Low Intensity - Mono - 100k.wav","flexible|pipe|blow|long|low|intensity|mono|sanken|co100k|100kwav|the plastic textures library|pole position production"
"Flexible Sewer Pipe Big - Broken - DROP - Thump - Mono.wav","The Plastic Textures Library","Pole Position Production","https://sonniss.com/product/the-plastic-textures-library","/Sonniss - GDC 2024 - Game Audio Bundle/Pole Position - The Plastic Textures Library/Flexible Sewer Pipe Big - Broken - DROP - Thump - Mono.wav","flexible|sewer|pipe|big|broken|drop|thump|mono|sennheiser|mkh|8060|monowav|the plastic textures library|pole position production"
"Plastic Bag Thick - TWIST - Burst - Low Intensity - Mono.wav","The Plastic Textures Library","Pole Position Production","https://sonniss.com/product/the-plastic-textures-library","/Sonniss - GDC 2024 - Game Audio Bundle/Pole Position - The Plastic Textures Library/Plastic Bag Thick - TWIST - Burst - Low Intensity - Mono.wav","plastic|bag|thick|twist|burst|low|intensity|mono|sennheiser|mkh|8060|monowav|the plastic textures library|pole position production"
"DeHavilland DHC6 - EXT - TAKE OFF - By 4 - ORTF - MKH8040.wav","The Skydiving and Parachute Library","Pole Position Production","https://sonniss.com/product/the-skydiving-and-parachute-library","/Sonniss - GDC 2024 - Game Audio Bundle/Pole Position - The Skydiving and Parachute Library/DeHavilland DHC6 - EXT - TAKE OFF - By 4 - ORTF - MKH8040.wav","dehavilland|dhc6|exterior|take|off|by|4|ortf|sennheiser|mkh|8040|ext|mkh8040wav|the skydiving and parachute library|pole position production"
"Parachutist - EXT - PARACHUTE DEPLOY - Distant 3 - RSM191.wav","The Skydiving and Parachute Library","Pole Position Production","https://sonniss.com/product/the-skydiving-and-parachute-library","/Sonniss - GDC 2024 - Game Audio Bundle/Pole Position - The Skydiving and Parachute Library/Parachutist - EXT - PARACHUTE DEPLOY - Distant 3 - RSM191.wav","parachutist|exterior|parachute|deploy|distant|3|neumann|rsm|191|ext|rsm191wav|the skydiving and parachute library|pole position production"
"Skydiver - ONBRD - FLYING - Exit Plane Jump and Flying 2 - Chest - MKH8020.wav","The Skydiving and Parachute Library","Pole Position Production","https://sonniss.com/product/the-skydiving-and-parachute-library","/Sonniss - GDC 2024 - Game Audio Bundle/Pole Position - The Skydiving and Parachute Library/Skydiver - ONBRD - FLYING - Exit Plane Jump and Flying 2 - Chest - MKH8020.wav","skydiver|onboard|flying|exit|plane|jump|and|flying|2|chest|sennheiser|mkh|8020|onbrd|mkh8020wav|the skydiving and parachute library|pole position production"
"Skydiver - ONBRD - INTERIOR PLANE - Flying with Door Open - Chest - MKH8020.wav","The Skydiving and Parachute Library","Pole Position Production","https://sonniss.com/product/the-skydiving-and-parachute-library","/Sonniss - GDC 2024 - Game Audio Bundle/Pole Position - The Skydiving and Parachute Library/Skydiver - ONBRD - INTERIOR PLANE - Flying with Door Open - Chest - MKH8020.wav","skydiver|onboard|interior|plane|flying|with|door|open|chest|sennheiser|mkh|8020|onbrd|mkh8020wav|the skydiving and parachute library|pole position production"
"Aluminium Boat Hull - ACCELERATION - Engine On - CO100k.wav","The Stormbåt Hull Interaction Library","Pole Position Production","https://sonniss.com/product/the-stormbat-hull-interaction-library","/Sonniss - GDC 2024 - Game Audio Bundle/Pole Position - The Stormbat Hull Interaction Library/Aluminium Boat Hull - ACCELERATION - Engine On - CO100k.wav","aluminium|boat|hull|acceleration|engine|on|mono|100|khz|sanken|co100k|co100kwav|the stormbåt hull interaction library|pole position production"
"Aluminium Boat Hull - ROCKING - High Intensity - MKH8060.wav","The Stormbåt Hull Interaction Library","Pole Position Production","https://sonniss.com/product/the-stormbat-hull-interaction-library","/Sonniss - GDC 2024 - Game Audio Bundle/Pole Position - The Stormbat Hull Interaction Library/Aluminium Boat Hull - ROCKING - High Intensity - MKH8060.wav","aluminium|boat|hull|rocking|high|intensity|mono|sennheiser|mkh|8060|mkh8060wav|the stormbåt hull interaction library|pole position production"
"Aluminium Boat Hull - WAVE IMPACTS - Medium - DPA4061.wav","The Stormbåt Hull Interaction Library","Pole Position Production","https://sonniss.com/product/the-stormbat-hull-interaction-library","/Sonniss - GDC 2024 - Game Audio Bundle/Pole Position - The Stormbat Hull Interaction Library/Aluminium Boat Hull - WAVE IMPACTS - Medium - DPA4061.wav","aluminium|boat|hull|wave|impacts|medium|stereo|dpa|4061|dpa4061wav|the stormbåt hull interaction library|pole position production"
"Metal - RATTLE - Shudder Constant - Geofon.wav","The Stormbåt Hull Interaction Library","Pole Position Production","https://sonniss.com/product/the-stormbat-hull-interaction-library","/Sonniss - GDC 2024 - Game Audio Bundle/Pole Position - The Stormbat Hull Interaction Library/Metal - RATTLE - Shudder Constant - Geofon.wav","metal|rattle|shudder|constant|geofon|geofonwav|the stormbåt hull interaction library|pole position production"
"Black Hawk - VAR SFX - Stabilizer Manual Slew Switch - MKH418S.wav","The Vehicle Doors and More Library","Pole Position Production","https://sonniss.com/product/the-vehicle-doors-and-more-library","/Sonniss - GDC 2024 - Game Audio Bundle/Pole Position - The Vehicle Doors and More Library/Black Hawk - VAR SFX - Stabilizer Manual Slew Switch - MKH418S.wav","helicopter|black|hawk|various|sound|fx|stabilizer|manual|slew|switch|sennheiser|mkh|418s|var|sfx|mkh418swav|the vehicle doors and more library|pole position production"
"Man Lions Coach - VAR SFX - Horn Various - Mono - RSM191.wav","The Vehicle Doors and More Library","Pole Position Production","https://sonniss.com/product/the-vehicle-doors-and-more-library","/Sonniss - GDC 2024 - Game Audio Bundle/Pole Position - The Vehicle Doors and More Library/Man Lions Coach - VAR SFX - Horn Various - Mono - RSM191.wav","bus|man|lion's|coach|various|sound|fx|horn|various|mono|neumann|rsm|191|man|lions|var|sfx|rsm191wav|the vehicle doors and more library|pole position production"
"Mercedes AMG GTR - VAR SFX - Hand Movement on Steering Wheel - XY - RSM191.wav","The Vehicle Doors and More Library","Pole Position Production","https://sonniss.com/product/the-vehicle-doors-and-more-library","/Sonniss - GDC 2024 - Game Audio Bundle/Pole Position - The Vehicle Doors and More Library/Mercedes AMG GTR - VAR SFX - Hand Movement on Steering Wheel - XY - RSM191.wav","sports|car|mercedes|amg|gtr|various|sound|fx|hand|movement|on|steering|wheel|xy|neumann|rsm|191|var|sfx|rsm191wav|the vehicle doors and more library|pole position production"
"Pontiac Trans Am 84 - VAR SFX - Window - MS Decoded RSM191.wav","The Vehicle Doors and More Library","Pole Position Production","https://sonniss.com/product/the-vehicle-doors-and-more-library","/Sonniss - GDC 2024 - Game Audio Bundle/Pole Position - The Vehicle Doors and More Library/Pontiac Trans Am 84 - VAR SFX - Window - MS Decoded RSM191.wav","muscle|car|pontiac|trans|am|84|various|sound|fx|window|ms|decoded|neumann|rsm|191|var|sfx|rsm191wav|the vehicle doors and more library|pole position production"
"MAN Lions Coach - IMPULSE RESPONSE - Toilet - Altiverb 2 - INTERIOR - MS Decoded - RSM191.wav","The Vehicle Impulse Response Library","Pole Position Production","https://sonniss.com/product/the-vehicle-impulse-response-library","/Sonniss - GDC 2024 - Game Audio Bundle/Pole Position - The Vehicle Impulse Response Library/MAN Lions Coach - IMPULSE RESPONSE - Toilet - Altiverb 2 - INTERIOR - MS Decoded - RSM191.wav","man|lions|coach|impulse|response|toilet|altiverb|2|interior|ms|decoded|neumann|rsm|191|rsm191wav|the vehicle impulse response library|pole position production"
"Patria 6x6 - IMPULSE RESPONSE - Passenger Compartment - Altiverb 3 - INTERIOR - Middle - MKH8020.wav","The Vehicle Impulse Response Library","Pole Position Production","https://sonniss.com/product/the-vehicle-impulse-response-library","/Sonniss - GDC 2024 - Game Audio Bundle/Pole Position - The Vehicle Impulse Response Library/Patria 6x6 - IMPULSE RESPONSE - Passenger Compartment - Altiverb 3 - INTERIOR - Middle - MKH8020.wav","patria|6x6|impulse|response|passenger|compartment|altiverb|3|interior|middle|sennheiser|mkh|8020|mkh8020wav|the vehicle impulse response library|pole position production"
"Pontiac Firebird - IMPULSE RESPONSE - Altiverb - INTERIOR - DPA4021.wav","The Vehicle Impulse Response Library","Pole Position Production","https://sonniss.com/product/the-vehicle-impulse-response-library","/Sonniss - GDC 2024 - Game Audio Bundle/Pole Position - The Vehicle Impulse Response Library/Pontiac Firebird - IMPULSE RESPONSE - Altiverb - INTERIOR - DPA4021.wav","pontiac|firebird|impulse|response|altiverb|interior|dpa|4021|dpa4021wav|the vehicle impulse response library|pole position production"
"Ak 5 - FIRING - Hit Metal Armor Plate - Single Shots 2 - HANDHELD NEAR SHOOTER - MS - 418-S.wav","The Warfare 2 Library","Pole Position Production","https://sonniss.com/product/the-warfare-2-library","/Sonniss - GDC 2024 - Game Audio Bundle/Pole Position - The Warfare 2 Library/Ak 5 - FIRING - Hit Metal Armor Plate - Single Shots 2 - HANDHELD NEAR SHOOTER - MS - 418-S.wav","assault|rifle|ak|5|firing|hit|metal|armor|plate|single|shots|2|handheld|near|shooter|ms|sennheiser|mkh|418s|firing|418swav|the warfare 2 library|pole position production"
"Haubits FH77 Howitzer - FIRING - Multiple Shots 2 - FRONT - MKH8060.wav","The Warfare 2 Library","Pole Position Production","https://sonniss.com/product/the-warfare-2-library","/Sonniss - GDC 2024 - Game Audio Bundle/Pole Position - The Warfare 2 Library/Haubits FH77 Howitzer - FIRING - Multiple Shots 2 - FRONT - MKH8060.wav","artillery|haubits|fh77|howitzer|firing|multiple|shots|2|front|sennheiser|mkh|8060|mkh8060wav|the warfare 2 library|pole position production"
"RPG - FIRING AND IMPACT - Through Car Roof Hit Metal - XY - MKH8040.wav","The Warfare 2 Library","Pole Position Production","https://sonniss.com/product/the-warfare-2-library","/Sonniss - GDC 2024 - Game Audio Bundle/Pole Position - The Warfare 2 Library/RPG - FIRING AND IMPACT - Through Car Roof Hit Metal - XY - MKH8040.wav","rocket|launcher|rpg|granatgevc$r|m|86|firing|and|impact|through|car|roof|hit|metal|xy|sennheiser|mkh|8040|some|debris|firing|and|impact|mkh8040wav|the warfare 2 library|pole position production"
"Tank Mine - EXPLOSION - Mounted on Metal Beam - DISTANT - AMBEO BLD.wav","The Warfare 2 Library","Pole Position Production","https://sonniss.com/product/the-warfare-2-library","/Sonniss - GDC 2024 - Game Audio Bundle/Pole Position - The Warfare 2 Library/Tank Mine - EXPLOSION - Mounted on Metal Beam - DISTANT - AMBEO BLD.wav","mine|tank|mine|stridsvagnsmina|5|explosion|with|debris|mounted|on|metal|beam|distant|sennheiser|ambeo|bld|bldwav|the warfare 2 library|pole position production"
"Wind - Aspen - Gusts - Close - Inside Canopy - XY - MKH8060.wav","Wind In Trees","Pole Position Production","https://sonniss.com/product/wind-in-trees","/Sonniss - GDC 2024 - Game Audio Bundle/Pole Position - Wind In Trees/Wind - Aspen - Gusts - Close - Inside Canopy - XY - MKH8060.wav","wind|aspen|gusts|close|inside|canopy|xy|sennheiser|mkh|8060|mkh8060wav|wind in trees|pole position production"
"Wind - Cherry Tree - Strong - Bed - On Ground - ORTF - CMC6.wav","Wind In Trees","Pole Position Production","https://sonniss.com/product/wind-in-trees","/Sonniss - GDC 2024 - Game Audio Bundle/Pole Position - Wind In Trees/Wind - Cherry Tree - Strong - Bed - On Ground - ORTF - CMC6.wav","wind|cherry|tree|strong|bed|on|ground|ortf|schoeps|cmc6|cmc6wav|wind in trees|pole position production"
"Wind - Oak - Calm - Close - Inside Canopy - XY - MKH8060.wav","Wind In Trees","Pole Position Production","https://sonniss.com/product/wind-in-trees","/Sonniss - GDC 2024 - Game Audio Bundle/Pole Position - Wind In Trees/Wind - Oak - Calm - Close - Inside Canopy - XY - MKH8060.wav","wind|oak|calm|close|inside|canopy|xy|sennheiser|mkh|8060|mkh8060wav|wind in trees|pole position production"
"Stream - LIGHT - Medium Speed - Flow - Left-Heavy Trickles.wav","Winter Forest Stream","Pole Position Production","https://sonniss.com/product/winter-forest-stream","/Sonniss - GDC 2024 - Game Audio Bundle/Pole Position - Winter Forest Stream/Stream - LIGHT - Medium Speed - Flow - Left-Heavy Trickles.wav","stream|light|medium|speed|flow|leftheavy|trickles|trickleswav|winter forest stream|pole position production"
"Stream - STRONG - Medium Speed - Flow - Gush - Thick Surge with Tonal Burbling.wav","Winter Forest Stream","Pole Position Production","https://sonniss.com/product/winter-forest-stream","/Sonniss - GDC 2024 - Game Audio Bundle/Pole Position - Winter Forest Stream/Stream - STRONG - Medium Speed - Flow - Gush - Thick Surge with Tonal Burbling.wav","stream|strong|medium|speed|flow|gush|thick|surge|with|tonal|burbling|burblingwav|winter forest stream|pole position production"
"WHSH_Airy-Whoosh Wind Gust 11_RSCPC_DW.wav","Distinct Whooshes","Rescopic Sound","https://sonniss.com/product/distinct-whooshes","/Sonniss - GDC 2024 - Game Audio Bundle/Rescopic Sound - Distinct Whooshes/WHSH_Airy-Whoosh Wind Gust 11_RSCPC_DW.wav","swoosh|motion|clean|and|breezy|movement|tense|low|rumble|choppy|whsh_airywhoosh|wind|gust|11_rscpc_dwwav|distinct whooshes|rescopic sound"
"WHSH_Deviant-Whoosh Flabby Slow 09_RSCPC_DW.wav","Distinct Whooshes","Rescopic Sound","https://sonniss.com/product/distinct-whooshes","/Sonniss - GDC 2024 - Game Audio Bundle/Rescopic Sound - Distinct Whooshes/WHSH_Deviant-Whoosh Flabby Slow 09_RSCPC_DW.wav","swoosh|motion|tardy|scifi|and|extraterrestrial|movement|dense|shape|shifting|springy|whsh_deviantwhoosh|flabby|slow|09_rscpc_dwwav|distinct whooshes|rescopic sound"
"WHSH_Pure SciFi-Whoosh Fast 03_RSCPC_DW.wav","Distinct Whooshes","Rescopic Sound","https://sonniss.com/product/distinct-whooshes","/Sonniss - GDC 2024 - Game Audio Bundle/Rescopic Sound - Distinct Whooshes/WHSH_Pure SciFi-Whoosh Fast 03_RSCPC_DW.wav","swoosh|motion|rapid|cybernetic|movement|dense|energy|scifi|like|flames|whsh_pure|scifiwhoosh|fast|03_rscpc_dwwav|distinct whooshes|rescopic sound"
"WHSH_Watery-Whoosh FIzzy Fast 03_RSCPC_DW.wav","Distinct Whooshes","Rescopic Sound","https://sonniss.com/product/distinct-whooshes","/Sonniss - GDC 2024 - Game Audio Bundle/Rescopic Sound - Distinct Whooshes/WHSH_Watery-Whoosh FIzzy Fast 03_RSCPC_DW.wav","swoosh|motion|rapid|liquidy|movement|strong|energy|churning|whsh_waterywhoosh|fizzy|fast|03_rscpc_dwwav|distinct whooshes|rescopic sound"
"DSGNSrce_Synth Source Loop 12_RSCPC_HV.wav","High Voltage","Rescopic Sound","https://sonniss.com/product/high-voltage-sound-library","/Sonniss - GDC 2024 - Game Audio Bundle/Rescopic Sound - High Voltage/DSGNSrce_Synth Source Loop 12_RSCPC_HV.wav","source|synthetic|spark|electricity|energy|power|seamless|loop|constant|motion|dsgnsrce_synth|12_rscpc_hvwav|high voltage|rescopic sound"
"ELECEmf_Electrical Panel Pitchdown 12st_RSCPC_HV.wav","High Voltage","Rescopic Sound","https://sonniss.com/product/high-voltage-sound-library","/Sonniss - GDC 2024 - Game Audio Bundle/Rescopic Sound - High Voltage/ELECEmf_Electrical Panel Pitchdown 12st_RSCPC_HV.wav","source|recording|electromagnetic|field|microphone|emf|electrical|panel|pitchdown|12|semitones|elecemf_electrical|12st_rscpc_hvwav|high voltage|rescopic sound"
"ELECEmf_WiFi Router Pitchdown 36st_RSCPC_HV.wav","High Voltage","Rescopic Sound","https://sonniss.com/product/high-voltage-sound-library","/Sonniss - GDC 2024 - Game Audio Bundle/Rescopic Sound - High Voltage/ELECEmf_WiFi Router Pitchdown 36st_RSCPC_HV.wav","source|recording|electromagnetic|field|microphone|emf|wifi|router|pitchdown|36|semitones|elecemf_wifi|36st_rscpc_hvwav|high voltage|rescopic sound"
"UIData_UI Calculation Loop 05_RSCPC_HV.wav","High Voltage","Rescopic Sound","https://sonniss.com/product/high-voltage-sound-library","/Sonniss - GDC 2024 - Game Audio Bundle/Rescopic Sound - High Voltage/UIData_UI Calculation Loop 05_RSCPC_HV.wav","designed|user|interface|scifi|calculation|data|processing|seamless|loop|energy|electricity|uidata_ui|05_rscpc_hvwav|high voltage|rescopic sound"
"AMBMisc_Ambience Low 03_RSCPC_PX.wav","Parallax","Rescopic Sound","https://sonniss.com/product/parallax","/Sonniss - GDC 2024 - Game Audio Bundle/Rescopic Sound - Parallax/AMBMisc_Ambience Low 03_RSCPC_PX.wav","atmosphere|continuous|sequence|alien|being|eerie|detuned|atmospheric|vocalization|flanging|low|hum|and|buzz|ambmisc_ambience|03_rscpc_pxwav|parallax|rescopic sound"
"SCIMisc_Movement 03_RSCPC_PX.wav","Parallax","Rescopic Sound","https://sonniss.com/product/parallax","/Sonniss - GDC 2024 - Game Audio Bundle/Rescopic Sound - Parallax/SCIMisc_Movement 03_RSCPC_PX.wav","constant|motion|gritty|resonant|granular|artifacts|fast|panning|scimisc_movement|03_rscpc_pxwav|parallax|rescopic sound"
"SCIMisc_Ping 18_RSCPC_PX.wav","Parallax","Rescopic Sound","https://sonniss.com/product/parallax","/Sonniss - GDC 2024 - Game Audio Bundle/Rescopic Sound - Parallax/SCIMisc_Ping 18_RSCPC_PX.wav","ringing|and|resonant|hit|aggressive|punch|energy|alien|weapon|effect|scimisc_ping|18_rscpc_pxwav|parallax|rescopic sound"
"SCIMisc_Zap Short 14_RSCPC_PX.wav","Parallax","Rescopic Sound","https://sonniss.com/product/parallax","/Sonniss - GDC 2024 - Game Audio Bundle/Rescopic Sound - Parallax/SCIMisc_Zap Short 14_RSCPC_PX.wav","sweeping|laser|and|modulated|hit|aggressive|punch|energy|flanging|descend|scimisc_zap|short|14_rscpc_pxwav|parallax|rescopic sound"
"SCIMech_Mech Processed Metal 27_RSCPC_SFEW.wav","Sci-Fi Energy Weapons","Rescopic Sound","https://sonniss.com/product/sci-fi-energy-weapons","/Sonniss - GDC 2024 - Game Audio Bundle/Rescopic Sound - Sci-Fi Energy Weapons/SCIMech_Mech Processed Metal 27_RSCPC_SFEW.wav","source|material|scifi|mechanical|futuristic|mechanism|metal|texture|short|duration|scimech_mech|processed|27_rscpc_sfewwav|sci-fi energy weapons|rescopic sound"
"SCIWeap_Flyby Plasma J 01_RSCPC_SFEW.wav","Sci-Fi Energy Weapons","Rescopic Sound","https://sonniss.com/product/sci-fi-energy-weapons","/Sonniss - GDC 2024 - Game Audio Bundle/Rescopic Sound - Sci-Fi Energy Weapons/SCIWeap_Flyby Plasma J 01_RSCPC_SFEW.wav","designed|projectile|fly|by|scifi|weapon|pass|blaster|sciweap_flyby|plasma|j|01_rscpc_sfewwav|sci-fi energy weapons|rescopic sound"
"SCIWeap_Reload Compact O 01_RSCPC_SFEW.wav","Sci-Fi Energy Weapons","Rescopic Sound","https://sonniss.com/product/sci-fi-energy-weapons","/Sonniss - GDC 2024 - Game Audio Bundle/Rescopic Sound - Sci-Fi Energy Weapons/SCIWeap_Reload Compact O 01_RSCPC_SFEW.wav","designed|recharge|scifi|weapon|fire|up|activate|reloading|mechanism|sciweap_reload|compact|o|01_rscpc_sfewwav|sci-fi energy weapons|rescopic sound"
"SCIWeap_Shot Pulse YR 05_RSCPC_SFEW.wav","Sci-Fi Energy Weapons","Rescopic Sound","https://sonniss.com/product/sci-fi-energy-weapons","/Sonniss - GDC 2024 - Game Audio Bundle/Rescopic Sound - Sci-Fi Energy Weapons/SCIWeap_Shot Pulse YR 05_RSCPC_SFEW.wav","designed|shoot|scifi|energy|weapon|firing|blaster|sciweap_shot|pulse|yr|05_rscpc_sfewwav|sci-fi energy weapons|rescopic sound"
"UIAlert_Confirm Middle 12_RSCPC_USIN.wav","User Interaction","Rescopic Sound","https://sonniss.com/product/user-interaction","/Sonniss - GDC 2024 - Game Audio Bundle/Rescopic Sound - User Interaction/UIAlert_Confirm Middle 12_RSCPC_USIN.wav","ui|medium|computer|modern|interface|high|tech|menu|confirmation|access|granted|accept|uialert_confirm|middle|12_rscpc_usinwav|user interaction|rescopic sound"
"UIClick_Select Middle 29_RSCPC_USIN.wav","User Interaction","Rescopic Sound","https://sonniss.com/product/user-interaction","/Sonniss - GDC 2024 - Game Audio Bundle/Rescopic Sound - User Interaction/UIClick_Select Middle 29_RSCPC_USIN.wav","ui|medium|computer|modern|interface|high|tech|menu|press|soft|key|uiclick_select|middle|29_rscpc_usinwav|user interaction|rescopic sound"
"UIData_Progress 19_RSCPC_USIN.wav","User Interaction","Rescopic Sound","https://sonniss.com/product/user-interaction","/Sonniss - GDC 2024 - Game Audio Bundle/Rescopic Sound - User Interaction/UIData_Progress 19_RSCPC_USIN.wav","ui|continuous|sequence|computer|modern|interface|high|tech|processing|data|loading|uidata_progress|19_rscpc_usinwav|user interaction|rescopic sound"
"UIMvmt_Window Open Thin 05_RSCPC_USIN.wav","User Interaction","Rescopic Sound","https://sonniss.com/product/user-interaction","/Sonniss - GDC 2024 - Game Audio Bundle/Rescopic Sound - User Interaction/UIMvmt_Window Open Thin 05_RSCPC_USIN.wav","ui|small|computer|modern|interface|high|tech|menu|appear|start|uimvmt_window|open|thin|05_rscpc_usinwav|user interaction|rescopic sound"
"DSGNMisc_Charge Down Classic 1_RogueWaves_AnimeStudio.wav","Anime Studio","Rogue Waves","https://sonniss.com/product/anime-studio","/Sonniss - GDC 2024 - Game Audio Bundle/Rogue Waves - Anime Studio/DSGNMisc_Charge Down Classic 1_RogueWaves_AnimeStudio.wav","charge|down|classic|1|dsgnmisc_charge|1_roguewaves_animestudiowav|anime studio|rogue waves"
"FGHTImpt_Fight Combo x4_RogueWaves_AnimeStudio.wav","Anime Studio","Rogue Waves","https://sonniss.com/product/anime-studio","/Sonniss - GDC 2024 - Game Audio Bundle/Rogue Waves - Anime Studio/FGHTImpt_Fight Combo x4_RogueWaves_AnimeStudio.wav","fight|combo|x4|fghtimpt_fight|x4_roguewaves_animestudiowav|anime studio|rogue waves"
"WEAPSwrd_Mecha Energy Sword Cut_RogueWaves_AnimeStudio.wav","Anime Studio","Rogue Waves","https://sonniss.com/product/anime-studio","/Sonniss - GDC 2024 - Game Audio Bundle/Rogue Waves - Anime Studio/WEAPSwrd_Mecha Energy Sword Cut_RogueWaves_AnimeStudio.wav","mecha|energy|sword|cut|weapswrd_mecha|cut_roguewaves_animestudiowav|anime studio|rogue waves"
"WHSH_Whoosh Synth Noise 28_RogueWaves_AnimeStudio.wav","Anime Studio","Rogue Waves","https://sonniss.com/product/anime-studio","/Sonniss - GDC 2024 - Game Audio Bundle/Rogue Waves - Anime Studio/WHSH_Whoosh Synth Noise 28_RogueWaves_AnimeStudio.wav","whoosh|synth|noise|28|whsh_whoosh|28_roguewaves_animestudiowav|anime studio|rogue waves"
"DOORCreak_Wooden Door, Door Slams, Impacts, 3_RogueWaves_CreakingDoor.wav","Creaking Door","Rogue Waves","https://sonniss.com/product/creaking-door","/Sonniss - GDC 2024 - Game Audio Bundle/Rogue Waves - Creaking Door/DOORCreak_Wooden Door, Door Slams, Impacts, 3_RogueWaves_CreakingDoor.wav","old|squeaky|creaking|wooden|door|slams|impacts|doorcreak_wooden|3_roguewaves_creakingdoorwav|creaking door|rogue waves"
"DOORCreak_Wooden Door, Opening and Closing 09_RogueWaves_CreakingDoor.wav","Creaking Door","Rogue Waves","https://sonniss.com/product/creaking-door","/Sonniss - GDC 2024 - Game Audio Bundle/Rogue Waves - Creaking Door/DOORCreak_Wooden Door, Opening and Closing 09_RogueWaves_CreakingDoor.wav","old|squeaky|creaking|wooden|door|opening|and|closing|doorcreak_wooden|09_roguewaves_creakingdoorwav|creaking door|rogue waves"
"OBJCont_Coffee Tin Lid Open 3_RogueWaves_KawaiiUI.wav","Kawaii UI","Rogue Waves","https://sonniss.com/product/kawaii-ui","/Sonniss - GDC 2024 - Game Audio Bundle/Rogue Waves - Kawaii UI/OBJCont_Coffee Tin Lid Open 3_RogueWaves_KawaiiUI.wav","coffee|tin|lid|open|3|objcont_coffee|3_roguewaves_kawaiiuiwav|kawaii ui|rogue waves"
"TOONPop_Syringe Pop 4_RogueWaves_KawaiiUI.wav","Kawaii UI","Rogue Waves","https://sonniss.com/product/kawaii-ui","/Sonniss - GDC 2024 - Game Audio Bundle/Rogue Waves - Kawaii UI/TOONPop_Syringe Pop 4_RogueWaves_KawaiiUI.wav","syringe|pop|4|toonpop_syringe|4_roguewaves_kawaiiuiwav|kawaii ui|rogue waves"
"UIClick_Hand Pop UI Diminished 1_RogueWaves_KawaiiUI.wav","Kawaii UI","Rogue Waves","https://sonniss.com/product/kawaii-ui","/Sonniss - GDC 2024 - Game Audio Bundle/Rogue Waves - Kawaii UI/UIClick_Hand Pop UI Diminished 1_RogueWaves_KawaiiUI.wav","hand|pop|ui|diminished|1|uiclick_hand|1_roguewaves_kawaiiuiwav|kawaii ui|rogue waves"
"UIClick_Operating System UI Cursor_RogueWaves_KawaiiUI.wav","Kawaii UI","Rogue Waves","https://sonniss.com/product/kawaii-ui","/Sonniss - GDC 2024 - Game Audio Bundle/Rogue Waves - Kawaii UI/UIClick_Operating System UI Cursor_RogueWaves_KawaiiUI.wav","operating|system|ui|cursor|uiclick_operating|cursor_roguewaves_kawaiiuiwav|kawaii ui|rogue waves"
"MUSCStngr_Open String Dive Bomb Down, Whammy bar, Low_RogueWaves_MetalTensions_13.wav","Metal Tensions","Rogue Waves","https://sonniss.com/product/metal-tensions","/Sonniss - GDC 2024 - Game Audio Bundle/Rogue Waves - Metal Tensions/MUSCStngr_Open String Dive Bomb Down, Whammy bar, Low_RogueWaves_MetalTensions_13.wav","metal|electric|guitar|open|string|dive|bomb|down|whammy|bar|low|end|drone|short|note|7|clean|muscstngr_open|low_roguewaves_metaltensions_13wav|metal tensions|rogue waves"
"MUSCStngr_Pick Scrape Down, Short, Overdriven_RogueWaves_MetalTensions.wav","Metal Tensions","Rogue Waves","https://sonniss.com/product/metal-tensions","/Sonniss - GDC 2024 - Game Audio Bundle/Rogue Waves - Metal Tensions/MUSCStngr_Pick Scrape Down, Short, Overdriven_RogueWaves_MetalTensions.wav","metal|electric|guitar|pick|scrape|down|short|overdriven|muscstngr_pick|overdriven_roguewaves_metaltensionswav|metal tensions|rogue waves"
"MUSCStngr_Plastic Comb Scraping Strings, 2, Overdriven_RogueWaves_MetalTensions.wav","Metal Tensions","Rogue Waves","https://sonniss.com/product/metal-tensions","/Sonniss - GDC 2024 - Game Audio Bundle/Rogue Waves - Metal Tensions/MUSCStngr_Plastic Comb Scraping Strings, 2, Overdriven_RogueWaves_MetalTensions.wav","metal|electric|guitar|plastic|comb|scraping|strings|2|overdriven|muscstngr_plastic|overdriven_roguewaves_metaltensionswav|metal tensions|rogue waves"
"MUSCStngr_Whammy Bar Flutter, Clean_RogueWaves_MetalTensions.wav","Metal Tensions","Rogue Waves","https://sonniss.com/product/metal-tensions","/Sonniss - GDC 2024 - Game Audio Bundle/Rogue Waves - Metal Tensions/MUSCStngr_Whammy Bar Flutter, Clean_RogueWaves_MetalTensions.wav","metal|electric|guitar|whammy|bar|flutter|clean|muscstngr_whammy|clean_roguewaves_metaltensionswav|metal tensions|rogue waves"
"AMBNaut_Atmos, EXT Marina, boats, rope creaking,_RogueWaves_YachtMarina_11.wav","Yacht & Marina","Rogue Waves","https://sonniss.com/product/yacht-marina","/Sonniss - GDC 2024 - Game Audio Bundle/Rogue Waves - Yacht & Marina/AMBNaut_Atmos, EXT Marina, boats, rope creaking,_RogueWaves_YachtMarina_11.wav","atmos|ext|marina|boats|rope|creaking|distant|seagulls|traffic|train|ambnaut_atmos|_roguewaves_yachtmarina_11wav|yacht & marina|rogue waves"
"BOATInt_Atmos, INT Small yacht cabin, hatch open,_RogueWaves_YachtMarina.wav","Yacht & Marina","Rogue Waves","https://sonniss.com/product/yacht-marina","/Sonniss - GDC 2024 - Game Audio Bundle/Rogue Waves - Yacht & Marina/BOATInt_Atmos, INT Small yacht cabin, hatch open,_RogueWaves_YachtMarina.wav","atmos|int|small|yacht|cabin|hatch|open|distant|marina|noise|boatint_atmos|_roguewaves_yachtmarinawav|yacht & marina|rogue waves"
"BOATMech_EXT Small yacht, rope moving through metal_RogueWaves_YachtMarina.wav","Yacht & Marina","Rogue Waves","https://sonniss.com/product/yacht-marina","/Sonniss - GDC 2024 - Game Audio Bundle/Rogue Waves - Yacht & Marina/BOATMech_EXT Small yacht, rope moving through metal_RogueWaves_YachtMarina.wav","ext|small|yacht|rope|moving|through|metal|pulley|boatmech_ext|metal_roguewaves_yachtmarinawav|yacht & marina|rogue waves"
"METLTonl_Contact Mic, Cable Rope Stays, Percussive_RogueWaves_YachtMarina_02.wav","Yacht & Marina","Rogue Waves","https://sonniss.com/product/yacht-marina","/Sonniss - GDC 2024 - Game Audio Bundle/Rogue Waves - Yacht & Marina/METLTonl_Contact Mic, Cable Rope Stays, Percussive_RogueWaves_YachtMarina_02.wav","contact|mic|cable|rope|stays|percussive|plucks|high|freq|zings|metltonl_contact|percussive_roguewaves_yachtmarina_02wav|yacht & marina|rogue waves"
"AMBRest_Rome_Indoor-PubCrowd-InteriorCrowd.wav","Rome - Urban City Surround","Sculptunes","https://sonniss.com/product/rome-urban-city-surround","/Sonniss - GDC 2024 - Game Audio Bundle/Sculptunes - Rome - Urban City Surround/AMBRest_Rome_Indoor-PubCrowd-InteriorCrowd.wav","rome|pub_rome_outdoor|walla|night|torpignattara__|pub|interior|voices|from|outside|ambrest_rome_indoorpubcrowdinteriorcrowdwav|rome - urban city surround|sculptunes"
"AMBUrbn_Rome-LateNight-Traffic.wav","Rome - Urban City Surround","Sculptunes","https://sonniss.com/product/rome-urban-city-surround","/Sonniss - GDC 2024 - Game Audio Bundle/Sculptunes - Rome - Urban City Surround/AMBUrbn_Rome-LateNight-Traffic.wav","rome|amb|night|via|prenestina|cars|tram|and|busses|pass|wide|crowd|walla|amburbn_romelatenighttrafficwav|rome - urban city surround|sculptunes"
"SBAb_5 Meters From Shore Early Morning 005.wav","Ambisonics - Beach","Sonic Bat","https://sonniss.com/product/ambisonics-beach","/Sonniss - GDC 2024 - Game Audio Bundle/Sonic Bat - Ambisonics - Beach/SBAb_5 Meters From Shore Early Morning 005.wav","uncrowded|beach|take|with|calm|sea|waves|distant|fishing|boats|sporadically|appearing|sbab_5|meters|from|shore|early|morning|005wav|ambisonics - beach|sonic bat"
"SBAb_In Water Crowded Afternoon 004.wav","Ambisonics - Beach","Sonic Bat","https://sonniss.com/product/ambisonics-beach","/Sonniss - GDC 2024 - Game Audio Bundle/Sonic Bat - Ambisonics - Beach/SBAb_In Water Crowded Afternoon 004.wav","calm|waves|splashing|ambience|with|children|playing|and|sports|sbab_in|water|crowded|afternoon|004wav|ambisonics - beach|sonic bat"
"SBAb_Palm Trees Detail 004.wav","Ambisonics - Beach","Sonic Bat","https://sonniss.com/product/ambisonics-beach","/Sonniss - GDC 2024 - Game Audio Bundle/Sonic Bat - Ambisonics - Beach/SBAb_Palm Trees Detail 004.wav","palm|trees|swaying|with|cars|passing|by|sbab_palm|trees|detail|004wav|ambisonics - beach|sonic bat"
"SBAr3_First Floor Balcony Open Window 001.wav","Ambisonics - Roomtones III","Sonic Bat","https://sonniss.com/product/ambisonics-roomtones-iii","/Sonniss - GDC 2024 - Game Audio Bundle/Sonic Bat - Ambisonics - Roomtones III/SBAr3_First Floor Balcony Open Window 001.wav","quiet|open|window|balcony|ambience|with|mosquito|net|rumbling|distant|traffic|and|bird|calls|sbar3_first|floor|balcony|open|window|001wav|ambisonics - roomtones iii|sonic bat"
"SBAr3_First Floor Living Room With Balcony Door Closed 001.wav","Ambisonics - Roomtones III","Sonic Bat","https://sonniss.com/product/ambisonics-roomtones-iii","/Sonniss - GDC 2024 - Game Audio Bundle/Sonic Bat - Ambisonics - Roomtones III/SBAr3_First Floor Living Room With Balcony Door Closed 001.wav","quiet|living|room|ambience|with|distant|bird|calls|sbar3_first|floor|living|room|with|balcony|door|closed|001wav|ambisonics - roomtones iii|sonic bat"
"SBacm_Mechanism 003.wav","Antique Clock Mechanism","Sonic Bat","https://sonniss.com/product/antique-clock-mechanism","/Sonniss - GDC 2024 - Game Audio Bundle/Sonic Bat - Antique Clock Mechanism/SBacm_Mechanism 003.wav","clock|mechanism|chime|with|microphone|positioned|on|its|front|sbacm_mechanism|003wav|antique clock mechanism|sonic bat"
"SBacm_Mechanism Handling 008.wav","Antique Clock Mechanism","Sonic Bat","https://sonniss.com/product/antique-clock-mechanism","/Sonniss - GDC 2024 - Game Audio Bundle/Sonic Bat - Antique Clock Mechanism/SBacm_Mechanism Handling 008.wav","clock|mechanism|being|handled|with|occasional|chime|sounds|sbacm_mechanism|handling|008wav|antique clock mechanism|sonic bat"
"SBbma_Feminine League Match 010.wav","Basketball Match Ambience","Sonic Bat","https://sonniss.com/product/basketball-match-ambience","/Sonniss - GDC 2024 - Game Audio Bundle/Sonic Bat - Basketball Match Ambience/SBbma_Feminine League Match 010.wav","short|take|of|a|women's|basketball|match|followed|by|speakers|announcements|sbbma_feminine|league|match|010wav|basketball match ambience|sonic bat"
"SBbma_Masculine U-18 Match 004.wav","Basketball Match Ambience","Sonic Bat","https://sonniss.com/product/basketball-match-ambience","/Sonniss - GDC 2024 - Game Audio Bundle/Sonic Bat - Basketball Match Ambience/SBbma_Masculine U-18 Match 004.wav","long|take|of|a|men's|u18|basketball|match|with|crowd|cheering|protesting|and|clapping|sbbma_masculine|match|004wav|basketball match ambience|sonic bat"
"SBfma_Feminine League Match 004.wav","Futsal Match Ambience","Sonic Bat","https://sonniss.com/product/futsal-match-ambience","/Sonniss - GDC 2024 - Game Audio Bundle/Sonic Bat - Futsal Match Ambience/SBfma_Feminine League Match 004.wav","short|take|of|a|women's|futsal|match|with|crowd|cheering|and|clapping|followed|by|speaker|announcement|sbfma_feminine|league|match|004wav|futsal match ambience|sonic bat"
"SBfma_Masculine League Match 001.wav","Futsal Match Ambience","Sonic Bat","https://sonniss.com/product/futsal-match-ambience","/Sonniss - GDC 2024 - Game Audio Bundle/Sonic Bat - Futsal Match Ambience/SBfma_Masculine League Match 001.wav","long|take|of|a|men's|futsal|match|with|crowd|clapping|occasionally|sbfma_masculine|league|match|001wav|futsal match ambience|sonic bat"
"SBhma_Feminine EHF European Cup Match 002.wav","Handball Match Ambience","Sonic Bat","https://sonniss.com/product/handball-match-ambience","/Sonniss - GDC 2024 - Game Audio Bundle/Sonic Bat - Handball Match Ambience/SBhma_Feminine EHF European Cup Match 002.wav","short|take|of|a|women's|handball|match|with|crowd|cheering|clapping|goal|celebrations|and|booing|sbhma_feminine|ehf|european|cup|match|002wav|handball match ambience|sonic bat"
"SBhma_Masculine League Match 002.wav","Handball Match Ambience","Sonic Bat","https://sonniss.com/product/handball-match-ambience","/Sonniss - GDC 2024 - Game Audio Bundle/Sonic Bat - Handball Match Ambience/SBhma_Masculine League Match 002.wav","long|take|of|a|men's|handball|match|with|crowd|cheering|clapping|and|goal|celebrations|sbhma_masculine|league|match|002wav|handball match ambience|sonic bat"
"SBrhma_Feminine League Match 004.wav","Roller Hockey Match Ambience","Sonic Bat","https://sonniss.com/product/roller-hockey-match-ambience","/Sonniss - GDC 2024 - Game Audio Bundle/Sonic Bat - Roller Hockey Match Ambience/SBrhma_Feminine League Match 004.wav","long|take|of|a|women's|roller|hockey|match|with|speaker|talking|crowd|cheering|clapping|and|goal|celebrations|sbrhma_feminine|league|match|004wav|roller hockey match ambience|sonic bat"
"SBrhma_Masculine League Match 007.wav","Roller Hockey Match Ambience","Sonic Bat","https://sonniss.com/product/roller-hockey-match-ambience","/Sonniss - GDC 2024 - Game Audio Bundle/Sonic Bat - Roller Hockey Match Ambience/SBrhma_Masculine League Match 007.wav","short|take|of|a|men's|roller|hockey|match|with|speaker|talking|and|crowd|clapping|sbrhma_masculine|league|match|007wav|roller hockey match ambience|sonic bat"
"SBvfe2_Dry Tree Branches Contact 024.wav","Videogame Foley Essentials Vol. II","Sonic Bat","https://sonniss.com/product/videogame-foley-essentials-vol-ii","/Sonniss - GDC 2024 - Game Audio Bundle/Sonic Bat - Videogame Foley Essentials Vol. II/SBvfe2_Dry Tree Branches Contact 024.wav","rubbing|against|a|dry|tree|branch|sbvfe2_dry|tree|branches|contact|024wav|videogame foley essentials vol. ii|sonic bat"
"SBvfe2_Glass 114.wav","Videogame Foley Essentials Vol. II","Sonic Bat","https://sonniss.com/product/videogame-foley-essentials-vol-ii","/Sonniss - GDC 2024 - Game Audio Bundle/Sonic Bat - Videogame Foley Essentials Vol. II/SBvfe2_Glass 114.wav","single|footstep|on|broken|glass|sbvfe2_glass|114wav|videogame foley essentials vol. ii|sonic bat"
"SBvfe2_Medium Rock Dropping 011.wav","Videogame Foley Essentials Vol. II","Sonic Bat","https://sonniss.com/product/videogame-foley-essentials-vol-ii","/Sonniss - GDC 2024 - Game Audio Bundle/Sonic Bat - Videogame Foley Essentials Vol. II/SBvfe2_Medium Rock Dropping 011.wav","dropping|a|medium|rock|on|the|floor|sbvfe2_medium|rock|011wav|videogame foley essentials vol. ii|sonic bat"
"SBvfe2_Shaking Small Wooden Box 030.wav","Videogame Foley Essentials Vol. II","Sonic Bat","https://sonniss.com/product/videogame-foley-essentials-vol-ii","/Sonniss - GDC 2024 - Game Audio Bundle/Sonic Bat - Videogame Foley Essentials Vol. II/SBvfe2_Shaking Small Wooden Box 030.wav","shaking|smallsized|wooden|box|with|domino|pieces|inside|sbvfe2_shaking|small|wooden|box|030wav|videogame foley essentials vol. ii|sonic bat"
"AMBBird_Ambience, Rural, Residencial, Birds Chorus, Cuckoo, Light Human Activity_KS_Spatial Counstryside-Surround_KSL_KS011.wav","Spatial Countryside","Sonik Sound Library","https://sonniss.com/product/spatial-countryside","/Sonniss - GDC 2024 - Game Audio Bundle/Sonik Sound Library - Spatial Countryside/AMBBird_Ambience, Rural, Residencial, Birds Chorus, Cuckoo, Light Human Activity_KS_Spatial Counstryside-Surround_KSL_KS011.wav","ambience|rural|residencial|birds|chorus|cuckoo|light|human|activity50|ambbird_ambience|activity_ks_spatial|counstrysidesurround_ksl_ks011wav|spatial countryside|sonik sound library"
"AMBRurl_Ambience, Countryside, Quite Fields, Slow Cicadas, 3 Close, Fly_KS_Spatial Counstryside-AmbiX_KSL_KS011.wav","Spatial Countryside","Sonik Sound Library","https://sonniss.com/product/spatial-countryside","/Sonniss - GDC 2024 - Game Audio Bundle/Sonik Sound Library - Spatial Countryside/AMBRurl_Ambience, Countryside, Quite Fields, Slow Cicadas, 3 Close, Fly_KS_Spatial Counstryside-AmbiX_KSL_KS011.wav","ambience|countryside|quite|fields|slow|cicadas|3|close|flyambix|ambrurl_ambience|fly_ks_spatial|counstrysideambix_ksl_ks011wav|spatial countryside|sonik sound library"
"WIND_Wind, Soft Wind Howling, Soft Leaves Rustle on Concrete_KS_Spatial Counstryside-Stereo_KSL_KS011.wav","Spatial Countryside","Sonik Sound Library","https://sonniss.com/product/spatial-countryside","/Sonniss - GDC 2024 - Game Audio Bundle/Sonik Sound Library - Spatial Countryside/WIND_Wind, Soft Wind Howling, Soft Leaves Rustle on Concrete_KS_Spatial Counstryside-Stereo_KSL_KS011.wav","wind|soft|howling|leaves|rustle|on|concretestereo|wind_wind|concrete_ks_spatial|counstrysidestereo_ksl_ks011wav|spatial countryside|sonik sound library"
"RAIN_Weather, Rain, Heavy with Distant Thunders_KS_Spatial Rain & Thunders-AmbiX_KSL_KS010.wav","Spatial Rain & Thunders","Sonik Sound Library","https://sonniss.com/product/spatial-rain-thunders","/Sonniss - GDC 2024 - Game Audio Bundle/Sonik Sound Library - Spatial Rain & Thunders/RAIN_Weather, Rain, Heavy with Distant Thunders_KS_Spatial Rain & Thunders-AmbiX_KSL_KS010.wav","weather|rain|heavy|with|distant|thundersambix|rain_weather|thunders_ks_spatial|&|thundersambix_ksl_ks010wav|spatial rain & thunders|sonik sound library"
"RAINMetl_Rain, Water Gurgling and Spraying in Gutter during Rainstorm, Distant Thunder Rumble_KS_Spatial Rain & Thunders-Surround_KSL_KS010.wav","Spatial Rain & Thunders","Sonik Sound Library","https://sonniss.com/product/spatial-rain-thunders","/Sonniss - GDC 2024 - Game Audio Bundle/Sonik Sound Library - Spatial Rain & Thunders/RAINMetl_Rain, Water Gurgling and Spraying in Gutter during Rainstorm, Distant Thunder Rumble_KS_Spatial Rain & Thunders-Surround_KSL_KS010.wav","rain|water|gurgling|and|spraying|in|gutter|during|rainstorm|distant|thunder|rumble50|rainmetl_rain|rumble_ks_spatial|&|thunderssurround_ksl_ks010wav|spatial rain & thunders|sonik sound library"
"THUN_Weather, Rain, Light Rain with Thuder Rumbles and Vehicles Passing on Wet Floor_KS_Spatial Rain & Thunders-Stereo_KSL_KS010.wav","Spatial Rain & Thunders","Sonik Sound Library","https://sonniss.com/product/spatial-rain-thunders","/Sonniss - GDC 2024 - Game Audio Bundle/Sonik Sound Library - Spatial Rain & Thunders/THUN_Weather, Rain, Light Rain with Thuder Rumbles and Vehicles Passing on Wet Floor_KS_Spatial Rain & Thunders-Stereo_KSL_KS010.wav","weather|rain|light|with|thunder|rumbles|and|vehicles|passing|on|wet|floorstereo|thun_weather|thuder|floor_ks_spatial|&|thundersstereo_ksl_ks010wav|spatial rain & thunders|sonik sound library"
"Calm_River_02.wav","Rivers, Streams, Creeks","Stefano Cremona","https://sonniss.com/product/rivers-streams-creeks","/Sonniss - GDC 2024 - Game Audio Bundle/Stefano Cremona - Rivers, Streams, Creeks/Calm_River_02.wav","snote=river|flowing|calm|calm_river_02wav|rivers, streams, creeks|stefano cremona"
"River_02.wav","Rivers, Streams, Creeks","Stefano Cremona","https://sonniss.com/product/rivers-streams-creeks","/Sonniss - GDC 2024 - Game Audio Bundle/Stefano Cremona - Rivers, Streams, Creeks/River_02.wav","snote=river|flowing|with|details|river_02wav|rivers, streams, creeks|stefano cremona"
"Small_Creek_Close_02.wav","Rivers, Streams, Creeks","Stefano Cremona","https://sonniss.com/product/rivers-streams-creeks","/Sonniss - GDC 2024 - Game Audio Bundle/Stefano Cremona - Rivers, Streams, Creeks/Small_Creek_Close_02.wav","snote=small|creek|close|microphone|small_creek_close_02wav|rivers, streams, creeks|stefano cremona"
"AMBForst_Nighttime-Woodlands Windy Trees Rustling Quiet_SYSO_SYSO009.wav","General Ambience Series - Nightscapes 01","Systematic Sound","https://sonniss.com/product/general-ambience-series-nightscapes-01","/Sonniss - GDC 2024 - Game Audio Bundle/Systematic Sound - General Ambience Series - Nightscapes 01/AMBForst_Nighttime-Woodlands Windy Trees Rustling Quiet_SYSO_SYSO009.wav","ambience|night|time|woodlands|forest|soft|breeze|wet|leaves|rustling|branches|creaking|deep|background|rumble|distant|fox|braking|&|screaming|occasionally|crickets|chirping|at|low|intensity|ambforst_nighttimewoodlands|windy|trees|rustling|quiet_syso_syso009wav|general ambience series - nightscapes 01|systematic sound"
"AMBSubn_Nighttime-Suburban Residential Area Main Street Lively 01_SYSO_SYSO009.wav","General Ambience Series - Nightscapes 02","Systematic Sound","https://sonniss.com/product/general-ambience-series-nightscapes-02","/Sonniss - GDC 2024 - Game Audio Bundle/Systematic Sound - General Ambience Series - Nightscapes 01/AMBSubn_Nighttime-Suburban Residential Area Main Street Lively 01_SYSO_SYSO009.wav","ambience|night|time|suburbs|residential|area|sidewalk|on|main|street|prominent|traffic|roar|cars|and|bus|passing|car|engine|starting|at|0030|distant|coughing|faint|voices|occasional|music|bleed|from|nearby|houses|ambsubn_nighttimesuburban|residential|area|main|street|lively|01_syso_syso009wav|general ambience series - nightscapes 02|systematic sound"
"AMBUrbn_Nighttime-Urban Side Street Empty Rain Dops Hum_SYSO_SYSO009.wav","General Ambience Series - Nightscapes 03","Systematic Sound","https://sonniss.com/product/general-ambience-series-nightscapes-03","/Sonniss - GDC 2024 - Game Audio Bundle/Systematic Sound - General Ambience Series - Nightscapes 01/AMBUrbn_Nighttime-Urban Side Street Empty Rain Dops Hum_SYSO_SYSO009.wav","ambience|night|time|urban|side|street|tight|walls|reverberant|distant|walla|shouts|laughter|&|indistinct|mumble|from|nearby|bars|restaurants|church|bells|light|hum|amburbn_nighttimeurban|street|empty|rain|dops|hum_syso_syso009wav|general ambience series - nightscapes 03|systematic sound"
"AMBRoom_Quiet Room Flat C Livingroom 02_SYSO_SYSO0013.wav","General Ambience Series - Quiet Rooms 01","Systematic Sound","https://sonniss.com/product/general-ambience-series-quiet-rooms-01","/Sonniss - GDC 2024 - Game Audio Bundle/Systematic Sound - General Ambience Series - Quiet Rooms 01/AMBRoom_Quiet Room Flat C Livingroom 02_SYSO_SYSO0013.wav","ambience|interior|private|building|room|tone|flat|medium|sized|livingroom|30|sqm|clock|ticking|little|birdsong|bleed|from|outside|soft|electrical|hum|&|sizzle|fridge|in|background|ambroom_quiet|room|c|02_syso_syso0013wav|general ambience series - quiet rooms 01|systematic sound"
"AMBRoom_Quiet Room Flat E Kitchen Dishwasher Machine Engine Running Water Dull_SYSO_SYSO0013.wav","General Ambience Series - Quiet Rooms 02","Systematic Sound","https://sonniss.com/product/general-ambience-series-quiet-rooms-02","/Sonniss - GDC 2024 - Game Audio Bundle/Systematic Sound - General Ambience Series - Quiet Rooms 01/AMBRoom_Quiet Room Flat E Kitchen Dishwasher Machine Engine Running Water Dull_SYSO_SYSO0013.wav","ambience|interior|private|building|room|tone|flat|kitchen|14|sqm|dishwasher|machine|running|engine|humming|rhythmically|water|closeup|soft|birdsong|bleed|from|outside|spotsfx|ambroom_quiet|room|e|kitchen|machine|engine|running|water|dull_syso_syso0013wav|general ambience series - quiet rooms 02|systematic sound"
"AMBRoom_Quiet Room House A Basement Boilerroom_SYSO_SYSO0013.wav","General Ambience Series - Quiet Rooms 03","Systematic Sound","https://sonniss.com/product/general-ambience-series-quiet-rooms-03","/Sonniss - GDC 2024 - Game Audio Bundle/Systematic Sound - General Ambience Series - Quiet Rooms 01/AMBRoom_Quiet Room House A Basement Boilerroom_SYSO_SYSO0013.wav","ambience|interior|private|building|room|tone|house|basement|boiler|at|night|10|sqm|crickets|chirping|bleed|in|from|outside|very|quiet|light|distant|traffic|ambroom_quiet|room|a|basement|boilerroom_syso_syso0013wav|general ambience series - quiet rooms 03|systematic sound"
"AMBFarm_Ranch Horse Pasture Snorting Chewing Trotting_SYSO_SYSO011.wav","General Ambience Series - Rural Countryside 01","Systematic Sound","https://sonniss.com/product/general-ambience-series-rural-countryside-01","/Sonniss - GDC 2024 - Game Audio Bundle/Systematic Sound - General Ambience Series - Rural Countryside 01/AMBFarm_Ranch Horse Pasture Snorting Chewing Trotting_SYSO_SYSO011.wav","ambience|countryside|evening|ranch|horse|pasture|herd|walk|trot|tar|eating|hay|chewing|snorting|grunting|farting|breathing|heavy|hooves|clanking|ambfarm_ranch|horse|pasture|snorting|chewing|trotting_syso_syso011wav|general ambience series - rural countryside 01|systematic sound"
"AMBRurl_Field Wheat Dry Sizzle Insects Wind Soft_SYSO_SYSO011.wav","General Ambience Series - Rural Countryside 02","Systematic Sound","https://sonniss.com/product/general-ambience-series-rural-countryside-02","/Sonniss - GDC 2024 - Game Audio Bundle/Systematic Sound - General Ambience Series - Rural Countryside 01/AMBRurl_Field Wheat Dry Sizzle Insects Wind Soft_SYSO_SYSO011.wav","ambience|countryside|evening|calm|dry|wheat|field|sizzling|in|the|sun|insects|and|flies|buzzing|flying|around|sparse|&|distant|european|birdsong|incl|wood|pigeon|common|blackbird|grasshopperwarbler|eurasian|skylark|faint|traffic|roar|ambrurl_field|sizzle|wind|soft_syso_syso011wav|general ambience series - rural countryside 02|systematic sound"
"AMBRurl_Meadow Open Plane Windy Deep Rumble_SYSO_SYSO011-1.wav","General Ambience Series - Rural Countryside 03","Systematic Sound","https://sonniss.com/product/general-ambience-series-rural-countryside-03","/Sonniss - GDC 2024 - Game Audio Bundle/Systematic Sound - General Ambience Series - Rural Countryside 01/AMBRurl_Meadow Open Plane Windy Deep Rumble_SYSO_SYSO011-1.wav","ambience|countryside|evening|soft|wind|meadow|hillside|topdown|facing|a|valley|open|plane|sparse|european|birdsong|incl|common|raven|chiffchaff|cave|swallow|eurasian|treecreeper|deep|rumble|and|roar|from|distant|foliage|rustling|insec|ambrurl_meadow|plane|windy|rumble_syso_syso0111wav|general ambience series - rural countryside 03|systematic sound"
"Cabinet_Metal_Rumble_Rattle_Shake_Vibrate_Debris_Dpa4060_Seismic_Activities_21.Wav","Seismic Activities","The Soundcatcher","https://sonniss.com/product/seismic-activities","/Sonniss - GDC 2024 - Game Audio Bundle/The Soundcatcher - Seismic Activities/Cabinet_Metal_Rumble_Rattle_Shake_Vibrate_Debris_Dpa4060_Seismic_Activities_21.Wav","seismic|cabinet|metal|rumble|rattle|shake|vibrate|debris|clatter|judder|nervous|earthquake|tremor|microseism|cabinet_metal_rumble_rattle_shake_vibrate_debris_dpa4060_seismic_activities_21wav|seismic activities|the soundcatcher"
"Kitchen_Cupboard_Impact_Rattle_Vibrate_Rumble_Mkh8040Seismic_Activities_2.Wav","Seismic Activities","The Soundcatcher","https://sonniss.com/product/seismic-activities","/Sonniss - GDC 2024 - Game Audio Bundle/The Soundcatcher - Seismic Activities/Kitchen_Cupboard_Impact_Rattle_Vibrate_Rumble_Mkh8040Seismic_Activities_2.Wav","seismic|kitchen|cupboard|impact|rattle|vibrate|rumble|clatter|shake|judder|nervous|earthquake|tremor|microseism|kitchen_cupboard_impact_rattle_vibrate_rumble_mkh8040seismic_activities_2wav|seismic activities|the soundcatcher"
"Metal_Rails_Pack_Rumble_Rattle_Shake_Vibrate_Debris_Mkh8040_Seismic_Activities_03.Wav","Seismic Activities","The Soundcatcher","https://sonniss.com/product/seismic-activities","/Sonniss - GDC 2024 - Game Audio Bundle/The Soundcatcher - Seismic Activities/Metal_Rails_Pack_Rumble_Rattle_Shake_Vibrate_Debris_Mkh8040_Seismic_Activities_03.Wav","seismic|metal|rails|pack|rumble|rattle|shake|vibrate|debris|clatter|judder|nervous|earthquake|tremor|microseism|metal_rails_pack_rumble_rattle_shake_vibrate_debris_mkh8040_seismic_activities_03wav|seismic activities|the soundcatcher"
"Staircase_Metal_Rumble_Rattling_Vibrate_Debris_D100_Seismic_Activities_03.Wav","Seismic Activities","The Soundcatcher","https://sonniss.com/product/seismic-activities","/Sonniss - GDC 2024 - Game Audio Bundle/The Soundcatcher - Seismic Activities/Staircase_Metal_Rumble_Rattling_Vibrate_Debris_D100_Seismic_Activities_03.Wav","seismic|staircase|metal|rumble|rattling|vibrate|debris|clatter|shake|judder|nervous|earthquake|tremor|microseism|staircase_metal_rumble_rattling_vibrate_debris_d100_seismic_activities_03wav|seismic activities|the soundcatcher"
"MOD011.wav","Modern Office Ambiences","TheWorkRoom Audio Post","https://sonniss.com/product/modern-office-ambiences","/Sonniss - GDC 2024 - Game Audio Bundle/TheWorkRoom Audio Post - Modern Office Ambiences/MOD011.wav","advertising|agency|production|environment|room|tone|lite|movement|occasional|tap|running|mod011wav|modern office ambiences|theworkroom audio post"
"MOD019.wav","Modern Office Ambiences","TheWorkRoom Audio Post","https://sonniss.com/product/modern-office-ambiences","/Sonniss - GDC 2024 - Game Audio Bundle/TheWorkRoom Audio Post - Modern Office Ambiences/MOD019.wav","large|corporate|office|interior|distant|voices|footsteps|doors|opening|&|closing|trolley|mod019wav|modern office ambiences|theworkroom audio post"
"MUS004.wav","Music Spill","TheWorkRoom Audio Post","https://sonniss.com/product/music-spill","/Sonniss - GDC 2024 - Game Audio Bundle/TheWorkRoom Audio Post - Music Spill/MUS004.wav","rock|loop|[bpm118]|external|through|walls|(medium)|mus004wav|music spill|theworkroom audio post"
"MUS026.wav","Music Spill","TheWorkRoom Audio Post","https://sonniss.com/product/music-spill","/Sonniss - GDC 2024 - Game Audio Bundle/TheWorkRoom Audio Post - Music Spill/MUS026.wav","hip|hop|loop|[bpm88]|internal|through|walls|(far)|mus026wav|music spill|theworkroom audio post"
"MUS050.wav","Music Spill","TheWorkRoom Audio Post","https://sonniss.com/product/music-spill","/Sonniss - GDC 2024 - Game Audio Bundle/TheWorkRoom Audio Post - Music Spill/MUS050.wav","blues|loop|[bpm85]|external|through|walls|(far)|mus050wav|music spill|theworkroom audio post"
"NEO008.wav","Neoprene - Dry - Wetsuit Sound Library","TheWorkRoom Audio Post","https://sonniss.com/product/neoprene-dry-wetsuit-sound-library","/Sonniss - GDC 2024 - Game Audio Bundle/TheWorkRoom Audio Post - Neoprene - Dry - Wetsuit/NEO008.wav","dry|full|wetsuit|35mm|zip|up|&|down|fast|neo008wav|neoprene - dry - wetsuit sound library|theworkroom audio post"
"NEO028.wav","Neoprene - Dry - Wetsuit Sound Library","TheWorkRoom Audio Post","https://sonniss.com/product/neoprene-dry-wetsuit-sound-library","/Sonniss - GDC 2024 - Game Audio Bundle/TheWorkRoom Audio Post - Neoprene - Dry - Wetsuit/NEO028.wav","dry|wetsuit|pants|1mm|neoprene|foley|handling|neo028wav|neoprene - dry - wetsuit sound library|theworkroom audio post"
"NEOW003.wav","Neoprene - Wet- Wetsuit Sound Library","TheWorkRoom Audio Post","https://sonniss.com/product/neoprene-wet-wetsuit-sound-library","/Sonniss - GDC 2024 - Game Audio Bundle/TheWorkRoom Audio Post - Neoprene - Wet- Wetsuit/NEOW003.wav","wet|full|wetsuit|35mm|neoprene|pick|up|&|put|down|1|sand|neow003wav|neoprene - wet- wetsuit sound library|theworkroom audio post"
"NEOW030.wav","Neoprene - Wet- Wetsuit Sound Library","TheWorkRoom Audio Post","https://sonniss.com/product/neoprene-wet-wetsuit-sound-library","/Sonniss - GDC 2024 - Game Audio Bundle/TheWorkRoom Audio Post - Neoprene - Wet- Wetsuit/NEOW030.wav","wet|wetsuit|pants|1mm|neoprene|rubs|neow030wav|neoprene - wet- wetsuit sound library|theworkroom audio post"
"SAPST01.wav","South African Ambiences - Protests","TheWorkRoom Audio Post","https://sonniss.com/product/south-african-ambiences-protests","/Sonniss - GDC 2024 - Game Audio Bundle/TheWorkRoom Audio Post - South African Ambiences - Protests/SAPST01.wav","peaceful|protest|distant|scattered|voice|traffic|shouts|drums|chants|sapst01wav|south african ambiences - protests|theworkroom audio post"
"GAMEBoard_Chess, Contact, King Takes_UberDuo_Game.wav","Game Night Audio Props","UberDuo","https://sonniss.com/product/game-night-audio-props","/Sonniss - GDC 2024 - Game Audio Bundle/UberDuo - Game Night Audio Props/GAMEBoard_Chess, Contact, King Takes_UberDuo_Game.wav","chess|contact|king|takes|knight|gameboard_chess|king|takes_uberduo_gamewav|game night audio props|uberduo"
"GAMEBoard_Dice, Contact, Die, Roll, On Table_UberDuo_Game.wav","Game Night Audio Props","UberDuo","https://sonniss.com/product/game-night-audio-props","/Sonniss - GDC 2024 - Game Audio Bundle/UberDuo - Game Night Audio Props/GAMEBoard_Dice, Contact, Die, Roll, On Table_UberDuo_Game.wav","dice|contact|die|roll|on|table|gameboard_dice|table_uberduo_gamewav|game night audio props|uberduo"
"GAMEBoard_Kid's Board Game, Shotgun, Pawns_UberDuo_Game_05.wav","Game Night Audio Props","UberDuo","https://sonniss.com/product/game-night-audio-props","/Sonniss - GDC 2024 - Game Audio Bundle/UberDuo - Game Night Audio Props/GAMEBoard_Kid's Board Game, Shotgun, Pawns_UberDuo_Game_05.wav","kid's|board|game|shotgun|pawns|slide|gameboard_kid's|pawns_uberduo_game_05wav|game night audio props|uberduo"
"GAMEBoard_Scrabble, Shotgun, Tiles, Drop_UberDuo_Game.wav","Game Night Audio Props","UberDuo","https://sonniss.com/product/game-night-audio-props","/Sonniss - GDC 2024 - Game Audio Bundle/UberDuo - Game Night Audio Props/GAMEBoard_Scrabble, Shotgun, Tiles, Drop_UberDuo_Game.wav","scrabble|shotgun|tiles|drop|on|board|gameboard_scrabble|tiles|drop_uberduo_gamewav|game night audio props|uberduo"
"ANMLHors_Horse, Quarter Horse, Mare, Snort_Uberduo_HORS_Mono-002.wav","Horsin’ Around – Character Play Set","UberDuo","https://sonniss.com/product/horsin-around-character-play-set","/Sonniss - GDC 2024 - Game Audio Bundle/UberDuo - Horsin’ Around – Character Play Set/ANMLHors_Horse, Quarter Horse, Mare, Snort_Uberduo_HORS_Mono-002.wav","anmlhors_horse|quarter|horse|mare|snort_uberduo_horsin|around|snort_uberduo_hors_mono002wav|horsin’ around – character play set|uberduo"
"ANMLHors_Horse, Quarter Horse, Mare, Snort_Uberduo_HORS_Stereo-001.wav","Horsin’ Around – Character Play Set","UberDuo","https://sonniss.com/product/horsin-around-character-play-set","/Sonniss - GDC 2024 - Game Audio Bundle/UberDuo - Horsin’ Around – Character Play Set/ANMLHors_Horse, Quarter Horse, Mare, Snort_Uberduo_HORS_Stereo-001.wav","anmlhors_horse|quarter|horse|mare|snort_uberduo_horsin|around|snort_uberduo_hors_stereo001wav|horsin’ around – character play set|uberduo"
"ANMLHors_Horse, Quarter Horse, Mare, Trot_Uberduo_HORS_Stereo-001.wav","Horsin’ Around – Character Play Set","UberDuo","https://sonniss.com/product/horsin-around-character-play-set","/Sonniss - GDC 2024 - Game Audio Bundle/UberDuo - Horsin’ Around – Character Play Set/ANMLHors_Horse, Quarter Horse, Mare, Trot_Uberduo_HORS_Stereo-001.wav","anmlhors_horse|quarter|horse|mare|trot_uberduo_horsin|around|trot_uberduo_hors_stereo001wav|horsin’ around – character play set|uberduo"
"HMNBrth_Human, Adult, Male, Breath, Surprise, Gasp_UberDuo_INHL_17.wav","Inhale – Owen – Character Playset","UberDuo","https://sonniss.com/product/inhale-owen-character-playset","/Sonniss - GDC 2024 - Game Audio Bundle/UberDuo - Inhale – Owen – Character Playset/HMNBrth_Human, Adult, Male, Breath, Surprise, Gasp_UberDuo_INHL_17.wav","human|adult|male|breath|surprise|gasp|hmnbrth_human|gasp_uberduo_inhl_17wav|inhale – owen – character playset|uberduo"
"HMNBrth_Human, Adult, Male, Breathe, Mouth, Slow,_UberDuo_INHL.wav","Inhale – Owen – Character Playset","UberDuo","https://sonniss.com/product/inhale-owen-character-playset","/Sonniss - GDC 2024 - Game Audio Bundle/UberDuo - Inhale – Owen – Character Playset/HMNBrth_Human, Adult, Male, Breathe, Mouth, Slow,_UberDuo_INHL.wav","human|adult|male|breathe|mouth|slow|hmnbrth_human|_uberduo_inhlwav|inhale – owen – character playset|uberduo"
"HMNBrth_Human, Adult, Male, Exhale, Mouth, Dying_UberDuo_INHL_09.wav","Inhale – Owen – Character Playset","UberDuo","https://sonniss.com/product/inhale-owen-character-playset","/Sonniss - GDC 2024 - Game Audio Bundle/UberDuo - Inhale – Owen – Character Playset/HMNBrth_Human, Adult, Male, Exhale, Mouth, Dying_UberDuo_INHL_09.wav","human|adult|male|exhale|mouth|dying|hmnbrth_human|dying_uberduo_inhl_09wav|inhale – owen – character playset|uberduo"
"HMNBrth_Human, Adult, Male, Smoking 3_UberDuo_INHL.wav","Inhale – Owen – Character Playset","UberDuo","https://sonniss.com/product/inhale-owen-character-playset","/Sonniss - GDC 2024 - Game Audio Bundle/UberDuo - Inhale – Owen – Character Playset/HMNBrth_Human, Adult, Male, Smoking 3_UberDuo_INHL.wav","human|adult|male|smoking|3|hmnbrth_human|3_uberduo_inhlwav|inhale – owen – character playset|uberduo"
"HMNBrth_Human, Adult, Female, Breathe, Growing Panic_UberDuo_INHL.wav","Inhale – Tanja – Character Playset","UberDuo","https://sonniss.com/product/inhale-tanja-character-playset","/Sonniss - GDC 2024 - Game Audio Bundle/UberDuo - Inhale – Tanja – Character Playset/HMNBrth_Human, Adult, Female, Breathe, Growing Panic_UberDuo_INHL.wav","hmnbrth_human|adult|female|breathe|growing|panic_uberduo_inhlwav|inhale – tanja – character playset|uberduo"
"HMNBrth_Human, Adult, Female, Panting, Nose, Loop_UberDuo_INHL.wav","Inhale – Tanja – Character Playset","UberDuo","https://sonniss.com/product/inhale-tanja-character-playset","/Sonniss - GDC 2024 - Game Audio Bundle/UberDuo - Inhale – Tanja – Character Playset/HMNBrth_Human, Adult, Female, Panting, Nose, Loop_UberDuo_INHL.wav","hmnbrth_human|adult|female|panting|nose|loop_uberduo_inhlwav|inhale – tanja – character playset|uberduo"
"HMNBrth_Human, Adult, Female, Sniff, Nose 7_UberDuo_INHL.wav","Inhale – Tanja – Character Playset","UberDuo","https://sonniss.com/product/inhale-tanja-character-playset","/Sonniss - GDC 2024 - Game Audio Bundle/UberDuo - Inhale – Tanja – Character Playset/HMNBrth_Human, Adult, Female, Sniff, Nose 7_UberDuo_INHL.wav","hmnbrth_human|adult|female|sniff|nose|7_uberduo_inhlwav|inhale – tanja – character playset|uberduo"
"HMNBrth_Human, Adult, Female, Yawn 3_UberDuo_INHL.wav","Inhale – Tanja – Character Playset","UberDuo","https://sonniss.com/product/inhale-tanja-character-playset","/Sonniss - GDC 2024 - Game Audio Bundle/UberDuo - Inhale – Tanja – Character Playset/HMNBrth_Human, Adult, Female, Yawn 3_UberDuo_INHL.wav","hmnbrth_human|adult|female|yawn|3_uberduo_inhlwav|inhale – tanja – character playset|uberduo"
"AMBUrbn_City, Buffalo, Residential, Traffic, General_UberDuo_HOOD.wav","The ‘Hood Audio Playset","UberDuo","https://sonniss.com/product/the-hood-audio-playset","/Sonniss - GDC 2024 - Game Audio Bundle/UberDuo - The ‘hood Audio Playset/AMBUrbn_City, Buffalo, Residential, Traffic, General_UberDuo_HOOD.wav","amburbn_city|buffalo|residential|traffic|general_uberduo_hoodwav|the ‘hood audio playset|uberduo"
"AMBUrbn_City, Buffalo, Residential, Traffic, Police_UberDuo_HOOD_04.wav","The ‘Hood Audio Playset","UberDuo","https://sonniss.com/product/the-hood-audio-playset","/Sonniss - GDC 2024 - Game Audio Bundle/UberDuo - The ‘hood Audio Playset/AMBUrbn_City, Buffalo, Residential, Traffic, Police_UberDuo_HOOD_04.wav","amburbn_city|buffalo|residential|traffic|police_uberduo_hood_04wav|the ‘hood audio playset|uberduo"
"AMBUrbn_City, Buffalo, Residential, Traffic, Roll_UberDuo_HOOD.wav","The ‘Hood Audio Playset","UberDuo","https://sonniss.com/product/the-hood-audio-playset","/Sonniss - GDC 2024 - Game Audio Bundle/UberDuo - The ‘hood Audio Playset/AMBUrbn_City, Buffalo, Residential, Traffic, Roll_UberDuo_HOOD.wav","amburbn_city|buffalo|residential|traffic|roll_uberduo_hoodwav|the ‘hood audio playset|uberduo"
"MOTRElec_Razor, Electric, Norelco, On, Run And Off_UberDuo_BATH.wav","The Bathroom Audio Playset","UberDuo","https://sonniss.com/product/the-bathroom-audio-playset","/Sonniss - GDC 2024 - Game Audio Bundle/UberDuo - The Bathroom Audio Playset/MOTRElec_Razor, Electric, Norelco, On, Run And Off_UberDuo_BATH.wav","razor|electric|norelco|on|run|and|off|motrelec_razor|off_uberduo_bathwav|the bathroom audio playset|uberduo"
"OBJCont_Hair Care, Curl Cream, Dispenser, Pump_UberDuo_BATH.wav","The Bathroom Audio Playset","UberDuo","https://sonniss.com/product/the-bathroom-audio-playset","/Sonniss - GDC 2024 - Game Audio Bundle/UberDuo - The Bathroom Audio Playset/OBJCont_Hair Care, Curl Cream, Dispenser, Pump_UberDuo_BATH.wav","hair|care|curl|cream|dispenser|pump|objcont_hair|pump_uberduo_bathwav|the bathroom audio playset|uberduo"
"WATRDran_Bath, Tub, Drain_UberDuo_BATH.wav","The Bathroom Audio Playset","UberDuo","https://sonniss.com/product/the-bathroom-audio-playset","/Sonniss - GDC 2024 - Game Audio Bundle/UberDuo - The Bathroom Audio Playset/WATRDran_Bath, Tub, Drain_UberDuo_BATH.wav","bath|tub|drain|watrdran_bath|drain_uberduo_bathwav|the bathroom audio playset|uberduo"
"WATRPlmb_Sink, Bathroom, Water, Run, Rinse Toothbrush_UberDuo_BATH.wav","The Bathroom Audio Playset","UberDuo","https://sonniss.com/product/the-bathroom-audio-playset","/Sonniss - GDC 2024 - Game Audio Bundle/UberDuo - The Bathroom Audio Playset/WATRPlmb_Sink, Bathroom, Water, Run, Rinse Toothbrush_UberDuo_BATH.wav","sink|bathroom|water|run|rinse|toothbrush|watrplmb_sink|toothbrush_uberduo_bathwav|the bathroom audio playset|uberduo"
"FOODKware_Kitchen, Sink, Cup, Wash, Glass Brush_UberDuo_SINK.wav","The Kitchen Sink Audio Playset","UberDuo","https://sonniss.com/product/the-kitchen-sink-audio-playset","/Sonniss - GDC 2024 - Game Audio Bundle/UberDuo - The Kitchen Sink Audio Playset/FOODKware_Kitchen, Sink, Cup, Wash, Glass Brush_UberDuo_SINK.wav","kitchen|sink|cup|wash|glass|brush|foodkware_kitchen|sink|cup|wash|glass|brush_uberduo_sinkwav|the kitchen sink audio playset|uberduo"
"FOODKware_Kitchen, Sink, Glass, Rinse_UberDuo_SINK.wav","The Kitchen Sink Audio Playset","UberDuo","https://sonniss.com/product/the-kitchen-sink-audio-playset","/Sonniss - GDC 2024 - Game Audio Bundle/UberDuo - The Kitchen Sink Audio Playset/FOODKware_Kitchen, Sink, Glass, Rinse_UberDuo_SINK.wav","kitchen|sink|glass|rinse|foodkware_kitchen|sink|glass|rinse_uberduo_sinkwav|the kitchen sink audio playset|uberduo"
"FOODKware_Kitchen, Sink, Plates Stack In Drainer_UberDuo_SINK.wav","The Kitchen Sink Audio Playset","UberDuo","https://sonniss.com/product/the-kitchen-sink-audio-playset","/Sonniss - GDC 2024 - Game Audio Bundle/UberDuo - The Kitchen Sink Audio Playset/FOODKware_Kitchen, Sink, Plates Stack In Drainer_UberDuo_SINK.wav","kitchen|sink|plates|stack|in|drainer|foodkware_kitchen|sink|plates|stack|in|drainer_uberduo_sinkwav|the kitchen sink audio playset|uberduo"
"BEEPAppl_Microwave, Beeps_UberDuo_TOWN.wav","The Mountain Townhouse Audio Playset","UberDuo","https://sonniss.com/product/the-mountain-townhouse-audio-playset","/Sonniss - GDC 2024 - Game Audio Bundle/UberDuo - The Mountain Townhouse Audio Playset/BEEPAppl_Microwave, Beeps_UberDuo_TOWN.wav","beepappl_microwave|beeps_ubdo_townhouse|beeps_uberduo_townwav|the mountain townhouse audio playset|uberduo"
"MACHFan_Bathroom Fan, On And Run_UberDuo_TOWN.wav","The Mountain Townhouse Audio Playset","UberDuo","https://sonniss.com/product/the-mountain-townhouse-audio-playset","/Sonniss - GDC 2024 - Game Audio Bundle/UberDuo - The Mountain Townhouse Audio Playset/MACHFan_Bathroom Fan, On And Run_UberDuo_TOWN.wav","machfan_bathroom|fan|on|and|run_ubdo_townhouse|on|and|run_uberduo_townwav|the mountain townhouse audio playset|uberduo"
"WATRPlmb_Toilet, Flush Cycle_UberDuo_TOWN.wav","The Mountain Townhouse Audio Playset","UberDuo","https://sonniss.com/product/the-mountain-townhouse-audio-playset","/Sonniss - GDC 2024 - Game Audio Bundle/UberDuo - The Mountain Townhouse Audio Playset/WATRPlmb_Toilet, Flush Cycle_UberDuo_TOWN.wav","watrplmb_toilet|flush|cycle_ubdo_townhouse|cycle_uberduo_townwav|the mountain townhouse audio playset|uberduo"
"Desk, Move, Scrape, Fast.wav","The School Audio Playset","UberDuo","https://sonniss.com/product/the-school-audio-playset","/Sonniss - GDC 2024 - Game Audio Bundle/UberDuo - The School Audio Playset/Desk, Move, Scrape, Fast.wav","desk|move|scrape|fastwav|the school audio playset|uberduo"
"Door, heavy, classroom, open.wav","The School Audio Playset","UberDuo","https://sonniss.com/product/the-school-audio-playset","/Sonniss - GDC 2024 - Game Audio Bundle/UberDuo - The School Audio Playset/Door, heavy, classroom, open.wav","door|heavy|classroom|openwav|the school audio playset|uberduo"
"School, Cafeteria, Ambience.wav","The School Audio Playset","UberDuo","https://sonniss.com/product/the-school-audio-playset","/Sonniss - GDC 2024 - Game Audio Bundle/UberDuo - The School Audio Playset/School, Cafeteria, Ambience.wav","school|cafeteria|ambiencewav|the school audio playset|uberduo"
"Whiteboard, marker, write, cursive.wav","The School Audio Playset","UberDuo","https://sonniss.com/product/the-school-audio-playset","/Sonniss - GDC 2024 - Game Audio Bundle/UberDuo - The School Audio Playset/Whiteboard, marker, write, cursive.wav","whiteboard|marker|write|cursivewav|the school audio playset|uberduo"
"AMBMrkt_Checkout, Supermarket, Light Conversation_UberDuo_MRKT.wav","The Supermarket Audio Play Set","UberDuo","https://sonniss.com/product/the-supermarket-audio-play-set","/Sonniss - GDC 2024 - Game Audio Bundle/UberDuo - The Supermarket Audio Play Set/AMBMrkt_Checkout, Supermarket, Light Conversation_UberDuo_MRKT.wav","checkout|supermarket|light|conversation|ambmrkt_checkout|conversation_uberduo_mrktwav|the supermarket audio play set|uberduo"
"AMBMrkt_Crowd, Supermarket, Aisle, Grocery, Shopping_UberDuo_MRKT_01.wav","The Supermarket Audio Play Set","UberDuo","https://sonniss.com/product/the-supermarket-audio-play-set","/Sonniss - GDC 2024 - Game Audio Bundle/UberDuo - The Supermarket Audio Play Set/AMBMrkt_Crowd, Supermarket, Aisle, Grocery, Shopping_UberDuo_MRKT_01.wav","crowd|supermarket|aisle|grocery|shopping|checkouts|in|distance|light|conversation|freezer|ambmrkt_crowd|shopping_uberduo_mrkt_01wav|the supermarket audio play set|uberduo"
"DOORMetl_Woodstove, Door, Iron, Close_UberDuo_WOOD.wav","The Wood Stove Audio Prop Set","UberDuo","https://sonniss.com/product/the-wood-stove-audio-prop-set","/Sonniss - GDC 2024 - Game Audio Bundle/UberDuo - The Wood Stove Audio Prop Set/DOORMetl_Woodstove, Door, Iron, Close_UberDuo_WOOD.wav","woodstove|door|iron|close|doormetl_woodstove|close_uberduo_woodwav|the wood stove audio prop set|uberduo"
"FIREMisc_Fire Crackling In A Woodstove_UberDuo_WOOD.wav","The Wood Stove Audio Prop Set","UberDuo","https://sonniss.com/product/the-wood-stove-audio-prop-set","/Sonniss - GDC 2024 - Game Audio Bundle/UberDuo - The Wood Stove Audio Prop Set/FIREMisc_Fire Crackling In A Woodstove_UberDuo_WOOD.wav","fire|crackling|in|a|woodstove|firemisc_fire|woodstove_uberduo_woodwav|the wood stove audio prop set|uberduo"
"OBJHsehld_Woodstove Tools, Whisk Broom And Dust Pan_UberDuo_WOOD.wav","The Wood Stove Audio Prop Set","UberDuo","https://sonniss.com/product/the-wood-stove-audio-prop-set","/Sonniss - GDC 2024 - Game Audio Bundle/UberDuo - The Wood Stove Audio Prop Set/OBJHsehld_Woodstove Tools, Whisk Broom And Dust Pan_UberDuo_WOOD.wav","woodstove|tools|whisk|broom|and|dust|pan|sweep|objhsehld_woodstove|pan_uberduo_woodwav|the wood stove audio prop set|uberduo"
"TOOLHand_Bar Clamp, Screw, Tighten_UberDuo_TOOL.wav","The Workshop Audio Playset","UberDuo","https://sonniss.com/product/the-workshop-audio-playset","/Sonniss - GDC 2024 - Game Audio Bundle/UberDuo - The Workshop Audio Playset/TOOLHand_Bar Clamp, Screw, Tighten_UberDuo_TOOL.wav","bar|clamp|screw|tighten|toolhand_bar|tighten_uberduo_toolwav|the workshop audio playset|uberduo"
"TOOLHand_Staple Gun_UberDuo_TOOL.wav","The Workshop Audio Playset","UberDuo","https://sonniss.com/product/the-workshop-audio-playset","/Sonniss - GDC 2024 - Game Audio Bundle/UberDuo - The Workshop Audio Playset/TOOLHand_Staple Gun_UberDuo_TOOL.wav","staple|gun|toolhand_staple|gun_uberduo_toolwav|the workshop audio playset|uberduo"
"TOOLPowr_Drill Press, On, Run, Wabbly Bit_UberDuo_TOOL.wav","The Workshop Audio Playset","UberDuo","https://sonniss.com/product/the-workshop-audio-playset","/Sonniss - GDC 2024 - Game Audio Bundle/UberDuo - The Workshop Audio Playset/TOOLPowr_Drill Press, On, Run, Wabbly Bit_UberDuo_TOOL.wav","drill|press|on|run|wabbly|bit|toolpowr_drill|bit_uberduo_toolwav|the workshop audio playset|uberduo"
"TOOLPowr_Variable Speed Muti Tool, On, Run, Engrave_UberDuo_TOOL_01.wav","The Workshop Audio Playset","UberDuo","https://sonniss.com/product/the-workshop-audio-playset","/Sonniss - GDC 2024 - Game Audio Bundle/UberDuo - The Workshop Audio Playset/TOOLPowr_Variable Speed Muti Tool, On, Run, Engrave_UberDuo_TOOL_01.wav","variable|speed|muti|tool|on|run|engrave|wood|high|off|toolpowr_variable|engrave_uberduo_tool_01wav|the workshop audio playset|uberduo"
"Droid-Transformation-07.wav","Battle Droid","Unreal SFX","https://sonniss.com/product/battle-droid","/Sonniss - GDC 2024 - Game Audio Bundle/Unreal SFX - Battle Droid/Droid-Transformation-07.wav","droidtransformation07wav|battle droid|unreal sfx"
"Droid-UI_10.wav","Battle Droid","Unreal SFX","https://sonniss.com/product/battle-droid","/Sonniss - GDC 2024 - Game Audio Bundle/Unreal SFX - Battle Droid/Droid-UI_10.wav","droidui_10wav|battle droid|unreal sfx"
"Droid-Vehicles_12.wav","Battle Droid","Unreal SFX","https://sonniss.com/product/battle-droid","/Sonniss - GDC 2024 - Game Audio Bundle/Unreal SFX - Battle Droid/Droid-Vehicles_12.wav","droidvehicles_12wav|battle droid|unreal sfx"
"Droid-Weapons_10.wav","Battle Droid","Unreal SFX","https://sonniss.com/product/battle-droid","/Sonniss - GDC 2024 - Game Audio Bundle/Unreal SFX - Battle Droid/Droid-Weapons_10.wav","droidweapons_10wav|battle droid|unreal sfx"
"UBL_Lo-Tech_70_one_shot_key_Amin.wav","Lo-Tech: Premium Degraded Tape FX","Used Bin Loops","https://sonniss.com/product/lo-tech-premium-degraded-tape-fx","/Sonniss - GDC 2024 - Game Audio Bundle/Used Bin Loops - Lo-Tech Premium Degraded Tape FX/UBL_Lo-Tech_70_one_shot_key_Amin.wav","ubl_lotech_70_one_shot_key_aminwav|lo-tech: premium degraded tape fx|used bin loops"
"UBL_Lo-Tech_90_one_shot_atmosphere_C#maj.wav","Lo-Tech: Premium Degraded Tape FX","Used Bin Loops","https://sonniss.com/product/lo-tech-premium-degraded-tape-fx","/Sonniss - GDC 2024 - Game Audio Bundle/Used Bin Loops - Lo-Tech Premium Degraded Tape FX/UBL_Lo-Tech_90_one_shot_atmosphere_C#maj.wav","ubl_lotech_90_one_shot_atmosphere_c#majwav|lo-tech: premium degraded tape fx|used bin loops"
"UBL_Lo-Tech_110_one_shot_pad_Dmin.wav","Lo-Tech: Premium Degraded Tape FX","Used Bin Loops","https://sonniss.com/product/lo-tech-premium-degraded-tape-fx","/Sonniss - GDC 2024 - Game Audio Bundle/Used Bin Loops - Lo-Tech Premium Degraded Tape FX/UBL_Lo-Tech_110_one_shot_pad_Dmin.wav","ubl_lotech_110_one_shot_pad_dminwav|lo-tech: premium degraded tape fx|used bin loops"
"VEHRace-EXT_Rally Car-Braking Cornering Accelerating 05_WM_RALLYLEGEND.wav","Rally Legend","Wavemotion","https://sonniss.com/product/rally-legend","/Sonniss - GDC 2024 - Game Audio Bundle/Wavemotion - Rally Legend/VEHRace-EXT_Rally Car-Braking Cornering Accelerating 05_WM_RALLYLEGEND.wav","rally|car|race|racing|auto|sport|exterior|engine|drive|braking|brake|cornering|corner|turning|turn|pass|by|accelerate|acceleration|speed|away|vehraceext_rally|carbraking|accelerating|05_wm_rallylegendwav|rally legend|wavemotion"
"VEHRace-EXT_Rally Car-Race Start 03_WM_RALLYLEGEND.wav","Rally Legend","Wavemotion","https://sonniss.com/product/rally-legend","/Sonniss - GDC 2024 - Game Audio Bundle/Wavemotion - Rally Legend/VEHRace-EXT_Rally Car-Race Start 03_WM_RALLYLEGEND.wav","rally|car|race|racing|auto|race|start|sport|exterior|engine|rev|revving|drive|exhaust|accelerate|acceleration|away|vehraceext_rally|carrace|03_wm_rallylegendwav|rally legend|wavemotion"
"VEHRace-EXT_Rally Car-Straight Pass By 04_WM_RALLYLEGEND.wav","Rally Legend","Wavemotion","https://sonniss.com/product/rally-legend","/Sonniss - GDC 2024 - Game Audio Bundle/Wavemotion - Rally Legend/VEHRace-EXT_Rally Car-Straight Pass By 04_WM_RALLYLEGEND.wav","rally|car|race|racing|auto|sport|exterior|engine|drive|straight|pass|by|accelerate|acceleration|speed|away|vehraceext_rally|carstraight|04_wm_rallylegendwav|rally legend|wavemotion"
"VEHRace-EXT_Rally Car-Straight Uphill Pass By 14_WM_RALLYLEGEND.wav","Rally Legend","Wavemotion","https://sonniss.com/product/rally-legend","/Sonniss - GDC 2024 - Game Audio Bundle/Wavemotion - Rally Legend/VEHRace-EXT_Rally Car-Straight Uphill Pass By 14_WM_RALLYLEGEND.wav","rally|car|race|racing|auto|sport|exterior|engine|drive|uphill|straight|pass|by|accelerate|acceleration|speed|away|vehraceext_rally|carstraight|14_wm_rallylegendwav|rally legend|wavemotion"
"AMBAlpn-EXT_Ski Lift Station Ambience_02_WM_SKIRIDE.wav","Ski Ride","Wavemotion","https://sonniss.com/product/ski-ride","/Sonniss - GDC 2024 - Game Audio Bundle/Wavemotion - Ski Ride/AMBAlpn-EXT_Ski Lift Station Ambience_02_WM_SKIRIDE.wav","sport|ski|skiing|slope|winter|snow|mountain|alps|ambience|lift|ambalpnext_ski|station|ambience_02_wm_skiridewav|ski ride|wavemotion"
"EQUIPSprt-EXT_Ski Gloves 03_WM_SKIRIDE.wav","Ski Ride","Wavemotion","https://sonniss.com/product/ski-ride","/Sonniss - GDC 2024 - Game Audio Bundle/Wavemotion - Ski Ride/EQUIPSprt-EXT_Ski Gloves 03_WM_SKIRIDE.wav","sport|ski|skiing|skier|equipment|gloves|wear|foley|movement|equipsprtext_ski|03_wm_skiridewav|ski ride|wavemotion"
"SPRTWntr-EXT_Skier Pass By Right To Left 03_WM_SKIRIDE.wav","Ski Ride","Wavemotion","https://sonniss.com/product/ski-ride","/Sonniss - GDC 2024 - Game Audio Bundle/Wavemotion - Ski Ride/SPRTWntr-EXT_Skier Pass By Right To Left 03_WM_SKIRIDE.wav","sport|winter|ski|skiing|skier|pass|by|medium|speed|right|left|movement|slope|sprtwntrext_skier|to|03_wm_skiridewav|ski ride|wavemotion"
"SPRTWntr-EXT_Skiing On Soft Snow 01_WM_SKIRIDE.wav","Ski Ride","Wavemotion","https://sonniss.com/product/ski-ride","/Sonniss - GDC 2024 - Game Audio Bundle/Wavemotion - Ski Ride/SPRTWntr-EXT_Skiing On Soft Snow 01_WM_SKIRIDE.wav","sport|winter|ski|skiing|skier|movement|speed|slope|soft|snow|sprtwntrext_skiing|on|01_wm_skiridewav|ski ride|wavemotion"