"FILENAME","LIBRARY","SUPPLIER","URL","DOWNLOAD","TAGS"
"AEROJet_Blast Off Clean_344 Audio_Air Designed.wav","Air Designed","344 Audio","https://sonniss.com/sound-effects/air-designed/","/344 Audio - Air Designed/AEROJet_Blast Off Clean_344 Audio_Air Designed.wav","airplane|air|wind|noise|jet|airforce|travel|vehicles|action|scifi|aerojet_blast|off|clean_344|audio_air|designedwav|air designed|344 audio"
"AEROJet_Unidentified Encounter_344 Audio_Air Designed.wav","Air Designed","344 Audio","https://sonniss.com/sound-effects/air-designed/","/344 Audio - Air Designed/AEROJet_Unidentified Encounter_344 Audio_Air Designed.wav","airplane|air|wind|noise|jet|airforce|travel|vehicles|action|scifi|aerojet_unidentified|encounter_344|audio_air|designedwav|air designed|344 audio"
"VOXMale_Boxer Level Up 1_344 Audio_Anime Fight Voices.wav","Anime Fight Voices Vol. 1","344 Audio","https://sonniss.com/sound-effects/anime-fight-voices-vol-1/","/344 Audio - Anime Fight Voices Vol. 1/VOXMale_Boxer Level Up 1_344 Audio_Anime Fight Voices.wav","anime|voice|vox|fight|combat|battle|man|announcer|boxer|adventurer|epic|attack|defense|game|warrior|opponent|grunt|yell|level|up|voxmale_boxer|1_344|audio_anime|voiceswav|anime fight voices vol. 1|344 audio"
"VOXMale_Male Adventurer, Active Yell 19_344 Audio_Anime Fight Voices.wav","Anime Fight Voices Vol. 1","344 Audio","https://sonniss.com/sound-effects/anime-fight-voices-vol-1/","/344 Audio - Anime Fight Voices Vol. 1/VOXMale_Male Adventurer, Active Yell 19_344 Audio_Anime Fight Voices.wav","anime|voice|vox|fight|combat|battle|man|announcer|boxer|adventurer|epic|attack|defense|game|warrior|opponent|grunt|yell|level|up|voxmale_male|active|19_344|audio_anime|voiceswav|anime fight voices vol. 1|344 audio"
"VOXMale_Warrior Opponent Attack, 'Ai yah' 2_344 Audio_Anime Fight Voices.wav","Anime Fight Voices Vol. 1","344 Audio","https://sonniss.com/sound-effects/anime-fight-voices-vol-1/","/344 Audio - Anime Fight Voices Vol. 1/VOXMale_Warrior Opponent Attack, 'Ai yah' 2_344 Audio_Anime Fight Voices.wav","anime|voice|vox|fight|combat|battle|man|announcer|boxer|adventurer|epic|attack|defense|game|warrior|opponent|grunt|yell|level|up|voxmale_warrior|'ai|yah'|2_344|audio_anime|voiceswav|anime fight voices vol. 1|344 audio"
"VOXFem_Anime, Adult Warrior Breaths 40_344 Audio_Anime Fight Voices Vol 2.wav","Anime Fight Voices Vol. 2","344 Audio","https://sonniss.com/sound-effects/anime-fight-voices-vol-2/","/344 Audio - Anime Fight Voices Vol. 2/VOXFem_Anime, Adult Warrior Breaths 40_344 Audio_Anime Fight Voices Vol 2.wav","anime|voice|vox|vocal|fight|combat|battle|woman|girl|schoolgirl|warrior|slayer|fighter|epic|attack|defense|game|opponent|grunt|yell|gasp|voxfem_anime|adult|breaths|40_344|audio_anime|voices|vol|2wav|anime fight voices vol. 2|344 audio"
"VOXFem_Anime, Schoolgirl Fight Exhale 15_344 Audio_Anime Fight Voices Vol 2.wav","Anime Fight Voices Vol. 2","344 Audio","https://sonniss.com/sound-effects/anime-fight-voices-vol-2/","/344 Audio - Anime Fight Voices Vol. 2/VOXFem_Anime, Schoolgirl Fight Exhale 15_344 Audio_Anime Fight Voices Vol 2.wav","anime|voice|vox|vocal|fight|combat|battle|woman|girl|schoolgirl|warrior|slayer|fighter|epic|attack|defense|game|opponent|grunt|yell|gasp|voxfem_anime|exhale|15_344|audio_anime|voices|vol|2wav|anime fight voices vol. 2|344 audio"
"VOXFem_Anime, Warrior Elf Princess Aggressive Yell_344 Audio_Anime Fight Voices Vol 2_14.wav","Anime Fight Voices Vol. 2","344 Audio","https://sonniss.com/sound-effects/anime-fight-voices-vol-2/","/344 Audio - Anime Fight Voices Vol. 2/VOXFem_Anime, Warrior Elf Princess Aggressive Yell_344 Audio_Anime Fight Voices Vol 2_14.wav","anime|voice|vox|vocal|fight|combat|battle|woman|girl|schoolgirl|warrior|slayer|fighter|epic|attack|defense|game|opponent|grunt|yell|gasp|voxfem_anime|elf|princess|aggressive|yell_344|audio_anime|voices|vol|2_14wav|anime fight voices vol. 2|344 audio"
"PAPRMisc_Antique Books Flicking Through Pages 11_344 Audio_Antiques - Books.wav","Antique Books","344 Audio","https://sonniss.com/sound-effects/antique-books/","/344 Audio - Antique Books/PAPRMisc_Antique Books Flicking Through Pages 11_344 Audio_Antiques - Books.wav","antique|book|paper|page|pile|library|flicking|turning|pages|literature|magic|spells|sorcery|hard|back|paprmisc_antique|books|through|11_344|audio_antiques|bookswav|antique books|344 audio"
"PAPRMisc_Antique Books Slow Page Turns 6_344 Audio_Antiques - Books.wav","Antique Books","344 Audio","https://sonniss.com/sound-effects/antique-books/","/344 Audio - Antique Books/PAPRMisc_Antique Books Slow Page Turns 6_344 Audio_Antiques - Books.wav","antique|book|paper|page|pile|library|pages|literature|magic|spells|sorcery|hard|back|turning|slow|paprmisc_antique|books|turns|6_344|audio_antiques|bookswav|antique books|344 audio"
"PAPRMisc_Pile Of Antique Books Falling Over 8_344 Audio_Antiques - Books.wav","Antique Books","344 Audio","https://sonniss.com/sound-effects/antique-books/","/344 Audio - Antique Books/PAPRMisc_Pile Of Antique Books Falling Over 8_344 Audio_Antiques - Books.wav","antique|book|paper|page|pile|library|pages|literature|magic|spells|sorcery|hard|back|falling|down|dropping|paprmisc_pile|of|books|over|8_344|audio_antiques|bookswav|antique books|344 audio"
"CLOCKTick_Crooked Antique Clock_344 Audio_Antique Clocks.wav","Antique Clocks","344 Audio","https://sonniss.com/sound-effects/antique-clocks/","/344 Audio - Antique Clocks/CLOCKTick_Crooked Antique Clock_344 Audio_Antique Clocks.wav","antiques|clocks|time|metronome|tinkering|watch|clanking|ticking|tick|tock|countdown|clocktick_crooked|antique|clock_344|audio_antique|clockswav|antique clocks|344 audio"
"CLOCKTick_You're Running Late _344 Audio_Antique Clocks.wav","Antique Clocks","344 Audio","https://sonniss.com/sound-effects/antique-clocks/","/344 Audio - Antique Clocks/CLOCKTick_You're Running Late _344 Audio_Antique Clocks.wav","antiques|clocks|time|metronome|tinkering|watch|clanking|ticking|tick|tock|countdown|clocktick_you're|running|late|_344|audio_antique|clockswav|antique clocks|344 audio"
"OBJLug_Rumaging Through Suitcase, Antique Suitcase_344 Audio_Antiques - Luggage_02.wav","Antique Luggage","344 Audio","https://sonniss.com/sound-effects/antique-luggage/","/344 Audio - Antique Luggage/OBJLug_Rumaging Through Suitcase, Antique Suitcase_344 Audio_Antiques - Luggage_02.wav","luggage|bag|baggage|suitcase|travel|trip|vintage|old|antique|objlug_rumaging|through|suitcase_344|audio_antiques|luggage_02wav|antique luggage|344 audio"
"OBJLug_Suitcase Being Locked, Antique Suitcase 1_344 Audio_Antiques - Luggage.wav","Antique Luggage","344 Audio","https://sonniss.com/sound-effects/antique-luggage/","/344 Audio - Antique Luggage/OBJLug_Suitcase Being Locked, Antique Suitcase 1_344 Audio_Antiques - Luggage.wav","luggage|bag|baggage|suitcase|travel|trip|vintage|old|antique|objlug_suitcase|being|locked|1_344|audio_antiques|luggagewav|antique luggage|344 audio"
"OBJLug_Suitcase Opening and Closing, Antique Suitcase_344 Audio_Antiques - Luggage_01.wav","Antique Luggage","344 Audio","https://sonniss.com/sound-effects/antique-luggage/","/344 Audio - Antique Luggage/OBJLug_Suitcase Opening and Closing, Antique Suitcase_344 Audio_Antiques - Luggage_01.wav","luggage|bag|baggage|suitcase|travel|trip|vintage|old|antique|opening|closing|objlug_suitcase|and|suitcase_344|audio_antiques|luggage_01wav|antique luggage|344 audio"
"METLMvmt_  Antique Measuring Tape_344 Audio_Antique Small Metals.wav","Antique Small Metals","344 Audio","https://sonniss.com/sound-effects/antique-small-metals/","/344 Audio - Antique Small Metals/METLMvmt_  Antique Measuring Tape_344 Audio_Antique Small Metals.wav","antiques|metals|historical|mechanical|toolstinkering|movement|small|handling|foley|metal|steel|iron|brass|rust|rusty|metlmvmt_|antique|measuring|tape_344|audio_antique|metalswav|antique small metals|344 audio"
"METLMvmt_  Opening Lid Of Antique Blowtorch_344 Audio_Antique Small Metals.wav","Antique Small Metals","344 Audio","https://sonniss.com/sound-effects/antique-small-metals/","/344 Audio - Antique Small Metals/METLMvmt_  Opening Lid Of Antique Blowtorch_344 Audio_Antique Small Metals.wav","antiques|metals|historical|mechanical|toolstinkering|movement|small|handling|foley|metal|steel|iron|brass|rust|rusty|metlmvmt_|opening|lid|of|antique|blowtorch_344|audio_antique|metalswav|antique small metals|344 audio"
"METLMvmt_  Tinkering Antique Lock_344 Audio_Antique Small Metals.wav","Antique Small Metals","344 Audio","https://sonniss.com/sound-effects/antique-small-metals/","/344 Audio - Antique Small Metals/METLMvmt_  Tinkering Antique Lock_344 Audio_Antique Small Metals.wav","antiques|metals|historical|mechanical|toolstinkering|movement|small|handling|foley|metal|steel|iron|brass|rust|rusty|metlmvmt_|tinkering|antique|lock_344|audio_antique|metalswav|antique small metals|344 audio"
"COMTelph_Antique Telephone Ear Piece Falling Down_344 Audio_Antiques - Telephone_03.wav","Antique Telephone","344 Audio","https://sonniss.com/sound-effects/antique-telephone/","/344 Audio - Antique Telephone/COMTelph_Antique Telephone Ear Piece Falling Down_344 Audio_Antiques - Telephone_03.wav","telephone|bell's|phone|phonecall|analogue|rotary|dialling|dials|vintage|old|comtelph_antique|ear|piece|falling|down_344|audio_antiques|telephone_03wav|antique telephone|344 audio"
"COMTelph_Antique Telephone Pick Up & Drop Ear Piece_344 Audio_Antiques - Telephone_05.wav","Antique Telephone","344 Audio","https://sonniss.com/sound-effects/antique-telephone/","/344 Audio - Antique Telephone/COMTelph_Antique Telephone Pick Up & Drop Ear Piece_344 Audio_Antiques - Telephone_05.wav","telephone|bell's|phone|phonecall|analogue|rotary|dialling|dials|vintage|old|comtelph_antique|pick|up|&|drop|ear|piece_344|audio_antiques|telephone_05wav|antique telephone|344 audio"
"COMTelph_Antique Telephone Rotary Dial Number  9_344 Audio_Antiques - Telephone.wav","Antique Telephone","344 Audio","https://sonniss.com/sound-effects/antique-telephone/","/344 Audio - Antique Telephone/COMTelph_Antique Telephone Rotary Dial Number  9_344 Audio_Antiques - Telephone.wav","telephone|bell's|phone|phonecall|analogue|rotary|dialling|dials|vintage|old|comtelph_antique|dial|number|9_344|audio_antiques|telephonewav|antique telephone|344 audio"
"COMType_Typewriter Carriage Movement, Typewriter_344 Audio_Antiques - Typewriter_01.wav","Antique Typewriter","344 Audio","https://sonniss.com/sound-effects/antique-typewriter/","/344 Audio - Antique Typewriter/COMType_Typewriter Carriage Movement, Typewriter_344 Audio_Antiques - Typewriter_01.wav","antique|mechanical|keyboard|typewriter|typing|typist|click|switch|keys|old|vintage|computer|antiquity|relic|victorian|industrial|machine|typer|comtype_typewriter|carriage|movement|typewriter_344|audio_antiques|typewriter_01wav|antique typewriter|344 audio"
"COMType_Typewriter Paper Movements, Typewriter 04_344 Audio_Antiques - Typewriter.wav","Antique Typewriter","344 Audio","https://sonniss.com/sound-effects/antique-typewriter/","/344 Audio - Antique Typewriter/COMType_Typewriter Paper Movements, Typewriter 04_344 Audio_Antiques - Typewriter.wav","antique|mechanical|keyboard|typewriter|typing|typist|click|switch|keys|old|vintage|computer|antiquity|relic|victorian|industrial|machine|typer|paper|movement|parchment|script|comtype_typewriter|movements|04_344|audio_antiques|typewriterwav|antique typewriter|344 audio"
"COMType_Typewriter Space Key, Typewriter 05_344 Audio_Antiques - Typewriter.wav","Antique Typewriter","344 Audio","https://sonniss.com/sound-effects/antique-typewriter/","/344 Audio - Antique Typewriter/COMType_Typewriter Space Key, Typewriter 05_344 Audio_Antiques - Typewriter.wav","antique|mechanical|keyboard|typewriter|typing|typist|click|switch|keys|old|vintage|computer|antiquity|relic|victorian|industrial|machine|typer|comtype_typewriter|space|key|05_344|audio_antiques|typewriterwav|antique typewriter|344 audio"
"OBJFurn_Barber Chair, Foot Pump 4_344 Audio_Barbershop Vol 1.wav","Barbershop Vol. 1","344 Audio","https://sonniss.com/sound-effects/barbershop-vol-1/","/344 Audio - Barbershop Vol. 1/OBJFurn_Barber Chair, Foot Pump 4_344 Audio_Barbershop Vol 1.wav","barbershop|barber|hairdresser|salon|hair|grooming|chair|leather|cushion|metal|foot|rest|sit|stand|pump|foley|movement|objfurn_barber|4_344|audio_barbershop|vol|1wav|barbershop vol. 1|344 audio"
"OBJMisc_Hair Dryer, On, Idle, Off 4_344 Audio_Barbershop Vol 1.wav","Barbershop Vol. 1","344 Audio","https://sonniss.com/sound-effects/barbershop-vol-1/","/344 Audio - Barbershop Vol. 1/OBJMisc_Hair Dryer, On, Idle, Off 4_344 Audio_Barbershop Vol 1.wav","barbershop|barber|hairdresser|salon|hair|grooming|dryer|blow|dry|air|hot|switch|button|on|idle|off|movement|objmisc_hair|4_344|audio_barbershop|vol|1wav|barbershop vol. 1|344 audio"
"OBJMisc_Spray Bottle, Spray 1_344 Audio_Barbershop Vol 1.wav","Barbershop Vol. 1","344 Audio","https://sonniss.com/sound-effects/barbershop-vol-1/","/344 Audio - Barbershop Vol. 1/OBJMisc_Spray Bottle, Spray 1_344 Audio_Barbershop Vol 1.wav","barbershop|barber|hairdresser|salon|hair|grooming|water|spray|bottle|air|plastic|handling|pick|up|put|down|objmisc_spray|1_344|audio_barbershop|vol|1wav|barbershop vol. 1|344 audio"
"OBJMisc_Hair Brush, Plastic Bristles, Brushing Hair_344 Audio_Barbershop Vol 2.wav","Barbershop Vol. 2","344 Audio","https://sonniss.com/sound-effects/barbershop-vol-2/","/344 Audio - Barbershop Vol. 2/OBJMisc_Hair Brush, Plastic Bristles, Brushing Hair_344 Audio_Barbershop Vol 2.wav","barbershop|barber|hairdresser|salon|hair|grooming|brush|fade|comb|wood|plastic|bristles|hard|soft|beard|handling|movement|foley|objmisc_hair|brushing|hair_344|audio_barbershop|vol|2wav|barbershop vol. 2|344 audio"
"OBJMisc_Hair Scissor, Snips 4_344 Audio_Barbershop Vol 2.wav","Barbershop Vol. 2","344 Audio","https://sonniss.com/sound-effects/barbershop-vol-2/","/344 Audio - Barbershop Vol. 2/OBJMisc_Hair Scissor, Snips 4_344 Audio_Barbershop Vol 2.wav","barbershop|barber|hairdresser|salon|hair|grooming|metal|scissors|snips|cut|pick|up|put|down|handling|objmisc_hair|scissor|4_344|audio_barbershop|vol|2wav|barbershop vol. 2|344 audio"
"OBJMisc_Wahl Sterling Trimmer, On, Idle, Off_344 Audio_Barbershop Vol 2.wav","Barbershop Vol. 2","344 Audio","https://sonniss.com/sound-effects/barbershop-vol-2/","/344 Audio - Barbershop Vol. 2/OBJMisc_Wahl Sterling Trimmer, On, Idle, Off_344 Audio_Barbershop Vol 2.wav","barbershop|barber|hairdresser|salon|hair|grooming|razor|shaver|trimmer|clipper|groomer|electric|beard|handling|pick|up|put|down|switch|button|on|idle|off|objmisc_wahl|sterling|off_344|audio_barbershop|vol|2wav|barbershop vol. 2|344 audio"
"DSGNBass_Bass Drop & Downer Fast 16_344 Audio_Bass Drops & Downers.wav","Bass Drops & Downers Vol. 1","344 Audio","https://sonniss.com/sound-effects/bass-drops-downers-vol-1/","/344 Audio - Bass Drops & Downers Vol. 1/DSGNBass_Bass Drop & Downer Fast 16_344 Audio_Bass Drops & Downers.wav","bass|sub|subsonic|low|end|drop|trailer|epic|cineamatic|rumble|subwoofer|downer|stinger|analogue|synth|movement|dsgnbass_bass|&|fast|16_344|audio_bass|drops|downerswav|bass drops & downers vol. 1|344 audio"
"DSGNBass_Bass Drop & Downer Medium 04_344 Audio_Bass Drops & Downers.wav","Bass Drops & Downers Vol. 1","344 Audio","https://sonniss.com/sound-effects/bass-drops-downers-vol-1/","/344 Audio - Bass Drops & Downers Vol. 1/DSGNBass_Bass Drop & Downer Medium 04_344 Audio_Bass Drops & Downers.wav","bass|sub|subsonic|low|end|drop|trailer|epic|cineamatic|rumble|subwoofer|downer|stinger|analogue|synth|movement|dsgnbass_bass|&|medium|04_344|audio_bass|drops|downerswav|bass drops & downers vol. 1|344 audio"
"DSGNBass_Bass Drop & Downer Slow 10_344 Audio_Bass Drops & Downers.wav","Bass Drops & Downers Vol. 1","344 Audio","https://sonniss.com/sound-effects/bass-drops-downers-vol-1/","/344 Audio - Bass Drops & Downers Vol. 1/DSGNBass_Bass Drop & Downer Slow 10_344 Audio_Bass Drops & Downers.wav","bass|sub|subsonic|low|end|drop|trailer|epic|cineamatic|rumble|subwoofer|downer|stinger|analogue|synth|movement|dsgnbass_bass|&|slow|10_344|audio_bass|drops|downerswav|bass drops & downers vol. 1|344 audio"
"DSGNBass_Bass Drop & Downer Fast 12_344 Audio_Bass Drops & Downers Vol 2.wav","Bass Drops & Downers Vol. 2","344 Audio","https://sonniss.com/sound-effects/bass-drops-downers-vol-2/","/344 Audio - Bass Drops & Downers Vol. 2/DSGNBass_Bass Drop & Downer Fast 12_344 Audio_Bass Drops & Downers Vol 2.wav","bass|sub|subsonic|low|end|drop|trailer|epic|cinematic|rumble|subwoofer|downer|stinger|analogue|synth|movement|dsgnbass_bass|&|fast|12_344|audio_bass|drops|downers|vol|2wav|bass drops & downers vol. 2|344 audio"
"DSGNBass_Bass Drop & Downer Medium 15_344 Audio_Bass Drops & Downers Vol 2.wav","Bass Drops & Downers Vol. 2","344 Audio","https://sonniss.com/sound-effects/bass-drops-downers-vol-2/","/344 Audio - Bass Drops & Downers Vol. 2/DSGNBass_Bass Drop & Downer Medium 15_344 Audio_Bass Drops & Downers Vol 2.wav","bass|sub|subsonic|low|end|drop|trailer|epic|cinematic|rumble|subwoofer|downer|stinger|analogue|synth|movement|dsgnbass_bass|&|medium|15_344|audio_bass|drops|downers|vol|2wav|bass drops & downers vol. 2|344 audio"
"DSGNBass_Bass Drop & Downer Slow 07_344 Audio_Bass Drops & Downers Vol 2.wav","Bass Drops & Downers Vol. 2","344 Audio","https://sonniss.com/sound-effects/bass-drops-downers-vol-2/","/344 Audio - Bass Drops & Downers Vol. 2/DSGNBass_Bass Drop & Downer Slow 07_344 Audio_Bass Drops & Downers Vol 2.wav","bass|sub|subsonic|low|end|drop|trailer|epic|cinematic|rumble|subwoofer|downer|stinger|analogue|synth|movement|dsgnbass_bass|&|slow|07_344|audio_bass|drops|downers|vol|2wav|bass drops & downers vol. 2|344 audio"
"DSGNBass_Jump Start Drop 3_344 Audio_Bass Drops and Downers Vol 3.wav","Bass Drops & Downers Vol. 3","344 Audio","https://sonniss.com/sound-effects/bass-drops-downers-vol-3/","/344 Audio - Bass Drops & Downers Vol. 3/DSGNBass_Jump Start Drop 3_344 Audio_Bass Drops and Downers Vol 3.wav","bass|drop|drops|down|downers|sfx|low|frequency|frequencies|sub|woofer|analog|synth|trailer|cinematic|dsgnbass_jump|start|3_344|audio_bass|and|vol|3wav|bass drops & downers vol. 3|344 audio"
"DSGNBass_Rattling Downer 3_344 Audio_Bass Drops and Downers Vol 3.wav","Bass Drops & Downers Vol. 3","344 Audio","https://sonniss.com/sound-effects/bass-drops-downers-vol-3/","/344 Audio - Bass Drops & Downers Vol. 3/DSGNBass_Rattling Downer 3_344 Audio_Bass Drops and Downers Vol 3.wav","bass|drop|drops|down|downers|sfx|low|frequency|frequencies|sub|woofer|analog|synth|trailer|cinematic|dsgnbass_rattling|downer|3_344|audio_bass|and|vol|3wav|bass drops & downers vol. 3|344 audio"
"DSGNBass_Tone Downer (Reverb)_344 Audio_Bass Drops and Downers Vol 3.wav","Bass Drops & Downers Vol. 3","344 Audio","https://sonniss.com/sound-effects/bass-drops-downers-vol-3/","/344 Audio - Bass Drops & Downers Vol. 3/DSGNBass_Tone Downer (Reverb)_344 Audio_Bass Drops and Downers Vol 3.wav","bass|drop|drops|down|downers|downer|low|frequency|cinematic|trailer|rattle|analog|synth|synthesizer|dsgnbass_tone|(reverb)_344|audio_bass|and|vol|3wav|bass drops & downers vol. 3|344 audio"
"VOXMale_Police Radio, Burglary, Calm, Update, Warning_344 Audio_British Police Radio.wav","British Police Radio Vol. 1","344 Audio","https://sonniss.com/sound-effects/british-police-radio-vol-1/","/344 Audio - British Police Radio Vol. 1/VOXMale_Police Radio, Burglary, Calm, Update, Warning_344 Audio_British Police Radio.wav","police|officer|british|english|constable|law|communication|dispatch|radio|voice|male|accent|report|information|status|details|control|to|all|units|be|advised|we|have|reports|of|a|breakin|in|progress|suspects|may|still|voxmale_police|burglary|calm|update|warning_344|audio_british|radiowav|british police radio vol. 1|344 audio"
"VOXMale_Police Radio, Car Theft, Relaxed, Update, Helpful_344 Audio_British Police Radio.wav","British Police Radio Vol. 1","344 Audio","https://sonniss.com/sound-effects/british-police-radio-vol-1/","/344 Audio - British Police Radio Vol. 1/VOXMale_Police Radio, Car Theft, Relaxed, Update, Helpful_344 Audio_British Police Radio.wav","police|officer|british|english|constable|law|communication|dispatch|radio|voice|male|accent|calm|informative|details|control|registration|check|shows|the|vehicle|is|not|reported|stolen|no|immediate|cause|for|concern|o|voxmale_police|car|theft|relaxed|update|helpful_344|audio_british|radiowav|british police radio vol. 1|344 audio"
"VOXMale_Police, Vehicle, Calm, 'Standing By'_344 Audio_British Police Radio.wav","British Police Radio Vol. 1","344 Audio","https://sonniss.com/sound-effects/british-police-radio-vol-1/","/344 Audio - British Police Radio Vol. 1/VOXMale_Police, Vehicle, Calm, 'Standing By'_344 Audio_British Police Radio.wav","police|officer|british|english|constable|law|communication|dispatch|radio|voice|male|accent|serious|this|is|unit|1|standing|by|futz|voxmale_police|vehicle|calm|'standing|by'_344|audio_british|radiowav|british police radio vol. 1|344 audio"
"VEHInt_CLIMATE CONTROL SYSTEM, FAN SPEED DIAL, FAST_344 Audio_Car Foley Vol 1.wav","Car Foley Vol. 1","344 Audio","https://sonniss.com/sound-effects/car-foley-vol-1/","/344 Audio - Car Foley Vol. 1/VEHInt_CLIMATE CONTROL SYSTEM, FAN SPEED DIAL, FAST_344 Audio_Car Foley Vol 1.wav","car|vehicle|interior|foley|buttons|switches|dials|knobs|controls|cup|holder|sun|visor|indicator|wiper|stalk|vehint_climate|control|system|fan|speed|dial|fast_344|audio_car|vol|1wav|car foley vol. 1|344 audio"
"VEHInt_CUP HOLDER, RELEASE 1_344 Audio_Car Foley Vol 1.wav","Car Foley Vol. 1","344 Audio","https://sonniss.com/sound-effects/car-foley-vol-1/","/344 Audio - Car Foley Vol. 1/VEHInt_CUP HOLDER, RELEASE 1_344 Audio_Car Foley Vol 1.wav","car|vehicle|interior|foley|buttons|switches|dials|knobs|controls|cup|holder|sun|visor|indicator|wiper|stalk|vehint_cup|holder|release|1_344|audio_car|vol|1wav|car foley vol. 1|344 audio"
"VEHInt_LIGHTING CONTROL, RELEASE, HEADLIGHT FLASH_344 Audio_Car Foley Vol 1.wav","Car Foley Vol. 1","344 Audio","https://sonniss.com/sound-effects/car-foley-vol-1/","/344 Audio - Car Foley Vol. 1/VEHInt_LIGHTING CONTROL, RELEASE, HEADLIGHT FLASH_344 Audio_Car Foley Vol 1.wav","car|vehicle|interior|foley|buttons|switches|dials|knobs|controls|cup|holder|sun|visor|indicator|wiper|stalk|vehint_lighting|control|release|headlight|flash_344|audio_car|vol|1wav|car foley vol. 1|344 audio"
"GAMECas_Automatic Shuffler, Shuffling 1_344 Audio_Casino Cards Vol 1.wav","Casino Cards Vol. 1","344 Audio","https://sonniss.com/sound-effects/casino-cards-vol-1/","/344 Audio - Casino Cards Vol. 1/GAMECas_Automatic Shuffler, Shuffling 1_344 Audio_Casino Cards Vol 1.wav","casino|gambling|cards|poker|blackjack|bacccarat|texas|hold|'em|rummy|patience|solitaire|cribbage|gin|crazy|eights|auto|automatic|shuffler|machine|motor|mechanical|tech|foley|handling|props|gamecas_automatic|shuffling|1_344|audio_casino|vol|1wav|casino cards vol. 1|344 audio"
"GAMECas_Dealing 3_344 Audio_Casino Cards Vol 1.wav","Casino Cards Vol. 1","344 Audio","https://sonniss.com/sound-effects/casino-cards-vol-1/","/344 Audio - Casino Cards Vol. 1/GAMECas_Dealing 3_344 Audio_Casino Cards Vol 1.wav","casino|gambling|cards|poker|blackjack|bacccarat|texas|hold|'em|rummy|patience|solitaire|cribbage|gin|crazy|eights|foley|handling|props|gamecas_dealing|3_344|audio_casino|vol|1wav|casino cards vol. 1|344 audio"
"GAMECas_Pick Up Multiple Cards At Once 5_344 Audio_Casino Cards Vol 1.wav","Casino Cards Vol. 1","344 Audio","https://sonniss.com/sound-effects/casino-cards-vol-1/","/344 Audio - Casino Cards Vol. 1/GAMECas_Pick Up Multiple Cards At Once 5_344 Audio_Casino Cards Vol 1.wav","casino|gambling|cards|poker|blackjack|bacccarat|texas|hold|'em|rummy|patience|solitaire|cribbage|gin|crazy|eights|foley|handling|props|gamecas_pick|up|multiple|at|once|5_344|audio_casino|vol|1wav|casino cards vol. 1|344 audio"
"MAGMisc_Magic Christmas Bells 2_344 Audio_Christmas.wav","Christmas Vol. 1","344 Audio","https://sonniss.com/sound-effects/christmas-vol-1/","/344 Audio - Christmas Vol. 1/MAGMisc_Magic Christmas Bells 2_344 Audio_Christmas.wav","christmas|elves|elf|sleigh|tinsel|xmas|santa|grotto|present|carol|reindeer|footsteps|snow|snowball|wind|wrapping|paper|workhshop|factory|ice|list|wishlist|magmisc_magic|christmas|bells|2_344|audio_christmaswav|christmas vol. 1|344 audio"
"MAGMisc_Sleigh Movement, Pulling_344 Audio_Christmas.wav","Christmas Vol. 1","344 Audio","https://sonniss.com/sound-effects/christmas-vol-1/","/344 Audio - Christmas Vol. 1/MAGMisc_Sleigh Movement, Pulling_344 Audio_Christmas.wav","christmas|elves|elf|sleigh|tinsel|xmas|santa|grotto|present|carol|reindeer|footsteps|snow|snowball|wind|wrapping|paper|workhshop|factory|ice|list|wishlist|magmisc_sleigh|movement|pulling_344|audio_christmaswav|christmas vol. 1|344 audio"
"MAGMisc_Wrapping Paper, Opening Present 1_344 Audio_Christmas.wav","Christmas Vol. 1","344 Audio","https://sonniss.com/sound-effects/christmas-vol-1/","/344 Audio - Christmas Vol. 1/MAGMisc_Wrapping Paper, Opening Present 1_344 Audio_Christmas.wav","christmas|elves|elf|sleigh|tinsel|xmas|santa|grotto|present|carol|reindeer|footsteps|snow|snowball|wind|wrapping|paper|workhshop|factory|ice|list|wishlist|magmisc_wrapping|paper|opening|present|1_344|audio_christmaswav|christmas vol. 1|344 audio"
"FOLYProp_Sitting Down, Creaky Seat, Squeaks 3_344 Audio_CInema Experience.wav","Cinema Experience Vol. 1","344 Audio","https://sonniss.com/sound-effects/cinema-experience-vol-1/","/344 Audio - Cinema Experience Vol. 1/FOLYProp_Sitting Down, Creaky Seat, Squeaks 3_344 Audio_CInema Experience.wav","cinema|theatre|theater|movie|film|audience|viewer|reaction|spectator|popcorn|snacks|nachos|drink|soda|cola|fizzy|obnoxious|seat|creaky|wrapper|noise|shush|murmur|whisper|perspective|folyprop_sitting|down|squeaks|3_344|audio_cinema|experiencewav|cinema experience vol. 1|344 audio"
"FOODMisc_Broom Sweeping Up Snacks On Hard Floor 2_344 Audio_CInema Experience.wav","Cinema Experience Vol. 1","344 Audio","https://sonniss.com/sound-effects/cinema-experience-vol-1/","/344 Audio - Cinema Experience Vol. 1/FOODMisc_Broom Sweeping Up Snacks On Hard Floor 2_344 Audio_CInema Experience.wav","cinema|theatre|theater|movie|film|audience|viewer|reaction|spectator|popcorn|snacks|nachos|drink|soda|cola|fizzy|obnoxious|seat|creaky|wrapper|noise|shush|murmur|whisper|perspective|foodmisc_broom|sweeping|up|on|hard|floor|2_344|audio_cinema|experiencewav|cinema experience vol. 1|344 audio"
"VOXReac_Spectator, Female, Various Questions_344 Audio_Cinema Experience.wav","Cinema Experience Vol. 1","344 Audio","https://sonniss.com/sound-effects/cinema-experience-vol-1/","/344 Audio - Cinema Experience Vol. 1/VOXReac_Spectator, Female, Various Questions_344 Audio_Cinema Experience.wav","cinema|theatre|theater|movie|film|audience|viewer|reaction|spectator|popcorn|snacks|nachos|drink|soda|cola|fizzy|obnoxious|seat|creaky|wrapper|noise|shush|murmur|whisper|perspective|voxreac_spectator|female|various|questions_344|audio_cinema|experiencewav|cinema experience vol. 1|344 audio"
"FGHTGrab_Choking, Tension 03_344 Audio_Cinematic Fight Vol 1.wav","Cinematic Fight Vol. 1","344 Audio","https://sonniss.com/sound-effects/cinematic-fight-vol-1/","/344 Audio - Cinematic Fight Vol. 1/FGHTGrab_Choking, Tension 03_344 Audio_Cinematic Fight Vol 1.wav","fight|combat|fists|gritty|cinematic|hollywood|epic|action|brawl|melee|physical|confict|impact|choking|wet|death|grip|fghtgrab_choking|tension|03_344|audio_cinematic|vol|1wav|cinematic fight vol. 1|344 audio"
"FGHTImpt_4 x Punch, Body 02_344 Audio_Cinematic Fight Vol 1.wav","Cinematic Fight Vol. 1","344 Audio","https://sonniss.com/sound-effects/cinematic-fight-vol-1/","/344 Audio - Cinematic Fight Vol. 1/FGHTImpt_4 x Punch, Body 02_344 Audio_Cinematic Fight Vol 1.wav","fight|combat|fists|gritty|cinematic|hollywood|epic|action|brawl|melee|physical|confict|impact|punch|fist|leg|swing|hard|hit|fghtimpt_4|x|body|02_344|audio_cinematic|vol|1wav|cinematic fight vol. 1|344 audio"
"EQUISprt_Climbing Gear, Carabiner, Screwing Lock 01_344 Audio_Climbing Gear Foley Vol 1.wav","Climbing Gear Foley Vol. 1","344 Audio","https://sonniss.com/sound-effects/climbing-gear-foley-vol-1/","/344 Audio - Climbing Gear Foley Vol. 1/EQUISprt_Climbing Gear, Carabiner, Screwing Lock 01_344 Audio_Climbing Gear Foley Vol 1.wav","climbing|athlete|sport|belay|rope|rock|gear|tools|kit|equipment|metal|clips|carabiner|quickdraw|harness|rappelling|abseiling|outdoor|gym|excursion|adventure|athletic|mountaineering|foley|lead|leading|equisprt_climbing|screwing|lock|01_344|audio_climbing|vol|1wav|climbing gear foley vol. 1|344 audio"
"EQUISprt_Climbing Gear, Flicking Carabiner On Rope_344 Audio_Climbing Gear Foley Vol 1.wav","Climbing Gear Foley Vol. 1","344 Audio","https://sonniss.com/sound-effects/climbing-gear-foley-vol-1/","/344 Audio - Climbing Gear Foley Vol. 1/EQUISprt_Climbing Gear, Flicking Carabiner On Rope_344 Audio_Climbing Gear Foley Vol 1.wav","climbing|athlete|sport|belay|rope|rock|gear|tools|kit|equipment|metal|clips|carabiner|quickdraw|harness|rappelling|abseiling|outdoor|gym|excursion|adventure|athletic|mountaineering|foley|lead|leading|equisprt_climbing|flicking|on|rope_344|audio_climbing|vol|1wav|climbing gear foley vol. 1|344 audio"
"ANMLRept_Hatchling Calling Out_344 Audio_Dinosaurs.wav","Dinosaurs Vol. 1","344 Audio","https://sonniss.com/sound-effects/dinosaurs-vol-1/","/344 Audio - Dinosaurs Vol. 1/ANMLRept_Hatchling Calling Out_344 Audio_Dinosaurs.wav","dinosaur|dinosaurs|prehistoric|animal|animals|beast|monster|roar|growl|groan|moan|grumble|giant|trex|velociraptor|raptor|triceratops|stegosaurus|vocalisations|anmlrept_hatchling|calling|out_344|audio_dinosaurswav|dinosaurs vol. 1|344 audio"
"ANMLRept_Raptor Flair_344 Audio_Dinosaurs.wav","Dinosaurs Vol. 1","344 Audio","https://sonniss.com/sound-effects/dinosaurs-vol-1/","/344 Audio - Dinosaurs Vol. 1/ANMLRept_Raptor Flair_344 Audio_Dinosaurs.wav","dinosaur|dinosaurs|prehistoric|animal|animals|beast|monster|roar|growl|groan|moan|grumble|giant|trex|velociraptor|raptor|triceratops|stegosaurus|vocalisations|anmlrept_raptor|flair_344|audio_dinosaurswav|dinosaurs vol. 1|344 audio"
"ANMLRept_T Rex_344 Audio_Dinosaurs.wav","Dinosaurs Vol. 1","344 Audio","https://sonniss.com/sound-effects/dinosaurs-vol-1/","/344 Audio - Dinosaurs Vol. 1/ANMLRept_T Rex_344 Audio_Dinosaurs.wav","dinosaur|dinosaurs|prehistoric|animal|animals|beast|monster|roar|growl|groan|moan|grumble|giant|trex|velociraptor|raptor|triceratops|stegosaurus|vocalisations|anmlrept_t|rex_344|audio_dinosaurswav|dinosaurs vol. 1|344 audio"
"ANMLRept_Dinosaur Eating Meat 01_344 Audio_Dinosaurs Vol 2.wav","Dinosaurs Vol. 2","344 Audio","https://sonniss.com/sound-effects/dinosaurs-vol-2/","/344 Audio - Dinosaurs Vol. 2/ANMLRept_Dinosaur Eating Meat 01_344 Audio_Dinosaurs Vol 2.wav","dinosaur|reptile|dragon|monster|beast|mythology|lizard|creature|animal|eating|munch|munching|chomp|chomping|flesh|predator|kill|anmlrept_dinosaur|meat|01_344|audio_dinosaurs|vol|2wav|dinosaurs vol. 2|344 audio"
"ANMLRept_Dinosaur Egg Hatching 02_344 Audio_Dinosaurs Vol 2.wav","Dinosaurs Vol. 2","344 Audio","https://sonniss.com/sound-effects/dinosaurs-vol-2/","/344 Audio - Dinosaurs Vol. 2/ANMLRept_Dinosaur Egg Hatching 02_344 Audio_Dinosaurs Vol 2.wav","dinosaur|reptile|dragon|monster|beast|mythology|lizard|creature|animal|eggs|hatching|hatch|baby|crack|breaking|shell|anmlrept_dinosaur|egg|02_344|audio_dinosaurs|vol|2wav|dinosaurs vol. 2|344 audio"
"ANMLRept_Large Herbivore Roar 01_344 Audio_Dinosaurs Vol 2.wav","Dinosaurs Vol. 2","344 Audio","https://sonniss.com/sound-effects/dinosaurs-vol-2/","/344 Audio - Dinosaurs Vol. 2/ANMLRept_Large Herbivore Roar 01_344 Audio_Dinosaurs Vol 2.wav","dinosaur|reptile|dragon|monster|beast|mythology|lizard|creature|animal|roar|growl|scream|cry|vocalisation|aggressive|massive|deep|low|anmlrept_large|herbivore|01_344|audio_dinosaurs|vol|2wav|dinosaurs vol. 2|344 audio"
"ANMLDog_Dog Barks, Multiple, Indoors, Perspective,_344 Audio_Dog Vocalisations_02.wav","Dog Vocalisations Vol. 1","344 Audio","https://sonniss.com/sound-effects/dog-vocalisations-vol-1/","/344 Audio - Dog Vocalisations Vol. 1/ANMLDog_Dog Barks, Multiple, Indoors, Perspective,_344 Audio_Dog Vocalisations_02.wav","dog|whine|animal|canine|chew|squeal|toy|movement|sad|crying|bowl|playing|happy|bark|anmldog_dog|barks|multiple|indoors|perspective|_344|audio_dog|vocalisations_02wav|dog vocalisations vol. 1|344 audio"
"ANMLDog_Dog Shuffle, Grunt, Movement, Lying Down_344 Audio_Dog Vocalisations.wav","Dog Vocalisations Vol. 1","344 Audio","https://sonniss.com/sound-effects/dog-vocalisations-vol-1/","/344 Audio - Dog Vocalisations Vol. 1/ANMLDog_Dog Shuffle, Grunt, Movement, Lying Down_344 Audio_Dog Vocalisations.wav","dog|whine|animal|canine|chew|squeal|toy|movement|sad|crying|bowl|playing|happy|bark|anmldog_dog|shuffle|grunt|lying|down_344|audio_dog|vocalisationswav|dog vocalisations vol. 1|344 audio"
"AMBSubn_Ambience, Forest Crickets, Birds, Connecticut 02_344 Audio_East Coast America.wav","East Coast America Vol. 1","344 Audio","https://sonniss.com/sound-effects/east-coast-america-vol-1/","/344 Audio - East Coast America Vol. 1/AMBSubn_Ambience, Forest Crickets, Birds, Connecticut 02_344 Audio_East Coast America.wav","ambience|atmos|america|usa|insect|nature|water|crickets|birds|ambsubn_ambience|forest|connecticut|02_344|audio_east|coast|americawav|east coast america vol. 1|344 audio"
"AMBSubn_Electricity Hum, Lightbulb,  Coil Pickup 01_344 Audio_East Coast America.wav","East Coast America Vol. 1","344 Audio","https://sonniss.com/sound-effects/east-coast-america-vol-1/","/344 Audio - East Coast America Vol. 1/AMBSubn_Electricity Hum, Lightbulb,  Coil Pickup 01_344 Audio_East Coast America.wav","electricity|electronic|hum|static|signal|interference|sparks|lightbulb|coil|current|ambsubn_electricity|pickup|01_344|audio_east|coast|americawav|east coast america vol. 1|344 audio"
"METLMisc_Metal, Slow Whoosh, Rattle, Pass By x4 01_344 Audio_Elemental Palette Designed Vol 1.wav","Elemental Palette Designed Vol. 1","344 Audio","https://sonniss.com/sound-effects/elemental-palette-designed-vol-1/","/344 Audio - Elemental Palette Designed Vol. 1/METLMisc_Metal, Slow Whoosh, Rattle, Pass By x4 01_344 Audio_Elemental Palette Designed Vol 1.wav","metal|mech|armour|swords|weapons|medieval|clang|strike|attack|impact|crush|battle|fight|ambience|fantasy|scifi|action|adventure|games|ui|metlmisc_metal|slow|whoosh|rattle|pass|by|x4|01_344|audio_elemental|palette|designed|vol|1wav|elemental palette designed vol. 1|344 audio"
"WATRMisc_Water, Liquid Impact, Bubble, Sci Fi, Hit 04_344 Audio_Elemental Palette Designed Vol 1.wav","Elemental Palette Designed Vol. 1","344 Audio","https://sonniss.com/sound-effects/elemental-palette-designed-vol-1/","/344 Audio - Elemental Palette Designed Vol. 1/WATRMisc_Water, Liquid Impact, Bubble, Sci Fi, Hit 04_344 Audio_Elemental Palette Designed Vol 1.wav","water|bubbles|splash|ripple|gush|wave|gurgle|surge|plasma|pulse|glitch|ambience|fantasy|scifi|action|adventure|games|attack|ui|watrmisc_water|liquid|impact|bubble|sci|fi|hit|04_344|audio_elemental|palette|designed|vol|1wav|elemental palette designed vol. 1|344 audio"
"WINDDsgn_Wind, Rush, Whoosh, Long x5 01_344 Audio_Elemental Palette Designed Vol 1.wav","Elemental Palette Designed Vol. 1","344 Audio","https://sonniss.com/sound-effects/elemental-palette-designed-vol-1/","/344 Audio - Elemental Palette Designed Vol. 1/WINDDsgn_Wind, Rush, Whoosh, Long x5 01_344 Audio_Elemental Palette Designed Vol 1.wav","wind|howling|whoosh|whistle|rustle|wailing|vehicle|spaceship|movement|rush|drift|ambience|fantasy|scifi|action|adventure|games|attack|ui|winddsgn_wind|long|x5|01_344|audio_elemental|palette|designed|vol|1wav|elemental palette designed vol. 1|344 audio"
"METLFric_Large Metal Box, Drag, Geofon_344 Audio_Extreme Winds Vol 1.wav","Extreme Winds Vol. 1","344 Audio","https://sonniss.com/sound-effects/extreme-winds-vol-1/","/344 Audio - Extreme Winds Vol. 1/METLFric_Large Metal Box, Drag, Geofon_344 Audio_Extreme Winds Vol 1.wav","extreme|wind|gust|howling|whistling|blistering|cold|intense|swirling|rumble|int|ext|synthesizer|synth|cinematic|textured|metlfric_large|metal|box|drag|geofon_344|audio_extreme|winds|vol|1wav|extreme winds vol. 1|344 audio"
"WINDDsgn_EXT, Eye Of The Storm_344 Audio_Extreme Winds Vol 1.wav","Extreme Winds Vol. 1","344 Audio","https://sonniss.com/sound-effects/extreme-winds-vol-1/","/344 Audio - Extreme Winds Vol. 1/WINDDsgn_EXT, Eye Of The Storm_344 Audio_Extreme Winds Vol 1.wav","extreme|wind|gust|howling|whistling|blistering|cold|intense|swirling|rumble|int|ext|synthesizer|synth|cinematic|textured|winddsgn_ext|eye|of|the|storm_344|audio_extreme|winds|vol|1wav|extreme winds vol. 1|344 audio"
"AMBDsgn_Evil Spell Ambience_344 Audio_Ghostly Presences.wav","Ghostly Presences Vol. 1","344 Audio","https://sonniss.com/sound-effects/ghostly-presences-vol-1/","/344 Audio - Ghostly Presences Vol. 1/AMBDsgn_Evil Spell Ambience_344 Audio_Ghostly Presences.wav","ambience|drone|horror|scary|screech|wail|ghost|whisper|interference|wind|resonant|ambdsgn_evil|spell|ambience_344|audio_ghostly|presenceswav|ghostly presences vol. 1|344 audio"
"METLImpt_Metal Bangs, Metal Hits, Banging On Doors_344 Audio_Haunting Ambiences Vol 3.wav","Haunting Ambiences Vol. 3","344 Audio","https://sonniss.com/sound-effects/haunting-ambiences-vol-3/","/344 Audio - Haunting Ambiences Vol. 3/METLImpt_Metal Bangs, Metal Hits, Banging On Doors_344 Audio_Haunting Ambiences Vol 3.wav","haunting|horror|evil|ambience|nightmare|doom|eerie|environment|background|thriller|suspense|fear|terror|creepy|darkness|ominous|scary|mysterious|prison|prisoners|criminals|metal|bang|hits|rattle|sheet|metlimpt_metal|bangs|banging|on|doors_344|audio_haunting|ambiences|vol|3wav|haunting ambiences vol. 3|344 audio"
"WOODImpt_Wooden Hit, Dark, Heavy Hit, Vampire's Prison_344 Audio_Haunting Ambiences Vol 3.wav","Haunting Ambiences Vol. 3","344 Audio","https://sonniss.com/sound-effects/haunting-ambiences-vol-3/","/344 Audio - Haunting Ambiences Vol. 3/WOODImpt_Wooden Hit, Dark, Heavy Hit, Vampire's Prison_344 Audio_Haunting Ambiences Vol 3.wav","haunting|horror|evil|ambience|nightmare|doom|eerie|environment|background|thriller|suspense|fear|terror|creepy|darkness|ominous|scary|mysterious|prison|prisoners|criminals|woodimpt_wooden|hit|dark|heavy|vampire's|prison_344|audio_haunting|ambiences|vol|3wav|haunting ambiences vol. 3|344 audio"
"FIRECrkl_Fire Crackling, Popping, Witch's Cauldron_344 Audio_Haunting Ambiences Vol 5.wav","Haunting Ambiences Vol. 5","344 Audio","https://sonniss.com/sound-effects/haunting-ambiences-vol-5/","/344 Audio - Haunting Ambiences Vol. 5/FIRECrkl_Fire Crackling, Popping, Witch's Cauldron_344 Audio_Haunting Ambiences Vol 5.wav","haunting|scary|horror|ambience|atmosphere|background|witch|cauldrn|bubbling|boiling|spell|cast|halloween|howling|wind|fire|rumble|evil|dark|magic|designed|firecrkl_fire|crackling|popping|witch's|cauldron_344|audio_haunting|ambiences|vol|5wav|haunting ambiences vol. 5|344 audio"
"HMNBrth_Respirator, Specimen Breathing, Mad Scientist Lab_344 Audio_Haunting Ambiences Vol 5.wav","Haunting Ambiences Vol. 5","344 Audio","https://sonniss.com/sound-effects/haunting-ambiences-vol-5/","/344 Audio - Haunting Ambiences Vol. 5/HMNBrth_Respirator, Specimen Breathing, Mad Scientist Lab_344 Audio_Haunting Ambiences Vol 5.wav","haunting|scary|horror|ambience|atmosphere|background|mad|scientist|lab|laboratory|evil|experiment|specimen|tank|bubbling|respirator|lair|alien|designed|hmnbrth_respirator|breathing|lab_344|audio_haunting|ambiences|vol|5wav|haunting ambiences vol. 5|344 audio"
"WEAPArmr_Metal Shield Spin On Floor, Buckler MKH_344 Audio_Medieval Weapons Vol 2.wav","Historical Weapons Vol. 2","344 Audio","https://sonniss.com/sound-effects/historical-weapons-vol-2/","/344 Audio - Historical Weapons Vol. 2/WEAPArmr_Metal Shield Spin On Floor, Buckler MKH_344 Audio_Medieval Weapons Vol 2.wav","sword|shield|axe|spear|wooden|stick|metal|metallic|war|warzone|battle|army|fight|combat|melee|impact|clash|clang|clink|block|boss|weaparmr_metal|spin|on|floor|buckler|mkh_344|audio_medieval|weapons|vol|2wav|historical weapons vol. 2|344 audio"
"WEAPBlnt_Spear And Stick Impact, Wooden MKH 2_344 Audio_Medieval Weapons Vol 2.wav","Historical Weapons Vol. 2","344 Audio","https://sonniss.com/sound-effects/historical-weapons-vol-2/","/344 Audio - Historical Weapons Vol. 2/WEAPBlnt_Spear And Stick Impact, Wooden MKH 2_344 Audio_Medieval Weapons Vol 2.wav","sword|shield|axe|spear|wooden|stick|metal|metallic|war|warzone|battle|army|fight|combat|melee|impact|clash|clang|clink|block|boss|weapblnt_spear|and|mkh|2_344|audio_medieval|weapons|vol|2wav|historical weapons vol. 2|344 audio"
"WEAPSwrd_Sword Slide Cuts, Metallic, Impact CM4 2_344 Audio_Medieval Weapons Vol 2.wav","Historical Weapons Vol. 2","344 Audio","https://sonniss.com/sound-effects/historical-weapons-vol-2/","/344 Audio - Historical Weapons Vol. 2/WEAPSwrd_Sword Slide Cuts, Metallic, Impact CM4 2_344 Audio_Medieval Weapons Vol 2.wav","sword|shield|axe|spear|wooden|stick|metal|metallic|war|warzone|battle|army|fight|combat|melee|impact|clash|clang|clink|block|boss|weapswrd_sword|slide|cuts|cm4|2_344|audio_medieval|weapons|vol|2wav|historical weapons vol. 2|344 audio"
"ice, block of ice crushed, heavy-015.wav","100 kHz Designed Ice","Alexander Kopeikin","https://sonniss.com/sound-effects/alexander-kopeikin-100-khz-designed-ice/","/Alexander Kopeikin - 100 kHz Designed Ice/ice, block of ice crushed, heavy-015.wav","ice|block|of|crushed|heavy|heavy015wav|100 khz designed ice|alexander kopeikin"
"ice, crack, ice block snapping-001.wav","100 kHz Designed Ice","Alexander Kopeikin","https://sonniss.com/sound-effects/alexander-kopeikin-100-khz-designed-ice/","/Alexander Kopeikin - 100 kHz Designed Ice/ice, crack, ice block snapping-001.wav","ice|crack|block|snapping|snapping001wav|100 khz designed ice|alexander kopeikin"
"ice, movement, ice drift, ice field cracking up, initial, wide-001.wav","100 kHz Designed Ice","Alexander Kopeikin","https://sonniss.com/sound-effects/alexander-kopeikin-100-khz-designed-ice/","/Alexander Kopeikin - 100 kHz Designed Ice/ice, movement, ice drift, ice field cracking up, initial, wide-001.wav","ice|movement|drift|field|cracking|up|initial|wide|wide001wav|100 khz designed ice|alexander kopeikin"
"ice, surface cracking, fissure, fast, hard-003.wav","100 kHz Designed Ice","Alexander Kopeikin","https://sonniss.com/sound-effects/alexander-kopeikin-100-khz-designed-ice/","/Alexander Kopeikin - 100 kHz Designed Ice/ice, surface cracking, fissure, fast, hard-003.wav","ice|surface|cracking|fissure|fast|hard|hard003wav|100 khz designed ice|alexander kopeikin"
"magic, action gesture, evil presence, onslaught-004.wav","Emotion and Magic","Alexander Kopeikin","https://sonniss.com/sound-effects/emotion-and-magic-sound-effects-alexander-kopeikin/","/Alexander Kopeikin - Emotion and Magic/magic, action gesture, evil presence, onslaught-004.wav","magic|action|gesture|evil|presence|onslaught|onslaught004wav|emotion and magic|alexander kopeikin"
"magic, drone, tension, spellbound, evanescence-002.wav","Emotion and Magic","Alexander Kopeikin","https://sonniss.com/sound-effects/emotion-and-magic-sound-effects-alexander-kopeikin/","/Alexander Kopeikin - Emotion and Magic/magic, drone, tension, spellbound, evanescence-002.wav","magic|drone|tension|spellbound|evanescence|evanescence002wav|emotion and magic|alexander kopeikin"
"magic, energy flow, astonishment-001.wav","Emotion and Magic","Alexander Kopeikin","https://sonniss.com/sound-effects/emotion-and-magic-sound-effects-alexander-kopeikin/","/Alexander Kopeikin - Emotion and Magic/magic, energy flow, astonishment-001.wav","magic|energy|flow|astonishment|astonishment001wav|emotion and magic|alexander kopeikin"
"magic, energy flow, astral travel-015.wav","Emotion and Magic","Alexander Kopeikin","https://sonniss.com/sound-effects/emotion-and-magic-sound-effects-alexander-kopeikin/","/Alexander Kopeikin - Emotion and Magic/magic, energy flow, astral travel-015.wav","magic|energy|flow|astral|travel|travel015wav|emotion and magic|alexander kopeikin"
"GAMEMisc_Magic Creation 23_CB Sounddesign_APPlicable Sounds.wav","Applicable Sounds - Organic UI and Building Games SFX","CB_Sounddesign","https://sonniss.com/sound-effects/applicable-sounds-organic-ui-building-games-sfx/","/CB_Sounddesign - Applicable Sounds - Organic UI and Building Games SFX/GAMEMisc_Magic Creation 23_CB Sounddesign_APPlicable Sounds.wav","gamemisc_magic|creation|23_cb|sounddesign_applicable|soundswav|applicable sounds - organic ui and building games sfx|cb_sounddesign"
"TOONMisc_Bird Flutes 3_CB Sounddesign_APPlicable Sounds.wav","Applicable Sounds - Organic UI and Building Games SFX","CB_Sounddesign","https://sonniss.com/sound-effects/applicable-sounds-organic-ui-building-games-sfx/","/CB_Sounddesign - Applicable Sounds - Organic UI and Building Games SFX/TOONMisc_Bird Flutes 3_CB Sounddesign_APPlicable Sounds.wav","toonmisc_bird|flutes|3_cb|sounddesign_applicable|soundswav|applicable sounds - organic ui and building games sfx|cb_sounddesign"
"UIMisc_Kalimba 3 Up_CB Sounddesign_APPlicable Sounds.wav","Applicable Sounds - Organic UI and Building Games SFX","CB_Sounddesign","https://sonniss.com/sound-effects/applicable-sounds-organic-ui-building-games-sfx/","/CB_Sounddesign - Applicable Sounds - Organic UI and Building Games SFX/UIMisc_Kalimba 3 Up_CB Sounddesign_APPlicable Sounds.wav","uimisc_kalimba|3|up_cb|sounddesign_applicable|soundswav|applicable sounds - organic ui and building games sfx|cb_sounddesign"
"UIMisc_Xylophone Ringtone 2_CB Sounddesign_APPlicable Sounds.wav","Applicable Sounds - Organic UI and Building Games SFX","CB_Sounddesign","https://sonniss.com/sound-effects/applicable-sounds-organic-ui-building-games-sfx/","/CB_Sounddesign - Applicable Sounds - Organic UI and Building Games SFX/UIMisc_Xylophone Ringtone 2_CB Sounddesign_APPlicable Sounds.wav","uimisc_xylophone|ringtone|2_cb|sounddesign_applicable|soundswav|applicable sounds - organic ui and building games sfx|cb_sounddesign"
"Cartoon Bubbles Short.wav","Cartoon & Animation Vol 2","Cinematic Sound Design","https://sonniss.com/sound-effects/cartoon-animation-vol-2/","/Cinematic Sound Design - Cartoon & Animation Vol 2/Cartoon Bubbles Short.wav","cartoon|animation|sound|library|funny|whimsical|playful|characters|effects|fantasy|magical|comedic|lively|vibrant|imaginative|quirky|joyful|laughter|cartoonish|expressive|colorful|adventures|animated|soundscapes|creative|amusing|e|cartoon|bubbles|shortwav|cartoon & animation vol 2|cinematic sound design"
"Cartoon Pull Swoosh Readout.wav","Cartoon & Animation Vol 2","Cinematic Sound Design","https://sonniss.com/sound-effects/cartoon-animation-vol-2/","/Cinematic Sound Design - Cartoon & Animation Vol 2/Cartoon Pull Swoosh Readout.wav","cartoon|animation|sound|library|funny|whimsical|playful|characters|effects|fantasy|magical|comedic|lively|vibrant|imaginative|quirky|joyful|laughter|cartoonish|expressive|colorful|adventures|animated|soundscapes|creative|amusing|e|cartoon|pull|swoosh|readoutwav|cartoon & animation vol 2|cinematic sound design"
"Cartoon Transition Bass Down.wav","Cartoon & Animation Vol 2","Cinematic Sound Design","https://sonniss.com/sound-effects/cartoon-animation-vol-2/","/Cinematic Sound Design - Cartoon & Animation Vol 2/Cartoon Transition Bass Down.wav","cartoon|animation|sound|library|funny|whimsical|playful|characters|effects|fantasy|magical|comedic|lively|vibrant|imaginative|quirky|joyful|laughter|cartoonish|expressive|colorful|adventures|animated|soundscapes|creative|amusing|e|cartoon|transition|bass|downwav|cartoon & animation vol 2|cinematic sound design"
"Arrow Hit Rattle.wav","Cartoon Bloopers","Cinematic Sound Design","https://sonniss.com/sound-effects/cartoon-bloopers/","/Cinematic Sound Design - Cartoon Bloopers/Arrow Hit Rattle.wav","cartoon|comedy|funny|silly|goofy|blooper|gag|pratfall|slip|trip|stumble|clumsy|accident|mishap|fumble|laugh|humor|animated|childish|playful|wacky|absurd|exaggeration|lighthearted|arrow|hit|rattlewav|cartoon bloopers|cinematic sound design"
"Cartoon Confused Dizzy.wav","Cartoon Bloopers","Cinematic Sound Design","https://sonniss.com/sound-effects/cartoon-bloopers/","/Cinematic Sound Design - Cartoon Bloopers/Cartoon Confused Dizzy.wav","cartoon|comedy|funny|silly|goofy|blooper|gag|pratfall|slip|trip|stumble|clumsy|accident|mishap|fumble|laugh|humor|animated|childish|playful|wacky|absurd|exaggeration|lighthearted|cartoon|confused|dizzywav|cartoon bloopers|cinematic sound design"
"Character Elf It Shall Be Done.wav","Cartoon Bloopers","Cinematic Sound Design","https://sonniss.com/sound-effects/cartoon-bloopers/","/Cinematic Sound Design - Cartoon Bloopers/Character Elf It Shall Be Done.wav","cartoon|comedy|funny|silly|goofy|blooper|gag|pratfall|slip|trip|stumble|clumsy|accident|mishap|fumble|laugh|humor|animated|childish|playful|wacky|absurd|exaggeration|lighthearted|character|elf|it|shall|be|donewav|cartoon bloopers|cinematic sound design"
"Cartoon Airy Impact Creaks.wav","Cartoon Impacts","Cinematic Sound Design","https://sonniss.com/sound-effects/cartoon-impacts/","/Cinematic Sound Design - Cartoon Impacts/Cartoon Airy Impact Creaks.wav","cartoon|comedy|impact|ascend|boing|bongo|hit|jump|mallet|pops|pop|drain|punch|splat|squeak|sweep|swoosh|toys|whoosh|cartoon|airy|impact|creakswav|cartoon impacts|cinematic sound design"
"Cartoon Pops Random Sequence Reverb.wav","Cartoon Impacts","Cinematic Sound Design","https://sonniss.com/sound-effects/cartoon-impacts/","/Cinematic Sound Design - Cartoon Impacts/Cartoon Pops Random Sequence Reverb.wav","cartoon|comedy|impact|ascend|boing|bongo|hit|jump|mallet|pops|pop|drain|punch|splat|squeak|sweep|swoosh|toys|whoosh|cartoon|pops|random|sequence|reverbwav|cartoon impacts|cinematic sound design"
"Vibrato Impact Snap Spin Transition.wav","Cartoon Impacts","Cinematic Sound Design","https://sonniss.com/sound-effects/cartoon-impacts/","/Cinematic Sound Design - Cartoon Impacts/Vibrato Impact Snap Spin Transition.wav","cartoon|comedy|impact|ascend|boing|bongo|hit|jump|mallet|pops|pop|drain|punch|splat|squeak|sweep|swoosh|toys|whoosh|vibrato|impact|snap|spin|transitionwav|cartoon impacts|cinematic sound design"
"Impact Cut Sweep.wav","Colossal Impacts","Cinematic Sound Design","https://sonniss.com/sound-effects/colossal-impacts/","/Cinematic Sound Design - Colossal Impacts/Impact Cut Sweep.wav","impact|collision|explosion|smash|boom|crash|thud|cinematic|epic|massive|intense|heavy|powerful|action|game|audio|trailer|movie|blockbuster|destruction|shockwave|tremor|bass|deep|dramatic|design|tension|energy|hi|impact|cut|sweepwav|colossal impacts|cinematic sound design"
"Transition Frantic Shaker Snap.wav","Colossal Impacts","Cinematic Sound Design","https://sonniss.com/sound-effects/colossal-impacts/","/Cinematic Sound Design - Colossal Impacts/Transition Frantic Shaker Snap.wav","impact|collision|explosion|smash|boom|crash|thud|cinematic|epic|massive|intense|heavy|powerful|action|game|audio|trailer|movie|blockbuster|destruction|shockwave|tremor|bass|deep|dramatic|design|tension|energy|hi|transition|frantic|shaker|snapwav|colossal impacts|cinematic sound design"
"Woosh Debris.wav","Colossal Impacts","Cinematic Sound Design","https://sonniss.com/sound-effects/colossal-impacts/","/Cinematic Sound Design - Colossal Impacts/Woosh Debris.wav","impact|collision|explosion|smash|boom|crash|thud|cinematic|epic|massive|intense|heavy|powerful|action|game|audio|trailer|movie|blockbuster|destruction|shockwave|tremor|bass|deep|dramatic|design|tension|energy|hi|woosh|debriswav|colossal impacts|cinematic sound design"
"Cofetti Whoosh Pluck Spill.wav","Hybrid Game & UI Elements","Cinematic Sound Design","https://sonniss.com/sound-effects/hybrid-game-ui-elements/","/Cinematic Sound Design - Hybrid Game & UI Elements/Cofetti Whoosh Pluck Spill.wav","ui|system|click|button|menu|confirm|approve|error|alert|fail|success|notification|ding|ping|beep|bell|chime|sparkle|pop|swoosh|reward|bonus|coin|game|level|collect|foley|paper|door|zipper|crack|cofetti|whoosh|pluck|spillwav|hybrid game & ui elements|cinematic sound design"
"Foley Coin Flip Single Fast.wav","Hybrid Game & UI Elements","Cinematic Sound Design","https://sonniss.com/sound-effects/hybrid-game-ui-elements/","/Cinematic Sound Design - Hybrid Game & UI Elements/Foley Coin Flip Single Fast.wav","ui|system|click|button|menu|confirm|approve|error|alert|fail|success|notification|ding|ping|beep|bell|chime|sparkle|pop|swoosh|reward|bonus|coin|game|level|collect|foley|paper|door|zipper|crack|foley|coin|flip|single|fastwav|hybrid game & ui elements|cinematic sound design"
"Game Entry Happy Short.wav","Hybrid Game & UI Elements","Cinematic Sound Design","https://sonniss.com/sound-effects/hybrid-game-ui-elements/","/Cinematic Sound Design - Hybrid Game & UI Elements/Game Entry Happy Short.wav","ui|system|click|button|menu|confirm|approve|error|alert|fail|success|notification|ding|ping|beep|bell|chime|sparkle|pop|swoosh|reward|bonus|coin|game|level|collect|foley|paper|door|zipper|crack|game|entry|happy|shortwav|hybrid game & ui elements|cinematic sound design"
"Interface Accept Glassy Snap.wav","Interface & Infographics","Cinematic Sound Design","https://sonniss.com/sound-effects/interface-infographics/","/Cinematic Sound Design - Interface & Infographics/Interface Accept Glassy Snap.wav","interface|infographics|design|userfriendly|interactive|technology|digital|modern|sleek|visuals|graphical|data|information|user|graphics|experience|ux|ui|innovative|in|interface|accept|glassy|snapwav|interface & infographics|cinematic sound design"
"Interface Percussion Snap.wav","Interface & Infographics","Cinematic Sound Design","https://sonniss.com/sound-effects/interface-infographics/","/Cinematic Sound Design - Interface & Infographics/Interface Percussion Snap.wav","interface|infographics|design|userfriendly|interactive|technology|digital|modern|sleek|visuals|graphical|data|information|user|graphics|experience|ux|ui|innovative|in|interface|percussion|snapwav|interface & infographics|cinematic sound design"
"Interface Pop High Short.wav","Interface & Infographics","Cinematic Sound Design","https://sonniss.com/sound-effects/interface-infographics/","/Cinematic Sound Design - Interface & Infographics/Interface Pop High Short.wav","interface|infographics|design|userfriendly|interactive|technology|digital|modern|sleek|visuals|graphical|data|information|user|graphics|experience|ux|ui|innovative|in|interface|pop|high|shortwav|interface & infographics|cinematic sound design"
"A4 Printing Paper Rattle Page Turn Tail.wav","Paper Foley","Cinematic Sound Design","https://sonniss.com/sound-effects/paper-foley/","/Cinematic Sound Design - Paper Foley/A4 Printing Paper Rattle Page Turn Tail.wav","a4|printing|paper|foley|sheet|page|turn|rusty|printing|paper|rattle|page|turn|tailwav|paper foley|cinematic sound design"
"Encyclopedia Glossy Page Turn Muted.wav","Paper Foley","Cinematic Sound Design","https://sonniss.com/sound-effects/paper-foley/","/Cinematic Sound Design - Paper Foley/Encyclopedia Glossy Page Turn Muted.wav","encyclopedia|paper|squash|movement|foley|page|turning|soft|encyclopedia|glossy|page|turn|mutedwav|paper foley|cinematic sound design"
"Newspaper Static Foley Rummage.wav","Paper Foley","Cinematic Sound Design","https://sonniss.com/sound-effects/paper-foley/","/Cinematic Sound Design - Paper Foley/Newspaper Static Foley Rummage.wav","newspaper|paper|foley|sheet|page|turning|rummage|squash|movement|newspaper|static|foley|rummagewav|paper foley|cinematic sound design"
"Dark Industrial Ambience.wav","Sci-Fi Drones","Cinematic Sound Design","https://sonniss.com/sound-effects/sci-fi-drones/","/Cinematic Sound Design - Sci-Fi Drones/Dark Industrial Ambience.wav","dark|cinematic|interior|drone|scifi|ghostly|horror|spaceship|noise|space|background|ambience|games|dark|industrial|ambiencewav|sci-fi drones|cinematic sound design"
"Psycho Glitched Screechy Tones Noise.wav","Sci-Fi Drones","Cinematic Sound Design","https://sonniss.com/sound-effects/sci-fi-drones/","/Cinematic Sound Design - Sci-Fi Drones/Psycho Glitched Screechy Tones Noise.wav","dark|cinematic|interior|drone|scifi|ghostly|horror|spaceship|noise|space|background|ambience|games|psycho|glitched|screechy|tones|noisewav|sci-fi drones|cinematic sound design"
"Roomtone Space Ship Interior Muted.wav","Sci-Fi Drones","Cinematic Sound Design","https://sonniss.com/sound-effects/sci-fi-drones/","/Cinematic Sound Design - Sci-Fi Drones/Roomtone Space Ship Interior Muted.wav","dark|cinematic|interior|drone|scifi|ghostly|horror|spaceship|noise|space|background|ambience|games|roomtone|space|ship|interior|mutedwav|sci-fi drones|cinematic sound design"
"Interface Arp Reveal Down Long.wav","System & UI Feedback Elements","Cinematic Sound Design","https://sonniss.com/sound-effects/system-ui-feedback-elements/","/Cinematic Sound Design - System & UI Feedback Elements/Interface Arp Reveal Down Long.wav","system|ui|feedback|interface|menu|button|navigation|confirmation|cancel|error|warning|success|hover|rollover|selection|toggle|slider|checkbox|radio|drag|drop|notification|subtle|minimal|digital|alert|popup|transition|window|typ|interface|arp|reveal|down|longwav|system & ui feedback elements|cinematic sound design"
"Interface Deny Low Fat Dark.wav","System & UI Feedback Elements","Cinematic Sound Design","https://sonniss.com/sound-effects/system-ui-feedback-elements/","/Cinematic Sound Design - System & UI Feedback Elements/Interface Deny Low Fat Dark.wav","system|ui|feedback|interface|menu|button|navigation|confirmation|cancel|error|warning|success|hover|rollover|selection|toggle|slider|checkbox|radio|drag|drop|notification|subtle|minimal|digital|alert|popup|transition|window|typ|interface|deny|low|fat|darkwav|system & ui feedback elements|cinematic sound design"
"Interface Sci-Fi Ping Down.wav","System & UI Feedback Elements","Cinematic Sound Design","https://sonniss.com/sound-effects/system-ui-feedback-elements/","/Cinematic Sound Design - System & UI Feedback Elements/Interface Sci-Fi Ping Down.wav","system|ui|feedback|interface|menu|button|navigation|confirmation|cancel|error|warning|success|hover|rollover|selection|toggle|slider|checkbox|radio|drag|drop|notification|subtle|minimal|digital|alert|popup|transition|window|typ|interface|scifi|ping|downwav|system & ui feedback elements|cinematic sound design"
"Accept Boing Crunch.wav","UI Interaction Elements","Cinematic Sound Design","https://sonniss.com/sound-effects/ui-interaction-elements/","/Cinematic Sound Design - UI Interaction Elements/Accept Boing Crunch.wav","ui|interface|interaction|button|click|tap|menu|toggle|switch|slider|select|confirm|cancel|notify|alert|feedback|input|navigation|panel|tab|scroll|hover|activate|trigger|prompt|highlight|focus|press|control|engage|accept|boing|crunchwav|ui interaction elements|cinematic sound design"
"Deny Muted.wav","UI Interaction Elements","Cinematic Sound Design","https://sonniss.com/sound-effects/ui-interaction-elements/","/Cinematic Sound Design - UI Interaction Elements/Deny Muted.wav","ui|interface|interaction|button|click|tap|menu|toggle|switch|slider|select|confirm|cancel|notify|alert|feedback|input|navigation|panel|tab|scroll|hover|activate|trigger|prompt|highlight|focus|press|control|engage|deny|mutedwav|ui interaction elements|cinematic sound design"
"Ting Coins.wav","UI Interaction Elements","Cinematic Sound Design","https://sonniss.com/sound-effects/ui-interaction-elements/","/Cinematic Sound Design - UI Interaction Elements/Ting Coins.wav","ui|interface|interaction|button|click|tap|menu|toggle|switch|slider|select|confirm|cancel|notify|alert|feedback|input|navigation|panel|tab|scroll|hover|activate|trigger|prompt|highlight|focus|press|control|engage|ting|coinswav|ui interaction elements|cinematic sound design"
"Impact Hit Rapid Chord Reverb.wav","Ultra Transitions & Impacts","Cinematic Sound Design","https://sonniss.com/sound-effects/ultra-transitions-impacts/","/Cinematic Sound Design - Ultra Transitions & Impacts/Impact Hit Rapid Chord Reverb.wav","ultra|transitions|impacts|cinematic|sound|design|powerful|intense|dynamic|dramatic|highenergy|futuristic|effects|audio|motion|immersive|adrenaline|graphics|transition|impact|sounds|soundscapes|explosive|thril|impact|hit|rapid|chord|reverbwav|ultra transitions & impacts|cinematic sound design"
"Transition Braam Slow Dark Creepy.wav","Ultra Transitions & Impacts","Cinematic Sound Design","https://sonniss.com/sound-effects/ultra-transitions-impacts/","/Cinematic Sound Design - Ultra Transitions & Impacts/Transition Braam Slow Dark Creepy.wav","ultra|transitions|impacts|cinematic|sound|design|powerful|intense|dynamic|dramatic|highenergy|futuristic|effects|audio|motion|immersive|adrenaline|graphics|transition|impact|sounds|soundscapes|explosive|thril|transition|braam|slow|dark|creepywav|ultra transitions & impacts|cinematic sound design"
"Woosh Sweep Slide Infographics Basic.wav","Ultra Transitions & Impacts","Cinematic Sound Design","https://sonniss.com/sound-effects/ultra-transitions-impacts/","/Cinematic Sound Design - Ultra Transitions & Impacts/Woosh Sweep Slide Infographics Basic.wav","ultra|transitions|impacts|cinematic|sound|design|powerful|intense|dynamic|dramatic|highenergy|futuristic|effects|audio|motion|immersive|adrenaline|graphics|transition|impact|sounds|soundscapes|explosive|thril|woosh|sweep|slide|infographics|basicwav|ultra transitions & impacts|cinematic sound design"
"Button Arp Twinkle.wav","User Interface","Cinematic Sound Design","https://sonniss.com/sound-effects/user-interface/","/Cinematic Sound Design - User Interface/Button Arp Twinkle.wav","interface|button|app|accept|deny|request|confirmation|click|verification|acceptance|denial|menu|header|quest|sound|ringtone|chimes|ding|hint|notification|tapping|popup|notify|button|arp|twinklewav|user interface|cinematic sound design"
"Interface Plucks Happy.wav","User Interface","Cinematic Sound Design","https://sonniss.com/sound-effects/user-interface/","/Cinematic Sound Design - User Interface/Interface Plucks Happy.wav","interface|button|app|accept|deny|request|confirmation|click|verification|acceptance|denial|menu|header|quest|sound|ringtone|chimes|ding|hint|notification|tapping|popup|notify|interface|plucks|happywav|user interface|cinematic sound design"
"Readout Thin Long.wav","User Interface","Cinematic Sound Design","https://sonniss.com/sound-effects/user-interface/","/Cinematic Sound Design - User Interface/Readout Thin Long.wav","interface|button|app|accept|deny|request|confirmation|click|verification|acceptance|denial|menu|header|quest|sound|ringtone|chimes|ding|hint|notification|tapping|popup|notify|readout|thin|longwav|user interface|cinematic sound design"
"METLFric_SWING SCRAPE Swift Melee Weapon Swing With A Long Blade 14_DDUMAIS_MWP2.wav","Melee Weapons Sound Effects Pack 2","David Dumais Audio","https://sonniss.com/sound-effects/melee-weapons-sound-effects-pack-2/","/David Dumais Audio - Melee Weapons Sound Effects Pack 2/METLFric_SWING SCRAPE Swift Melee Weapon Swing With A Long Blade 14_DDUMAIS_MWP2.wav","swing|slash|b|metlfric_swing|scrape|swift|melee|weapon|swing|with|a|long|blade|14_ddumais_mwp2wav|melee weapons sound effects pack 2|david dumais audio"
"METLImpt_METAL SWING HIT Weapon Swing To Metallic Body Impact And Resonant Tail 01_DDUMAIS_MWP2.wav","Melee Weapons Sound Effects Pack 2","David Dumais Audio","https://sonniss.com/sound-effects/melee-weapons-sound-effects-pack-2/","/David Dumais Audio - Melee Weapons Sound Effects Pack 2/METLImpt_METAL SWING HIT Weapon Swing To Metallic Body Impact And Resonant Tail 01_DDUMAIS_MWP2.wav","sword|strike|b|metlimpt_metal|swing|hit|weapon|swing|to|metallic|body|impact|and|resonant|tail|01_ddumais_mwp2wav|melee weapons sound effects pack 2|david dumais audio"
"SWSH_SWING IMPACTS Quick Heavy Weapon Swing To Thud Impact Var 01_DDUMAIS_MWP2.wav","Melee Weapons Sound Effects Pack 2","David Dumais Audio","https://sonniss.com/sound-effects/melee-weapons-sound-effects-pack-2/","/David Dumais Audio - Melee Weapons Sound Effects Pack 2/SWSH_SWING IMPACTS Quick Heavy Weapon Swing To Thud Impact Var 01_DDUMAIS_MWP2.wav","sword|swing|b|swsh_swing|impacts|quick|heavy|weapon|swing|to|thud|impact|var|01_ddumais_mwp2wav|melee weapons sound effects pack 2|david dumais audio"
"WEAPWhip_WHIP Snap Crack 05_DDUMAIS_MWP2.wav","Melee Weapons Sound Effects Pack 2","David Dumais Audio","https://sonniss.com/sound-effects/melee-weapons-sound-effects-pack-2/","/David Dumais Audio - Melee Weapons Sound Effects Pack 2/WEAPWhip_WHIP Snap Crack 05_DDUMAIS_MWP2.wav","whip|b|weapwhip_whip|snap|crack|05_ddumais_mwp2wav|melee weapons sound effects pack 2|david dumais audio"
"HMNBrth_British Detective Breathing Vocal Female Idle Annoyed Breath Grunt_ESM_AAAGCBFD.wav","AAA Game Character British Female Detective","Epic Stock Media","https://sonniss.com/sound-effects/aaa-game-character-british-female-detective/","/Epic Stock Media - AAA Game Character British Female Detective/HMNBrth_British Detective Breathing Vocal Female Idle Annoyed Breath Grunt_ESM_AAAGCBFD.wav","inhale|exhale|sigh|breathe|air|hum|emotive|wind|expression|reaction|hmnbrth_british|detective|breathing|vocal|female|idle|annoyed|breath|grunt_esm_aaagcbfdwav|aaa game character british female detective|epic stock media"
"VOXCry_British Detective Crying Vocal Female Low Energy Weep_ESM_AAAGCBFD.wav","AAA Game Character British Female Detective","Epic Stock Media","https://sonniss.com/sound-effects/aaa-game-character-british-female-detective/","/Epic Stock Media - AAA Game Character British Female Detective/VOXCry_British Detective Crying Vocal Female Low Energy Weep_ESM_AAAGCBFD.wav","sad|cry|emotional|emote|defeat|mourning|reaction|weep|wail|fail|sniffling|voxcry_british|detective|crying|vocal|female|low|energy|weep_esm_aaagcbfdwav|aaa game character british female detective|epic stock media"
"VOXFem_British Detective Custom Lines Vocal Female In A World Of Lies And Deception Im The One They Turn To When They Need The Truth B_ESM_AAAGCBFD.wav","AAA Game Character British Female Detective","Epic Stock Media","https://sonniss.com/sound-effects/aaa-game-character-british-female-detective/","/Epic Stock Media - AAA Game Character British Female Detective/VOXFem_British Detective Custom Lines Vocal Female In A World Of Lies And Deception Im The One They Turn To When They Need The Truth B_ESM_AAAGCBFD.wav","dialogue|spoken|sentence|speech|response|command|reaction|female|english|accent|voxfem_british|detective|custom|lines|vocal|female|in|a|world|of|lies|and|deception|im|the|one|they|turn|to|when|need|truth|b_esm_aaagcbfdwav|aaa game character british female detective|epic stock media"
"VOXReac_British Detective Pain Vocal Female Dying High Grunt Breath_ESM_AAAGCBFD.wav","AAA Game Character British Female Detective","Epic Stock Media","https://sonniss.com/sound-effects/aaa-game-character-british-female-detective/","/Epic Stock Media - AAA Game Character British Female Detective/VOXReac_British Detective Pain Vocal Female Dying High Grunt Breath_ESM_AAAGCBFD.wav","reaction|hit|injured|damaged|combat|fight|punched|kicked|groan|grunt|voxreac_british|detective|pain|vocal|female|dying|high|grunt|breath_esm_aaagcbfdwav|aaa game character british female detective|epic stock media"
"HMNBrth_Police Officer Gasp Vocal Male Shocked Alert 1.wav","AAA Game Character Police Officer","Epic Stock Media","https://sonniss.com/sound-effects/aaa-game-character-police-officer/","/Epic Stock Media - AAA Game Character Police Officer/HMNBrth_Police Officer Gasp Vocal Male Shocked Alert 1.wav","inhale|exhale|sigh|breathe|air|hum|emotive|wind|expression|reaction|hmnbrth_police|officer|gasp|vocal|male|shocked|alert|1wav|aaa game character police officer|epic stock media"
"HMNCough_Police Officer Cough Vocal Male 11.wav","AAA Game Character Police Officer","Epic Stock Media","https://sonniss.com/sound-effects/aaa-game-character-police-officer/","/Epic Stock Media - AAA Game Character Police Officer/HMNCough_Police Officer Cough Vocal Male 11.wav","sick|cough|ill|choked|hack|struggle|strained|thoaty|clear|poisoned|hmncough_police|officer|cough|vocal|male|11wav|aaa game character police officer|epic stock media"
"VOXLaff_Police Officer Laugh Vocal Male 1.wav","AAA Game Character Police Officer","Epic Stock Media","https://sonniss.com/sound-effects/aaa-game-character-police-officer/","/Epic Stock Media - AAA Game Character Police Officer/VOXLaff_Police Officer Laugh Vocal Male 1.wav","happy|joy|chuckle|lighthearted|bright|laughter|tickle|giggle|hearty|positive|voxlaff_police|officer|laugh|vocal|male|1wav|aaa game character police officer|epic stock media"
"VOXMale_Police Officer Custom Lines Vocal Male Emergency Shots Fired Need Backup.wav","AAA Game Character Police Officer","Epic Stock Media","https://sonniss.com/sound-effects/aaa-game-character-police-officer/","/Epic Stock Media - AAA Game Character Police Officer/VOXMale_Police Officer Custom Lines Vocal Male Emergency Shots Fired Need Backup.wav","dialogue|spoken|sentence|speech|response|command|reaction|man|male|guy|cop|security|voxmale_police|officer|custom|lines|vocal|male|emergency|shots|fired|need|backupwav|aaa game character police officer|epic stock media"
"DSGNMisc_Misc Monster Tentacle Modulated Creature Shadow Abstract Swept Wobble Lfo 02_ESM_AG.wav","Anime Game","Epic Stock Media","https://sonniss.com/sound-effects/anime-game/","/Epic Stock Media - Anime Game/DSGNMisc_Misc Monster Tentacle Modulated Creature Shadow Abstract Swept Wobble Lfo 02_ESM_AG.wav","intense|rapid|warble|full|frequency|layered|impact|crash|hit|dsgnmisc_misc|monster|tentacle|modulated|creature|shadow|abstract|swept|wobble|lfo|02_esm_agwav|anime game|epic stock media"
"DSGNStngr_Power Up Bright Positive Successful Light Saturation Crash Shimmer 05_ESM_AG.wav","Anime Game","Epic Stock Media","https://sonniss.com/sound-effects/anime-game/","/Epic Stock Media - Anime Game/DSGNStngr_Power Up Bright Positive Successful Light Saturation Crash Shimmer 05_ESM_AG.wav","intense|energetic|radiant|uplift|sweep|vintage|buff|dirty|whoosh|impact|dsgnstngr_power|up|bright|positive|successful|light|saturation|crash|shimmer|05_esm_agwav|anime game|epic stock media"
"EXPLDsgn_Explosion Small Blast Enemy Death Crunchy Boom Cartoon Noisy Crash Impact Delay 03_ESM_AG.wav","Anime Game","Epic Stock Media","https://sonniss.com/sound-effects/anime-game/","/Epic Stock Media - Anime Game/EXPLDsgn_Explosion Small Blast Enemy Death Crunchy Boom Cartoon Noisy Crash Impact Delay 03_ESM_AG.wav","punchy|explosive|synth|bomb|sweep|analog|vintage|full|frequency|clear|expldsgn_explosion|small|blast|enemy|death|crunchy|boom|cartoon|noisy|crash|impact|delay|03_esm_agwav|anime game|epic stock media"
"FGHTImpt_Combat Punch Impact Light Hit Delay Crunchy Vintage Quick Smack 05_ESM_AG.wav","Anime Game","Epic Stock Media","https://sonniss.com/sound-effects/anime-game/","/Epic Stock Media - Anime Game/FGHTImpt_Combat Punch Impact Light Hit Delay Crunchy Vintage Quick Smack 05_ESM_AG.wav","sharp|snappy|gritty|crisp|echoing|tight|synthetic|digital|crunch|smack|fghtimpt_combat|punch|impact|light|hit|delay|crunchy|vintage|quick|smack|05_esm_agwav|anime game|epic stock media"
"GAMEBoard_Event Board Reset Organic Multiple Pieces Wood Small 02_ESM_BG.wav","Board Game - Sound Set Kit for Tabletop and Digital Games","Epic Stock Media","https://sonniss.com/sound-effects/board-game-sound-set-kit-for-tabletop-and-digital-games/","/Epic Stock Media - Board Game - Sound Set Kit for Tabletop and Digital Games/GAMEBoard_Event Board Reset Organic Multiple Pieces Wood Small 02_ESM_BG.wav","notification|interaction|transition|next|round|tumble|clatter|movement|gameboard_event|board|reset|organic|multiple|pieces|wood|small|02_esm_bgwav|board game - sound set kit for tabletop and digital games|epic stock media"
"GAMEBoard_Game Play Piece Action Organic Connect Dots Fall Bounce 04_ESM_BG.wav","Board Game - Sound Set Kit for Tabletop and Digital Games","Epic Stock Media","https://sonniss.com/sound-effects/board-game-sound-set-kit-for-tabletop-and-digital-games/","/Epic Stock Media - Board Game - Sound Set Kit for Tabletop and Digital Games/GAMEBoard_Game Play Piece Action Organic Connect Dots Fall Bounce 04_ESM_BG.wav","interaction|movement|motion|active|selection|confirm|clatter|small|object|gameboard_game|play|piece|action|organic|connect|dots|fall|bounce|04_esm_bgwav|board game - sound set kit for tabletop and digital games|epic stock media"
"PAPRHndl_Game Play Cards Dry Show Flip Toss Disgard Near 12_ESM_BG.wav","Board Game - Sound Set Kit for Tabletop and Digital Games","Epic Stock Media","https://sonniss.com/sound-effects/board-game-sound-set-kit-for-tabletop-and-digital-games/","/Epic Stock Media - Board Game - Sound Set Kit for Tabletop and Digital Games/PAPRHndl_Game Play Cards Dry Show Flip Toss Disgard Near 12_ESM_BG.wav","deck|handling|shuffle|movement|paper|friction|flip|motion|deal|pass|nearfield|paprhndl_game|play|cards|dry|show|flip|toss|disgard|near|12_esm_bgwav|board game - sound set kit for tabletop and digital games|epic stock media"
"UIClick_UI Button Analog Vintage Double Click Neutral Dry Press 11_ESM_BG.wav","Board Game - Sound Set Kit for Tabletop and Digital Games","Epic Stock Media","https://sonniss.com/sound-effects/board-game-sound-set-kit-for-tabletop-and-digital-games/","/Epic Stock Media - Board Game - Sound Set Kit for Tabletop and Digital Games/UIClick_UI Button Analog Vintage Double Click Neutral Dry Press 11_ESM_BG.wav","interaction|press|select|confirm|deny|open|close|tap|short|stab|uiclick_ui|button|analog|vintage|double|click|neutral|dry|press|11_esm_bgwav|board game - sound set kit for tabletop and digital games|epic stock media"
"ELECMisc_Impact Electric Tonal Deep Movement Motion Hiss Glitch 01_ESM_EMWI.wav","Elemental Mutation Whooshes and Impacts","Epic Stock Media","https://sonniss.com/sound-effects/elemental-mutation-whooshes-and-impacts/","/Epic Stock Media - Elemental Mutation Whooshes and Impacts/ELECMisc_Impact Electric Tonal Deep Movement Motion Hiss Glitch 01_ESM_EMWI.wav","crackle|shock|arc|spark|blast|static|buzz|hum|crisp|hiss|elecmisc_impact|electric|tonal|deep|movement|motion|hiss|glitch|01_esm_emwiwav|elemental mutation whooshes and impacts|epic stock media"
"FIREWhsh_Whoosh Fire Deep Growl Monster Saturated Crisp 03_ESM_EMWI.wav","Elemental Mutation Whooshes and Impacts","Epic Stock Media","https://sonniss.com/sound-effects/elemental-mutation-whooshes-and-impacts/","/Epic Stock Media - Elemental Mutation Whooshes and Impacts/FIREWhsh_Whoosh Fire Deep Growl Monster Saturated Crisp 03_ESM_EMWI.wav","blast|boom|fizzle|sizzle|crackle|flame|ripple|motion|spell|firewhsh_whoosh|fire|deep|growl|monster|saturated|crisp|03_esm_emwiwav|elemental mutation whooshes and impacts|epic stock media"
"GLASMvmt_Whoosh Glass Crystal Fragments Sharp Shards Dry 05_ESM_EMWI.wav","Elemental Mutation Whooshes and Impacts","Epic Stock Media","https://sonniss.com/sound-effects/elemental-mutation-whooshes-and-impacts/","/Epic Stock Media - Elemental Mutation Whooshes and Impacts/GLASMvmt_Whoosh Glass Crystal Fragments Sharp Shards Dry 05_ESM_EMWI.wav","ice|shatter|break|crash|thin|bright|clatter|crystal|shimmery|glasmvmt_whoosh|glass|crystal|fragments|sharp|shards|dry|05_esm_emwiwav|elemental mutation whooshes and impacts|epic stock media"
"WATRImpt_Impact Water Deep Submerge Bubble Drown Ship Hit 05_ESM_EMWI.wav","Elemental Mutation Whooshes and Impacts","Epic Stock Media","https://sonniss.com/sound-effects/elemental-mutation-whooshes-and-impacts/","/Epic Stock Media - Elemental Mutation Whooshes and Impacts/WATRImpt_Impact Water Deep Submerge Bubble Drown Ship Hit 05_ESM_EMWI.wav","splash|dunk|gurgle|slosh|ripple|bubble|droplet|smash|flow|watrimpt_impact|water|deep|submerge|bubble|drown|ship|hit|05_esm_emwiwav|elemental mutation whooshes and impacts|epic stock media"
"COMStatic_Radio Ham Loop Static Hum Active Powered On Garbled Noise 01_ESM_FA.wav","Fake Advertisements and Radio Sound Effects Audio Construction Kit","Epic Stock Media","https://sonniss.com/sound-effects/fake-advertisements-and-radio-sound-effects-audio-construction-kit/","/Epic Stock Media - Fake Advertisements and Radio Sound Effects Audio Construction Kit/COMStatic_Radio Ham Loop Static Hum Active Powered On Garbled Noise 01_ESM_FA.wav","static|frequency|noise|movement|coms|radio|signal|intercept|comstatic_radio|ham|loop|static|hum|active|powered|on|garbled|noise|01_esm_fawav|fake advertisements and radio sound effects audio construction kit|epic stock media"
"VOXMale_Voice Wet Male Emergency Broadcast Announcement Dry War 01_ESM_FA.wav","Fake Advertisements and Radio Sound Effects Audio Construction Kit","Epic Stock Media","https://sonniss.com/sound-effects/fake-advertisements-and-radio-sound-effects-audio-construction-kit/","/Epic Stock Media - Fake Advertisements and Radio Sound Effects Audio Construction Kit/VOXMale_Voice Wet Male Emergency Broadcast Announcement Dry War 01_ESM_FA.wav","newscast|warning|alert|natural|disaster|danger|presenter|voice|over|voxmale_voice|wet|male|emergency|broadcast|announcement|dry|war|01_esm_fawav|fake advertisements and radio sound effects audio construction kit|epic stock media"
"CLOTHFlp_Action Inventory Open Flip Cloth Canvas Bag Slide Light 02_ESM_FG2.wav","Fantasy Game 2 - Sound Kit for Enchanted Realms","Epic Stock Media","https://sonniss.com/sound-effects/fantasy-game-2-sound-kit-for-enchanted-realms/","/Epic Stock Media - Fantasy Game 2 - Sound Kit for Enchanted Realms/CLOTHFlp_Action Inventory Open Flip Cloth Canvas Bag Slide Light 02_ESM_FG2.wav","abrupt|quick|friction|swish|sweep|flip|whip|sudden|short|clothflp_action|inventory|open|flip|cloth|canvas|bag|slide|light|02_esm_fg2wav|fantasy game 2 - sound kit for enchanted realms|epic stock media"
"GAMEMisc_Source Card Tarot Deck Generic Neutral Dry Heavy Shuffle 01_ESM_FG2.wav","Fantasy Game 2 - Sound Kit for Enchanted Realms","Epic Stock Media","https://sonniss.com/sound-effects/fantasy-game-2-sound-kit-for-enchanted-realms/","/Epic Stock Media - Fantasy Game 2 - Sound Kit for Enchanted Realms/GAMEMisc_Source Card Tarot Deck Generic Neutral Dry Heavy Shuffle 01_ESM_FG2.wav","card|game|fortune|telling|movement|slide|flip|single|deal|activate|gamemisc_source|card|tarot|deck|generic|neutral|dry|heavy|shuffle|01_esm_fg2wav|fantasy game 2 - sound kit for enchanted realms|epic stock media"
"MAGAngl_Magic Light Spell Enchantment Potion Effect Tonal Bright 03_ESM_FG2.wav","Fantasy Game 2 - Sound Kit for Enchanted Realms","Epic Stock Media","https://sonniss.com/sound-effects/fantasy-game-2-sound-kit-for-enchanted-realms/","/Epic Stock Media - Fantasy Game 2 - Sound Kit for Enchanted Realms/MAGAngl_Magic Light Spell Enchantment Potion Effect Tonal Bright 03_ESM_FG2.wav","whimsical|shimmer|sparkle|enchant|dreamy|radiant|uplift|heal|fanfare|tonal|magangl_magic|light|spell|enchantment|potion|effect|tonal|bright|03_esm_fg2wav|fantasy game 2 - sound kit for enchanted realms|epic stock media"
"UIAlert_Collect Scifi Futuristic Electronic Bass Burst Sweep Heavy 04_ESM_FG2.wav","Fantasy Game 2 - Sound Kit for Enchanted Realms","Epic Stock Media","https://sonniss.com/sound-effects/fantasy-game-2-sound-kit-for-enchanted-realms/","/Epic Stock Media - Fantasy Game 2 - Sound Kit for Enchanted Realms/UIAlert_Collect Scifi Futuristic Electronic Bass Burst Sweep Heavy 04_ESM_FG2.wav","vibrant|shimmer|pop|unison|layered|mid|thump|riser|short|uialert_collect|scifi|futuristic|electronic|bass|burst|sweep|heavy|04_esm_fg2wav|fantasy game 2 - sound kit for enchanted realms|epic stock media"
"CREABeast_Creature Werewolf Growl Menacing Monstrous 06_ESM_HALG.wav","Halloween Game - Haunted House and Horror Audio Scare Kit","Epic Stock Media","https://sonniss.com/sound-effects/halloween-game-haunted-house-and-horror-audio-scare-kit/","/Epic Stock Media - Halloween Game - Haunted House and Horror Audio Scare Kit/CREABeast_Creature Werewolf Growl Menacing Monstrous 06_ESM_HALG.wav","designed|creature|aggressive|lycan|beast|canine|dog|creabeast_creature|werewolf|growl|menacing|monstrous|06_esm_halgwav|halloween game - haunted house and horror audio scare kit|epic stock media"
"DSGNEthr_Jumpscare Vocal Aggressive Whisper Harsh Distortion 02_ESM_HALG.wav","Halloween Game - Haunted House and Horror Audio Scare Kit","Epic Stock Media","https://sonniss.com/sound-effects/halloween-game-haunted-house-and-horror-audio-scare-kit/","/Epic Stock Media - Halloween Game - Haunted House and Horror Audio Scare Kit/DSGNEthr_Jumpscare Vocal Aggressive Whisper Harsh Distortion 02_ESM_HALG.wav","sudden|tension|spooky|horror|swell|impact|intense|reverb|dsgnethr_jumpscare|vocal|aggressive|whisper|harsh|distortion|02_esm_halgwav|halloween game - haunted house and horror audio scare kit|epic stock media"
"GORESplt_Gore Designed Transient Heavy Impact Smash 01_ESM_HALG.wav","Halloween Game - Haunted House and Horror Audio Scare Kit","Epic Stock Media","https://sonniss.com/sound-effects/halloween-game-haunted-house-and-horror-audio-scare-kit/","/Epic Stock Media - Halloween Game - Haunted House and Horror Audio Scare Kit/GORESplt_Gore Designed Transient Heavy Impact Smash 01_ESM_HALG.wav","squelch|source|impact|injury|attack|blood|bone|crunchy|goresplt_gore|designed|transient|heavy|impact|smash|01_esm_halgwav|halloween game - haunted house and horror audio scare kit|epic stock media"
"UIAlert_Alert Designed Transition Swell Creature Strange Alien Layered 01_ESM_HALG.wav","Halloween Game - Haunted House and Horror Audio Scare Kit","Epic Stock Media","https://sonniss.com/sound-effects/halloween-game-haunted-house-and-horror-audio-scare-kit/","/Epic Stock Media - Halloween Game - Haunted House and Horror Audio Scare Kit/UIAlert_Alert Designed Transition Swell Creature Strange Alien Layered 01_ESM_HALG.wav","alien|swell|strange|creature|eerie|transition|scifi|movement|organic|morph|unsettling|riser|otherworldly|effect|layered|uialert_alert|designed|transition|swell|creature|strange|alien|layered|01_esm_halgwav|halloween game - haunted house and horror audio scare kit|epic stock media"
"ICEFric_Dry Ice High Metal Squeal Groan Bright Squeak Dissonant Short 13_ESM_HDGM.wav","HD Game Materials","Epic Stock Media","https://sonniss.com/sound-effects/hd-game-materials/","/Epic Stock Media - HD Game Materials/ICEFric_Dry Ice High Metal Squeal Groan Bright Squeak Dissonant Short 13_ESM_HDGM.wav","harsh|resonant|jarring|sustained|piercing|crisp|grating|hollow|shrill|dissonant|icefric_dry|ice|high|metal|squeal|groan|bright|squeak|dissonant|short|13_esm_hdgmwav|hd game materials|epic stock media"
"ICEFric_Dry Ice Squeak Metal Animal Mouse Imitation Short 07_ESM_HDGM.wav","HD Game Materials","Epic Stock Media","https://sonniss.com/sound-effects/hd-game-materials/","/Epic Stock Media - HD Game Materials/ICEFric_Dry Ice Squeak Metal Animal Mouse Imitation Short 07_ESM_HDGM.wav","harsh|resonant|jarring|sustained|piercing|crisp|grating|hollow|shrill|dissonant|icefric_dry|ice|squeak|metal|animal|mouse|imitation|short|07_esm_hdgmwav|hd game materials|epic stock media"
"METLImpt_Metal Old File Impact Tap Against Tire Iron Metallic Hit 01_ESM_HDGM.wav","HD Game Materials","Epic Stock Media","https://sonniss.com/sound-effects/hd-game-materials/","/Epic Stock Media - HD Game Materials/METLImpt_Metal Old File Impact Tap Against Tire Iron Metallic Hit 01_ESM_HDGM.wav","metallic|resonant|smack|tap|impact|ring|solid|steel|percussive|metlimpt_metal|old|file|impact|tap|against|tire|iron|metallic|hit|01_esm_hdgmwav|hd game materials|epic stock media"
"WOODFric_Wood Shaker Microphone Head Roll Table Alternate Grainy 05_ESM_HDGM.wav","HD Game Materials","Epic Stock Media","https://sonniss.com/sound-effects/hd-game-materials/","/Epic Stock Media - HD Game Materials/WOODFric_Wood Shaker Microphone Head Roll Table Alternate Grainy 05_ESM_HDGM.wav","textured|round|object|smooth|friction|slide|spin|metal|container|woodfric_wood|shaker|microphone|head|roll|table|alternate|grainy|05_esm_hdgmwav|hd game materials|epic stock media"
"MACHMech_Mechanism Counting Machine Interact Loose Container Short 01_ESM_HDLM.wav","HD Lock And Mechanism Sound Design Kit","Epic Stock Media","https://sonniss.com/sound-effects/hd-lock-and-mechanism-sound-design-kit/","/Epic Stock Media - HD Lock And Mechanism Sound Design Kit/MACHMech_Mechanism Counting Machine Interact Loose Container Short 01_ESM_HDLM.wav","clang|click|gear|spline|metal|box|knock|industrial|handling|interaction|hollow|metallic|machmech_mechanism|counting|machine|interact|loose|container|short|01_esm_hdlmwav|hd lock and mechanism sound design kit|epic stock media"
"MECHLtch_Click Deep Mechanism Latch Button Nearfield Thunk 02_ESM_HDLM.wav","HD Lock And Mechanism Sound Design Kit","Epic Stock Media","https://sonniss.com/sound-effects/hd-lock-and-mechanism-sound-design-kit/","/Epic Stock Media - HD Lock And Mechanism Sound Design Kit/MECHLtch_Click Deep Mechanism Latch Button Nearfield Thunk 02_ESM_HDLM.wav","heavy|metal|plastic|switch|trigger|electronics|action|press|touch|mechanical|bassy|percussive|mechltch_click|deep|mechanism|latch|button|nearfield|thunk|02_esm_hdlmwav|hd lock and mechanism sound design kit|epic stock media"
"MECHMisc_Tool Tape Measure Pull Retract Spring Slide Spin Long 07_ESM_HDLM.wav","HD Lock And Mechanism Sound Design Kit","Epic Stock Media","https://sonniss.com/sound-effects/hd-lock-and-mechanism-sound-design-kit/","/Epic Stock Media - HD Lock And Mechanism Sound Design Kit/MECHMisc_Tool Tape Measure Pull Retract Spring Slide Spin Long 07_ESM_HDLM.wav","winding|mechanism|mechanical|stretch|movement|spring|motion|friction|roller|mechmisc_tool|tape|measure|pull|retract|spring|slide|spin|long|07_esm_hdlmwav|hd lock and mechanism sound design kit|epic stock media"
"METLTonl_Item Spring Wire Impact Flick Top Clatter Light Tap Roll Handling Short 01_ESM_HDLM.wav","HD Lock And Mechanism Sound Design Kit","Epic Stock Media","https://sonniss.com/sound-effects/hd-lock-and-mechanism-sound-design-kit/","/Epic Stock Media - HD Lock And Mechanism Sound Design Kit/METLTonl_Item Spring Wire Impact Flick Top Clatter Light Tap Roll Handling Short 01_ESM_HDLM.wav","knock|resonant|tonal|rattle|interference|dry|large|smack|clatter|metallic|percussive|metltonl_item|spring|wire|impact|flick|top|clatter|light|tap|roll|handling|short|01_esm_hdlmwav|hd lock and mechanism sound design kit|epic stock media"
"CREAHmn_Designed Orc Male Attack Long Heavy Hit Charged Up 03_ESM_HC4.wav","Humanoid Creatures Vol 4 - Monstrous and Undead Creature Vocalization Sound Sets","Epic Stock Media","https://sonniss.com/sound-effects/humanoid-creatures-vol-4-monstrous-and-undead-creature-vocalization-sound-sets/","/Epic Stock Media - Humanoid Creatures Vol 4 - Monstrous and Undead Creature Vocalization Sound Sets/CREAHmn_Designed Orc Male Attack Long Heavy Hit Charged Up 03_ESM_HC4.wav","large|heavy|humanoid|creature|low|voice|combat|swing|bite|hit|throw|effort|creahmn_designed|orc|male|attack|long|heavy|hit|charged|up|03_esm_hc4wav|humanoid creatures vol 4 - monstrous and undead creature vocalization sound sets|epic stock media"
"CREAMnstr_Designed Sea Beast Creature Pain Intense Yell Long 04_ESM_HC4.wav","Humanoid Creatures Vol 4 - Monstrous and Undead Creature Vocalization Sound Sets","Epic Stock Media","https://sonniss.com/sound-effects/humanoid-creatures-vol-4-monstrous-and-undead-creature-vocalization-sound-sets/","/Epic Stock Media - Humanoid Creatures Vol 4 - Monstrous and Undead Creature Vocalization Sound Sets/CREAMnstr_Designed Sea Beast Creature Pain Intense Yell Long 04_ESM_HC4.wav","cthulhu|deep|ocean|beast|large|heavy|injured|hurt|hit|distress|reaction|stabbed|creamnstr_designed|sea|beast|creature|pain|intense|yell|long|04_esm_hc4wav|humanoid creatures vol 4 - monstrous and undead creature vocalization sound sets|epic stock media"
"HMNBrth_Construction Kit Male Screeching Breath Inhale Weak Squeal 05_ESM_HC4.wav","Humanoid Creatures Vol 4 - Monstrous and Undead Creature Vocalization Sound Sets","Epic Stock Media","https://sonniss.com/sound-effects/humanoid-creatures-vol-4-monstrous-and-undead-creature-vocalization-sound-sets/","/Epic Stock Media - Humanoid Creatures Vol 4 - Monstrous and Undead Creature Vocalization Sound Sets/HMNBrth_Construction Kit Male Screeching Breath Inhale Weak Squeal 05_ESM_HC4.wav","nearfield|crisp|clean|vox|voice|base|air|wind|throat|respiration|hmnbrth_construction|kit|male|screeching|breath|inhale|weak|squeal|05_esm_hc4wav|humanoid creatures vol 4 - monstrous and undead creature vocalization sound sets|epic stock media"
"VOXReac_Construction Kit Male Flutter Death Vocal Stuttered Long 05_ESM_HC4.wav","Humanoid Creatures Vol 4 - Monstrous and Undead Creature Vocalization Sound Sets","Epic Stock Media","https://sonniss.com/sound-effects/humanoid-creatures-vol-4-monstrous-and-undead-creature-vocalization-sound-sets/","/Epic Stock Media - Humanoid Creatures Vol 4 - Monstrous and Undead Creature Vocalization Sound Sets/VOXReac_Construction Kit Male Flutter Death Vocal Stuttered Long 05_ESM_HC4.wav","nearfield|crisp|clean|vox|voice|base|demise|fade|defeated|killed|murder|fatality|voxreac_construction|kit|male|flutter|death|vocal|stuttered|long|05_esm_hc4wav|humanoid creatures vol 4 - monstrous and undead creature vocalization sound sets|epic stock media"
"AEROInt_Airplane Interior Small Plane Cruise Altitude Calm Flight 01_ESM_CPS.wav","Public Spaces - Basic Transportation Sounds","Epic Stock Media","https://sonniss.com/sound-effects/public-spaces-basic-transportation-sounds/","/Epic Stock Media - Public Spaces - Basic Transportation Sounds/AEROInt_Airplane Interior Small Plane Cruise Altitude Calm Flight 01_ESM_CPS.wav","plane|jet|engine|noise|inside|cabin|walla|movement|travel|airline|aeroint_airplane|interior|small|plane|cruise|altitude|calm|flight|01_esm_cpswav|public spaces - basic transportation sounds|epic stock media"
"AMBTraf_Downtown Construction Traffic Light Walla 03 Distant Beep_ESM_CPS.wav","Public Spaces - Basic Transportation Sounds","Epic Stock Media","https://sonniss.com/sound-effects/public-spaces-basic-transportation-sounds/","/Epic Stock Media - Public Spaces - Basic Transportation Sounds/AMBTraf_Downtown Construction Traffic Light Walla 03 Distant Beep_ESM_CPS.wav","downtown|construction|traffic|sparse|walla|urban|city|ambience|ambtraf_downtown|light|03|distant|beep_esm_cpswav|public spaces - basic transportation sounds|epic stock media"
"BOATMotr_Diesel Engine Boat Idle Steady Rpm Hum Motor Mic One 01_ESM_CPS.wav","Public Spaces - Basic Transportation Sounds","Epic Stock Media","https://sonniss.com/sound-effects/public-spaces-basic-transportation-sounds/","/Epic Stock Media - Public Spaces - Basic Transportation Sounds/BOATMotr_Diesel Engine Boat Idle Steady Rpm Hum Motor Mic One 01_ESM_CPS.wav","large|motor|boat|unmuffled|engine|loud|running|open|uncovered|boatmotr_diesel|engine|boat|idle|steady|rpm|hum|motor|mic|one|01_esm_cpswav|public spaces - basic transportation sounds|epic stock media"
"TRNElec_Electric Train Passby 02 Long Subway Slow_ESM_CPS.wav","Public Spaces - Basic Transportation Sounds","Epic Stock Media","https://sonniss.com/sound-effects/public-spaces-basic-transportation-sounds/","/Epic Stock Media - Public Spaces - Basic Transportation Sounds/TRNElec_Electric Train Passby 02 Long Subway Slow_ESM_CPS.wav","electric|train|passby|transportation|subway|vehicle|urban|trnelec_electric|02|long|slow_esm_cpswav|public spaces - basic transportation sounds|epic stock media"
"AMBPubl_Cruise Ship Walla Distant Adults Children Laughing Screaming 4_ESM_CPS.wav","Public Spaces - Crowds Walla and Everyday Ambiences","Epic Stock Media","https://sonniss.com/sound-effects/public-spaces-crowds-walla-and-everyday-ambiences/","/Epic Stock Media - Public Spaces - Crowds Walla and Everyday Ambiences/AMBPubl_Cruise Ship Walla Distant Adults Children Laughing Screaming 4_ESM_CPS.wav","interior|cruise|ship|mall|public|space|kids|in|background|walla|ambpubl_cruise|ship|walla|distant|adults|children|laughing|screaming|4_esm_cpswav|public spaces - crowds walla and everyday ambiences|epic stock media"
"AMBPubl_Metro Station Entrance Hall Dings Walla Footsteps 01 Women Shopping_ESM_CPS.wav","Public Spaces - Crowds Walla and Everyday Ambiences","Epic Stock Media","https://sonniss.com/sound-effects/public-spaces-crowds-walla-and-everyday-ambiences/","/Epic Stock Media - Public Spaces - Crowds Walla and Everyday Ambiences/AMBPubl_Metro Station Entrance Hall Dings Walla Footsteps 01 Women Shopping_ESM_CPS.wav","interior|crowd|group|people|walla|talking|ambience|inside|indoors|ambpubl_metro|station|entrance|hall|dings|walla|footsteps|01|women|shopping_esm_cpswav|public spaces - crowds walla and everyday ambiences|epic stock media"
"AMBWar_Paintball Match Firefight Shots Walla Nearfield Full 05_ESM_CPS.wav","Public Spaces - Crowds Walla and Everyday Ambiences","Epic Stock Media","https://sonniss.com/sound-effects/public-spaces-crowds-walla-and-everyday-ambiences/","/Epic Stock Media - Public Spaces - Crowds Walla and Everyday Ambiences/AMBWar_Paintball Match Firefight Shots Walla Nearfield Full 05_ESM_CPS.wav","game|match|battle|physical|compressed|air|movement|shots|team|combat|ambwar_paintball|match|firefight|shots|walla|nearfield|full|05_esm_cpswav|public spaces - crowds walla and everyday ambiences|epic stock media"
"CRWDChld_Walla Children Kids Daytime School Playing Laughing Playground 01_ESM_CPS.wav","Public Spaces - Crowds Walla and Everyday Ambiences","Epic Stock Media","https://sonniss.com/sound-effects/public-spaces-crowds-walla-and-everyday-ambiences/","/Epic Stock Media - Public Spaces - Crowds Walla and Everyday Ambiences/CRWDChld_Walla Children Kids Daytime School Playing Laughing Playground 01_ESM_CPS.wav","kids|childern|playing|playground|walla|conversations|school|recess|park|exterior|crwdchld_walla|children|kids|daytime|school|playing|laughing|playground|01_esm_cpswav|public spaces - crowds walla and everyday ambiences|epic stock media"
"AMBPark_Berlin City Humboldthain Park Strong Wind On Trees Foliage Traffic Wash 03_ESM_CPS.wav","Public Spaces - Storms Lakes Parks and Rural Nature Exteriors","Epic Stock Media","https://sonniss.com/sound-effects/public-spaces-storms-lakes-parks-and-rural-nature-exteriors/","/Epic Stock Media - Public Spaces - Storms Lakes Parks and Rural Nature Exteriors/AMBPark_Berlin City Humboldthain Park Strong Wind On Trees Foliage Traffic Wash 03_ESM_CPS.wav","park|wind|trees|birds|foliage|suburban|exterior|ambience|ambpark_berlin|city|humboldthain|strong|on|traffic|wash|03_esm_cpswav|public spaces - storms lakes parks and rural nature exteriors|epic stock media"
"STORM_Texas Rain Thunder Initial Crash Boom Storm 01 Clap Lightning_ESM_CPS.wav","Public Spaces - Storms Lakes Parks and Rural Nature Exteriors","Epic Stock Media","https://sonniss.com/sound-effects/public-spaces-storms-lakes-parks-and-rural-nature-exteriors/","/Epic Stock Media - Public Spaces - Storms Lakes Parks and Rural Nature Exteriors/STORM_Texas Rain Thunder Initial Crash Boom Storm 01 Clap Lightning_ESM_CPS.wav","storm|wind|quiet|street|little|traffic|heavy|downpour|rumble|lightening|storm_texas|rain|thunder|initial|crash|boom|storm|01|clap|lightning_esm_cpswav|public spaces - storms lakes parks and rural nature exteriors|epic stock media"
"WATRLap_Summer Tennessee Lake Dock Water Ripples Wake Wave Gentle 05 Distant_ESM_CPS.wav","Public Spaces - Storms Lakes Parks and Rural Nature Exteriors","Epic Stock Media","https://sonniss.com/sound-effects/public-spaces-storms-lakes-parks-and-rural-nature-exteriors/","/Epic Stock Media - Public Spaces - Storms Lakes Parks and Rural Nature Exteriors/WATRLap_Summer Tennessee Lake Dock Water Ripples Wake Wave Gentle 05 Distant_ESM_CPS.wav","lake|water|lap|splash|splat|suction|light|crash|spill|cam|ext|gurgle|wet|slimy|next|to|boat|dock|watrlap_summer|tennessee|lake|dock|water|ripples|wake|wave|gentle|05|distant_esm_cpswav|public spaces - storms lakes parks and rural nature exteriors|epic stock media"
"AMBCnst_Baltimore Construction Streetside Heavy Machinery And Jakchammers 01_ESM_CPS.wav","Public Spaces - Urban Life Exteriors","Epic Stock Media","https://sonniss.com/sound-effects/public-spaces-urban-life-exteriors/","/Epic Stock Media - Public Spaces - Urban Life Exteriors/AMBCnst_Baltimore Construction Streetside Heavy Machinery And Jakchammers 01_ESM_CPS.wav","consturction|ambience|urban|metal|equipment|building|jackhammer|ambcnst_baltimore|construction|streetside|heavy|machinery|and|jakchammers|01_esm_cpswav|public spaces - urban life exteriors|epic stock media"
"AMBTown_City Courtyard Calm Street Distant Traffic Children Playing 03_ESM_CPS.wav","Public Spaces - Urban Life Exteriors","Epic Stock Media","https://sonniss.com/sound-effects/public-spaces-urban-life-exteriors/","/Epic Stock Media - Public Spaces - Urban Life Exteriors/AMBTown_City Courtyard Calm Street Distant Traffic Children Playing 03_ESM_CPS.wav","city|street|people|walking|footsteps|walla|speech|traffic|outside|ambtown_city|courtyard|calm|street|distant|traffic|children|playing|03_esm_cpswav|public spaces - urban life exteriors|epic stock media"
"AMBUrbn_City Nightlife Ext Street In Reutersplatz German Walla Traffic 01_ESM_CPS.wav","Public Spaces - Urban Life Exteriors","Epic Stock Media","https://sonniss.com/sound-effects/public-spaces-urban-life-exteriors/","/Epic Stock Media - Public Spaces - Urban Life Exteriors/AMBUrbn_City Nightlife Ext Street In Reutersplatz German Walla Traffic 01_ESM_CPS.wav","night|city|german|walla|traffic|foreign|ambience|urban|amburbn_city|nightlife|ext|street|in|reutersplatz|01_esm_cpswav|public spaces - urban life exteriors|epic stock media"
"VOXFutz_Announcer Vocal Male Wet Countdown Ten Kills Remaining 03_ESM_SGAV.wav","Shooter Game Announcer Voice","Epic Stock Media","https://sonniss.com/sound-effects/shooter-game-announcer-voice/","/Epic Stock Media - Shooter Game Announcer Voice/VOXFutz_Announcer Vocal Male Wet Countdown Ten Kills Remaining 03_ESM_SGAV.wav","wet|processed|deep|spoken|word|dialouge|game|character|announcer|fps|shooter|god|voice|npc|solider|commando|voxfutz_announcer|vocal|male|wet|countdown|ten|kills|remaining|03_esm_sgavwav|shooter game announcer voice|epic stock media"
"VOXFutz_Announcer Vocal Male Wet Special Kill Laugh Monster Kill Hahaha 02_ESM_SGAV.wav","Shooter Game Announcer Voice","Epic Stock Media","https://sonniss.com/sound-effects/shooter-game-announcer-voice/","/Epic Stock Media - Shooter Game Announcer Voice/VOXFutz_Announcer Vocal Male Wet Special Kill Laugh Monster Kill Hahaha 02_ESM_SGAV.wav","wet|processed|deep|spoken|word|dialouge|game|character|announcer|fps|shooter|god|voice|npc|solider|commando|voxfutz_announcer|vocal|male|wet|special|kill|laugh|monster|hahaha|02_esm_sgavwav|shooter game announcer voice|epic stock media"
"VOXMale_Announcer Vocal Male Dry Game Statement Objective Completed 04_ESM_SGAV.wav","Shooter Game Announcer Voice","Epic Stock Media","https://sonniss.com/sound-effects/shooter-game-announcer-voice/","/Epic Stock Media - Shooter Game Announcer Voice/VOXMale_Announcer Vocal Male Dry Game Statement Objective Completed 04_ESM_SGAV.wav","dry|clean|crispy|spoken|word|dialouge|game|character|announcer|fps|shooter|god|voice|npc|solider|commando|voxmale_announcer|vocal|male|dry|game|statement|objective|completed|04_esm_sgavwav|shooter game announcer voice|epic stock media"
"VOXMale_Announcer Vocal Male Dry Special Kill Headshot 01_ESM_SGAV.wav","Shooter Game Announcer Voice","Epic Stock Media","https://sonniss.com/sound-effects/shooter-game-announcer-voice/","/Epic Stock Media - Shooter Game Announcer Voice/VOXMale_Announcer Vocal Male Dry Special Kill Headshot 01_ESM_SGAV.wav","dry|clean|crispy|spoken|word|dialouge|game|character|announcer|fps|shooter|god|voice|npc|solider|commando|voxmale_announcer|vocal|male|dry|special|kill|headshot|01_esm_sgavwav|shooter game announcer voice|epic stock media"
"AMBRoom_Factory Loop Heavy Machinery Tonal Roomtone Dark Wind Vent_ESM_SGA3.wav","Strange Game Ambient Loops 3","Epic Stock Media","https://sonniss.com/sound-effects/strange-game-ambient-loops-3/","/Epic Stock Media - Strange Game Ambient Loops 3/AMBRoom_Factory Loop Heavy Machinery Tonal Roomtone Dark Wind Vent_ESM_SGA3.wav","enviornmental|ambience|scene|setting|industrial|designed|dark|tension|ambroom_factory|loop|heavy|machinery|tonal|roomtone|dark|wind|vent_esm_sga3wav|strange game ambient loops 3|epic stock media"
"DSGNSynth_Dark Loop Mystic Forest Tonal Steady Synth_ESM_SGA3.wav","Strange Game Ambient Loops 3","Epic Stock Media","https://sonniss.com/sound-effects/strange-game-ambient-loops-3/","/Epic Stock Media - Strange Game Ambient Loops 3/DSGNSynth_Dark Loop Mystic Forest Tonal Steady Synth_ESM_SGA3.wav","enviornmental|ambience|scene|setting|ominous|dissonant|drone|hypnotic|dsgnsynth_dark|loop|mystic|forest|tonal|steady|synth_esm_sga3wav|strange game ambient loops 3|epic stock media"
"DSGNSynth_Scifi Loop Ship Reactor Synth Layer Layered Saw Buzz_ESM_SGA3.wav","Strange Game Ambient Loops 3","Epic Stock Media","https://sonniss.com/sound-effects/strange-game-ambient-loops-3/","/Epic Stock Media - Strange Game Ambient Loops 3/DSGNSynth_Scifi Loop Ship Reactor Synth Layer Layered Saw Buzz_ESM_SGA3.wav","enviornmental|ambience|scene|setting|futuristic|whispy|mechanism|spin|core|dsgnsynth_scifi|loop|ship|reactor|synth|layer|layered|saw|buzz_esm_sga3wav|strange game ambient loops 3|epic stock media"
"MAGShim_Shimmer Loop Small Bell Metal Taps_ESM_SGA3.wav","Strange Game Ambient Loops 3","Epic Stock Media","https://sonniss.com/sound-effects/strange-game-ambient-loops-3/","/Epic Stock Media - Strange Game Ambient Loops 3/MAGShim_Shimmer Loop Small Bell Metal Taps_ESM_SGA3.wav","enviornmental|ambience|scene|setting|shine|metallic|bright|high|airy|magshim_shimmer|loop|small|bell|metal|taps_esm_sga3wav|strange game ambient loops 3|epic stock media"
"AMBTrop_Loop Ambience Jungle Night Humid Birds Bug Chirps 01_ESM_SNLS.wav","Synthesized Nature Loops and Sounds","Epic Stock Media","https://sonniss.com/sound-effects/synthesized-nature-loops-and-sounds/","/Epic Stock Media - Synthesized Nature Loops and Sounds/AMBTrop_Loop Ambience Jungle Night Humid Birds Bug Chirps 01_ESM_SNLS.wav","wet|dense|overgrown|fuzzy|crisp|eerie|nature|subtle|calm|insects|ambtrop_loop|ambience|jungle|night|humid|birds|bug|chirps|01_esm_snlswav|synthesized nature loops and sounds|epic stock media"
"ANMLAmph_Animal Frog Echo Short Squished Frequency Formant 03_ESM_SNLS.wav","Synthesized Nature Loops and Sounds","Epic Stock Media","https://sonniss.com/sound-effects/synthesized-nature-loops-and-sounds/","/Epic Stock Media - Synthesized Nature Loops and Sounds/ANMLAmph_Animal Frog Echo Short Squished Frequency Formant 03_ESM_SNLS.wav","bubbly|wobbly|guttural|saturated|tremolo|quick|delay|mid|wet|croak|anmlamph_animal|frog|echo|short|squished|frequency|formant|03_esm_snlswav|synthesized nature loops and sounds|epic stock media"
"FIREBurn_Loop Elements Fire Crackling Crunchy Flame Burn 03_ESM_SNLS.wav","Synthesized Nature Loops and Sounds","Epic Stock Media","https://sonniss.com/sound-effects/synthesized-nature-loops-and-sounds/","/Epic Stock Media - Synthesized Nature Loops and Sounds/FIREBurn_Loop Elements Fire Crackling Crunchy Flame Burn 03_ESM_SNLS.wav","smoke|volcanic|aftermath|sizzling|roaring|scorch|blaze|campfire|fireburn_loop|elements|fire|crackling|crunchy|flame|burn|03_esm_snlswav|synthesized nature loops and sounds|epic stock media"
"WINDInt_Loop Weather Wind Whipping Constricted Flow Turbulent 01_ESM_SNLS.wav","Synthesized Nature Loops and Sounds","Epic Stock Media","https://sonniss.com/sound-effects/synthesized-nature-loops-and-sounds/","/Epic Stock Media - Synthesized Nature Loops and Sounds/WINDInt_Loop Weather Wind Whipping Constricted Flow Turbulent 01_ESM_SNLS.wav","fierce|whirl|muffled|chaotic|gust|spin|howling|modulated|filter|resonance|windint_loop|weather|wind|whipping|constricted|flow|turbulent|01_esm_snlswav|synthesized nature loops and sounds|epic stock media"
"DSGNStngr_Action Deploy Units Sword Slice Special Move Layered Swish 04_ESM_TDG.wav","Tower Defense Game","Epic Stock Media","https://sonniss.com/sound-effects/tower-defense-game/","/Epic Stock Media - Tower Defense Game/DSGNStngr_Action Deploy Units Sword Slice Special Move Layered Swish 04_ESM_TDG.wav","percussive|clang|crisp|dynamic|complex|softened|impact|whoosh|tactical|sharp|dsgnstngr_action|deploy|units|sword|slice|special|move|layered|swish|04_esm_tdgwav|tower defense game|epic stock media"
"ICEBrk_Skill Freeze Whoosh Break Impact Layered Movement Shatter 03_ESM_TDG.wav","Tower Defense Game","Epic Stock Media","https://sonniss.com/sound-effects/tower-defense-game/","/Epic Stock Media - Tower Defense Game/ICEBrk_Skill Freeze Whoosh Break Impact Layered Movement Shatter 03_ESM_TDG.wav","powerful|deep|wind|air|swell|muffled|glassy|light|impact|shift|icebrk_skill|freeze|whoosh|break|impact|layered|movement|shatter|03_esm_tdgwav|tower defense game|epic stock media"
"ROBTMvmt_Tower Deploy Hitech Robot Motor Dark Thump Servo Whine 04_ESM_TDG.wav","Tower Defense Game","Epic Stock Media","https://sonniss.com/sound-effects/tower-defense-game/","/Epic Stock Media - Tower Defense Game/ROBTMvmt_Tower Deploy Hitech Robot Motor Dark Thump Servo Whine 04_ESM_TDG.wav","mechanical|hydraulic|crisp|lumbering|precise|clear|weighty|mechanized|robotic|robtmvmt_tower|deploy|hitech|robot|motor|dark|thump|servo|whine|04_esm_tdgwav|tower defense game|epic stock media"
"WOODImpt_Hit Blood Spill Splat Wood Impact Light Hit Squelch Small Thump 03_ESM_TDG.wav","Tower Defense Game","Epic Stock Media","https://sonniss.com/sound-effects/tower-defense-game/","/Epic Stock Media - Tower Defense Game/WOODImpt_Hit Blood Spill Splat Wood Impact Light Hit Squelch Small Thump 03_ESM_TDG.wav","gory|wet|sticky|sharp|thud|crunch|fleshy|stomp|heavy|liquid|splash|woodimpt_hit|blood|spill|splat|wood|impact|light|hit|squelch|small|thump|03_esm_tdgwav|tower defense game|epic stock media"
"EffectiveTrailer_Alarms_Vol2_HalfNotes_003.wav","Effective Trailer Alarms Vol. 2","Federico Soler","https://sonniss.com/sound-effects/effective-trailer-alarms-vol-2/","/Federico Soler - Effective Trailer Alarms Vol. 2/EffectiveTrailer_Alarms_Vol2_HalfNotes_003.wav","alarm|alarmed|alarms|alert|annoying|anxiety|attack|attention|breach|burglar|buzz|buzzing|caution|chaos|danger|detector|disaster|emergency|evacuate|evacuation|fire|game|industrial|intruder|loud|military|panic|red|effectivetrailer_alarms_vol2_halfnotes_003wav|effective trailer alarms vol. 2|federico soler"
"EffectiveTrailer_Alarms_Vol2_QuarterNotes_013.wav","Effective Trailer Alarms Vol. 2","Federico Soler","https://sonniss.com/sound-effects/effective-trailer-alarms-vol-2/","/Federico Soler - Effective Trailer Alarms Vol. 2/EffectiveTrailer_Alarms_Vol2_QuarterNotes_013.wav","alarm|alarmed|alarms|alert|annoying|anxiety|attack|attention|breach|burglar|buzz|buzzing|caution|chaos|danger|detector|disaster|emergency|evacuate|evacuation|fire|game|industrial|intruder|loud|military|panic|red|effectivetrailer_alarms_vol2_quarternotes_013wav|effective trailer alarms vol. 2|federico soler"
"EffectiveTrailer_Alarms_Vol2_WholeNotes_011.wav","Effective Trailer Alarms Vol. 2","Federico Soler","https://sonniss.com/sound-effects/effective-trailer-alarms-vol-2/","/Federico Soler - Effective Trailer Alarms Vol. 2/EffectiveTrailer_Alarms_Vol2_WholeNotes_011.wav","alarm|alarmed|alarms|alert|annoying|anxiety|attack|attention|breach|burglar|buzz|buzzing|caution|chaos|danger|detector|disaster|emergency|evacuate|evacuation|fire|game|industrial|intruder|loud|military|panic|red|effectivetrailer_alarms_vol2_wholenotes_011wav|effective trailer alarms vol. 2|federico soler"
"EffectiveTrailer_Booms_Vol2_011.wav","Effective Trailer Booms Vol. 2","Federico Soler","https://sonniss.com/sound-effects/effective-trailer-booms-vol-2/","/Federico Soler - Effective Trailer Booms Vol. 2/EffectiveTrailer_Booms_Vol2_011.wav","boom|sub|impact|low|lowend|cinematic|bass|hit|film|dark|action|dramatic|horror|powerful|tension|epic|trailercubase|effectivetrailer_booms_vol2_011wav|effective trailer booms vol. 2|federico soler"
"EffectiveTrailer_Booms_Vol2_075.wav","Effective Trailer Booms Vol. 2","Federico Soler","https://sonniss.com/sound-effects/effective-trailer-booms-vol-2/","/Federico Soler - Effective Trailer Booms Vol. 2/EffectiveTrailer_Booms_Vol2_075.wav","boom|sub|impact|low|lowend|cinematic|bass|hit|film|dark|action|dramatic|horror|powerful|tension|epic|trailercubase|effectivetrailer_booms_vol2_075wav|effective trailer booms vol. 2|federico soler"
"EffectiveTrailer_Booms_Vol2_214.wav","Effective Trailer Booms Vol. 2","Federico Soler","https://sonniss.com/sound-effects/effective-trailer-booms-vol-2/","/Federico Soler - Effective Trailer Booms Vol. 2/EffectiveTrailer_Booms_Vol2_214.wav","boom|sub|impact|low|lowend|cinematic|bass|hit|film|dark|action|dramatic|horror|powerful|tension|epic|trailercubase|effectivetrailer_booms_vol2_214wav|effective trailer booms vol. 2|federico soler"
"ELECArc_ArcDesign15_InMotionAudio_Arc.wav","Arc","InMotionAudio","https://sonniss.com/sound-effects/arc/","/InMotionAudio - Arc/ELECArc_ArcDesign15_InMotionAudio_Arc.wav","elecarc|electricity|electric|elec|electromagnetic|electronic|arc|arcing|jacobs|ladder|plasma|ball|globe|lamp|tesla|high|voltage|spark|sparks|zap|zaps|zapped|static|glitch|crackle|tase|taser|elecarc_arcdesign15_inmotionaudio_arcwav|inmotionaudio"
"ELECArc_ArcPowerUpDesign04_InMotionAudio_Arc.wav","Arc","InMotionAudio","https://sonniss.com/sound-effects/arc/","/InMotionAudio - Arc/ELECArc_ArcPowerUpDesign04_InMotionAudio_Arc.wav","elecarc|electricity|electric|elec|electromagnetic|electronic|arc|arcing|jacobs|ladder|plasma|ball|globe|lamp|tesla|high|voltage|spark|sparks|zap|zaps|zapped|static|glitch|crackle|tase|taser|elecarc_arcpowerupdesign04_inmotionaudio_arcwav|inmotionaudio"
"ELECBuzz_Buzz27_InMotionAudio_Arc.wav","Arc","InMotionAudio","https://sonniss.com/sound-effects/arc/","/InMotionAudio - Arc/ELECBuzz_Buzz27_InMotionAudio_Arc.wav","elecbuzz|electricity|electric|elec|electromagnetic|electronic|high|voltage|buzz|buzzing|hum|hums|humming|ground|energy|interference|digital|elements|technology|computer|experimental|noise|science|fiction|scifi|a|elecbuzz_buzz27_inmotionaudio_arcwav|arc|inmotionaudio"
"STORM_StormAmbience11_InMotionAudio_BackGardenStorm.wav","Back Garden Storm","InMotionAudio","https://sonniss.com/sound-effects/back-garden-storm/","/InMotionAudio - Back Garden Storm/STORM_StormAmbience11_InMotionAudio_BackGardenStorm.wav","storm|storms|amb|ambience|wind|windy|rumble|gust|strong|heavy|blustery|gale|rain|raining|rustle|tree|treeb|storm_stormambience11_inmotionaudio_backgardenstormwav|back garden storm|inmotionaudio"
"STORM_StormAmbience13_InMotionAudio_BackGardenStorm.wav","Back Garden Storm","InMotionAudio","https://sonniss.com/sound-effects/back-garden-storm/","/InMotionAudio - Back Garden Storm/STORM_StormAmbience13_InMotionAudio_BackGardenStorm.wav","storm|storms|amb|ambience|wind|windy|rumble|gust|strong|heavy|blustery|gale|rain|raining|rustle|tree|treeb|storm_stormambience13_inmotionaudio_backgardenstormwav|back garden storm|inmotionaudio"
"VEHCar_TownDrivingAmbience06_InMotionAudio_CarInteriorDrivingAmbience.wav","Car Interior Driving Ambience","InMotionAudio","https://sonniss.com/sound-effects/car-interior-driving-ambience/","/InMotionAudio - Car Interior Driving Ambience/VEHCar_TownDrivingAmbience06_InMotionAudio_CarInteriorDrivingAmbience.wav","vehcar|vehicle|vehicles|car|cars|transport|transportation|driving|drive|driver|engine|machine|machines|rev|amb|ambience|interior|vehcar_towndrivingambience06_inmotionaudio_carinteriordrivingambiencewav|car interior driving ambience|inmotionaudio"
"VEHCar_TownDrivingAmbience13_InMotionAudio_CarInteriorDrivingAmbience.wav","Car Interior Driving Ambience","InMotionAudio","https://sonniss.com/sound-effects/car-interior-driving-ambience/","/InMotionAudio - Car Interior Driving Ambience/VEHCar_TownDrivingAmbience13_InMotionAudio_CarInteriorDrivingAmbience.wav","vehcar|vehicle|vehicles|car|cars|transport|transportation|driving|drive|driver|engine|machine|machines|rev|amb|ambience|interior|vehcar_towndrivingambience13_inmotionaudio_carinteriordrivingambiencewav|car interior driving ambience|inmotionaudio"
"WINDInt_ChimneyWind05_InMotionAudio_ChimneyWind.wav","Chimney Wind","InMotionAudio","https://sonniss.com/sound-effects/chimney-wind/","/InMotionAudio - Chimney Wind/WINDInt_ChimneyWind05_InMotionAudio_ChimneyWind.wav","windint|wind|windy|rumble|gust|strong|heavy|blustery|gale|blow|internal|interior|chimney|stack|pot|flue|fireplace|storm|storms|amb|ambience|windint_chimneywind05_inmotionaudio_chimneywindwav|chimney wind|inmotionaudio"
"OBJMisc_Cracker_Grab02_InMotionAudio_ChristmasCracker.wav","Christmas Cracker","InMotionAudio","https://sonniss.com/sound-effects/christmas-cracker/","/InMotionAudio - Christmas Cracker/OBJMisc_Cracker_Grab02_InMotionAudio_ChristmasCracker.wav","objmisc|object|objects|misc|cracker|christmas|xmas|festive|cardboard|foley|grab|grasp|snatch|touch|objmisc_cracker_grab02_inmotionaudio_christmascrackerwav|christmas cracker|inmotionaudio"
"OBJMisc_CrackerHatMovement16_InMotionAudio_ChristmasCracker.wav","Christmas Cracker","InMotionAudio","https://sonniss.com/sound-effects/christmas-cracker/","/InMotionAudio - Christmas Cracker/OBJMisc_CrackerHatMovement16_InMotionAudio_ChristmasCracker.wav","objmisc|object|objects|misc|cracker|christmas|xmas|festive|hat|tissue|crown|paper|foley|movement|rustle|objmisc_crackerhatmovement16_inmotionaudio_christmascrackerwav|christmas cracker|inmotionaudio"
"OBJMisc_CrackerPull_WithBang_Effected_03_InMotionAudio_ChristmasCracker.wav","Christmas Cracker","InMotionAudio","https://sonniss.com/sound-effects/christmas-cracker/","/InMotionAudio - Christmas Cracker/OBJMisc_CrackerPull_WithBang_Effected_03_InMotionAudio_ChristmasCracker.wav","objmisc|object|objects|misc|cracker|christmas|xmas|festive|cardboard|foley|movement|rustle|pull|crack|snap|bang|rip|tear|objmisc_crackerpull_withbang_effected_03_inmotionaudio_christmascrackerwav|christmas cracker|inmotionaudio"
"FOLYClth_ClothMovement24_InMotionAudio_FoleyT-Shirt.wav","Foley T-Shirt","InMotionAudio","https://sonniss.com/sound-effects/foley-t-shirt/","/InMotionAudio - Foley T-Shirt/FOLYClth_ClothMovement24_InMotionAudio_FoleyT-Shirt.wav","cloth|clothes|fabric|textile|material|materials|cotton|tshirt|folyclth|foley|movement|moving|rustle|rubbing|rub|patting|pat|pats|hit|hits|stroking|stoke|touching|touch|handling|folyclth_clothmovement24_inmotionaudio_foleytshirtwav|foley t-shirt|inmotionaudio"
"FOLYClth_ClothMovement29_InMotionAudio_FoleyT-Shirt.wav","Foley T-Shirt","InMotionAudio","https://sonniss.com/sound-effects/foley-t-shirt/","/InMotionAudio - Foley T-Shirt/FOLYClth_ClothMovement29_InMotionAudio_FoleyT-Shirt.wav","cloth|clothes|fabric|textile|material|materials|cotton|tshirt|folyclth|foley|movement|moving|rustle|rubbing|rub|patting|pat|pats|hit|hits|stroking|stoke|touching|touch|handling|folyclth_clothmovement29_inmotionaudio_foleytshirtwav|foley t-shirt|inmotionaudio"
"FOLYClth_SinglePats04_InMotionAudio_FoleyT-Shirt.wav","Foley T-Shirt","InMotionAudio","https://sonniss.com/sound-effects/foley-t-shirt/","/InMotionAudio - Foley T-Shirt/FOLYClth_SinglePats04_InMotionAudio_FoleyT-Shirt.wav","cloth|clothes|fabric|textile|material|materials|cotton|tshirt|folyclth|foley|movement|moving|rustle|rubbing|rub|patting|pat|pats|hit|hits|stroking|stoke|touching|touch|handling|folyclth_singlepats04_inmotionaudio_foleytshirtwav|foley t-shirt|inmotionaudio"
"AMBTran_MainHallAmbience03B_InMotionAudio_GrandCentralStation.wav","Grand Central Station","InMotionAudio","https://sonniss.com/sound-effects/grand-central-station/","/InMotionAudio - Grand Central Station/AMBTran_MainHallAmbience03B_InMotionAudio_GrandCentralStation.wav","ambtran|ambience|amb|transportation|train|station|usa|public|place|environment|background|interior|indoor|room|tone|airy|air|dead|quiet|white|noise|announcement|tannoy|commuter|c|ambtran_mainhallambience03b_inmotionaudio_grandcentralstationwav|grand central station|inmotionaudio"
"VOXFutz_TannoyAnnouncement_MainHall08_InMotionAudio_GrandCentralStation.wav","Grand Central Station","InMotionAudio","https://sonniss.com/sound-effects/grand-central-station/","/InMotionAudio - Grand Central Station/VOXFutz_TannoyAnnouncement_MainHall08_InMotionAudio_GrandCentralStation.wav","voxfutz|futz|vox|voice|announcement|annouce|pa|speakers|speaker|tannoy|public|address|talking|accents|transportation|train|station|usa|place|new|york|america|united|states|voxfutz_tannoyannouncement_mainhall08_inmotionaudio_grandcentralstationwav|grand central station|inmotionaudio"
"OBJLug_Case_Closed06_InMotionAudio_InstrumentCase.wav","Instrument Case","InMotionAudio","https://sonniss.com/sound-effects/instrument-case/","/InMotionAudio - Instrument Case/OBJLug_Case_Closed06_InMotionAudio_InstrumentCase.wav","objlug|object|objects|luggage|suitcase|bag|baggage|case|hard|shell|instrument|music|carry|equipment|storage|flight|one|hit|impact|bang|slam|close|closed|shut|objlug_case_closed06_inmotionaudio_instrumentcasewav|instrument case|inmotionaudio"
"OBJLug_CaseDown_Concrete12_InMotionAudio_InstrumentCase.wav","Instrument Case","InMotionAudio","https://sonniss.com/sound-effects/instrument-case/","/InMotionAudio - Instrument Case/OBJLug_CaseDown_Concrete12_InMotionAudio_InstrumentCase.wav","objlug|object|objects|luggage|suitcase|bag|baggage|case|hard|shell|instrument|music|carry|equipment|storage|flight|one|hit|impact|bang|slam|drop|dropped|dropping|put|down|dow|objlug_casedown_concrete12_inmotionaudio_instrumentcasewav|instrument case|inmotionaudio"
"OBJLug_Handle_Movement15_InMotionAudio_InstrumentCase.wav","Instrument Case","InMotionAudio","https://sonniss.com/sound-effects/instrument-case/","/InMotionAudio - Instrument Case/OBJLug_Handle_Movement15_InMotionAudio_InstrumentCase.wav","objlug|object|objects|luggage|suitcase|bag|baggage|case|hard|shell|instrument|music|carry|equipment|storage|flight|handle|handles|one|hit|impact|bang|slam|knock|knocked|drop|objlug_handle_movement15_inmotionaudio_instrumentcasewav|instrument case|inmotionaudio"
"BEEPMed_Thermometer_Beep11_InMotionAudio_MedicalThermometer.wav","Medical Thermometer","InMotionAudio","https://sonniss.com/sound-effects/medical-thermometer/","/InMotionAudio - Medical Thermometer/BEEPMed_Thermometer_Beep11_InMotionAudio_MedicalThermometer.wav","beepmed|beep|beeps|beeped|bleep|bleeps|bleeped|tone|med|medical|equipment|devices|thermometer|heat|probe|temp|temperature|warning|alert|alarm|beepmed_thermometer_beep11_inmotionaudio_medicalthermometerwav|medical thermometer|inmotionaudio"
"ELECEmf_Thermometer02_InMotionAudio_MedicalThermometer.wav","Medical Thermometer","InMotionAudio","https://sonniss.com/sound-effects/medical-thermometer/","/InMotionAudio - Medical Thermometer/ELECEmf_Thermometer02_InMotionAudio_MedicalThermometer.wav","elecemf|electromagnetic|electronic|electricity|electric|energy|interference|digital|elements|technology|computer|experimental|noise|voltage|static|buzz|buzzing|buzzes|glitch|hiss|crackle|screeching|elecemf_thermometer02_inmotionaudio_medicalthermometerwav|medical thermometer|inmotionaudio"
"MACHMed_Thermometer_ButtonPress_Beep03_InMotionAudio_MedicalThermometer.wav","Medical Thermometer","InMotionAudio","https://sonniss.com/sound-effects/medical-thermometer/","/InMotionAudio - Medical Thermometer/MACHMed_Thermometer_ButtonPress_Beep03_InMotionAudio_MedicalThermometer.wav","machmed|machine|medical|med|equipment|devices|thermometer|heat|probe|temp|temperature|button|buttons|click|press|pressed|push|pushed|beep|beeps|beeped|bleep|blee|machmed_thermometer_buttonpress_beep03_inmotionaudio_medicalthermometerwav|medical thermometer|inmotionaudio"
"MUSCInst_Case_SaxPlace09_InMotionAudio_Saxophone.wav","Saxophone","InMotionAudio","https://sonniss.com/sound-effects/saxophone/","/InMotionAudio - Saxophone/MUSCInst_Case_SaxPlace09_InMotionAudio_Saxophone.wav","muscinst|instrument|instruments|sax|saxophone|woodwind|place|placed|hit|bang|move|movement|foley|copper|metal|alloy|muscinst_case_saxplace09_inmotionaudio_saxophonewav|inmotionaudio"
"MUSCInst_Grabandrelease30_InMotionAudio_Saxophone.wav","Saxophone","InMotionAudio","https://sonniss.com/sound-effects/saxophone/","/InMotionAudio - Saxophone/MUSCInst_Grabandrelease30_InMotionAudio_Saxophone.wav","muscinst|instrument|instruments|sax|saxophone|woodwind|grab|grabs|grabbed|release|released|one|hit|touch|touched|foley|brass|copper|metal|alloy|muscinst_grabandrelease30_inmotionaudio_saxophonewav|inmotionaudio"
"MUSCInst_KeyPress64_InMotionAudio_Saxophone.wav","Saxophone","InMotionAudio","https://sonniss.com/sound-effects/saxophone/","/InMotionAudio - Saxophone/MUSCInst_KeyPress64_InMotionAudio_Saxophone.wav","muscinst|instrument|instruments|sax|saxophone|woodwind|button|switch|key|press|pressed|push|pushed|activation|release|released|brass|copper|metal|alloy|muscinst_keypress64_inmotionaudio_saxophonewav|inmotionaudio"
"OBJMisc_ScratchCard_CardMovement_09_InMotionAudio_ScratchCard.wav","Scratch Card","InMotionAudio","https://sonniss.com/sound-effects/scratch-card/","/InMotionAudio - Scratch Card/OBJMisc_ScratchCard_CardMovement_09_InMotionAudio_ScratchCard.wav","objmisc|object|objects|scratch|card|off|instant|win|lotto|lottery|cardboard|movement|touch|rustling|crinkling|crumpling|objmisc_scratchcard_cardmovement_09_inmotionaudio_scratchcardwav|scratch card|inmotionaudio"
"OBJMisc_ScratchCard_CoinTapScratch_01_InMotionAudio_ScratchCard.wav","Scratch Card","InMotionAudio","https://sonniss.com/sound-effects/scratch-card/","/InMotionAudio - Scratch Card/OBJMisc_ScratchCard_CoinTapScratch_01_InMotionAudio_ScratchCard.wav","objmisc|object|objects|scratch|card|off|scrape|instant|win|lotto|lottery|cardboard|taps|coin|tap|objmisc_scratchcard_cointapscratch_01_inmotionaudio_scratchcardwav|scratch card|inmotionaudio"
"OBJMisc_ScratchCard_SurfaceWipe_04_InMotionAudio_ScratchCard.wav","Scratch Card","InMotionAudio","https://sonniss.com/sound-effects/scratch-card/","/InMotionAudio - Scratch Card/OBJMisc_ScratchCard_SurfaceWipe_04_InMotionAudio_ScratchCard.wav","objmisc|object|objects|scratch|card|off|scrape|instant|win|lotto|lottery|cardboard|wipe|wiped|dust|clean|remove|objmisc_scratchcard_surfacewipe_04_inmotionaudio_scratchcardwav|scratch card|inmotionaudio"
"DSGNErie_NoiseBoxHit_10_InMotionAudio_SinisterTextures4.wav","Sinister Textures 4","InMotionAudio","https://sonniss.com/sound-effects/sinister-textures-4/","/InMotionAudio - Sinister Textures 4/DSGNErie_NoiseBoxHit_10_InMotionAudio_SinisterTextures4.wav","dsgnerie|design|designed|eerie|haunted|haunting|horror|evil|nightmare|mysterious|thriller|suspense|fear|scary|dread|terror|creepy|ominous|noise|box|perc|percussion|hit|strike|impact|pluck|plucked|pling|ding|resonate|ring|dsgnerie_noiseboxhit_10_inmotionaudio_sinistertextures4wav|sinister textures 4|inmotionaudio"
"DSGNErie_NoiseBoxHit_36_InMotionAudio_SinisterTextures4.wav","Sinister Textures 4","InMotionAudio","https://sonniss.com/sound-effects/sinister-textures-4/","/InMotionAudio - Sinister Textures 4/DSGNErie_NoiseBoxHit_36_InMotionAudio_SinisterTextures4.wav","dsgnerie|design|designed|eerie|haunted|haunting|horror|evil|nightmare|mysterious|thriller|suspense|fear|scary|dread|terror|creepy|ominous|noise|box|perc|percussion|hit|strike|impact|pluck|plucked|pling|ding|resonate|ring|dsgnerie_noiseboxhit_36_inmotionaudio_sinistertextures4wav|sinister textures 4|inmotionaudio"
"GOREMisc_Cladding_NailScratch19_InMotionAudio_SinisterTextures5.wav","Sinister Textures 5","InMotionAudio","https://sonniss.com/sound-effects/sinister-textures-5/","/InMotionAudio - Sinister Textures 5/GOREMisc_Cladding_NailScratch19_InMotionAudio_SinisterTextures5.wav","goremisc|gore|scratch|scratched|scrape|grating|gouge|drag|claw|nail|nails|finger|tear|rip|shred|surface|flooring|floor|cladding|eerie|haunted|haunting|horror|evil|nightmare|mysterious|fear|scary|dread|terror|cree|goremisc_cladding_nailscratch19_inmotionaudio_sinistertextures5wav|sinister textures 5|inmotionaudio"
"GOREMisc_Cladding_Scratch06_InMotionAudio_SinisterTextures5.wav","Sinister Textures 5","InMotionAudio","https://sonniss.com/sound-effects/sinister-textures-5/","/InMotionAudio - Sinister Textures 5/GOREMisc_Cladding_Scratch06_InMotionAudio_SinisterTextures5.wav","goremisc|gore|scratch|scratched|scrape|grating|gouge|drag|claw|nail|nails|finger|surface|flooring|floor|cladding|eerie|haunted|haunting|horror|evil|nightmare|mysterious|fear|scary|dread|terror|creepy|ominous|goremisc_cladding_scratch06_inmotionaudio_sinistertextures5wav|sinister textures 5|inmotionaudio"
"GOREMisc_Concrete_MetalPipe02_InMotionAudio_SinisterTextures5.wav","Sinister Textures 5","InMotionAudio","https://sonniss.com/sound-effects/sinister-textures-5/","/InMotionAudio - Sinister Textures 5/GOREMisc_Concrete_MetalPipe02_InMotionAudio_SinisterTextures5.wav","goremisc|gore|scratch|scratched|scrape|grating|gouge|drag|claw|nail|nails|finger|surface|flooring|floor|concrete|asphalt|metal|metals|pipe|eerie|haunted|haunting|horror|evil|nightmare|mysterious|fear|scary|d|goremisc_concrete_metalpipe02_inmotionaudio_sinistertextures5wav|sinister textures 5|inmotionaudio"
"AMBTran_TrainInterior09_InMotionAudio_UKTrainInteriorAmbience.wav","The Commute","InMotionAudio","https://sonniss.com/sound-effects/the-commute/","/InMotionAudio - The Commute/AMBTran_TrainInterior09_InMotionAudio_UKTrainInteriorAmbience.wav","ambtran|amb|ambience|environment|background|interior|indoor|train|uk|trains|transportation|transport|arrives|arrival|arriving|departs|depart|departing|boarding|ambtran_traininterior09_inmotionaudio_uktraininteriorambiencewav|the commute|inmotionaudio"
"AMBTran_TrainInterior12_InMotionAudio_UKTrainInteriorAmbience.wav","The Commute","InMotionAudio","https://sonniss.com/sound-effects/the-commute/","/InMotionAudio - The Commute/AMBTran_TrainInterior12_InMotionAudio_UKTrainInteriorAmbience.wav","ambtran|amb|ambience|environment|background|interior|indoor|train|uk|trains|transportation|transport|arrives|arrival|arriving|departs|depart|departing|boarding|ambtran_traininterior12_inmotionaudio_uktraininteriorambiencewav|the commute|inmotionaudio"
"CREAEthr_Aztec Death Whistle Distortion_02_IMA_Death Whistle Samples.wav","The Death Whistle","InMotionAudio","https://sonniss.com/sound-effects/the-death-whistle/","/InMotionAudio - The Death Whistle/CREAEthr_Aztec Death Whistle Distortion_02_IMA_Death Whistle Samples.wav","scream|crackle|breath|horror|dark|ghost|wraith|cry|death|haunted|haunting|evil|nightmare|mysterious|thriller|suspense|tension|fear|scary|eerie|dread|terror|creepy|ominous|paranormal|supernatural|post|apocalyptic|shrill|intensity|creaethr_aztec|whistle|distortion_02_ima_death|sampleswav|the death whistle|inmotionaudio"
"CREAEthr_Aztec Death Whistle Drone_05_IMA_Death Whistle Samples.wav","The Death Whistle","InMotionAudio","https://sonniss.com/sound-effects/the-death-whistle/","/InMotionAudio - The Death Whistle/CREAEthr_Aztec Death Whistle Drone_05_IMA_Death Whistle Samples.wav","scream|crackle|breath|horror|dark|ghost|wraith|cry|death|haunted|haunting|evil|nightmare|mysterious|thriller|suspense|tension|fear|scary|eerie|dread|terror|creepy|ominous|paranormal|supernatural|post|apocalyptic|aztec|whist|creaethr_aztec|whistle|drone_05_ima_death|sampleswav|the death whistle|inmotionaudio"
"CREAEthr_Aztec Death Whistle DryPitch12_IMA_Death Whistle Samples.wav","The Death Whistle","InMotionAudio","https://sonniss.com/sound-effects/the-death-whistle/","/InMotionAudio - The Death Whistle/CREAEthr_Aztec Death Whistle DryPitch12_IMA_Death Whistle Samples.wav","scream|crackle|breath|horror|dark|ghost|wraith|cry|death|haunted|haunting|evil|nightmare|mysterious|thriller|suspense|tension|fear|scary|eerie|dread|terror|creepy|ominous|paranormal|supernatural|post|apocalyptic|shrill|intensity|creaethr_aztec|whistle|drypitch12_ima_death|sampleswav|the death whistle|inmotionaudio"
"DOORMetl_StairWellDoor01_InMotionAudio_USAHotel.wav","USA Hotel","InMotionAudio","https://sonniss.com/sound-effects/usa-hotel/","/InMotionAudio - USA Hotel/DOORMetl_StairWellDoor01_InMotionAudio_USAHotel.wav","doormetl|door|stairwell|heavy|metal|exit|emergency|open|opened|close|closed|squeak|squeaky|hinge|doormetl_stairwelldoor01_inmotionaudio_usahotelwav|usa hotel|inmotionaudio"
"MECHClik_USALightSwitch_On05_InMotionAudio_USAHotel.wav","USA Hotel","InMotionAudio","https://sonniss.com/sound-effects/usa-hotel/","/InMotionAudio - USA Hotel/MECHClik_USALightSwitch_On05_InMotionAudio_USAHotel.wav","mechclik|mechanism|mechanical|click|clack|switch|light|on|off|usa|america|united|states|mechclik_usalightswitch_on05_inmotionaudio_usahotelwav|usa hotel|inmotionaudio"
"WATRPlmb_ToiletFlush01_InMotionAudio_USAHotel.wav","USA Hotel","InMotionAudio","https://sonniss.com/sound-effects/usa-hotel/","/InMotionAudio - USA Hotel/WATRPlmb_ToiletFlush01_InMotionAudio_USAHotel.wav","watrplmb|water|h20|hydro|aqua|fluid|liquid|plumbing|toilet|toilets|usa|flush|fill|bathroom|restroom|flowing|flow|fast|splashes|splash|splosh|sploshing|drip|drips|drain|draining|filling|moveme|watrplmb_toiletflush01_inmotionaudio_usahotelwav|usa hotel|inmotionaudio"
"OBJTape_VelcroRip29_InMotionAudio_Velcro.wav","Velcro","InMotionAudio","https://sonniss.com/sound-effects/velcro/","/InMotionAudio - Velcro/OBJTape_VelcroRip29_InMotionAudio_Velcro.wav","objtape|object|tape|tapes|taped|velcro|crackle|crackled|rip|ripped|tear|scrape|scraped|static|objtape_velcrorip29_inmotionaudio_velcrowav|inmotionaudio"
"OBJTape_VelcroSqueeze01_InMotionAudio_Velcro.wav","Velcro","InMotionAudio","https://sonniss.com/sound-effects/velcro/","/InMotionAudio - Velcro/OBJTape_VelcroSqueeze01_InMotionAudio_Velcro.wav","objtape|object|tape|tapes|taped|velcro|crackle|crackled|rip|ripped|tear|scrape|scraped|static|objtape_velcrosqueeze01_inmotionaudio_velcrowav|inmotionaudio"
"FOLYMisc_WashingBasket_Pats&Movement12_InMotionAudio_WashingBasketFoley.wav","Washing Basket Foley","InMotionAudio","https://sonniss.com/sound-effects/washing-basket-foley/","/InMotionAudio - Washing Basket Foley/FOLYMisc_WashingBasket_Pats&Movement12_InMotionAudio_WashingBasketFoley.wav","folymisc|foley|miscellaneous|washing|basket|cloth|fabric|textile|material|materials|cotton|movement|moving|rustle|rubbing|rub|patting|pat|pats|hit|hits|stroking|stoke|touching|touch|handling|folymisc_washingbasket_pats&movement12_inmotionaudio_washingbasketfoleywav|washing basket foley|inmotionaudio"
"FOLYMisc_WashingBasket_Pats&Movement43_InMotionAudio_WashingBasketFoley.wav","Washing Basket Foley","InMotionAudio","https://sonniss.com/sound-effects/washing-basket-foley/","/InMotionAudio - Washing Basket Foley/FOLYMisc_WashingBasket_Pats&Movement43_InMotionAudio_WashingBasketFoley.wav","folymisc|foley|miscellaneous|washing|basket|cloth|fabric|textile|material|materials|cotton|movement|moving|rustle|rubbing|rub|patting|pat|pats|hit|hits|stroking|stoke|touching|touch|handling|folymisc_washingbasket_pats&movement43_inmotionaudio_washingbasketfoleywav|washing basket foley|inmotionaudio"
"24 Campfire, Dropping Fresh Pine Branches in Fire, Crackling, Sizzling Strong, Close 02.wav","Campfire - Bonfire FX","Ivo Vicic","https://sonniss.com/sound-effects/campfire-bonfire-fx/","/Ivo Vicic - Campfire - Bonfire FX/24 Campfire, Dropping Fresh Pine Branches in Fire, Crackling, Sizzling Strong, Close 02.wav","fire|experiments|campfire|putting|fresh|pine|branches|in|sizzling|2m|awayrec|nos|stereo;|lom|usi|(rycote|bbg|windshieldx2)|tascam|dr05x|24|dropping|crackling|strong|close|02wav|campfire - bonfire fx|ivo vicic"
"42 Campfire, Putting Out Fire, Water from Bottle, Variation, Close.wav","Campfire - Bonfire FX","Ivo Vicic","https://sonniss.com/sound-effects/campfire-bonfire-fx/","/Ivo Vicic - Campfire - Bonfire FX/42 Campfire, Putting Out Fire, Water from Bottle, Variation, Close.wav","fire|experiments|campfire|putting|out|watter|from|bottle|variation|closerec|sennheiser|mkh|40/30|rycote|suspension|windjammer|triton|tripod|mogami|cables|sound|devices|744t|ms|stereo|42|water|closewav|campfire - bonfire fx|ivo vicic"
"Camp fire, crackling, putting oil in fire, close, night_B-format, Ambix.wav","Campfire FX - Ambisonic","Ivo Vicic","https://sonniss.com/sound-effects/campfire-fx-ambisonic/","/Ivo Vicic - Campfire FX - Ambisonic/Camp fire, crackling, putting oil in fire, close, night_B-format, Ambix.wav","camp|fire|crackling|putting|oil|in|close|night_bformat|ambixrec|sennheiser|ambeo|rycote|blimp|(windjammer|on)|sound|devices|744t|recorderall|ch|matched|with|noise|generator|render|reaper|ambixwav|campfire fx - ambisonic|ivo vicic"
"04 Church Bells, Near Distance, In Church Tower-3 Different Bell 02.wav","Church Bells","Ivo Vicic","https://sonniss.com/sound-effects/church-bells/","/Ivo Vicic - Church Bells/04 Church Bells, Near Distance, In Church Tower-3 Different Bell 02.wav","church|bells|(early|19th|century)_near|distancein|church|tower|3x|stationarybells|with|pneumatic/electric|hammer|devicerec|akg|c391b/ck94|rycote|blimp|sound|devices|mixpre;|tripodisolated|rubber|mat|maudio|microtrack|ii|ms|stereo|04|near|distance|in|tower3|different|bell|02wav|church bells|ivo vicic"
"25 Church Bells, Far Distance, Rural Soundscape Distant, Hills Ridge, Spring 02.wav","Church Bells","Ivo Vicic","https://sonniss.com/sound-effects/church-bells/","/Ivo Vicic - Church Bells/25 Church Bells, Far Distance, Rural Soundscape Distant, Hills Ridge, Spring 02.wav","church|bells|(mid|19|century)|far|distance|rural|soundscape|distant|hills|ridge|springrec|telinga|dat|stereo;sound|devicesmix|pre;|sony|pcmm10|25|spring|02wav|church bells|ivo vicic"
"02 Fireworks_ explosions_dense_whistles.wav","Fireworks FX","Ivo Vicic","https://sonniss.com/sound-effects/fireworks-fx/","/Ivo Vicic - Fireworks FX/02 Fireworks_ explosions_dense_whistles.wav","fireworks_|explosions_dense_whistlesrec|sennheiser|mkh|40/30|rycote|suspension|windjammer|tripod|mogami|cables|sound|devices|744t|ms|stereo|rec|by|ivo|vicic|02|explosions_dense_whistleswav|fireworks fx|ivo vicic"
"13 Fireworks_powerful explosions_multiples in a row_near.wav","Fireworks FX","Ivo Vicic","https://sonniss.com/sound-effects/fireworks-fx/","/Ivo Vicic - Fireworks FX/13 Fireworks_powerful explosions_multiples in a row_near.wav","fireworks_powerful|explosions_multiples|in|a|row_nearrec|nos|stereo;|lom|usi|(rycote|bbg|windshieldx2)|sony|pcmm10|rec|by|ivo|vicic|13|row_nearwav|fireworks fx|ivo vicic"
"CRWDWalla_Pub Walla Atmos, Restaurant, Liverpool, Scouse,_Jake Fielding_11.wav","British Walla and Crowd","Jake Fielding","https://sonniss.com/sound-effects/british-walla-and-crowd/","/Jake Fielding - British Walla and Crowd/CRWDWalla_Pub Walla Atmos, Restaurant, Liverpool, Scouse,_Jake Fielding_11.wav","pub|walla|atmos|restaurant|liverpool|scouse|crowd|bar|crwdwalla_pub|_jake|fielding_11wav|british walla and crowd|jake fielding"
"CRWDWalla_Pub Walla, Crowd, Bar, _Jake Fielding_British Walla and Crowd_14.wav","British Walla and Crowd","Jake Fielding","https://sonniss.com/sound-effects/british-walla-and-crowd/","/Jake Fielding - British Walla and Crowd/CRWDWalla_Pub Walla, Crowd, Bar, _Jake Fielding_British Walla and Crowd_14.wav","pub|walla|crowd|bar|crwdwalla_pub|_jake|fielding_british|and|crowd_14wav|british walla and crowd|jake fielding"
"DSGNBram____Cinematic Horn Braam, Epic, Cinematic, Dark, Instrument, Huge-32.wav","Cinematic Horn Braams","Jake Fielding","https://sonniss.com/sound-effects/cinematic-horn-braams/","/Jake Fielding - Cinematic Horn Braams/DSGNBram____Cinematic Horn Braam, Epic, Cinematic, Dark, Instrument, Huge-32.wav","cinematic|horn|braam|epic|dark|instrument|huge|dsgnbram____cinematic|huge32wav|cinematic horn braams|jake fielding"
"DSGNBram____Cinematic Horn Braam, Epic, Cinematic, Dark, Instrument, Huge-67.wav","Cinematic Horn Braams","Jake Fielding","https://sonniss.com/sound-effects/cinematic-horn-braams/","/Jake Fielding - Cinematic Horn Braams/DSGNBram____Cinematic Horn Braam, Epic, Cinematic, Dark, Instrument, Huge-67.wav","cinematic|horn|braam|epic|dark|instrument|huge|dsgnbram____cinematic|huge67wav|cinematic horn braams|jake fielding"
"MACHAppl_Deep Fridge Hum, Buzz, Electric Tone, Deep_Jake Fielding_Fridge Hums Pt2.wav","Fridge Hums Vol.2","Jake Fielding","https://sonniss.com/sound-effects/fridge-hums-vol-2/","/Jake Fielding - Fridge Hums Vol.2/MACHAppl_Deep Fridge Hum, Buzz, Electric Tone, Deep_Jake Fielding_Fridge Hums Pt2.wav","deep|fridge|hum|buzz|electric|tone|rumble|domestic|appliance|machappl_deep|deep_jake|fielding_fridge|hums|pt2wav|fridge hums vol.2|jake fielding"
"MACHAppl_Rhythmic Electric Fridge Hum, Buzz, Static,_Jake Fielding_Fridge Hums Pt2.wav","Fridge Hums Vol.2","Jake Fielding","https://sonniss.com/sound-effects/fridge-hums-vol-2/","/Jake Fielding - Fridge Hums Vol.2/MACHAppl_Rhythmic Electric Fridge Hum, Buzz, Static,_Jake Fielding_Fridge Hums Pt2.wav","rhythmic|electric|fridge|hum|buzz|static|domestic|appliance|machappl_rhythmic|_jake|fielding_fridge|hums|pt2wav|fridge hums vol.2|jake fielding"
"HAIL_Hail on Door Window, UVPC_JF_INT Storm.wav","Interior Wind Rain and Storms","Jake Fielding","https://sonniss.com/sound-effects/interior-wind-rain-and-storms/","/Jake Fielding - Interior Wind Rain and Storms/HAIL_Hail on Door Window, UVPC_JF_INT Storm.wav","hail|on|door|window|uvpc|hail_hail|uvpc_jf_int|stormwav|interior wind rain and storms|jake fielding"
"RAINInt_Heavy Rain on Window,  Constant _JF_INT Storm.wav","Interior Wind Rain and Storms","Jake Fielding","https://sonniss.com/sound-effects/interior-wind-rain-and-storms/","/Jake Fielding - Interior Wind Rain and Storms/RAINInt_Heavy Rain on Window,  Constant _JF_INT Storm.wav","heavy|rain|on|window|constant|rainint_heavy|_jf_int|stormwav|interior wind rain and storms|jake fielding"
"THUN_Interior Thunder Rumble_JF_INT Storm_01.wav","Interior Wind Rain and Storms","Jake Fielding","https://sonniss.com/sound-effects/interior-wind-rain-and-storms/","/Jake Fielding - Interior Wind Rain and Storms/THUN_Interior Thunder Rumble_JF_INT Storm_01.wav","interior|thunder|rumble|thun_interior|rumble_jf_int|storm_01wav|interior wind rain and storms|jake fielding"
"AMBSwmp_Meadow Pipits calling many Insects humming Wind blowing through Grass_JSE_HoN_Stereo.wav","Highlands of Norway","Just Sound Effects","https://sonniss.com/sound-effects/highlands-of-norway/","/Just Sound Effects - Highlands of Norway/AMBSwmp_Meadow Pipits calling many Insects humming Wind blowing through Grass_JSE_HoN_Stereo.wav","norway|scandinavia|nature|highlands|alpine|plateau|mountains|tundra|swamp|wetland|marsh|bog|wind|calm|meadow|pipit|bird|anthus|pratensis|insects|flies|humming|buzzing|ambswmp_meadow|pipits|calling|many|insects|wind|blowing|through|grass_jse_hon_stereowav|highlands of norway|just sound effects"
"WATRLap_Small Waves sloshing onto Rock Slabs at huge Glacial Lake _JSE_HoN_Quad.wav","Highlands of Norway","Just Sound Effects","https://sonniss.com/sound-effects/highlands-of-norway/","/Just Sound Effects - Highlands of Norway/WATRLap_Small Waves sloshing onto Rock Slabs at huge Glacial Lake _JSE_HoN_Quad.wav","norway|scandinavia|nature|highlands|alpine|plateau|mountains|water|glacial|lake|pond|waves|lapping|rippling|shore|watrlap_small|waves|sloshing|onto|rock|slabs|at|huge|glacial|lake|_jse_hon_quadwav|highlands of norway|just sound effects"
"WATRWave_Medium Waves at Pebble Beach_JSE_RCoN_Stereo.wav","Rocky Coast of Norway","Just Sound Effects","https://sonniss.com/sound-effects/rocky-coast-of-norway/","/Just Sound Effects - Rocky Coast of Norway/WATRWave_Medium Waves at Pebble Beach_JSE_RCoN_Stereo.wav","ocean|waves|distant|lapping|offshore|water|sea|ambience|natural|soundscape|rocky|coast|of|norway|immersive|coastal|nature|pebbles|watrwave_medium|waves|at|pebble|beach_jse_rcon_stereowav|rocky coast of norway|just sound effects"
"WATRWave_Soft Waves Cliffs_JSE_RCoN_Stereo.wav","Rocky Coast of Norway","Just Sound Effects","https://sonniss.com/sound-effects/rocky-coast-of-norway/","/Just Sound Effects - Rocky Coast of Norway/WATRWave_Soft Waves Cliffs_JSE_RCoN_Stereo.wav","ocean|waves|distant|lapping|offshore|water|sea|ambience|natural|soundscape|rocky|coast|of|norway|immersive|coastal|nature|soft|gentle|watrwave_soft|waves|cliffs_jse_rcon_stereowav|rocky coast of norway|just sound effects"
"SBbra_Bar E 001.wav","Bars & Restaurants Ambience","Sonic Bat","https://sonniss.com/sound-effects/bars-restaurants-ambience/","/Sonic Bat - Bars & Restaurants Ambience/SBbra_Bar E 001.wav","busy|cafe|at|lunch|with|lots|of|conversations|happening|and|bar|counter|sound|effects|faint|radio|playing|a|variety|talk|show|in|the|background|sbbra_bar|e|001wav|bars & restaurants ambience|sonic bat"
"SBbra_Shopping Mall Food Court B 001.wav","Bars & Restaurants Ambience","Sonic Bat","https://sonniss.com/sound-effects/bars-restaurants-ambience/","/Sonic Bat - Bars & Restaurants Ambience/SBbra_Shopping Mall Food Court B 001.wav","mediumsized|shopping|mall|food|court|with|conversations|happening|all|around|distant|kitchen|and|cutlery|sound|effects|very|echoey|sbbra_shopping|mall|food|court|b|001wav|bars & restaurants ambience|sonic bat"
"SBfa_Distant Fireworks 005.wav","Fireworks Ambience","Sonic Bat","https://sonniss.com/sound-effects/fireworks-ambience/","/Sonic Bat - Fireworks Ambience/SBfa_Distant Fireworks 005.wav","new|year's|eve|celebrations|with|very|distant|fireworks|medium|take|faint|people|screaming|in|the|background|sporadically|sbfa_distant|fireworks|005wav|fireworks ambience|sonic bat"
"SBfa_Fireworks 001.wav","Fireworks Ambience","Sonic Bat","https://sonniss.com/sound-effects/fireworks-ambience/","/Sonic Bat - Fireworks Ambience/SBfa_Fireworks 001.wav","constant|stream|of|fireworks|in|close|proximity|sbfa_fireworks|001wav|fireworks ambience|sonic bat"
"SBmb_Music Box A 013.wav","Music Boxes","Sonic Bat","https://sonniss.com/sound-effects/music-boxes/","/Sonic Bat - Music Boxes/SBmb_Music Box A 013.wav","single|note|from|a|small|manual|music|box|sbmb_music|box|a|013wav|music boxes|sonic bat"
"SBmb_Music Box B 028.wav","Music Boxes","Sonic Bat","https://sonniss.com/sound-effects/music-boxes/","/Sonic Bat - Music Boxes/SBmb_Music Box B 028.wav","single|note|from|a|very|old|music|box|creating|occasional|resonances|on|its|wooden|structure|sbmb_music|box|b|028wav|music boxes|sonic bat"
"SBmb_Music Box C 059.wav","Music Boxes","Sonic Bat","https://sonniss.com/sound-effects/music-boxes/","/Sonic Bat - Music Boxes/SBmb_Music Box C 059.wav","single|note|from|a|music|box|sbmb_music|box|c|059wav|music boxes|sonic bat"
"SBmb_Music Box C Wind Up 006.wav","Music Boxes","Sonic Bat","https://sonniss.com/sound-effects/music-boxes/","/Sonic Bat - Music Boxes/SBmb_Music Box C Wind Up 006.wav","wind|up|sound|from|a|music|box's|key|mechanism|sbmb_music|box|c|up|006wav|music boxes|sonic bat"
"SBsna_City Block Square Storm 003.wav","Stormy Night Ambience","Sonic Bat","https://sonniss.com/sound-effects/stormy-night-ambience/","/Sonic Bat - Stormy Night Ambience/SBsna_City Block Square Storm 003.wav","short|downpour|take|with|wind|gusts|and|distant|thunders|sbsna_city|block|square|storm|003wav|stormy night ambience|sonic bat"
"SBspa_Water Polo Feminine League Match Presentation 001.wav","Swimming Pool Ambience","Sonic Bat","https://sonniss.com/sound-effects/swimming-pool-ambience/","/Sonic Bat - Swimming Pool Ambience/SBspa_Water Polo Feminine League Match Presentation 001.wav","speaker|presenting|the|teams|and|referees|of|a|women's|water|polo|match|with|clapping|sbspa_water|polo|feminine|league|match|presentation|001wav|swimming pool ambience|sonic bat"
"SBspa_Water Polo Masculine League Break 001.wav","Swimming Pool Ambience","Sonic Bat","https://sonniss.com/sound-effects/swimming-pool-ambience/","/Sonic Bat - Swimming Pool Ambience/SBspa_Water Polo Masculine League Break 001.wav","short|take|of|a|timeout|on|men's|water|polo|match|sbspa_water|polo|masculine|league|break|001wav|swimming pool ambience|sonic bat"
"SBvr_AM EQ Sweeping 002.wav","Vintage Radio","Sonic Bat","https://sonniss.com/sound-effects/vintage-radio/","/Sonic Bat - Vintage Radio/SBvr_AM EQ Sweeping 002.wav","long|take|of|a|linein|recording|vintage|radio|switching|between|am|frequencies|with|equalizer|boosts|and|reductions|sbvr_am|eq|sweeping|002wav|vintage radio|sonic bat"
"SBvr_Mode Select Wheel 006.wav","Vintage Radio","Sonic Bat","https://sonniss.com/sound-effects/vintage-radio/","/Sonic Bat - Vintage Radio/SBvr_Mode Select Wheel 006.wav","clicking|sounds|from|mode|selection|wheels|on|the|radio|sbvr_mode|select|wheel|006wav|vintage radio|sonic bat"
"SBvr_Power Button 003.wav","Vintage Radio","Sonic Bat","https://sonniss.com/sound-effects/vintage-radio/","/Sonic Bat - Vintage Radio/SBvr_Power Button 003.wav","swithing|power|button|on|and|off|sbvr_power|button|003wav|vintage radio|sonic bat"
"SBvma_Feminine League Match 017.wav","Volleyball Match Ambience","Sonic Bat","https://sonniss.com/sound-effects/volleyball-match-ambience/","/Sonic Bat - Volleyball Match Ambience/SBvma_Feminine League Match 017.wav","short|take|of|a|women's|volleyball|match|with|speaker|talking|crowd|cheering|and|clapping;|players|incentivizing|their|team|mates|very|little|background|music|sbvma_feminine|league|match|017wav|volleyball match ambience|sonic bat"
"SBvma_Masculine Regional Match 005.wav","Volleyball Match Ambience","Sonic Bat","https://sonniss.com/sound-effects/volleyball-match-ambience/","/Sonic Bat - Volleyball Match Ambience/SBvma_Masculine Regional Match 005.wav","long|take|of|a|men's|volleyball|match|with|speaker|talking|crowd|cheering|clapping;|players|incentivizing|and|their|team|mates|sbvma_masculine|regional|match|005wav|volleyball match ambience|sonic bat"
"CRWDCheer_Small Club, 50 People, Crowd, Spanish, Cheering and Applause-Surround_KSL_KS015.wav","Spanish Crowds","Sonik Sound Library","https://sonniss.com/sound-effects/spanish-crowds/","/Sonik Sound Library - Spanish Crowds/CRWDCheer_Small Club, 50 People, Crowd, Spanish, Cheering and Applause-Surround_KSL_KS015.wav","small|club|50|people|crowd|spanish|cheering|and|applausesurround|crwdcheer_small|applausesurround_ksl_ks015wav|spanish crowds|sonik sound library"
"CRWDWalla_Crowd, Walla, Movement, 30 People Working Film Crew, Preparing a Movie Set in a Warehouse, Spanish Hum of Voice, Decor Mount, Ladders, Warning Alarm, Light Contruction-Stereo_KSL_KS015.wav","Spanish Crowds","Sonik Sound Library","https://sonniss.com/sound-effects/spanish-crowds/","/Sonik Sound Library - Spanish Crowds/CRWDWalla_Crowd, Walla, Movement, 30 People Working Film Crew, Preparing a Movie Set in a Warehouse, Spanish Hum of Voice, Decor Mount, Ladders, Warning Alarm, Light Contruction-Stereo_KSL_KS015.wav","crowd|walla|movement|30|people|working|film|crew|preparing|a|movie|set|in|warehouse|spanish|hum|of|voice|decor|mount|ladders|warning|alarm|light|contructionstereo|crwdwalla_crowd|contructionstereo_ksl_ks015wav|spanish crowds|sonik sound library"
"CRWDWalla_Crowd, Walla, Dense Immersive Group of Adults, After or Befor a Show, Exterior, Spanish-Stereo_KSL_KS014.wav","Spanish Wallas","Sonik Sound Library","https://sonniss.com/sound-effects/spanish-wallas/","/Sonik Sound Library - Spanish Wallas/CRWDWalla_Crowd, Walla, Dense Immersive Group of Adults, After or Befor a Show, Exterior, Spanish-Stereo_KSL_KS014.wav","crowd|walla|dense|immersive|group|of|adults|after|or|befor|a|show|exterior|spanishstereo|crwdwalla_crowd|spanishstereo_ksl_ks014wav|spanish wallas|sonik sound library"
"CRWDWalla_Dinner Party Crowd in Terrace, Walla, Toast with Pomada, Mixed Group of Adults, Men and Women, Spanish, Catalan Language, Menorcan Language-Atmos_KSL_KS014.wav","Spanish Wallas","Sonik Sound Library","https://sonniss.com/sound-effects/spanish-wallas/","/Sonik Sound Library - Spanish Wallas/CRWDWalla_Dinner Party Crowd in Terrace, Walla, Toast with Pomada, Mixed Group of Adults, Men and Women, Spanish, Catalan Language, Menorcan Language-Atmos_KSL_KS014.wav","dinner|party|crowd|in|terrace|walla|toast|with|pomada|mixed|group|of|adults|men|and|women|spanish|catalan|language|menorcan|languageatmos|crwdwalla_dinner|languageatmos_ksl_ks014wav|spanish wallas|sonik sound library"
"AERORadio_Quadcopter, Toy, Flying Sustained Close to Mic_KSL_KS013.wav","Toy Quadcopter","Sonik Sound Library","https://sonniss.com/sound-effects/toy-quadcopter/","/Sonik Sound Library - Toy Quadcopter/AERORadio_Quadcopter, Toy, Flying Sustained Close to Mic_KSL_KS013.wav","quadcopter|toy|flying|sustained|close|to|mic|aeroradio_quadcopter|mic_ksl_ks013wav|toy quadcopter|sonik sound library"
"AERORadio_Quadcopter, Toy, Turn On, Turn Off, Syncing, Calibrate, Beeps_KSL_KS013.wav","Toy Quadcopter","Sonik Sound Library","https://sonniss.com/sound-effects/toy-quadcopter/","/Sonik Sound Library - Toy Quadcopter/AERORadio_Quadcopter, Toy, Turn On, Turn Off, Syncing, Calibrate, Beeps_KSL_KS013.wav","quadcopter|toy|turn|on|off|syncing|calibrate|beeps|aeroradio_quadcopter|beeps_ksl_ks013wav|toy quadcopter|sonik sound library"
"AMBTown_Ambience, Big Town, Streets, Valdemoro, Spain, Daytime, Brush Cutter, Far Traffica, Airplanes, People Activity, Spanish Voices-Stereo_KSL_KS016.wav","Urban Life","Sonik Sound Library","https://sonniss.com/sound-effects/urban-life/","/Sonik Sound Library - Urban Life/AMBTown_Ambience, Big Town, Streets, Valdemoro, Spain, Daytime, Brush Cutter, Far Traffica, Airplanes, People Activity, Spanish Voices-Stereo_KSL_KS016.wav","ambience|big|town|streets|valdemoro|spain|daytime|brush|cutter|far|traffica|airplanes|people|activity|spanish|voicesstereo|ambtown_ambience|voicesstereo_ksl_ks016wav|urban life|sonik sound library"
"AMBUrbn_Ambience, City, Madrid, Spain, Soft Traffic and Human Activity, Some Birds-Surround_KSL_KS016.wav","Urban Life","Sonik Sound Library","https://sonniss.com/sound-effects/urban-life/","/Sonik Sound Library - Urban Life/AMBUrbn_Ambience, City, Madrid, Spain, Soft Traffic and Human Activity, Some Birds-Surround_KSL_KS016.wav","ambience|city|madrid|spain|soft|traffic|and|human|activity|some|birdssurround|amburbn_ambience|birdssurround_ksl_ks016wav|urban life|sonik sound library"
"VEHCar_Various Driving at Slow Speed 15 06_SNDBTS_CRS-MMM.wav","Cars - Mad Mustang Mercury","SoundBits","https://sonniss.com/sound-effects/cars-mad-mustang-mercury/","/SoundBits - Cars - Mad Mustang Mercury/VEHCar_Various Driving at Slow Speed 15 06_SNDBTS_CRS-MMM.wav","car|muscle|pony|mustang|mercury|various|driving|at|slow|speed|exterior|wheel|vehcar_various|15|06_sndbts_crsmmmwav|cars - mad mustang mercury|soundbits"
"VEHDoor_Car Foley Car Door Open and Close Exterior 04 Perspective A_SNDBTS_CRS-MMM.wav","Cars - Mad Mustang Mercury","SoundBits","https://sonniss.com/sound-effects/cars-mad-mustang-mercury/","/SoundBits - Cars - Mad Mustang Mercury/VEHDoor_Car Foley Car Door Open and Close Exterior 04 Perspective A_SNDBTS_CRS-MMM.wav","car|foley|muscle|pony|mustang|mercury|door|open|and|close|exterior|perspective|1|vehdoor_car|04|a_sndbts_crsmmmwav|cars - mad mustang mercury|soundbits"
"VEHMech_Car Foey Gas and Brakes Pedals 08 B_SNDBTS_CRS-MMM.wav","Cars - Mad Mustang Mercury","SoundBits","https://sonniss.com/sound-effects/cars-mad-mustang-mercury/","/SoundBits - Cars - Mad Mustang Mercury/VEHMech_Car Foey Gas and Brakes Pedals 08 B_SNDBTS_CRS-MMM.wav","car|foley|muscle|pony|mustang|mercury|gas|and|brakes|pedals|push|release|interior|driver's|cabin|2|vehmech_car|foey|08|b_sndbts_crsmmmwav|cars - mad mustang mercury|soundbits"
"VEHSkid_Tire Skids on Gravel 15 06_SNDBTS_CRS-MMM.wav","Cars - Mad Mustang Mercury","SoundBits","https://sonniss.com/sound-effects/cars-mad-mustang-mercury/","/SoundBits - Cars - Mad Mustang Mercury/VEHSkid_Tire Skids on Gravel 15 06_SNDBTS_CRS-MMM.wav","car|muscle|pony|mustang|mercury|driving|tire|skids|on|gravel|exterior|wheel|vehskid_tire|15|06_sndbts_crsmmmwav|cars - mad mustang mercury|soundbits"
"MOVEMisc_Honda CB750 Hornet Get On Bike Helmet On 02_SNDBTS_MCH.wav","Motorcycles - Honda","SoundBits","https://sonniss.com/sound-effects/motorcycles-honda/","/SoundBits - Motorcycles - Honda/MOVEMisc_Honda CB750 Hornet Get On Bike Helmet On 02_SNDBTS_MCH.wav","motorcycle|honda|cb750|hornet|get|on|bike|helmet|lock|unlock|off|2|movemisc_honda|02_sndbts_mchwav|motorcycles - honda|soundbits"
"VEHHorn_Honda CB500F Horn Long 02_SNDBTS_MCH.wav","Motorcycles - Honda","SoundBits","https://sonniss.com/sound-effects/motorcycles-honda/","/SoundBits - Motorcycles - Honda/VEHHorn_Honda CB500F Horn Long 02_SNDBTS_MCH.wav","motorcycle|honda|cb500f|horn|long|2|vehhorn_honda|02_sndbts_mchwav|motorcycles - honda|soundbits"
"VEHMoto_Honda CB500F Approach Fast Engine Stop 04_SNDBTS_MCH.wav","Motorcycles - Honda","SoundBits","https://sonniss.com/sound-effects/motorcycles-honda/","/SoundBits - Motorcycles - Honda/VEHMoto_Honda CB500F Approach Fast Engine Stop 04_SNDBTS_MCH.wav","motorcycle|honda|cb500f|approach|fast|engine|stop|4|vehmoto_honda|04_sndbts_mchwav|motorcycles - honda|soundbits"
"VEHSkid_Honda CB500F Engine Start Tires Skidding Stop 02_SNDBTS_MCH.wav","Motorcycles - Honda","SoundBits","https://sonniss.com/sound-effects/motorcycles-honda/","/SoundBits - Motorcycles - Honda/VEHSkid_Honda CB500F Engine Start Tires Skidding Stop 02_SNDBTS_MCH.wav","motorcycle|honda|cb500f|engine|start|tires|skidding|stop|2|vehskid_honda|02_sndbts_mchwav|motorcycles - honda|soundbits"
"VEHBy_Kawasaki Ninja ZX 10R Pass By Fast 04 mono_SNDBTS_MCK.wav","Motorcycles - Kawasaki","SoundBits","https://sonniss.com/sound-effects/motorcycles-kawasaki/","/SoundBits - Motorcycles - Kawasaki/VEHBy_Kawasaki Ninja ZX 10R Pass By Fast 04 mono_SNDBTS_MCK.wav","motorcycle|kawasaki|ninja|zx10r|pass|by|fast|04|mono|vehby_kawasaki|zx|10r|mono_sndbts_mckwav|motorcycles - kawasaki|soundbits"
"VEHHorn_Kawasaki Ninja ZX 10R Horn Single 03_SNDBTS_MCK.wav","Motorcycles - Kawasaki","SoundBits","https://sonniss.com/sound-effects/motorcycles-kawasaki/","/SoundBits - Motorcycles - Kawasaki/VEHHorn_Kawasaki Ninja ZX 10R Horn Single 03_SNDBTS_MCK.wav","motorcycle|kawasaki|ninja|zx10r|horn|single|3|vehhorn_kawasaki|zx|10r|03_sndbts_mckwav|motorcycles - kawasaki|soundbits"
"VEHMech_Kawasaki Ninja ZX 10R Keys In Out 01_SNDBTS_MCK.wav","Motorcycles - Kawasaki","SoundBits","https://sonniss.com/sound-effects/motorcycles-kawasaki/","/SoundBits - Motorcycles - Kawasaki/VEHMech_Kawasaki Ninja ZX 10R Keys In Out 01_SNDBTS_MCK.wav","motorcycle|kawasaki|ninja|zx10r|keys|in|out|1|vehmech_kawasaki|zx|10r|01_sndbts_mckwav|motorcycles - kawasaki|soundbits"
"VEHMoto_Kawasaki Ninja ZX 10R Engine Start Leave 06_SNDBTS_MCK.wav","Motorcycles - Kawasaki","SoundBits","https://sonniss.com/sound-effects/motorcycles-kawasaki/","/SoundBits - Motorcycles - Kawasaki/VEHMoto_Kawasaki Ninja ZX 10R Engine Start Leave 06_SNDBTS_MCK.wav","motorcycle|kawasaki|ninja|zx10r|engine|start|leave|fast|4|vehmoto_kawasaki|zx|10r|06_sndbts_mckwav|motorcycles - kawasaki|soundbits"
"AMBTraf_Traffic Multiple Cars Passing By 25_SNDBTS_PB-TTC2.wav","Pass-By - Trains, Trucks & Cars 2","SoundBits","https://sonniss.com/sound-effects/pass-by-trains-trucks-cars-2/","/SoundBits - Pass-By - Trains, Trucks & Cars 2/AMBTraf_Traffic Multiple Cars Passing By 25_SNDBTS_PB-TTC2.wav","multiple|cars|and/or|trucks|passing|by|drive|by|car|automobile|traffic|ambtraf_traffic|passing|25_sndbts_pbttc2wav|pass-by - trains, trucks & cars 2|soundbits"
"TRNMisc_Pass By Train 41_SNDBTS_PB-TTC2.wav","Pass-By - Trains, Trucks & Cars 2","SoundBits","https://sonniss.com/sound-effects/pass-by-trains-trucks-cars-2/","/SoundBits - Pass-By - Trains, Trucks & Cars 2/TRNMisc_Pass By Train 41_SNDBTS_PB-TTC2.wav","train|pass|by|transportation|railroad|exterior|trnmisc_pass|41_sndbts_pbttc2wav|pass-by - trains, trucks & cars 2|soundbits"
"TRNTram_Generic Tram Pass Py 13_SNDBTS_PB-TTC2.wav","Pass-By - Trains, Trucks & Cars 2","SoundBits","https://sonniss.com/sound-effects/pass-by-trains-trucks-cars-2/","/SoundBits - Pass-By - Trains, Trucks & Cars 2/TRNTram_Generic Tram Pass Py 13_SNDBTS_PB-TTC2.wav","train|tram|pass|by|transportation|railtracks|squeaks|trntram_generic|py|13_sndbts_pbttc2wav|pass-by - trains, trucks & cars 2|soundbits"
"VEHFrght_Freight Truck Pass By 22_SNDBTS_PB-TTC2.wav","Pass-By - Trains, Trucks & Cars 2","SoundBits","https://sonniss.com/sound-effects/pass-by-trains-trucks-cars-2/","/SoundBits - Pass-By - Trains, Trucks & Cars 2/VEHFrght_Freight Truck Pass By 22_SNDBTS_PB-TTC2.wav","truck|freight|transportation|passby|passing|by|vehfrght_freight|pass|by|22_sndbts_pbttc2wav|pass-by - trains, trucks & cars 2|soundbits"
"CREAAqua_Aquatic Creature Gurgling 2_SNDBTS_VB-SE.wav","Vox Bestiae - Source Elements","SoundBits","https://sonniss.com/sound-effects/vox-bestiae-source-elements/","/SoundBits - Vox Bestiae - Source Elements/CREAAqua_Aquatic Creature Gurgling 2_SNDBTS_VB-SE.wav","gurgling|creature|vocalization|by|human|voice|source|material|for|sound|design|creaaqua_aquatic|creature|gurgling|2_sndbts_vbsewav|vox bestiae - source elements|soundbits"
"CREAEthr_Ethereal Entity Grim Pain Long 4_SNDBTS_VB-SE.wav","Vox Bestiae - Source Elements","SoundBits","https://sonniss.com/sound-effects/vox-bestiae-source-elements/","/SoundBits - Vox Bestiae - Source Elements/CREAEthr_Ethereal Entity Grim Pain Long 4_SNDBTS_VB-SE.wav","grim|pain|long|creature|vocalization|by|human|voice|source|material|for|sound|design|creaethr_ethereal|entity|grim|pain|long|4_sndbts_vbsewav|vox bestiae - source elements|soundbits"
"CREAHmn_Violent Humanoid Creature Exhale Short 4_SNDBTS_VB-SE.wav","Vox Bestiae - Source Elements","SoundBits","https://sonniss.com/sound-effects/vox-bestiae-source-elements/","/SoundBits - Vox Bestiae - Source Elements/CREAHmn_Violent Humanoid Creature Exhale Short 4_SNDBTS_VB-SE.wav","violent|exhale|short|creature|vocalization|by|human|voice|source|material|for|sound|design|creahmn_violent|humanoid|creature|exhale|short|4_sndbts_vbsewav|vox bestiae - source elements|soundbits"
"CREAInsc_Insectoid Creature Tremble Attack Long 1_SNDBTS_VB-SE.wav","Vox Bestiae - Source Elements","SoundBits","https://sonniss.com/sound-effects/vox-bestiae-source-elements/","/SoundBits - Vox Bestiae - Source Elements/CREAInsc_Insectoid Creature Tremble Attack Long 1_SNDBTS_VB-SE.wav","tremble|attack|long|creature|vocalization|by|human|voice|source|material|for|sound|design|creainsc_insectoid|creature|tremble|attack|long|1_sndbts_vbsewav|vox bestiae - source elements|soundbits"
"HMNBrth_Panting Male 02 04_SNDBTS_VH.wav","Vox Hominis - Human Effort Voices","SoundBits","https://sonniss.com/sound-effects/vox-hominis-human-effort-voices/","/SoundBits - Vox Hominis - Human Effort Voices/HMNBrth_Panting Male 02 04_SNDBTS_VH.wav","male|voice|panting|as|breathing|or|inhale/exhale|hmnbrth_panting|male|02|04_sndbts_vhwav|vox hominis - human effort voices|soundbits"
"VOXCry_Crying Female 04 05_SNDBTS_VH.wav","Vox Hominis - Human Effort Voices","SoundBits","https://sonniss.com/sound-effects/vox-hominis-human-effort-voices/","/SoundBits - Vox Hominis - Human Effort Voices/VOXCry_Crying Female 04 05_SNDBTS_VH.wav","female|voice|crying|as|or|sobbing|voxcry_crying|female|04|05_sndbts_vhwav|vox hominis - human effort voices|soundbits"
"VOXLaff_Laughing Female 02 06_SNDBTS_VH.wav","Vox Hominis - Human Effort Voices","SoundBits","https://sonniss.com/sound-effects/vox-hominis-human-effort-voices/","/SoundBits - Vox Hominis - Human Effort Voices/VOXLaff_Laughing Female 02 06_SNDBTS_VH.wav","female|voice|laughing|as|voxlaff_laughing|female|02|06_sndbts_vhwav|vox hominis - human effort voices|soundbits"
"WHSTHmn_Whistle Male 06 09_SNDBTS_VH.wav","Vox Hominis - Human Effort Voices","SoundBits","https://sonniss.com/sound-effects/vox-hominis-human-effort-voices/","/SoundBits - Vox Hominis - Human Effort Voices/WHSTHmn_Whistle Male 06 09_SNDBTS_VH.wav","male|voice|whistle|as|vocal|performance|whsthmn_whistle|male|06|09_sndbts_vhwav|vox hominis - human effort voices|soundbits"
"RAINConc_Rain Medium Exterior Splatter City Traffic 6_The Noisery_City Rain.wav","City Rain","The Noisery","https://sonniss.com/sound-effects/city-rain/","/The Noisery - City Rain/RAINConc_Rain Medium Exterior Splatter City Traffic 6_The Noisery_City Rain.wav","rain|medium|exterior|splatter|city|traffic|rainconc_rain|6_the|noisery_city|rainwav|city rain|the noisery"
"RAINInt_Rain Light Interior Hail Storm_The Noisery_City Rain.wav","City Rain","The Noisery","https://sonniss.com/sound-effects/city-rain/","/The Noisery - City Rain/RAINInt_Rain Light Interior Hail Storm_The Noisery_City Rain.wav","rain|light|interior|hail|storm|rainint_rain|storm_the|noisery_city|rainwav|city rain|the noisery"
"WINDInt_Wind Strong Metal Rattle_The Noisery_City Rain.wav","City Rain","The Noisery","https://sonniss.com/sound-effects/city-rain/","/The Noisery - City Rain/WINDInt_Wind Strong Metal Rattle_The Noisery_City Rain.wav","wind|strong|metal|rattle|gusty|tornado|scary|interior|zoom|h6|ms|capsule|windint_wind|rattle_the|noisery_city|rainwav|city rain|the noisery"
"WINDTonl_Wind Strong Gusts Hurricane Vents Rattle 06_The Noisery_City Rain.wav","City Rain","The Noisery","https://sonniss.com/sound-effects/city-rain/","/The Noisery - City Rain/WINDTonl_Wind Strong Gusts Hurricane Vents Rattle 06_The Noisery_City Rain.wav","wind|strong|gusts|hurricane|vents|rattle|traffic|distant|windtonl_wind|06_the|noisery_city|rainwav|city rain|the noisery"
"DSGNImpt_Metal Hit Thud Thump Low Ring Geofon 1_The Noisery_Moaning Metal.wav","Moaning Metal","The Noisery","https://sonniss.com/sound-effects/moaning-metal/","/The Noisery - Moaning Metal/DSGNImpt_Metal Hit Thud Thump Low Ring Geofon 1_The Noisery_Moaning Metal.wav","dsgnimpt_metal|hit|thud|thump|low|ring|geofon|1_the|noisery_moaning|metalwav|moaning metal|the noisery"
"DSGNTonl_Designed Metal Bowed Screech Tonal Reverb 7_The Noisery_Moaning Metal.wav","Moaning Metal","The Noisery","https://sonniss.com/sound-effects/moaning-metal/","/The Noisery - Moaning Metal/DSGNTonl_Designed Metal Bowed Screech Tonal Reverb 7_The Noisery_Moaning Metal.wav","dsgntonl_designed|metal|bowed|screech|tonal|reverb|7_the|noisery_moaning|metalwav|moaning metal|the noisery"
"DSGNTonl_Metal Scrape Low Tonal LFE 4_The Noisery_Moaning Metal.wav","Moaning Metal","The Noisery","https://sonniss.com/sound-effects/moaning-metal/","/The Noisery - Moaning Metal/DSGNTonl_Metal Scrape Low Tonal LFE 4_The Noisery_Moaning Metal.wav","dsgntonl_metal|scrape|low|tonal|lfe|4_the|noisery_moaning|metalwav|moaning metal|the noisery"
"UIGlitch_Designed_Glitch_Corrupted_Data Error_The Noisery_Rich Glitch_06.wav","Rich Glitch","The Noisery","https://sonniss.com/sound-effects/rich-glitch/","/The Noisery - Rich Glitch/UIGlitch_Designed_Glitch_Corrupted_Data Error_The Noisery_Rich Glitch_06.wav","designed|glitch|corrupted|data|error|warble|distortion|damaged|failure|uiglitch_designed_glitch_corrupted_data|error_the|noisery_rich|glitch_06wav|rich glitch|the noisery"
"UIGlitch_User interface_Glitch_High_Electronic_The Noisery_Rich Glitch_05.wav","Rich Glitch","The Noisery","https://sonniss.com/sound-effects/rich-glitch/","/The Noisery - Rich Glitch/UIGlitch_User interface_Glitch_High_Electronic_The Noisery_Rich Glitch_05.wav","user|interface|glitch|high|electronic|crickets|telemetry|technology|malfunction|interference|beep|click|buzz|tonal|wireless|mouse|stereo|uiglitch_user|interface_glitch_high_electronic_the|noisery_rich|glitch_05wav|rich glitch|the noisery"
"AMBTran_Ambience Platform Bahnhof Train Station Whistle_The Noisery_Transit Tunes_ The German Train Collection.wav","Transit Tunes - The German Train Collection","The Noisery","https://sonniss.com/sound-effects/transit-tunes-the-german-train-collection/","/The Noisery - Transit Tunes - The German Train Collection/AMBTran_Ambience Platform Bahnhof Train Station Whistle_The Noisery_Transit Tunes_ The German Train Collection.wav","ambience|platform|bahnhof|train|station|whistle|doors|announcement|musical|away|by|approach|eurosprinter|light|walla|ambtran_ambience|whistle_the|noisery_transit|tunes_|the|german|collectionwav|transit tunes - the german train collection|the noisery"
"TRNElec_Train Electric Passenger By Close Right To_The Noisery_Transit Tunes_ The German Train Collection_01.wav","Transit Tunes - The German Train Collection","The Noisery","https://sonniss.com/sound-effects/transit-tunes-the-german-train-collection/","/The Noisery - Transit Tunes - The German Train Collection/TRNElec_Train Electric Passenger By Close Right To_The Noisery_Transit Tunes_ The German Train Collection_01.wav","train|electric|passenger|by|close|right|to|left|germany|1|trnelec_train|to_the|noisery_transit|tunes_|the|german|collection_01wav|transit tunes - the german train collection|the noisery"
"FFG002.wav","Flip Flops","TheWorkRoom","https://sonniss.com/sound-effects/flip-flops/","/TheWorkRoom - Flip Flops/FFG002.wav","flip|flops|grass|walk|mediium|ffg002wav|flip flops|theworkroom"
"FFW003.wav","Flip Flops","TheWorkRoom","https://sonniss.com/sound-effects/flip-flops/","/TheWorkRoom - Flip Flops/FFW003.wav","flip|flops|wood|walk|fast|ffw003wav|flip flops|theworkroom"
"NIG015.wav","Nigerian Walla","TheWorkRoom","https://sonniss.com/sound-effects/nigerian-walla/","/TheWorkRoom - Nigerian Walla/NIG015.wav","group|c|layer|4|three|males|conversation|nig015wav|nigerian walla|theworkroom"
"NIG053.wav","Nigerian Walla","TheWorkRoom","https://sonniss.com/sound-effects/nigerian-walla/","/TheWorkRoom - Nigerian Walla/NIG053.wav","group|m|layer|1|male|cheers|whooo's|shouts|excited|nig053wav|nigerian walla|theworkroom"
"NIG065.wav","Nigerian Walla","TheWorkRoom","https://sonniss.com/sound-effects/nigerian-walla/","/TheWorkRoom - Nigerian Walla/NIG065.wav","group|p|layer|1|mixed|celebrating|some|cheers|and|shouts|nig065wav|nigerian walla|theworkroom"
"SAV004.wav","South African Walla","TheWorkRoom","https://sonniss.com/sound-effects/south-african-walla/","/TheWorkRoom - South African Walla/SAV004.wav","vernacular|speaking|mixed|crowd|medium|tone|layer|1|sav004wav|south african walla|theworkroom"
"SAW002.wav","South African Walla","TheWorkRoom","https://sonniss.com/sound-effects/south-african-walla/","/TheWorkRoom - South African Walla/SAW002.wav","english|speaking|mixed|crowd|hushed|tone|layer|2|saw002wav|south african walla|theworkroom"
"WIR006.wav","Wire Cars","TheWorkRoom","https://sonniss.com/sound-effects/wire-cars/","/TheWorkRoom - Wire Cars/WIR006.wav","wire|car|fabrication|handling|&|bending|with|pliers|various|(internal)|wir006wav|wire cars|theworkroom"
"WIR028.wav","Wire Cars","TheWorkRoom","https://sonniss.com/sound-effects/wire-cars/","/TheWorkRoom - Wire Cars/WIR028.wav","wire|car|with|plastic|wheels|driving|medium|asphalt|or|tar|(external)|wir028wav|wire cars|theworkroom"
"AMBInd_Factory Hall Busy Alarm Machines Voices_CW.wav","Industrial Ambiences - Ship Repair Factory","Victor Ermakov","https://sonniss.com/sound-effects/industrial-ambiences-ship-repair-factory/","/Victor Ermakov - Industrial Ambiences - Ship Repair Factory/AMBInd_Factory Hall Busy Alarm Machines Voices_CW.wav","factory|interior|ambience|busy|distant|alarm|crane|motors|heavy|machinery|running|echoing|voices|industrial|workshop|environment|ambind_factory|hall|busy|alarm|machines|voices_cwwav|industrial ambiences - ship repair factory|victor ermakov"
"MACHInd_Crane Onboard Ride Squeaks Motors_CW.wav","Industrial Ambiences - Ship Repair Factory","Victor Ermakov","https://sonniss.com/sound-effects/industrial-ambiences-ship-repair-factory/","/Victor Ermakov - Industrial Ambiences - Ship Repair Factory/MACHInd_Crane Onboard Ride Squeaks Motors_CW.wav","overhead|crane|onboard|recording|moving|constant|metal|squeaking|and|scraping|electric|motor|humming|servo|drive|mechanisms|machind_crane|onboard|ride|squeaks|motors_cwwav|industrial ambiences - ship repair factory|victor ermakov"